molecule_chembl_id,activity_label,standard_value,standard_units,target_chembl_id,assay_chembl_id,rdkit_canonical_smiles
CHEMBL1782163,0,11330.0,nM,CHEMBL364,CHEMBL1785111,CC1(C)N=C(N)N=C(NCCCOc2ccc(Cl)cc2)N1.Cl
CHEMBL547245,1,677.75,nM,CHEMBL364,CHEMBL1054503,COc1ccc(CCn2c(=N)c(C(=O)NC3CCCC3)cc3c(=O)n4ccccc4nc32)cc1
CHEMBL5419910,0,899230.0,nM,CHEMBL364,CHEMBL5345197,CCOC(=O)N1CCN(CCNc2ccnc3cc(Cl)ccc23)CC1
CHEMBL583029,1,49.5,nM,CHEMBL364,CHEMBL1048019,COc1ccc(Br)cc1C1CC(c2ccc(O)cc2)=NN1C(=O)c1cccnc1
CHEMBL479432,1,0.076,nM,CHEMBL364,CHEMBL3240059,O=C(C[C@@H]1NCCC[C@H]1O)Cn1cnc2ccccc2c1=O
CHEMBL377818,0,15000.0,nM,CHEMBL364,CHEMBL869198,N=C(N)c1ccc(-c2ccc(-c3ccc(C(=N)N)cc3)c(C(F)(F)F)c2)cc1
CHEMBL5565848,1,30.0,nM,CHEMBL364,CHEMBL5530915,C[C@H]1CN(C)CC[C@H]1c1cc(-c2ccncc2)c(-c2ccc(F)cc2)[nH]1.Cl.Cl
CHEMBL5639413,0,25000.0,nM,CHEMBL364,CHEMBL5637580,Cc1ccc(-c2cc3nc(N4CCCCC4)[nH]c(=O)c3s2)cc1
CHEMBL1774618,0,32000.0,nM,CHEMBL364,CHEMBL1776684,O=C1[C@H]2Cc3c([nH]c4ccccc34)[C@@H](c3ccc4c(c3)OCO4)N2C(=O)CN1C1CCNCC1
CHEMBL522958,0,20400.0,nM,CHEMBL364,CHEMBL944269,NC1CCC(S(=O)(=O)c2cc(O)c3ccccc3c2O)CC1
CHEMBL7130,1,0.0,nM,CHEMBL364,CHEMBL1217000,CC1(C)N=C(N)N=C(N)N1c1cccc(Cl)c1
CHEMBL3216688,1,118.0,nM,CHEMBL364,CHEMBL1046935,CC(C)NC(=N)c1cccc(-c2cn(-c3cccc(C(=N)NC(C)C)c3)nn2)c1.Cl.Cl
CHEMBL534008,1,900.42,nM,CHEMBL364,CHEMBL1054503,Fc1c(CNCC2CCN(CC3CCCCC3)CC2)cccc1C(F)(F)F.O=C(O)C(F)(F)F
CHEMBL578113,1,150.0,nM,CHEMBL364,CHEMBL3603686,O=S(=O)(NCCCCNc1ccnc2cc(Cl)ccc12)c1ccc(F)cc1
CHEMBL533789,1,952.3,nM,CHEMBL364,CHEMBL1054503,COc1cccc(CN2CCC(N3CCc4cc(NC(=O)c5cc(C)on5)ccc43)C2)c1OC
CHEMBL3238539,1,141.0,nM,CHEMBL364,CHEMBL3242464,COc1ccc2c(c1)C(=O)C(c1ccccc1)=N2
CHEMBL6151028,1,88.0,nM,CHEMBL364,CHEMBL6120165,COc1cc2c(cc1OCc1ccccc1)N(c1ccncc1)CC21CCN(C)CC1
CHEMBL1080591,0,10000.0,nM,CHEMBL364,CHEMBL1112376,CC1(C)OC(=O)C(=CNc2ccc3c(c2)OCO3)C(=O)O1
CHEMBL1818703,0,20000.0,nM,CHEMBL364,CHEMBL1820552,CCc1ccccc1[C@@H]1C[C@]2(C)CCO[C@@H]2OO1
CHEMBL5418267,0,1000000.0,nM,CHEMBL364,CHEMBL5345198,CC(C)CC(CN1CCN(c2ccccc2)CC1)Nc1ccnc2cc(Cl)ccc12
CHEMBL582735,1,513.0,nM,CHEMBL364,CHEMBL1040692,COc1cccc(C(=O)N(CCCC(C)Nc2cc(OC)cc3cccnc23)Cc2ccc(OC)c(OC)c2)c1
CHEMBL1773160,1,3.32,nM,CHEMBL364,CHEMBL1775511,CCN(CC)CCNc1cc(C)nc2c1ccc1c2ccc2c(NCCN(CC)CC)cc(C)nc21.Cl
CHEMBL528717,1,806.78,nM,CHEMBL364,CHEMBL1054503,Cc1cc2nc(-c3ccc(C(=O)NCc4cccc(C(F)(F)F)c4)cc3)[nH]c2cc1C
CHEMBL3233350,1,12.6,nM,CHEMBL364,CHEMBL3268861,NCCCCCNc1nc2ccccc2c2[nH]c3ccccc3c12
CHEMBL3392292,1,1.0,nM,CHEMBL364,CHEMBL1263965,CS(=O)(=O)O.NC[C@H]1CC[C@]2(CC1)OOC1(O2)C2CC3CC(C2)CC1C3
CHEMBL2178476,0,96000.0,nM,CHEMBL364,CHEMBL2183637,Cc1cn([C@@H]2C[C@H](O)[C@@H](CNC(=O)Nc3ccccc3-c3ccccc3)O2)c(=O)[nH]c1=O
CHEMBL547630,1,881.74,nM,CHEMBL364,CHEMBL1054503,O=C(Cc1ccc[n+]([O-])c1)Nc1ccc(-c2cccc(-c3nc4cc(C(F)(F)F)ccc4[nH]3)c2)cc1
CHEMBL63086,1,260.0,nM,CHEMBL364,CHEMBL767961,CCN(CC)CCCC(C)Nc1ccnc2c(NC(=O)CCCCCCCCC(=O)Nc3cccc4c(NC(C)CCCN(CC)CC)ccnc34)cccc12
CHEMBL4438325,1,65.0,nM,CHEMBL364,CHEMBL4429066,COc1ccc(NC(=O)[C@H]2c3ccccc3C(=O)N(CC(C)C)[C@@H]2c2cccs2)cc1
CHEMBL4217759,1,0.6,nM,CHEMBL364,CHEMBL4194452,C[C@H]1[C@H](OC(=O)CCC(=O)NCCCN(CCCCCCCCCCN(CCCNC(=O)CCC(=O)O[C@@H]2O[C@@H]3O[C@@]4(C)CC[C@H]5[C@H](C)CC[C@@H]([C@H]2C)[C@@]35OO4)C(=O)CCC(=O)O[C@@H]2O[C@@H]3O[C@@]4(C)CC[C@H]5[C@H](C)CC[C@@H]([C@H]2C)[C@@]35OO4)C(=O)CCC(=O)O[C@@H]2O[C@@H]3O[C@@]4(C)CC[C@H]5[C@H](C)CC[C@@H]([C@H]2C)[C@@]35OO4)O[C@@H]2O[C@@]3(C)CC[C@H]4[C@H](C)CC[C@@H]1[C@@]24OO3
CHEMBL2030311,1,390.0,nM,CHEMBL364,CHEMBL2033120,Cc1c(-c2ccc(-c3ccc(OC(F)(F)F)cc3)nc2)[nH]c2cc(F)c(Cl)cc2c1=O
CHEMBL1213495,1,0.0,nM,CHEMBL364,CHEMBL1217000,COC(=O)CC[C@@H](C)[C@H]1CC[C@H]2[C@@H]3[C@H](OC(C)=O)C[C@@H]4C[C@]5(CC[C@]4(C)[C@H]3CC[C@]12C)OO[C@@]1(CCCCC1C)OO5
CHEMBL532337,1,667.07,nM,CHEMBL364,CHEMBL1054503,COc1ccc2ncc(F)c(CCN3C[C@H](CNCc4cc(F)c5c(c4)NC(=O)CO5)[C@H](O)C3)c2n1.Cl
CHEMBL532902,1,978.79,nM,CHEMBL364,CHEMBL1054503,CCOc1cc2ccccc2cc1CNCCCCCCNCc1cc2ccccc2cc1OCC.CS(=O)(=O)O
CHEMBL6150826,1,200.0,nM,CHEMBL364,CHEMBL6088822,CCc1ccc(-c2cc(-c3ccc(OC)c(OC)c3)nc(N3CCN(C(=O)/C=C/c4ccc(Cl)cc4)CC3)n2)cc1
CHEMBL2048890,0,15015.0,nM,CHEMBL364,CHEMBL2049756,CCOC(=O)CCCCCOc1ccc(CNC(C)C)cc1
CHEMBL1290358,0,200000.0,nM,CHEMBL364,CHEMBL1292973,COc1cc(OC)c(OC)cc1/C=C/C(=O)c1ccc([N+](=O)[O-])cc1
CHEMBL2334039,1,7.8,nM,CHEMBL364,CHEMBL2342742,CCN(CC)Cc1ccc(Nc2ccc(C(=O)N[C@@H](Cc3ccccc3)[C@H](O)CN[C@H](C)c3ccccc3)cc2)cc1O
CHEMBL578905,1,383.0,nM,CHEMBL364,CHEMBL1040691,O=C1C(Nc2ccccc2)=C(N2CCCCC2)C(=O)c2ccccc21
CHEMBL534815,1,640.94,nM,CHEMBL364,CHEMBL1054503,Cc1cc(C(=O)Nc2ccc3c(c2)CCN3C2CCN(Cc3ccc4nsnc4c3)C2)no1
CHEMBL1744497,1,45.5,nM,CHEMBL364,CHEMBL1040692,CCSC(Cl)=C(NC(=O)c1ccccc1)[P+](c1ccccc1)(c1ccccc1)c1ccccc1.[O-][Cl+3]([O-])([O-])[O-]
CHEMBL532261,1,598.61,nM,CHEMBL364,CHEMBL1054503,COc1ccc2c(=NN=Cc3ccc(OC)c4ccccc34)cc(C)[nH]c2c1
CHEMBL1289997,1,900.0,nM,CHEMBL364,CHEMBL1291252,C#CCOc1ccc(/C=C/C(=O)/C=C/c2ccc(OC)c(OC)c2OC)cc1OC
CHEMBL4633219,0,100000.0,nM,CHEMBL364,CHEMBL4605392,Cc1c(Cc2ccc(C(F)(F)F)nc2)c[nH]c1C(=O)NS(C)(=O)=O
CHEMBL5619581,1,54.0,nM,CHEMBL364,CHEMBL5616754,Cn1cc(C(=O)N(CC(=O)NC2CCCCC2)Cc2ccc(C(=O)NO)cc2)c2ccccc21
CHEMBL6078344,1,9.2,nM,CHEMBL364,CHEMBL6073643,CS(=N)(=O)CCNC(=O)O[C@@H]1CCC[C@]2(C1)OOC1(O2)C2CC3CC(C2)CC1C3
CHEMBL418838,1,450.0,nM,CHEMBL364,CHEMBL761316,C[n+]1c2ccccc2cc2[n-]c3c([N+](=O)[O-])cc([N+](=O)[O-])cc3c21
CHEMBL1255749,0,12589.25,nM,CHEMBL364,CHEMBL1267249,CC(N)c1cccc(Cl)c1Cl.Cl
CHEMBL1780021,0,25000.0,nM,CHEMBL364,CHEMBL1780853,COc1ccc([C@@H](C(=O)NC2CCCC2)N(C(=O)c2snc(C(N)=O)c2N)c2ccc(OC)cc2)cc1
CHEMBL531923,1,708.16,nM,CHEMBL364,CHEMBL1054503,c1ccc(Oc2ccc(Nc3ccnc4cc(-c5csc(CNCCN6CCOCC6)n5)ccc34)cc2)cc1
CHEMBL3415879,1,290.2,nM,CHEMBL364,CHEMBL3417906,Cn1cc2c3cc(Br)ccc3nc-2c2ccc(F)c(F)c21
CHEMBL4571042,1,16.6,nM,CHEMBL364,CHEMBL4426091,COC(=O)c1c[nH]c2cc(Oc3ccccc3)ccc2c1=O
CHEMBL6173107,0,100000.0,nM,CHEMBL364,CHEMBL6157740,CC(=O)SCC(=O)Nc1ccc(CN(CC(=O)NCc2ccccc2)C(=O)c2ccc(N(C)C)cc2)cc1
CHEMBL529817,1,223.81,nM,CHEMBL364,CHEMBL1054503,COc1ccc(C=NN=c2cc(C)[nH]c3c(C)cccc23)c2ccccc12
CHEMBL8488,0,15848.93,nM,CHEMBL364,CHEMBL1267249,Cn1c(=O)c2nc(-c3ccc(S(=O)(=O)O)cc3)[nH]c2n(C)c1=O
CHEMBL1770840,0,38540.0,nM,CHEMBL364,CHEMBL1771896,O=C(/C=C/c1cccc([N+](=O)[O-])c1)/C=C/c1cccc([N+](=O)[O-])c1
CHEMBL588694,1,916.31,nM,CHEMBL364,CHEMBL1054503,CN1CCCC1CCCOC(=O)c1ccc(N)cc1
CHEMBL1802554,1,440.0,nM,CHEMBL364,CHEMBL1803233,CN(C)CCCNc1cc(-c2ccc(C(F)(F)F)cc2)c(C#N)c2nc3ccccc3n12
CHEMBL4471839,1,120.0,nM,CHEMBL364,CHEMBL4344852,CN1CCCN(c2ncc(-c3ccc4/c(=N/c5cnccn5)ccn(C)c4c3)cn2)CC1
CHEMBL581434,1,44.0,nM,CHEMBL364,CHEMBL4048940,Cc1[nH]c(C)c(-c2ccc(-c3ccccc3Cl)nc2)c(=O)c1Br
CHEMBL533163,1,905.45,nM,CHEMBL364,CHEMBL1054503,O=C(/C=C/c1ccsc1)N1CCC(CCN2CCC(c3c[nH]c4ccccc34)CC2)CC1
CHEMBL527947,1,795.66,nM,CHEMBL364,CHEMBL1054503,O=C(Nc1ccc(OC2CCN(Cc3ccccc3)CC2)c(Cl)c1)c1ccc(F)cc1.O=C(O)C(F)(F)F
CHEMBL3342236,1,767.0,nM,CHEMBL364,CHEMBL3374657,COc1ccc(COC[C@H](C)N2C[C@@H](C)[C@H](CN(C)S(=O)(=O)c3ccc(F)cc3)OCCCOc3ccc(NC(=O)Nc4c(C)noc4C)cc3C2=O)cc1
CHEMBL533512,1,794.18,nM,CHEMBL364,CHEMBL1054503,CCCCc1cc(NCc2ccncc2)nc(Nc2ccc(C)cc2)n1
CHEMBL4061994,1,44.0,nM,CHEMBL364,CHEMBL4016437,Cc1[nH]nc2c1C(c1cc(N3CC(F)(F)C3)cc(C(F)(F)F)c1)(C(C)C)C(C#N)=C(N)O2
CHEMBL179538,1,900.0,nM,CHEMBL364,CHEMBL834802,CCN(CC)CCCNC1CCN(CC(c2ccccc2)c2ccccc2)CC1
CHEMBL588539,1,75.7,nM,CHEMBL364,CHEMBL1040691,CC[n+]1c(/C=C/N2CCCc3ccccc32)ccc2ccccc21
CHEMBL117133,0,191000.0,nM,CHEMBL364,CHEMBL760275,O=C(O)C[S+]([O-])C[C@H](O)COP(=O)(O)O
CHEMBL6162816,1,4.44,nM,CHEMBL364,CHEMBL6085561,CCCCCc1cc(/C=C2\N=C(c3ccc[nH]3)C=C2OCc2ccc(Cl)cc2)[nH]c1C.Cl
CHEMBL324178,0,12500.0,nM,CHEMBL364,CHEMBL762990,NCC1C2c3ccccc3C(c3ccccc32)C1CN
CHEMBL1780232,1,11.0,nM,CHEMBL364,CHEMBL1780440,CCN(CC)c1ccc2nc3c4ccc(Br)cc4/c(=N/c4ccncc4)cc-3oc2c1
CHEMBL587238,1,532.5,nM,CHEMBL364,CHEMBL1054503,CC1=C(C(=O)OCCOCc2ccccc2)C(c2ccccc2C(F)(F)F)C(C(=O)OCCOCc2ccccc2)=C(C)N1
CHEMBL579304,1,295.3,nM,CHEMBL364,CHEMBL1040692,COCCn1c(SCC(=O)c2ccc(C)cc2C)nnc1-c1ccco1
CHEMBL4869503,0,27800.0,nM,CHEMBL364,CHEMBL4840215,BrC1=NOC(c2nc(-c3ccc4ccccc4c3)no2)C1
CHEMBL2316640,0,25000.0,nM,CHEMBL364,CHEMBL2317058,O=C1C(O)=C(C(Sc2ccc(O)cc2)c2ccccc2)C(=O)c2ccccc21
CHEMBL567375,1,24.0,nM,CHEMBL364,CHEMBL1047873,CC1(CC(=O)NCc2cccc(I)c2)CC2(CCCCC2)OO1
CHEMBL330342,1,8.35,nM,CHEMBL364,CHEMBL763697,CC(C)(C)NCc1cc(Nc2ccnc3cc(Cl)ccc23)cc(C(C)(C)C)c1O
CHEMBL601351,1,192.2,nM,CHEMBL364,CHEMBL1040692,CC1CC2(C)Oc3ccccc3CC2C(C)C1CNCCCN(C)C
CHEMBL2179034,0,200000.0,nM,CHEMBL364,CHEMBL2183637,Cc1cn([C@H]2C[C@H](O)[C@@H](CNC(=O)NCc3ccccc3)O2)c(=O)[nH]c1=O
CHEMBL3264185,1,12.75,nM,CHEMBL364,CHEMBL3267981,CC(=O)N[C@@H]1CC[C@@]2(C)[C@@H](C1)C[C@@H](OC(C)=O)[C@@H]1[C@@H]2C[C@H](OC(C)=O)[C@]2(C)[C@@H]([C@H](C)CCCNCCCNc3ccnc4cc(Cl)ccc34)CC[C@@H]12
CHEMBL6145517,1,7.4,nM,CHEMBL364,CHEMBL6085561,CCCCCc1cc(/C=C2\N=C(c3ccc[nH]3)C=C2Oc2ccc(OC(F)(F)F)cc2)[nH]c1C.Cl
CHEMBL2094001,0,14200.0,nM,CHEMBL364,CHEMBL962001,C(=C1CN2CCC1CC2)c1ccc(C2OCCO2)cc1
CHEMBL1927113,1,23.0,nM,CHEMBL364,CHEMBL1930427,CN1CCN(CCN2CCC3(N4CCCC4)CC(c4ccccc4)C2C(c2ccccc2)C3)CC1
CHEMBL3933041,0,54500.0,nM,CHEMBL364,CHEMBL3869495,CCCn1cc(COc2ccc3ccccc3c2)nn1
CHEMBL4777972,1,9.0,nM,CHEMBL364,CHEMBL4714843,Cc1cc(Cl)cc(C(=O)Nc2cccc([C@]3(C)CC(=O)N([C@@H]4CCO[C@H](C)C4)C(=N)N3)c2Cl)c1
CHEMBL15321,0,20000.0,nM,CHEMBL364,CHEMBL767003,C=CCC1Cc2c(c3ccccc3c3nc4ccccc4nc23)OC1(C)C
CHEMBL5200924,1,210.0,nM,CHEMBL364,CHEMBL5097655,CC1(C)CCc2cc(CNCCCCc3ccccc3)c3c(c2O1)CCC(C)(C)O3
CHEMBL6143344,1,683.0,nM,CHEMBL364,CHEMBL6119912,Cc1nnc(-c2ccc3ccn(CC(=O)Nc4cc(F)ccc4Cl)c3c2)o1
CHEMBL443628,1,20.0,nM,CHEMBL364,CHEMBL990646,COc1cc(C(=N)N)ccc1-c1cc2ccc(C(=N)N)cc2o1
CHEMBL396435,1,2.0,nM,CHEMBL364,CHEMBL902564,C(CCCCCCC1=NCCN1)CCCCCC1=NCCN1
CHEMBL4217237,1,0.6,nM,CHEMBL364,CHEMBL4194451,C[C@H]1[C@H](OC(=O)CCC(=O)NCCCN(CCCCCCCCN(CCCNC(=O)CCC(=O)O[C@@H]2O[C@@H]3O[C@@]4(C)CC[C@H]5[C@H](C)CC[C@@H]([C@H]2C)[C@@]35OO4)C(=O)CCC(=O)O[C@@H]2O[C@@H]3O[C@@]4(C)CC[C@H]5[C@H](C)CC[C@@H]([C@H]2C)[C@@]35OO4)C(=O)CCC(=O)O[C@@H]2O[C@@H]3O[C@@]4(C)CC[C@H]5[C@H](C)CC[C@@H]([C@H]2C)[C@@]35OO4)O[C@@H]2O[C@@]3(C)CC[C@H]4[C@H](C)CC[C@@H]1[C@@]24OO3
CHEMBL548948,1,371.1,nM,CHEMBL364,CHEMBL1054503,COc1ccc(OC)c(-c2cccc(-c3cccc(NC(=O)c4ccc([N+](=O)[O-])o4)c3)n2)c1
CHEMBL533928,1,675.36,nM,CHEMBL364,CHEMBL1054503,CC1CN(Cc2cccc(C#N)c2)CCN1c1ccc(NC(=O)c2cccs2)cc1.O=C(O)C(F)(F)F
CHEMBL601618,0,15000.0,nM,CHEMBL364,CHEMBL730080,COc1ccc2c(c1OC)C(=O)N1c3ccccc3N=C(c3ccc([N+](=O)[O-])cc3)CC21
CHEMBL4098710,1,34.0,nM,CHEMBL364,CHEMBL3994339,CC(C)c1ccc(C2CC(c3ccc(O)cc3)=NN2C(=O)c2cccnc2)cc1
CHEMBL546732,1,567.0,nM,CHEMBL364,CHEMBL1054503,CCOc1ccc(N2CCN(CCCCNC(=O)c3ccc(NC(=O)c4ccc(Cl)cc4)cc3)CC2)c(OCC)c1
CHEMBL603046,1,309.6,nM,CHEMBL364,CHEMBL1040692,O=C1CC(c2ccccc2)CC2=C1C(c1cc(F)ccc1F)Nc1ccccc1N2
CHEMBL579239,1,256.0,nM,CHEMBL364,CHEMBL1047861,COc1ccc2c(c1)C(=O)C(c1ccc(C(C)=O)cc1)=[N+]2[O-]
CHEMBL4465599,1,80.0,nM,CHEMBL364,CHEMBL4368151,CC(C)=C[C@H]1C[C@](C)(/C=C/c2[nH]c3ccccc3c2CCN(C)C)n2c1c(CCN(C)C)c1ccccc12
CHEMBL3218529,0,53000.0,nM,CHEMBL364,CHEMBL3222707,O=C(NCC(c1ccccc1)c1ccccc1)c1cc(CO)ccc1O
CHEMBL463007,0,50000.0,nM,CHEMBL364,CHEMBL978458,CC[C@H](O)CC(=O)NCCc1ccc(O)cc1
CHEMBL533994,1,50.4,nM,CHEMBL364,CHEMBL1040692,COc1cccc(CN2CCN(C(c3ccccc3)c3ccccc3)CC2)c1O.O=C(O)C(=O)O.O=C(O)C(=O)O.O=C(O)C(=O)O
CHEMBL3084846,1,10.02,nM,CHEMBL364,CHEMBL765668,CNC(=O)CCC(C)C1CC[C@H]2[C@@H]3[C@H](OC(C)=O)C[C@@H]4CC5(CC[C@]4(C)[C@H]3C[C@H](OC(C)=O)[C@]12C)OOC1(CCCCC1C)OO5
CHEMBL425908,0,10000.0,nM,CHEMBL364,CHEMBL833197,COc1ccc(NC(=O)Nc2ccc(C(=O)/C=C/c3ccc4c(c3)OCO4)cc2)cc1
CHEMBL588705,1,910.18,nM,CHEMBL364,CHEMBL1054503,N#Cc1ccc(-c2ccc(C(=O)NCCCCN3CCC(n4cnc5ccccc54)CC3)cc2)cc1
CHEMBL4212141,0,25000.0,nM,CHEMBL364,CHEMBL4179070,CC(CCc1ccccc1)NC(=O)CSc1nc2sc3c(c2c(=O)n1CCc1ccccc1)CC(C(C)C)OC3
CHEMBL1255747,0,15848.93,nM,CHEMBL364,CHEMBL1267245,Br.CCCN(CCC)CCc1ccc(O)c(O)c1
CHEMBL1784568,0,10000.0,nM,CHEMBL364,CHEMBL1785544,Cc1cc(Nc2ccc(OCc3ccccc3)cc2)n2ncnc2n1
CHEMBL600235,1,771.12,nM,CHEMBL364,CHEMBL3137362,Oc1c(CN2CCN(c3ccccc3F)CC2)cc(Br)c2cccnc12
CHEMBL4163274,1,940.0,nM,CHEMBL364,CHEMBL5226195,CC[C@@H](C)[C@H]1NC(=O)[C@@H](C)NC(=O)[C@H](Cc2ccccc2)NC(=O)[C@@H](CC(C)C)NC(=O)[C@@H](C(C)C)NC(=O)[C@H](Cc2ccccc2)NC(=O)[C@@H]([C@H](C)CC)NC1=O
CHEMBL4173648,1,58.7,nM,CHEMBL364,CHEMBL4131979,COc1ccc(C2CC(c3ccc(OCc4cn(CCNc5ccnc6cc(Cl)ccc56)nn4)c(OC)c3)=NN2C(C)=O)cc1
CHEMBL2030340,1,1000.0,nM,CHEMBL364,CHEMBL2033120,Cc1c(-c2ccc(OCCN3CCCCC3)cc2)[nH]c2ccccc2c1=O
CHEMBL5421484,1,810.0,nM,CHEMBL364,CHEMBL5339221,CCC(C)[C@H](c1nc2ccccc2n1Cc1cn(Cc2ccccc2)nn1)N1C(=O)c2ccccc2C1=O
CHEMBL4644974,1,47.0,nM,CHEMBL364,CHEMBL4605392,CCCNC(=O)c1[nH]c(C)c(Cc2ccc(C(F)(F)F)nc2)c1C
CHEMBL527264,1,906.48,nM,CHEMBL364,CHEMBL1054503,Cc1cc(N[C@@H](CC(C)C)C(=O)NCCc2ccccc2)nc(NCc2ccccc2C)n1.O=C(O)C(F)(F)F
CHEMBL3401313,1,20.0,nM,CHEMBL364,CHEMBL3405488,CCN(CC)CCCC(C)Nc1cc(Cl)cc2nc3c4ccccc4n(CCN4CCCC4)c3cc12
CHEMBL590706,0,13212.0,nM,CHEMBL364,CHEMBL1038868,CCCCCCCn1ccc(=N)cc1.I
CHEMBL270726,1,109.0,nM,CHEMBL364,CHEMBL1040691,CN(C)c1ccc(/C=C2/SC(=Nc3ccccc3)NC2=O)cc1
CHEMBL137166,0,25800.0,nM,CHEMBL364,CHEMBL880957,Cc1cccc(/C=C/C(=O)c2ccc(O)cc2)c1
CHEMBL2113943,1,169.0,nM,CHEMBL364,CHEMBL2114000,CCOC(=O)c1ccc(-n2c(C)cc(/C=C3\S/C(=N/c4ccccc4)NC3=O)c2C)cc1
CHEMBL3604005,1,610.0,nM,CHEMBL364,CHEMBL3607903,CC(C)CCN1C(=O)N(CCCc2ccncc2)C(=O)C12CCN(Cc1cc(Cl)ccc1O)CC2
CHEMBL484131,1,250.0,nM,CHEMBL364,CHEMBL1006270,CN(C)CCNc1c2c3ccccc3nc-2n(C)c2ccc(Cl)cc12
CHEMBL6163817,1,532.6,nM,CHEMBL364,CHEMBL6115095,Cn1cc(NC(=O)c2cc(NC(=O)c3ccc(/C=C/c4ccc(F)cc4)cc3)cn2C)cc1C(=O)NCCC(=N)N.O=C(O)C(F)(F)F
CHEMBL3818780,1,130.0,nM,CHEMBL364,CHEMBL3820736,Cc1cc(N2CCN(c3ccnc4cc(Cl)ccc34)CC2)nc(NCCO)n1
CHEMBL263972,1,0.09,nM,CHEMBL364,CHEMBL1267245,C[N+](C)(CCCCCC[N+](C)(C)CCCN1C(=O)c2cccc3cccc(c23)C1=O)CCCN1C(=O)c2cccc3cccc(c23)C1=O.[Br-].[Br-]
CHEMBL530417,1,309.61,nM,CHEMBL364,CHEMBL1054503,N=C(N)Nc1nc(-c2ccc(NCc3ccc(CNc4cccc(-c5csc(NC(=N)N)n5)c4)cc3)cc2)cs1
CHEMBL579673,1,626.58,nM,CHEMBL364,CHEMBL1054503,Cc1cccc2nc(-c3cccc(-c4ccc(NC(=O)Cc5ccc[n+]([O-])c5)cc4)c3)[nH]c12
CHEMBL3355625,1,2.2,nM,CHEMBL364,CHEMBL3381290,CS(=O)(=O)c1ccc(-c2cnc3ccc(-c4cccc(S(=O)(=O)CCO)c4)nn23)cc1
CHEMBL3586300,0,10000.0,nM,CHEMBL364,CHEMBL3588092,CC1(C)C[C@@H]2[C@H]1CC[C@@]1(C)CCC[C@]2(N=C=S)C1
CHEMBL1687983,1,220.0,nM,CHEMBL364,CHEMBL1696252,Cc1cc(NC(=O)Nc2ccc(C)c(Cl)c2)c2ccccc2n1
CHEMBL533142,1,222.0,nM,CHEMBL364,CHEMBL1054503,C[C@H](N[C@H]1CCCc2c1[nH]c1ccc(Br)cc21)c1ccccc1.Cl
CHEMBL529027,1,939.82,nM,CHEMBL364,CHEMBL1054503,COc1cccc(C(=O)Nc2ccc(Nc3nc(C)cc(N(C)C)n3)cc2)c1
CHEMBL580354,1,733.46,nM,CHEMBL364,CHEMBL1054503,Cc1ncccc1C(=O)Nc1ccc(-c2cccc(-c3nc4cccc(C)c4[nH]3)c2)cc1
CHEMBL528689,1,786.13,nM,CHEMBL364,CHEMBL1054503,COc1ccc(CNCc2ccccc2)cc1-c1cccc(S(=O)(=O)NCCN2CCCC2)c1.O=C(O)C(F)(F)F
CHEMBL5310730,1,912.0,nM,CHEMBL364,CHEMBL4888488,COc1cc2nc(-c3ccc(F)c4cccnc34)nc(N)c2cc1OC
CHEMBL576400,1,150.2,nM,CHEMBL364,CHEMBL1040691,Clc1ccc(CCNC2CCN(CCc3ccccc3)CC2)cc1
CHEMBL5410995,1,155.0,nM,CHEMBL364,CHEMBL5326136,O=C(CNc1ccccc1F)NC(C(=O)NO)c1ccc(Br)cc1
CHEMBL4074882,1,560.0,nM,CHEMBL364,CHEMBL4000403,COc1cc(O)c(C(C)=O)c(O)c1C/C=C(/C)CC/C=C(/C)CCC=C(C)C
CHEMBL4564508,0,250000.0,nM,CHEMBL364,CHEMBL4377157,CCOC(=O)[C@H](Cc1ccccc1)NP(N)(=O)CCO[C@H](CO)Cn1cnc2c(=O)[nH]cnc21
CHEMBL585815,1,22.22,nM,CHEMBL364,CHEMBL1040692,CC1CN=C(c2ccc(NC(=O)c3ccc(C(=O)Nc4ccc(C5=NCC(C)N5)cc4)c(N)c3)cc2)N1
CHEMBL527225,1,687.79,nM,CHEMBL364,CHEMBL1054503,CCCNC(=O)c1cncc(-c2ccc(CNCCCc3ccccc3)cc2)c1.O=C(O)C(F)(F)F
CHEMBL528142,1,966.03,nM,CHEMBL364,CHEMBL1054503,O=c1cc(NCCCNCc2cc(Cl)c(Cl)cc2Cl)[nH]c2ccccc12
CHEMBL529368,1,788.14,nM,CHEMBL364,CHEMBL1054503,Cc1c(Cl)cccc1S(=O)(=O)N1CCCCC(c2ccc(C(F)(F)F)cc2)=N1
CHEMBL589490,0,15000.0,nM,CHEMBL364,CHEMBL730080,CCCCn1nnnc1NCc1cc(Cl)c(OC)c(OC)c1
CHEMBL405741,0,59600.0,nM,CHEMBL364,CHEMBL931127,COc1ccc(S(=O)(=O)/C=C/[C@H](CCc2ccccc2)NC(=O)CN2C(=O)[C@@H](COC(=O)Nc3ccc(Cl)cc3C(F)(F)F)N=C(c3ccccc3)c3ccccc32)cc1
CHEMBL582056,0,12500.0,nM,CHEMBL364,CHEMBL1040691,CC1N=C2c3ccccc3N=C(SCc3ccc(F)cc3)N2C1=O
CHEMBL532626,1,802.6,nM,CHEMBL364,CHEMBL1054503,O=C(NCC1CCN(Cc2cccc(C(F)(F)F)c2)C1)c1cc(-c2cccc(Cl)c2)cs1.O=C(O)C(F)(F)F
CHEMBL469649,1,170.0,nM,CHEMBL364,CHEMBL4613967,CCCCCCCC/C=C\c1c(C)c(/C=C\CCCCCCCC)c2[n+](c1C)CCC2.O=C([O-])C(F)(F)F
CHEMBL548634,1,126.15,nM,CHEMBL364,CHEMBL1054503,O=C(O)C(F)(F)F.c1cc(CN2CCN(c3ccncc3)CC2)cc(-c2cccc(-c3nc4ccccc4[nH]3)c2)c1
CHEMBL579933,1,97.7,nM,CHEMBL364,CHEMBL1040692,CCOC(=O)c1ccc(NCc2c(C)[nH]c(C(=O)OCC)c2C)cc1
CHEMBL2079780,1,938.0,nM,CHEMBL364,CHEMBL1040692,CO[C@H]1[C@@H](C)[C@@H]([C@H](C)C2O[C@@]3(CC[C@@](C)([C@H]4CC[C@@](C)([C@@H]5O[C@@H]([C@H]6O[C@](C)(O)[C@H](C)C[C@@H]6C)C[C@@H]5C)O4)O3)C[C@H](O)[C@@H]2C)O[C@@](O)([C@H](C)C(=O)[O-])[C@H]1C.[Na+]
CHEMBL534259,1,800.83,nM,CHEMBL364,CHEMBL1054503,COc1ccc(C2C(C(=O)Nc3cc(OC)c(OC)c(OC)c3)c3cc(OC)c(OC)cc3C(=O)N2C)cc1
CHEMBL4290423,0,15000.0,nM,CHEMBL364,CHEMBL4269486,CCOC(=O)CN(C)CC#Cc1cc2c(Nc3ccc(OCc4cccc(F)c4)c(Cl)c3)ncnc2s1
CHEMBL535968,1,101.31,nM,CHEMBL364,CHEMBL1054503,CNC(=O)c1ccccc1Nc1nc(Nc2cccnc2)ncc1C.Cl
CHEMBL4100468,1,107.0,nM,CHEMBL364,CHEMBL4053324,COc1ccc(-c2ccc3c(c2O)[C@@H](C)N(C)[C@H](C)C3)c2cc(C)cc(OC)c12
CHEMBL207819,1,770.0,nM,CHEMBL364,CHEMBL866850,Oc1cc(Cl)ccc1Oc1ccc(Cl)cc1CNCc1ccccc1
CHEMBL576810,1,34.8,nM,CHEMBL364,CHEMBL1040691,CC1(C)C2CCC(C2)C1(C)NC(=S)NN=Cc1ccccn1
CHEMBL536383,1,605.75,nM,CHEMBL364,CHEMBL1054503,OC(CNc1ccnc(Nc2ccccc2)n1)c1ccc(C(F)(F)F)cc1
CHEMBL546519,1,70.41,nM,CHEMBL364,CHEMBL1054503,COc1ccc(C(O)CNC(C)CCc2ccccc2)cc1C(F)(F)F.Cl
CHEMBL588691,1,751.59,nM,CHEMBL364,CHEMBL1054503,CC(C)(C)c1ccc(NC(=O)Nc2ccc(Cn3ncc(N4CCCNCC4)c(Cl)c3=O)cc2)cc1.O=C(O)C(F)(F)F
CHEMBL578837,1,177.1,nM,CHEMBL364,CHEMBL1040691,COc1ccc(C(=O)C(C#N)=CNC2CCN(Cc3ccccc3)CC2)cc1
CHEMBL3453985,1,340.09,nM,CHEMBL364,CHEMBL4649964,CNC(=O)CCN(C)CC1(c2ccc(Br)cc2)CC1
CHEMBL4101794,1,149.0,nM,CHEMBL364,CHEMBL4039511,Cc1c(Oc2cnc(C(=O)N[C@H]3CCC[C@@H]3O)cn2)ccc2c1B(O)OC2
CHEMBL2021449,1,157.1,nM,CHEMBL364,CHEMBL1040692,C=C[C@H]1CN2CC[C@H]1C[C@@H]2[C@@H](OC(C)=O)c1ccnc2ccccc12
CHEMBL574590,0,30000.0,nM,CHEMBL364,CHEMBL997205,N#Cc1nc(NCc2cccc(-c3cc4ccccc4n3S(=O)(=O)c3ccccc3)c2)c2ncn(CCCO)c2n1
CHEMBL4093450,1,262.0,nM,CHEMBL364,CHEMBL4039511,Cc1c(Oc2cnc(C(=O)N(C)CCO)cn2)ccc2c1B(O)OC2
CHEMBL1939152,1,509.0,nM,CHEMBL364,CHEMBL1941884,CCCCc1cc2c(=O)c(-c3ccc(C(F)(F)F)cc3)c(C)[nH]c2cc1OCCOc1ccccc1
CHEMBL577888,1,760.0,nM,CHEMBL364,CHEMBL1040692,CCn1c2ccccc2c2cc(C=NNC(=O)c3nnn(-c4nonc4N)c3-c3ccccc3)ccc21
CHEMBL591139,0,15000.0,nM,CHEMBL364,CHEMBL730080,Cc1cccc(N2COc3ccc(C(C)(C)C)cc3C2)c1
CHEMBL5267765,1,700.0,nM,CHEMBL364,CHEMBL5361498,CC(C)CC(c1nc2ccccc2n1Cc1cnn[nH]1)N1C(=O)c2ccccc2C1=O
CHEMBL535512,1,897.66,nM,CHEMBL364,CHEMBL1054503,CC1CC(C)CN(S(=O)(=O)c2cc(C(=O)Nc3cccc([N+](=O)[O-])c3)ccc2Br)C1
CHEMBL591171,0,15000.0,nM,CHEMBL364,CHEMBL730079,O=C(Nc1ccc(Cl)c(Cl)c1)Nc1ccc(Cl)c([N+](=O)[O-])c1
CHEMBL528500,1,789.27,nM,CHEMBL364,CHEMBL1054503,Cn1nc(-c2ccccc2F)c2cc(C(=O)NC3CCN(Cc4ccccc4)CC3)sc21
CHEMBL465178,0,109000.0,nM,CHEMBL364,CHEMBL1020260,C=C(C)[C@H]1Cc2oc(cc2C(=O)OC)[C@H]2O[C@]2(C)C[C@H]2C=C(C(=O)O2)[C@H](OC(C)=O)C1
CHEMBL5086793,1,452.0,nM,CHEMBL364,CHEMBL5038373,O=C(c1cc2cc(Br)ccc2o1)N1CCc2c([nH]c3ccccc23)[C@H]1c1ccccc1
CHEMBL4126800,1,25.0,nM,CHEMBL364,CHEMBL4119790,O=C(c1ccc(-c2cncc(-c3cncc(F)c3)n2)cc1)N1CCNCC1
CHEMBL5195831,1,136.9,nM,CHEMBL364,CHEMBL5155584,CC(C)(CO)NC[C@@H](O)c1cc(C(F)(F)F)nc2c(C(F)(F)F)cccc12
CHEMBL2042200,0,10000.0,nM,CHEMBL364,CHEMBL2045262,O=C(/C=C/c1ccc([N+](=O)[O-])cc1)Nc1ccnc2cc(Cl)ccc12
CHEMBL4213703,1,62.0,nM,CHEMBL364,CHEMBL4193414,O=C1OC(CN2CCN(c3ccccc3F)CC2)CN1CCNc1ccnc2cc(Cl)ccc12
CHEMBL584514,1,397.0,nM,CHEMBL364,CHEMBL1040691,Cc1ccc(C=Cc2ccc(N(C)C)cc2)[n+](C)c1.[I-]
CHEMBL1813086,1,5.6,nM,CHEMBL364,CHEMBL1816225,COC1=CC(c2ccc[nH]2)=N/C1=C\c1[nH]c(Cc2ccc(F)cc2)cc1Cc1ccc(F)cc1
CHEMBL602427,1,995.0,nM,CHEMBL364,CHEMBL1040692,COc1cccc(C2CC3(CC(C)(C)NC(=S)N3)Oc3cc(OC(C)=O)c(Cl)cc32)c1
CHEMBL1834970,1,4.0,nM,CHEMBL364,CHEMBL1837547,CCC(CC)c1ccc2c(NCCCNCc3cccc(OC)c3O)ccnc2c1
CHEMBL4470241,1,560.0,nM,CHEMBL364,CHEMBL4379992,COc1ccc2c3ccnc(C)c3n(Cc3cn(C/C=C/c4cccc(Br)c4)nn3)c2c1
CHEMBL588881,1,379.3,nM,CHEMBL364,CHEMBL1054503,C#CC(C)(CO)N1CCCC1
CHEMBL426036,1,4.0,nM,CHEMBL364,CHEMBL4673472,CCn1c(=O)/c(=C2\Sc3ccccc3N2C)s/c1=C\c1cccc[n+]1CCO.[Br-]
CHEMBL532955,1,772.01,nM,CHEMBL364,CHEMBL1054503,CC(C)CNCc1ccc(OCc2cccc(COc3ccc(CNCC(C)C)cc3I)c2)c(I)c1.Cl
CHEMBL1580671,1,690.0,nM,CHEMBL364,CHEMBL4673454,COc1ccc(/C=C(\C#N)c2nc3ccccc3[nH]2)cc1O
CHEMBL46146,0,500000.0,nM,CHEMBL364,CHEMBL763692,NCCc1c[nH]c(C2CCCCC2)n1
CHEMBL1256655,1,1000.0,nM,CHEMBL364,CHEMBL1267245,COc1cc(NS(C)(=O)=O)ccc1Nc1c2ccccc2nc2ccccc12.Cl
CHEMBL582471,1,147.8,nM,CHEMBL364,CHEMBL1040691,COc1cc2nc(Nc3cccc(F)c3)nc(N)c2cc1OC.Cl
CHEMBL2408434,1,160.0,nM,CHEMBL364,CHEMBL2410398,CC(=O)O[C@@H](C(=O)OCCCNc1ccnc2cc(Cl)ccc12)[C@@H](NC(=O)c1ccccc1)c1ccccc1
CHEMBL2334377,1,13.0,nM,CHEMBL364,CHEMBL2342742,CCCN(CCC)C(=O)c1cccc(C(=O)N[C@@H](Cc2ccccc2)[C@H](O)CNC(C)(C)c2ccc(OC)cc2)c1
CHEMBL604801,1,727.0,nM,CHEMBL364,CHEMBL1040691,Cc1ccc(S(=O)(=O)NNC(=O)C2CCC(c3ccccc3)CC2)c2nsnc12
CHEMBL3497984,1,828.49,nM,CHEMBL364,CHEMBL4649964,Cc1ccc2c(c1)CN(C(=O)C1CCCCC1)C(CN(C)C)CO2.Cl
CHEMBL579414,1,71.64,nM,CHEMBL364,CHEMBL1054503,C=CCn1c(SCC(=O)Nc2cc(Cl)ccc2Cl)nc2sc(C)cc2c1=O
CHEMBL1956291,1,2.9,nM,CHEMBL364,CHEMBL4812776,Cc1cc(Nc2ccc(S(F)(F)(F)(F)F)cc2)n2nc(C(F)(F)F)nc2n1
CHEMBL530708,1,888.96,nM,CHEMBL364,CHEMBL1054503,Cc1ccccc1C1CCN(C2CCC(NC(=O)C3=Cc4cc(Cl)ccc4OC3)CC2)CC1
CHEMBL4865968,0,25000.0,nM,CHEMBL364,CHEMBL4842120,CC(C)CCNC(=O)CCCn1c(=O)[nH]c2ccccc2c1=O
CHEMBL19476,0,10000.0,nM,CHEMBL364,CHEMBL1267248,COc1cc2nc(N3CCN(C(=O)OCc4ccccc4)[C@H](C(=O)NC(C)(C)C)C3)nc(N)c2cc1OC
CHEMBL209953,1,2.9,nM,CHEMBL364,CHEMBL3399486,CN(CCCNc1ccnc2cc(Cl)ccc12)CCCN1c2ccccc2CCc2ccccc21
CHEMBL3360792,1,66.8,nM,CHEMBL364,CHEMBL3369904,COc1cc2[nH]c(C)c(-c3ccc(C(C)(C)C)cc3)c(=O)c2cc1Cl
CHEMBL585217,1,253.6,nM,CHEMBL364,CHEMBL1040691,CCCCCSc1scc(-c2ccc(O)c(O)c2)[n+]1C
CHEMBL529525,1,745.34,nM,CHEMBL364,CHEMBL1054503,CCCNCc1ccc(-c2ccc(CN(CCOC)C(=O)[C@H]3CCCO3)cc2)nc1.O=C(O)C(F)(F)F
CHEMBL1682467,1,70.9,nM,CHEMBL364,CHEMBL1687072,CCOC(=O)c1ccc(NC(=S)NCCCN2C[C@H](C)C[C@@](C)(O)[C@H](O[C@@H]3O[C@H](C)C[C@H](N(C)C)[C@H]3O)[C@@H](C)[C@H](O[C@H]3C[C@@](C)(OC)[C@@H](O)[C@H](C)O3)[C@@H](C)C(=O)O[C@H](CC)[C@@](C)(O)[C@H](O)[C@H]2C)cc1
CHEMBL588667,1,328.0,nM,CHEMBL364,CHEMBL1040691,COc1ccc(OCC(O)CNC2CCN(CC(O)COc3ccc(Cl)c(Cl)c3)CC2)cc1
CHEMBL6162020,0,67340.0,nM,CHEMBL364,CHEMBL6087728,Cc1cc(C)nc(NS(=O)(=O)c2ccc(-n3cc(COc4ccc5c(-c6ccccc6)c(C)c(=O)oc5c4)nn3)cc2)n1
CHEMBL152861,1,54.4,nM,CHEMBL364,CHEMBL758311,Clc1ccc2c(NCCCN3CCN(CCCN(Cc4ccccc4)Cc4ccccc4)CC3)ccnc2c1
CHEMBL509157,1,10.6,nM,CHEMBL364,CHEMBL949540,Clc1ccc2c(NCC34CCCN3CCC4)ccnc2c1
CHEMBL527924,1,927.23,nM,CHEMBL364,CHEMBL1054503,CN1CCCN(Cc2cccc(-c3ccc(NC(=O)c4cccc(Cl)c4)cc3)c2)CC1.O=C(O)C(F)(F)F
CHEMBL602413,1,107.7,nM,CHEMBL364,CHEMBL1040692,Cc1ccc(Nc2nc(NCCO)c3ccccc3n2)cc1C
CHEMBL585778,1,33.7,nM,CHEMBL364,CHEMBL1040692,Cn1c(SCCCCNC(=O)c2cc([N+](=O)[O-])cc([N+](=O)[O-])c2)nc(-c2ccccc2)c1-c1ccccc1
CHEMBL2181484,1,302.0,nM,CHEMBL364,CHEMBL2188966,COc1ccc(-c2cc(-c3ccc(C(=O)NCCN4CCOCC4)cc3)cnc2N)cn1
CHEMBL548008,1,140.67,nM,CHEMBL364,CHEMBL1054503,CC[C@H]1CN2CC[C@H]1C[C@H]2C(O)c1cc(OC)nc2ccccc12
CHEMBL171967,1,320.0,nM,CHEMBL364,CHEMBL856447,CO[C@@H]1O[C@]2(CF)CC[C@H]3CCCCC31OO2
CHEMBL5423750,0,502100.0,nM,CHEMBL364,CHEMBL5345198,CCC(C)C(CN1CCN(CC)CC1)Nc1ccnc2cc(Cl)ccc12
CHEMBL536863,1,595.67,nM,CHEMBL364,CHEMBL1054503,CC(=O)N(C)C1CCN(Cc2ccc(-c3cccc(-c4nc5cc(F)ccc5[nH]4)c3)cc2)C1.O=C(O)C(F)(F)F
CHEMBL2418024,1,35.0,nM,CHEMBL364,CHEMBL2422960,N=C(N)c1ccc(OCc2cccc(C(=N)N)c2)cc1
CHEMBL1710,0,12589.25,nM,CHEMBL364,CHEMBL1267248,CN1CCN(CCCN2c3ccccc3Sc3ccc(C(F)(F)F)cc32)CC1.Cl
CHEMBL585594,1,158.2,nM,CHEMBL364,CHEMBL1040692,Clc1ccc(C[n+]2cc(-c3ccccc3)n3c2CCC3)cc1Cl
CHEMBL4104009,0,10000.0,nM,CHEMBL364,CHEMBL4000403,CC(=O)c1c(O)c(C/C=C(\C)CCC=C(C)C)c(O)c(Cc2c(O)c(C/C=C(\C)CCC=C(C)C)c(O)c(C(C)=O)c2O)c1O
CHEMBL6103452,1,1.0,nM,CHEMBL364,CHEMBL6089898,CC[C@@](O)(c1cc(F)c(Cl)c(F)c1)c1c2ccn(C3CC3)c(=O)c2nn1C
CHEMBL580323,1,673.9,nM,CHEMBL364,CHEMBL1054503,O=C(/C=C/c1ccc(Cl)c(Cl)c1)N1CCC(CN2CCC(Cc3c[nH]c4ccccc34)CC2)CC1
CHEMBL534869,1,182.13,nM,CHEMBL364,CHEMBL1054503,Cc1cc(N2CCCC2)nc(Nc2ccc(NC(=O)c3cccc(F)c3)cc2)n1
CHEMBL531478,1,699.0,nM,CHEMBL364,CHEMBL1040692,CCCCCCN(C(=O)c1ccc(CCCCC)cc1)C(CC)c1nc2ccccc2c(=O)n1-c1ccccc1OC
CHEMBL4796555,1,2.6,nM,CHEMBL364,CHEMBL4702840,C[C@@H]1CC[C@H]2C(C)(COC(=O)c3ccc([N+](=O)[O-])cc3)O[C@@H]3O[C@@]4(C)CC[C@@H]1[C@]32OO4
CHEMBL532352,1,94.56,nM,CHEMBL364,CHEMBL1054503,CCc1sc(CN(CCCNc2cc(=O)c3ccccc3[nH]2)Cc2sc(CC)c(Br)c2-c2ccsc2)c(-c2ccsc2)c1Br.Cl
CHEMBL4466493,1,57.0,nM,CHEMBL364,CHEMBL4429066,CC(C)CN1C(=O)c2ccccc2[C@H](C(=O)Nc2cccc(OC(F)(F)F)c2)[C@H]1c1cccs1
CHEMBL37787,1,250.0,nM,CHEMBL364,CHEMBL762989,CN(C)Cc1ccc(Nc2c3ccccc3nc3cc(N)ccc23)cc1
CHEMBL556563,1,607.0,nM,CHEMBL364,CHEMBL933420,Cl.N=C(N)Nc1ccc(NC(=S)Nc2ccc(NC(=N)N)cc2)cc1
CHEMBL528682,1,987.0,nM,CHEMBL364,CHEMBL1054503,CN1CCC(C(=O)Nc2ccc(-c3ccc(-c4nc5cc(C(F)(F)F)ccc5[nH]4)s3)cc2)CC1
CHEMBL577846,1,136.2,nM,CHEMBL364,CHEMBL1040692,CCN(CC)CCN1C(=O)c2ccc3c4c(ccc(c24)C1=O)C(=O)N(CCN(CC)CC)C3=O
CHEMBL378228,1,650.0,nM,CHEMBL364,CHEMBL870927,O[Si](c1ccccc1)(c1ccccc1)c1ccccc1
CHEMBL4750805,1,46.0,nM,CHEMBL364,CHEMBL4704380,CN1CCN(C2CCN(c3nccc4[nH]c(-c5ccc(F)c(F)c5)nc34)CC2)CC1
CHEMBL71752,0,12589.25,nM,CHEMBL364,CHEMBL1267245,CCOC(=O)C1=C[C@]2(CC)CCCN3CCc4c(n1c1ccccc41)[C@@H]32
CHEMBL3408761,0,45000.0,nM,CHEMBL364,CHEMBL3411089,CC1CCCN1c1cccc2ncccc12
CHEMBL588907,1,438.0,nM,CHEMBL364,CHEMBL1040691,COc1ccc(C(=O)C[n+]2ccc(N)c(C)c2C)cc1
CHEMBL533835,1,905.82,nM,CHEMBL364,CHEMBL1054503,CN(C)CCOc1cc(NC(=O)c2ccc(-c3ccc(Cl)cc3Cl)cc2)ccc1-c1ccccc1
CHEMBL4281586,0,15135.61,nM,CHEMBL364,CHEMBL4269149,O=C(Nc1ccc(-c2nc3ccccc3[nH]2)cc1)c1ccccc1Cl
CHEMBL597457,1,341.0,nM,CHEMBL364,CHEMBL1040691,COc1ccc2c(C)nc(Nc3nc(C)cc(-c4ccccc4)n3)nc2c1
CHEMBL6159621,1,219.0,nM,CHEMBL364,CHEMBL6141362,Nc1nc2cc(-c3nn(Cc4ccc(C(F)(F)F)nc4)c4ncnc(N)c34)ccc2o1
CHEMBL556397,1,29.0,nM,CHEMBL364,CHEMBL926257,CCCNC(=N)c1ccc(N2CCN(c3ccc(C(=N)NCCC)cc3)CC2)cc1.Cl.Cl
CHEMBL584847,1,800.0,nM,CHEMBL364,CHEMBL1040691,COc1ccc(C(=O)Nc2ccc(-c3nc4ccc(NC(=O)c5ccc(OC)cc5)cc4[nH]3)cc2)cc1
CHEMBL2029595,1,55.0,nM,CHEMBL364,CHEMBL2032995,CC[C@H]1OC(=O)[C@H](C)[C@@H](O)[C@H](C)[C@@H](O[C@@H]2O[C@H](C)C[C@H](N(C)C)[C@H]2O)[C@](C)(O)C[C@@H](C)CN(CCCNCc2cccc3ccccc23)[C@H](C)[C@@H](O)[C@]1(C)O
CHEMBL536137,1,880.57,nM,CHEMBL364,CHEMBL1054503,Cc1c(C)c2c(c(C)c1O)CC[C@](C)(C(=O)NC1CCC(CN3CCC(c4c[nH]c5ccccc45)CC3)CC1)O2
CHEMBL4582285,0,25000.0,nM,CHEMBL364,CHEMBL4343077,O=S(=O)(NCC1(O)CC(c2ccccc2)Oc2ccccc21)c1ccc(Br)s1
CHEMBL582131,1,60.17,nM,CHEMBL364,CHEMBL1054503,Cc1nc2nc(N)nc(N)c2c(C)c1Cc1ccccc1Br.Cl
CHEMBL404938,0,30000.0,nM,CHEMBL364,CHEMBL996343,NC(=S)N/N=C(/C=C/c1ccccc1)c1cccc(C(F)(F)F)c1
CHEMBL548230,1,377.63,nM,CHEMBL364,CHEMBL1054503,Cc1cc(N2CCCCC2)nc2ccc(NC(=O)c3cccc([N+](=O)[O-])c3)cc12
CHEMBL3752486,0,15000.0,nM,CHEMBL364,CHEMBL3757742,CCOC(C(=O)Nc1cc(Cl)ccc1Cl)c1ccnc2ccccc12
CHEMBL547395,1,909.74,nM,CHEMBL364,CHEMBL1054503,O=C(O)C(F)(F)F.OCC1CCN(Cc2ccc(-c3cccc(-c4nc5cc(F)ccc5[nH]4)c3)cc2)CC1
CHEMBL4292918,0,14200.0,nM,CHEMBL364,CHEMBL4254764,COc1ccc(-n2cc(COC3=C(CC=C(C)C)C(=O)c4ccccc4C3=O)nn2)cc1
CHEMBL531757,1,844.46,nM,CHEMBL364,CHEMBL1054503,Cc1cccc(CN2CCC(Oc3ccc(NC(=O)c4cccs4)cc3Cl)CC2)n1.O=C(O)C(F)(F)F
CHEMBL353161,1,38.96,nM,CHEMBL364,CHEMBL1054503,CC(C)c1cc2c(ccc3nc(N)nc(N)c32)[nH]1
CHEMBL6147123,1,22.4,nM,CHEMBL364,CHEMBL6085562,CCCCCCCCCCCc1ccc(/C=C2\N=C(c3ccc[nH]3)C=C2OCc2ccccc2)[nH]1.Cl
CHEMBL530036,1,705.38,nM,CHEMBL364,CHEMBL1054503,COc1ccc(-c2ccc(CNC(=O)c3ccc(Cl)cc3)c(F)c2)cc1CN1CCCN(C)CC1.O=C(O)C(F)(F)F
CHEMBL587073,1,811.29,nM,CHEMBL364,CHEMBL1054503,C#CCCOc1ccc2ccccc2c1CNCCCCCCNCc1c(OCCC#C)ccc2ccccc12
CHEMBL4791436,1,19.0,nM,CHEMBL364,CHEMBL4724764,CCC(CC)Nc1nc(Nc2cccnc2)nc2cc(OC)c(OC)cc12
CHEMBL532495,1,774.29,nM,CHEMBL364,CHEMBL1054503,CC(C)CCN(Cc1cncn1Cc1cccc(C(F)(F)F)c1)C(=O)c1cncc(-c2ccccc2)c1
CHEMBL601179,1,824.0,nM,CHEMBL364,CHEMBL1040692,COc1ccc2[nH]c(=O)c(CN(C(=S)Nc3ccccc3OC)C3CCCC3)cc2c1
CHEMBL255061,0,1500000.0,nM,CHEMBL364,CHEMBL943947,Nc1cc(=O)[nH]c(=O)n1[C@@H]1O[C@H](CO)[C@@H](O)[C@H]1O
CHEMBL1951762,0,12700.0,nM,CHEMBL364,CHEMBL2039435,CCCCCCCCCCCCC[C@@H](O)C[C@H](O)[C@H](C)N
CHEMBL602803,1,34.9,nM,CHEMBL364,CHEMBL1040692,CCOC(=O)C1=C(C)NC2=C(C(=O)CC(c3ccccc3)C2)C1c1ccccc1Cl
CHEMBL391683,1,18.0,nM,CHEMBL364,CHEMBL897918,CC(NCCCCCCNc1ccnc2cc(Cl)ccc12)c1nc(Cc2ccccc2)c(N2CCOCC2)o1
CHEMBL5182138,1,1000.0,nM,CHEMBL364,CHEMBL5155583,OCCN1CCN(C[C@@H](O)c2cc(C(F)(F)F)nc3c(C(F)(F)F)cccc23)CC1
CHEMBL527370,1,463.6,nM,CHEMBL364,CHEMBL1054503,CN1CCN(c2cc(NC(=O)c3ccc(-c4ccc(C#N)cc4)cc3)ccc2Cl)CC1
CHEMBL536378,1,651.17,nM,CHEMBL364,CHEMBL1054503,CC(=O)N1N=C(c2ccc(F)cc2)Sc2c1nc(-c1ccccc1)n2C(C)=O
CHEMBL599302,1,848.0,nM,CHEMBL364,CHEMBL1040691,O=[N+]([O-])c1cc(NC2OC(CO)C(OC3OC(CO)C(O)C(O)C3O)C(O)C2O)ccc1Cl
CHEMBL5082966,1,15.22,nM,CHEMBL364,CHEMBL5048693,Cl.O=C(NO)c1cnc(N2CCC3(CN(Cc4cccs4)C3)C2)nc1
CHEMBL535714,1,30.0,nM,CHEMBL364,CHEMBL2027640,O=C(Nc1cc(C(F)(F)F)ccc1-n1cncn1)C1(c2ccccc2)CC1
CHEMBL4749997,0,10000.0,nM,CHEMBL364,CHEMBL4704380,Fc1ccc(-c2nc3c(C4CCNCC4)nccc3[nH]2)cc1F
CHEMBL600154,1,259.3,nM,CHEMBL364,CHEMBL1040692,CC1=C(C(=O)OC2CCCC2)C(c2ccccc2F)C2=C(CC(c3ccccc3)CC2=O)N1
CHEMBL4068415,1,330.0,nM,CHEMBL364,CHEMBL4056500,CCCC(C)CCCc1cc(=O)c2ccccc2[nH]1
CHEMBL585226,1,45.9,nM,CHEMBL364,CHEMBL1040692,O=C(NCCCCCCCCNC(=O)Nc1ccc(C2=NCCN2)cc1)Nc1ccc(C2=NCCN2)cc1
CHEMBL3819084,1,130.0,nM,CHEMBL364,CHEMBL3820736,Clc1ccc2c(N3CCN(c4ccnc(Nc5ccccc5)n4)CC3)ccnc2c1
CHEMBL589212,0,15000.0,nM,CHEMBL364,CHEMBL730079,CCOc1cccc(-c2cc(C(=O)Nc3cc(C)ccn3)c3ccccc3n2)c1
CHEMBL6150780,1,43.4,nM,CHEMBL364,CHEMBL6097218,Cl.O=C(NO)c1cnc(N[C@H]2CC[C@@H](NCc3cccc4ccncc34)CC2)nc1
CHEMBL4203930,1,133.0,nM,CHEMBL364,CHEMBL4189347,Fc1cnc(Nc2cc3[nH]c(-c4cccc(C(F)(F)F)c4)nc3cn2)c(F)c1
CHEMBL6171863,1,2.0,nM,CHEMBL364,CHEMBL6141358,CC(CCCCCF)(C(=O)O)C(=O)O
CHEMBL4741571,1,708.7,nM,CHEMBL364,CHEMBL4671338,COc1ccc2nc(CCc3ccncc3)cc(NCCN(C)C)c2c1
CHEMBL3084477,1,6.73,nM,CHEMBL364,CHEMBL767074,CCC1CCC2(CC1)OOC1(CC[C@@]3(C)[C@H](C[C@@H](OC(C)=O)[C@@H]4[C@@H]3C[C@H](OC(C)=O)[C@]3(C)C(C(C)CCC(=O)OC)CC[C@@H]43)C1)OO2
CHEMBL5589778,1,1.2,nM,CHEMBL364,CHEMBL5581514,CCOC(=O)C1=C(C)NC2=C(C(=O)CC(c3cc(OC)c(OC)c(OC)c3)C2)C1c1ccccc1Cl
CHEMBL1077460,0,40000.0,nM,CHEMBL364,CHEMBL1112376,CC1(C)OC(=O)C(=CNc2ccc([N+](=O)[O-])cc2)C(=O)O1
CHEMBL4514528,1,50.0,nM,CHEMBL364,CHEMBL4429066,CC(C)CN1C(=O)c2ccccc2[C@H](C(=O)Nc2cccc(C#N)c2)[C@H]1c1cccs1
CHEMBL253266,1,52.35,nM,CHEMBL364,CHEMBL929533,FC(F)(F)c1ccc(CC2CCC3(CC2)OOCCCOO3)cc1
CHEMBL138676,0,39000.0,nM,CHEMBL364,CHEMBL880957,CCOc1ccc(C(=O)/C=C/c2ccc([N+](=O)[O-])cc2)cc1
CHEMBL5555938,1,168.0,nM,CHEMBL364,CHEMBL5525719,O[C@H]1CNCC[C@@H]1Nc1ccnc2ccc(-c3ccc(C(F)(F)F)nc3)nc12
CHEMBL5435721,1,430.0,nM,CHEMBL364,CHEMBL5393188,CS(=O)(=O)Nc1ccccc1Nc1nc(Nc2ccc(N3CCOCC3)c(Cl)c2)ncc1Cl
CHEMBL2049082,0,15015.0,nM,CHEMBL364,CHEMBL2049755,CCOC(=O)CCCCCOc1cccc(CN(C(=O)c2ccc(-c3cccc(C(C)=O)c3)cc2)C(C)C)c1
CHEMBL601531,1,120.8,nM,CHEMBL364,CHEMBL1040691,O=C(Nc1ccc(-c2nc3ccccc3[nH]2)cc1)c1cccc(C(=O)Nc2ccc(-c3nc4ccccc4[nH]3)cc2)n1
CHEMBL612054,1,11.0,nM,CHEMBL364,CHEMBL1046014,Oc1cccc2c1[nH]c1c(C3=C[C@@]4(O)CC/C=C\CCCCN5CC[C@@H]3[C@]3(CC6/C=C\CCCCN6[C@H]34)C5)nccc12
CHEMBL5081298,0,25000.0,nM,CHEMBL364,CHEMBL5032021,Cc1ccc(N2C[C@@H](c3nc(-c4ccc5oc(C)nc5c4)no3)CC2=O)cc1
CHEMBL2325384,0,73000.0,nM,CHEMBL364,CHEMBL2328880,NC(=O)c1cc(Cl)ccc1Oc1ccc(Cl)cc1Cl
CHEMBL585781,1,26.73,nM,CHEMBL364,CHEMBL1040692,CCCCCCN(C(=O)CCc1ccccc1)C(CC)c1nc2ccccc2c(=O)n1-c1ccc(Cl)cc1
CHEMBL547001,1,481.74,nM,CHEMBL364,CHEMBL1054503,COc1ccc(CCNC(=O)c2cc(C)ccc2O)cc1-c1ccc(C(C)(C)C)cc1
CHEMBL1171263,1,360.0,nM,CHEMBL364,CHEMBL1177559,CN1CCc2cc3c(c4c2c1cc1ccccc14)OCO3
CHEMBL590918,0,15000.0,nM,CHEMBL364,CHEMBL730079,CCOc1ccc(/C=c2\sc3n(c2=O)CN(c2cccc(F)c2)CN=3)cc1
CHEMBL4764322,1,3.0,nM,CHEMBL364,CHEMBL4713981,Cl.Cn1cc(CN2CCC3(CCN(c4ncc(C(=O)NO)cn4)CC3)C2)c2cccnc21
CHEMBL530991,1,696.23,nM,CHEMBL364,CHEMBL1054503,COc1ccc(C=NN=c2cc[nH]c3ccccc23)c2ccccc12
CHEMBL2314222,0,12000.0,nM,CHEMBL364,CHEMBL2318035,COc1cc(CC(=O)NCCCCNC(=O)Cc2ccc(O)c(OC)c2)ccc1O
CHEMBL5614092,1,635.0,nM,CHEMBL364,CHEMBL5609713,Cc1nn(C(C)(C)C)c2nc(C3CC3)cc(C(=O)N3CCCCC3)c12
CHEMBL395170,0,27770.0,nM,CHEMBL364,CHEMBL898384,Nc1nc2[nH]cnc2/c(=N\O)[nH]1
CHEMBL562,0,75120.0,nM,CHEMBL364,CHEMBL3392944,COC1=CC(=O)C[C@@H](C)[C@]12Oc1c(Cl)c(OC)cc(OC)c1C2=O
CHEMBL1823628,0,250000.0,nM,CHEMBL364,CHEMBL1826423,Cc1[nH]c(C(=O)O)c(-c2ccc(Oc3ccc(OC(F)(F)F)cc3)cc2)c(=O)c1Cl
CHEMBL528171,1,445.0,nM,CHEMBL364,CHEMBL5393229,COc1c(C2CCN(CCN3CCC(CNC(=O)c4ccc(-c5ccc(C#N)cc5)cc4)CC3)CC2)ccc2c1CCCC2
CHEMBL533208,1,744.49,nM,CHEMBL364,CHEMBL1054503,O=C(O)C(F)(F)F.O=S(=O)(/C=C/c1ccccc1)N(Cc1ccc(-c2ccc(CNCCOc3ccccc3)cc2)cc1)CC1CCCCN1
CHEMBL3589003,0,21000.0,nM,CHEMBL364,CHEMBL3592467,CC(=O)O[C@@H]1CC[C@@]2(C)[C@@H](C1)C[C@@H](OC(C)=O)[C@@H]1[C@@H]2CC[C@]2(C)[C@@H]([C@H](C)CCC(=O)O)CC[C@@H]12
CHEMBL6190711,1,456.0,nM,CHEMBL364,CHEMBL6182672,C(/NC12C[C@H]3C[C@@H](C1)C[C@@H](C2)C3)=C1/N=C(c2ccc[nH]2)C(Oc2ccccc2)=C1Oc1ccccc1
CHEMBL10112,1,24.0,nM,CHEMBL364,CHEMBL760272,C=C(CC1OC2O[C@]3(C)CCC4[C@H](C)CC[C@@H]([C@H]1C)C24OO3)CC1OC2O[C@]3(C)CC[C@H]4[C@H](C)CC[C@@H]([C@H]1C)C24OO3
CHEMBL70927,0,67500.0,nM,CHEMBL364,CHEMBL1000354,Cc1c(O)c(=O)ccn1C
CHEMBL527733,1,870.04,nM,CHEMBL364,CHEMBL1054503,CCc1ccc(O)c(-c2cc(C(=O)Nc3ccc(OC)c(Cl)c3)[nH]n2)c1
CHEMBL582270,1,902.0,nM,CHEMBL364,CHEMBL1040691,CCOC(=O)NN=C1C=C2C=CC3C(CC[C@@]4(C)C3CC3CCCCC34C(C)=O)[C@@]2(C)CC1
CHEMBL4169301,0,960000.0,nM,CHEMBL364,CHEMBL4147384,CO[C@H]1O[C@H](CS(=O)(=O)CCC#N)[C@@H](O)[C@H](O)[C@H]1O
CHEMBL1835110,1,581.0,nM,CHEMBL364,CHEMBL1837547,CC(C)Cc1ccc2c(NCCCNCc3ccco3)ccnc2c1
CHEMBL3235657,1,29.02,nM,CHEMBL364,CHEMBL3240878,Clc1ccc(/N=C(\NCCCCNc2ccnc3cc(Cl)ccc23)Nc2ccc(Oc3cc(Cl)ccc3Cl)cc2)cc1
CHEMBL535497,1,126.56,nM,CHEMBL364,CHEMBL1054503,COc1ccc2nccc([C@@H](O)CN3CCC(NCc4cc5cc(OC(F)(F)F)ccc5[nH]4)CC3)c2c1.O=C(O)C(=O)O
CHEMBL2338117,0,100000.0,nM,CHEMBL364,CHEMBL2341234,CN(C)C(=O)/C=C/C=C/[C@H](Cc1ccccc1)NC(=O)[C@@H](CCCNC(=O)OCc1ccccc1)NC(=O)OC(C)(C)C
CHEMBL3286857,1,9.8,nM,CHEMBL364,CHEMBL5241723,CC(C)CN(NC(=O)C1CCC2(CC1)OOC1(OO2)C2CC3CC(C2)CC1C3)c1nc(C#N)ncc1Br
CHEMBL245084,0,30500.0,nM,CHEMBL364,CHEMBL892144,Cl.Cl.N=C(N)NCCCC(N)C(=O)NCC(=O)NCCCCCCCC(=O)Nc1c2ccccc2nc2ccccc12
CHEMBL4763074,1,77.0,nM,CHEMBL364,CHEMBL5329408,O=C1c2ccc(N3CCCCC3)cc2C(=O)N1CCCCNc1ccnc2cc(Cl)ccc12
CHEMBL580521,1,125.51,nM,CHEMBL364,CHEMBL1054503,CC1(C)N=C(N)N=C(N)N1c1cccc(I)c1.Cl
CHEMBL5268961,1,57.23,nM,CHEMBL364,CHEMBL5250373,CCCCS(=O)(=O)N1CCC2(CC1)OOC1(CCCCC1)OO2
CHEMBL3416747,0,34000.0,nM,CHEMBL364,CHEMBL3419744,Nc1ccc2c(=O)c3cc([N+](=O)[O-])ccc3[nH]c2c1
CHEMBL5589807,1,481.0,nM,CHEMBL364,CHEMBL5530915,CN1CCC(c2cc(-c3ccncc3CO)c(-c3ccc(F)cc3)[nH]2)CC1.Cl.Cl
CHEMBL1198934,1,528.0,nM,CHEMBL364,CHEMBL3599168,S=C(NCCCNCCCCNCCCNC(=S)NCCC(c1ccccc1)c1ccccc1)NCCC(c1ccccc1)c1ccccc1
CHEMBL4468519,0,150000.0,nM,CHEMBL364,CHEMBL4417341,C=C(C(C)C)[C@H](O)C[C@@H](C)[C@H]1CC[C@@]2(C)[C@@H]3CC[C@H]4[C@H](C)[C@@H](O[C@@H]5OC[C@@H](O)[C@H](O)[C@H]5O)CC[C@]4(O)CC3=CC[C@]12C
CHEMBL379386,1,125.0,nM,CHEMBL364,CHEMBL3998645,Brc1ccc(Nc2nc(NCc3ccco3)c3ccccc3n2)cc1
CHEMBL6172027,1,165.0,nM,CHEMBL364,CHEMBL6119912,Cn1cc(-c2ccc3c(Br)cn(CC(=O)Nc4ccccc4Cl)c3c2)cn1
CHEMBL1223943,1,140.0,nM,CHEMBL364,CHEMBL1226106,CCN1CCN(CCN2CCC3(N4CCCCC4)CC(c4ccccc4)C2C(c2ccccc2)C3)CC1
CHEMBL532913,1,644.41,nM,CHEMBL364,CHEMBL1054503,O=C(Nc1cccc(C(F)(F)F)c1)c1cccc2nc(C(F)(F)F)[nH]c12
CHEMBL5428977,0,26700.0,nM,CHEMBL364,CHEMBL5337631,CC(C)c1ccc(-c2nnn(CC(=O)N3CCN(c4ccnc5cc(Cl)ccc45)CC3)n2)cc1
CHEMBL3601845,1,180.0,nM,CHEMBL364,CHEMBL3602235,CC(C)Nc1ccc(CCCc2ccc(CN3CCCCC3)c(O)c2)cc1
CHEMBL4063801,0,20400.0,nM,CHEMBL364,CHEMBL4056787,COC1=CC(=O)C2=C(C1=O)c1cc(O)ccc1OC2/C=C(\C)CC/C=C(\C)CCC=C(C)C
CHEMBL547575,1,897.82,nM,CHEMBL364,CHEMBL1054503,Cc1cnc(N2CCN(CCCN3CCCC3)CC2)nc1Oc1ccc(-n2ccnc2)cc1.O=C(O)C(F)(F)F
CHEMBL2391088,1,2.27,nM,CHEMBL364,CHEMBL2393747,COC(=O)c1ccc2nc3n(C)c4ccc(Br)cc4c(NCCCN)c-3c2c1
CHEMBL140673,1,39.0,nM,CHEMBL364,CHEMBL764523,COC(=O)[C@@]12OC[C@]34[C@H]([C@@H](O)[C@@H]1O)[C@@]1(C)CC(=O)C(OC(C)=O)=C(C)[C@@H]1C[C@H]3OC(=O)[C@H](OC(C)=O)[C@@H]24
CHEMBL5422701,0,1000000.0,nM,CHEMBL364,CHEMBL5389621,CC(C)C(=O)N1C(=O)CNC1=O
CHEMBL5402232,0,21700.0,nM,CHEMBL364,CHEMBL5337796,C=CC(C)(C)c1c(O)cc2c(c1O)C(=O)[C@@](C)(O)[C@@H](CC=C(C)C)C2=O
CHEMBL1271565,0,250000.0,nM,CHEMBL364,CHEMBL1274508,CCCCCCCCN1C(=O)C2C(C1=O)[C@H]1CC[C@@H]2O1
CHEMBL587312,1,140.05,nM,CHEMBL364,CHEMBL1054503,COc1ccc2ncc(F)c([C@@H](O)CN3CCC(NCc4cc5c(cn4)OCCO5)CC3)c2c1.Cl
CHEMBL172240,1,38.0,nM,CHEMBL364,CHEMBL856447,CO[C@H]1O[C@]2(c3ccccc3)CC[C@H]3CCCCC31OO2
CHEMBL3216091,1,3.8,nM,CHEMBL364,CHEMBL1781269,Cl.Cl.N=C(N)c1ccc(C#Cc2cc3ccc(C(=N)N)cc3[nH]2)cc1
CHEMBL474842,0,19000.0,nM,CHEMBL364,CHEMBL1016138,Cc1cc(Nc2cccc(C(F)(F)F)c2)n2ncnc2n1
CHEMBL4211884,1,350.0,nM,CHEMBL364,CHEMBL4193413,F[B-](F)(F)F.Fc1ccc(C(/C=C/C=C(\c2ccc(F)cc2)N2CCN(c3ccnc4cc(Cl)ccc34)CC2)=[N+]2CCN(c3ccnc4cc(Cl)ccc34)CC2)cc1
CHEMBL1258013,1,0.8,nM,CHEMBL364,CHEMBL3266495,CCCCCCCc1c(C)[nH]c2cc(OC)c(Cl)cc2c1=O
CHEMBL4878940,1,2.6,nM,CHEMBL364,CHEMBL4812658,Cc1c(Cc2ccc(C(F)(F)F)nc2F)c[nH]c1C(=O)N1CC(F)(F)C1
CHEMBL527487,1,154.11,nM,CHEMBL364,CHEMBL1054503,COc1cc(C2CCN(CCCCNC(=O)c3ccc(NC(=O)c4cc(C(F)(F)F)cc(C(F)(F)F)c4)cc3)CC2)ccc1OC(C)C
CHEMBL532160,1,976.54,nM,CHEMBL364,CHEMBL1054503,COc1ccc(Cn2c(SCc3ccc(C)cc3)nc3cc(OC)c(OC)cc3c2=N)cc1Cl
CHEMBL403651,1,270.0,nM,CHEMBL364,CHEMBL1931806,c1ccc2[nH]c(-c3ccc(OCCCCCOc4ccc(-c5nc6ccccc6[nH]5)cc4)cc3)nc2c1
CHEMBL600143,1,158.0,nM,CHEMBL364,CHEMBL1040692,CCOC(=O)C1CCN(C(c2cc3cc(OC)c(OC)cc3[nH]c2=O)c2nnnn2Cc2ccccc2)CC1
CHEMBL484524,0,64000.0,nM,CHEMBL364,CHEMBL1006270,Cn1c2nc3ccccc3c-2c(Cl)c2cc(Cl)ccc21
CHEMBL3394328,0,10400.0,nM,CHEMBL364,CHEMBL3396535,CC(C)OC(=O)[C@H](Cc1ccccc1)NP(=O)(CCN(CCC#N)CCn1cnc2c(=O)[nH]c(N)nc21)N[C@@H](Cc1ccccc1)C(=O)OC(C)C
CHEMBL3410467,1,4.0,nM,CHEMBL364,CHEMBL3411606,CCNC(=O)ON(C)C(=O)CCC(c1ccc(F)c(F)c1)P(=O)(OCOC(=O)OC(C)(C)C)OCOC(=O)OC(C)(C)C
CHEMBL258588,0,30000.0,nM,CHEMBL364,CHEMBL997204,NC(=S)N/N=C(/CCc1ccccc1)c1cccc(Cl)c1
CHEMBL588848,1,169.19,nM,CHEMBL364,CHEMBL1054503,O=C(N[C@@H](Cc1ccccc1)[C@H](O)CNC1CCCCC1)c1cc(C2CCCC2)cc(N2CCCC2=O)c1
CHEMBL4634278,1,1000.0,nM,CHEMBL364,CHEMBL4605392,Cc1[nH]c(C(=O)N2CCC2)c(C)c1Cc1ccc(C(F)(F)F)cn1
CHEMBL3137656,0,10000.0,nM,CHEMBL364,CHEMBL3137666,Fc1ccc(CCNc2cn3c(-c4ccc(OC(F)F)cc4)nnc3cn2)cc1
CHEMBL1076013,1,365.29,nM,CHEMBL364,CHEMBL1115717,COc1ccc2nc3cc(Cl)ccc3c(Nc3ccc(Nc4nc(NCCCO)nc(Nc5ccccc5)n4)cc3)c2c1
CHEMBL1256841,0,15848.93,nM,CHEMBL364,CHEMBL1267251,O=C(CCNNC(=O)c1ccncc1)NCc1ccccc1
CHEMBL351473,1,600.0,nM,CHEMBL364,CHEMBL763541,COC(C)(C)OOCCCC1=CC[C@H]2C[C@@H]1C2(C)C
CHEMBL584874,1,820.0,nM,CHEMBL364,CHEMBL1040691,CN(C)C(=O)CN(C)C(=O)c1cnc2scc(C(C)(C)C)n2c1=O
CHEMBL6168776,1,847.0,nM,CHEMBL364,CHEMBL6138679,CC(C)c1ccc(-n2cnc(C(=O)N(C)c3ccc(Cl)cc3)n2)cc1
CHEMBL2048886,0,15015.0,nM,CHEMBL364,CHEMBL2049756,CCCN(Cc1ccc(OCCCCCC(=O)OCC)cc1)C(=O)c1ccc(Br)cc1
CHEMBL1089362,0,10000.0,nM,CHEMBL364,CHEMBL1113468,CCOC(=O)C1=C(c2ccc3c(c2)OCO3)Nc2cc(OC)ccc2C1NC
CHEMBL5278234,1,702.0,nM,CHEMBL364,CHEMBL5239927,Cc1noc(-c2ccc(CCN3CCC(Nc4nc5ccccc5n4C(C)C)CC3)cc2)n1
CHEMBL6145485,0,79360.0,nM,CHEMBL364,CHEMBL6087728,Cc1cc(C)nc(NS(=O)(=O)c2ccc(-n3cc(COc4ccc5ccc(=O)oc5c4)nn3)cc2)n1
CHEMBL5595386,1,235.0,nM,CHEMBL364,CHEMBL5540331,CCN1CCN(Cc2ccc(NC(=O)c3cc(C)cc(NC(=O)c4cncc(-c5cccs5)c4)c3)cc2C(F)(F)F)CC1
CHEMBL533014,1,858.4,nM,CHEMBL364,CHEMBL1054503,CC(C)(C)NS(=O)(=O)c1cc(C(=O)N2CCC(CCN3CCC(O)(c4cccc(C(F)(F)F)c4)CC3)(c3cccc(F)c3)CC2)c(Cl)cc1F
CHEMBL9805,1,72.0,nM,CHEMBL364,CHEMBL759675,C[C@@H]1CC[C@H]2[C@@H](C)[C@](O[Si](C)(C)C)(C(F)(F)F)O[C@@H]3O[C@]4(C)CC[C@@H]1C32OO4
CHEMBL2418052,1,20.0,nM,CHEMBL364,CHEMBL2422960,CC(C)NC(=N)c1ccc(COc2ccc(C(=N)NC(C)C)cc2)cc1.Cl
CHEMBL237170,0,188950.0,nM,CHEMBL364,CHEMBL898384,NNc1nc(N)nc2[nH]cnc12
CHEMBL531802,1,852.05,nM,CHEMBL364,CHEMBL1054503,Cc1cc(Nc2nc(NCc3cccnc3)nc3ccccc23)n[nH]1
CHEMBL535952,1,673.37,nM,CHEMBL364,CHEMBL1054503,CCCc1cc(Cc2cnc(N)nc2N)cc2c1OC(C)C2C.Cl
CHEMBL533053,1,183.82,nM,CHEMBL364,CHEMBL1054503,CN(C)c1ccc2c(c1)Sc1cc(N(C)C)ccc1N2C(=O)c1cccc(C(=O)O)c1
CHEMBL577857,1,791.0,nM,CHEMBL364,CHEMBL1040691,O=C(Nc1ccc(Cl)c(Cl)c1)Nc1cc(C(=O)NCCCN2CCCCCC2)ccc1Cl
CHEMBL1237225,1,224.35,nM,CHEMBL364,CHEMBL1054503,CCOc1ccc2c(N/N=C/c3cccc([N+](=O)[O-])c3)cc(C)nc2c1
CHEMBL5423217,0,10000.0,nM,CHEMBL364,CHEMBL5321448,COc1ccc(C(C(=O)O)N2CCN(c3ncnc4sc5c(c34)CCCC5)CC2)cc1
CHEMBL273575,0,470000.0,nM,CHEMBL364,CHEMBL1217000,CN1Cc2c(N)cccc2C(c2ccccc2)C1
CHEMBL586141,1,500.81,nM,CHEMBL364,CHEMBL1054503,COc1ccc2[nH]ccc(=NN=Cc3cccnc3)c2c1
CHEMBL558138,1,68.1,nM,CHEMBL364,CHEMBL1055852,CCC(C)NC(=N)c1cccc(OCc2ccc3cc(COc4cccc(C(=N)NC(C)CC)c4)ccc3c2)c1
CHEMBL584888,1,692.0,nM,CHEMBL364,CHEMBL1040691,Nc1nonc1-n1nnc(C(=O)NN=Cc2cc(Br)cs2)c1-c1ccccc1
CHEMBL600728,1,52.5,nM,CHEMBL364,CHEMBL1040692,COc1ccccc1N1C(=N)SC(=Cc2ccc(N(C)C)cc2)C1=O
CHEMBL578724,1,306.5,nM,CHEMBL364,CHEMBL1040692,COc1ccc(CCN2CC(CNC(=O)Cc3cccnc3)C(c3ccc(N(C)C)cc3)C2)cc1OC
CHEMBL537779,1,719.15,nM,CHEMBL364,CHEMBL1054503,CC(C)(C)OC(=O)N(Cc1cc(-n2nnnc2C(F)(F)F)ccc1O)[C@H]1CCCN(C(=O)OC(C)(C)C)[C@H]1c1ccccc1
CHEMBL245075,0,20000.0,nM,CHEMBL364,CHEMBL3607576,CN1CCN(c2nc3cc([N+](=O)[O-])ccc3o2)CC1
CHEMBL1770927,0,56000.0,nM,CHEMBL364,CHEMBL1772776,CN(Cc1ccccc1)Cc1ccc(CNC=O)cc1
CHEMBL530025,1,879.71,nM,CHEMBL364,CHEMBL1054503,O=C(/C=C/c1ccc(Cl)c(Cl)c1)NC1CCN(Cc2cccc(O)c2)CC1.O=C(O)C(F)(F)F
CHEMBL1807199,0,24600.0,nM,CHEMBL364,CHEMBL1811091,Cc1ccc2c(c1)[n+]([O-])c(C#N)c(NS(=O)(=O)c1ccc3ccccc3c1)[n+]2[O-]
CHEMBL1076006,1,15.08,nM,CHEMBL364,CHEMBL1115717,COc1ccc2nc3cc(Cl)ccc3c(Nc3ccc(Nc4nc(NCCCN5CCOCC5)nc(Nc5ccccc5)n4)cc3)c2c1
CHEMBL1928421,1,360.0,nM,CHEMBL364,CHEMBL1931806,c1cc(OCCCCCCCCCCOc2cccc(-c3nc4ccccc4[nH]3)c2)cc(-c2nc3ccccc3[nH]2)c1
CHEMBL2179036,0,100000.0,nM,CHEMBL364,CHEMBL2183637,Cc1cn([C@H]2C[C@H](O)[C@@H](CNC(=O)Nc3ccccc3)O2)c(=O)[nH]c1=O
CHEMBL3215695,1,24.0,nM,CHEMBL364,CHEMBL2399337,Cl.Cl.N=C(N)c1ccc(-c2cccc(-c3ccc(C(=N)N)cc3)c2)cc1
CHEMBL598533,1,7.4,nM,CHEMBL364,CHEMBL4429519,CC(C)NCC(O)c1cc(C(F)(F)F)nc2c(C(F)(F)F)cccc12
CHEMBL585448,1,913.0,nM,CHEMBL364,CHEMBL1040692,CCOc1ccccc1C1NC(=O)NC(C)=C1C(=O)OCC(F)(F)C(F)(F)F
CHEMBL3319137,1,55.8,nM,CHEMBL364,CHEMBL3368302,Cc1ccc2c(c1)C(=O)C(=O)N2CC(CO)NCCCCCCNc1ccnc2cc(Cl)ccc12
CHEMBL610789,1,607.0,nM,CHEMBL364,CHEMBL1040692,CCOC(=O)c1cnc2c(C)cccc2c1Nc1cccc(C(C)=O)c1
CHEMBL514250,1,126.0,nM,CHEMBL364,CHEMBL3419248,C[C@@H]1C[C@@H]2C[C@H](C)[C@H]3CC[C@](C)(N=C=S)[C@H]4CC[C@@H]([C@@H]2[C@H]34)[C@]1(C)C#N
CHEMBL534546,1,430.02,nM,CHEMBL364,CHEMBL1054503,CC1(C)C=C(c2ccncc2)c2cc(Cl)ccc2O1.Cl
CHEMBL1078300,1,1.6,nM,CHEMBL364,CHEMBL1112368,O=C(OC1=C([C@H]2CC[C@H](c3ccc(Cl)cc3)CC2)C(=O)c2ccccc2C1=O)c1ccc(F)cc1
CHEMBL5204455,1,230.0,nM,CHEMBL364,CHEMBL5150529,CCCN(C(c1cccnc1)c1nnnn1-c1ccccc1C)C1(c2cccc(C(F)(F)F)c2)CC1
CHEMBL4924299,1,575.0,nM,CHEMBL364,CHEMBL4888493,Nc1ncc(C(=O)N2CCC3(CCCCCC3)C2)s1
CHEMBL3480142,1,803.35,nM,CHEMBL364,CHEMBL4649964,Cc1nc(C2CCNCC2)cc(N(C)Cc2cc3cc(F)ccc3[nH]2)n1
CHEMBL537038,1,201.14,nM,CHEMBL364,CHEMBL1054503,COc1ccc(NC(=O)c2ccc(-c3ccc(-c4cccnc4)cc3)c(C)c2)cc1OCCN(C)C.Cl
CHEMBL581863,1,969.0,nM,CHEMBL364,CHEMBL1040692,COc1cccc(C=NNC(=O)c2ccccc2O)c1O
CHEMBL315158,1,39.0,nM,CHEMBL364,CHEMBL754952,CCC[C@@H]1CCCCC12OOC1(CCCC[C@@H]1CCC)OO2
CHEMBL1214102,0,15540.0,nM,CHEMBL364,CHEMBL1217289,CCOc1cc(C=C2C(=O)OC(C)(C)OC2=O)ccc1O
CHEMBL4162008,0,15820.0,nM,CHEMBL364,CHEMBL4148765,COC(=O)c1c(C)nc(OCc2cn(-c3ccnc4cc(Cl)ccc34)nn2)nc1-c1ccccc1
CHEMBL490288,1,180.0,nM,CHEMBL364,CHEMBL968942,N#Cc1c(-c2ccccc2)[n+]([O-])c2ccc(C(F)(F)F)cc2[n+]1[O-]
CHEMBL3116373,1,346.0,nM,CHEMBL364,CHEMBL3116908,O=C1C(=O)N(CCCn2cc(COc3ccc(/C=N/Nc4ccnc5cc(Cl)ccc45)cc3)nn2)c2ccc(Cl)cc21
CHEMBL218329,0,11000.0,nM,CHEMBL364,CHEMBL855651,COc1cc(OC)cc(C(=O)/C=C/c2cnc3ccccc3c2)c1
CHEMBL337399,1,14.9,nM,CHEMBL364,CHEMBL761312,C[C@@H]1CC[C@H]2[C@@H](CCC#N)C(=O)O[C@@H]3O[C@@]4(C)CCC1[C@]32OO4
CHEMBL529062,1,549.0,nM,CHEMBL364,CHEMBL1040691,CC(Nc1cc(C)ccn1)=C(C#N)C#N
CHEMBL4749076,1,185.3,nM,CHEMBL364,CHEMBL4671338,Fc1cc(F)cc(/C=C/c2cc(NCCCCN3CCOCC3)c3cc(Cl)ccc3n2)c1
CHEMBL581572,1,635.55,nM,CHEMBL364,CHEMBL1054503,COC(=O)C(=O)c1c(-c2ccccc2)c(-c2ccc(OC)c(OC)c2)c2c3cc(OC)c(OC)cc3ccn12
CHEMBL3361379,1,5.98,nM,CHEMBL364,CHEMBL3369905,COc1cc2[nH]c(C)c(-c3ccc(C(F)(F)F)cc3)c(=O)c2cc1Cl
CHEMBL4648400,0,1000000.0,nM,CHEMBL364,CHEMBL4622068,Nc1ncnc2c1ncn2CC[C@@H](O)CP(=O)([O-])[O-].[Na+].[Na+]
CHEMBL578490,1,905.0,nM,CHEMBL364,CHEMBL1040692,CC(C)N1CCC(N2CCN(Cc3ccc4c(c3)Cc3ccccc3-4)CC2CCO)CC1
CHEMBL372285,0,10000.0,nM,CHEMBL364,CHEMBL833197,COc1ccc(/C=C/C(=O)c2cccc(NC(=O)Nc3ccccc3)c2)c(OC)c1
CHEMBL546042,1,712.72,nM,CHEMBL364,CHEMBL1054503,O=C(O)C(F)(F)F.Oc1ccc(CCCNc2nc(NCc3ccccc3-c3ccccc3)nc(N3CCNCC3)n2)cc1
CHEMBL1688649,1,360.0,nM,CHEMBL364,CHEMBL1697540,CC(C)(C)OC(=O)NCCCCCCCCCNC1CCN(CCc2ccccc2)CC1
CHEMBL581649,1,317.0,nM,CHEMBL364,CHEMBL3998645,Fc1ccccc1Nc1nc(NCC2CCCO2)c2ccccc2n1
CHEMBL534095,1,821.79,nM,CHEMBL364,CHEMBL1054503,Cl.N#Cc1ccc2c(c1)CCN(CCC1CCC(NC(=O)c3cccc(-c4ccc(F)cc4)c3)CC1)CC2
CHEMBL3220028,0,10000.0,nM,CHEMBL364,CHEMBL3225246,COc1cc(NC(C)CCCNC(=O)/C=C/c2cccc([N+](=O)[O-])c2)c2ncccc2c1
CHEMBL3127260,1,20.6,nM,CHEMBL364,CHEMBL3128904,C[C@H]1[C@@H](OCCNCCNc2nc(N3CCCCC3)nc(N3CCCCC3)n2)O[C@@H]2O[C@@]3(C)CC[C@H]4[C@H](C)CC[C@@H]1[C@@]24OO3.O=C(O)C(=O)O
CHEMBL4979552,1,195.0,nM,CHEMBL364,CHEMBL4888488,Oc1ccccc1CCN[C@H]1CCc2ccc(F)cc21
CHEMBL2335986,1,38.0,nM,CHEMBL364,CHEMBL2343476,CCOC(=O)C1=C(C)N/C(=C/c2cc(C)n(-c3ccc(Cl)cc3)c2C)C1=O
CHEMBL4787225,0,20000.0,nM,CHEMBL364,CHEMBL4738337,COc1nc2cc(C)cc(C)c2cc1CNCc1cccnc1
CHEMBL152229,1,38.2,nM,CHEMBL364,CHEMBL869193,O=C(NCCCN1CCN(CCCNc2ccnc3cc(Cl)ccc23)CC1)C1CCc2ccccc2C1
CHEMBL529225,1,888.86,nM,CHEMBL364,CHEMBL1054503,CCCCNc1nc(NCCCC)c2c(C)c(Cc3ccccc3)c(NCCCC)nc2n1.Cl
CHEMBL597849,1,65.83,nM,CHEMBL364,CHEMBL1054503,Cc1cc(C)cc(-n2c(C)cc(/C=C3\SC(=Nc4ccc(Cl)cc4)NC3=O)c2C)c1
CHEMBL1687987,1,900.0,nM,CHEMBL364,CHEMBL1696252,Cc1cc(NC(=O)Nc2ccc(Cl)c(Cl)c2)c2ccccc2n1
CHEMBL599715,1,960.0,nM,CHEMBL364,CHEMBL1040692,O=C(CC1N=C2c3ccccc3N=C(SCc3cccc(F)c3)N2C1=O)NCc1cccs1
CHEMBL581334,1,298.74,nM,CHEMBL364,CHEMBL1054503,O=C(O)C(F)(F)F.O=C1CCCN1CCCNCc1cccc(-c2cccc(-c3nc4cc(C(F)(F)F)ccc4[nH]3)c2)c1
CHEMBL261261,1,1000.0,nM,CHEMBL364,CHEMBL4327288,O=C1/C(=C/c2ccc(O)c(Br)c2)CN(Cc2ccccc2)C/C1=C\c1ccc(O)c(Br)c1
CHEMBL602797,1,200.4,nM,CHEMBL364,CHEMBL1040692,COC(=O)c1cn([C@H]2C[C@@H](C(=O)NCc3ccc(OC)cc3)N(Cc3ccsc3)C2)nn1
CHEMBL4209485,0,22000.0,nM,CHEMBL364,CHEMBL4179070,O=C(NCCCc1ccccc1)c1cnc(SCCN2CCOCC2)[nH]c1=O
CHEMBL585443,1,298.4,nM,CHEMBL364,CHEMBL1040692,O=C(c1ccc2nc(N3CCCCC3)sc2c1)N1CCN(Cc2ccc3c(c2)OCO3)CC1
CHEMBL431735,0,200000.0,nM,CHEMBL364,CHEMBL769481,O=P(O)(O)C(NCCCc1ccccc1)P(=O)(O)O
CHEMBL3445832,1,550.75,nM,CHEMBL364,CHEMBL4649964,CCN(CC)CCNS(=O)(=O)c1cccc(CSC)c1
CHEMBL1078760,1,7.65,nM,CHEMBL364,CHEMBL1112368,O=C1C(OCc2ccccc2)=C([C@H]2CC[C@H](c3ccc(Cl)cc3)CC2)C(=O)c2ccccc21
CHEMBL1934539,0,10000.0,nM,CHEMBL364,CHEMBL1936533,Cc1ccc(N2C(=O)[C@@H](NCc3cn(-c4ccnc5cc(Cl)ccc45)nn3)[C@H]2/C=C/c2ccccc2)cc1
CHEMBL548418,1,788.67,nM,CHEMBL364,CHEMBL1054503,O=C(Nc1ccc(CCNC2=NCCN2)cc1)Nc1ccc(CCNC2=NCCN2)cc1
CHEMBL586577,1,732.93,nM,CHEMBL364,CHEMBL1054503,Cc1cccc2nc(-c3cccc(-c4cccc(CNCCc5cccn5C)c4)c3)[nH]c12.O=C(O)C(F)(F)F
CHEMBL548795,1,72.57,nM,CHEMBL364,CHEMBL1054503,Cc1ccc(CON2C(N)=NC(N)=NC23CCCCC3)c2ccccc12.Cl
CHEMBL86896,1,31.0,nM,CHEMBL364,CHEMBL766047,COc1ccc2nc3cc(Cl)ccc3c(NCCCN(CCCNc3c4ccc(Cl)cc4nc4ccc(OC)cc34)C(=O)C(CC(=O)OC3CCCCC3)NC(=O)OC(C)(C)C)c2c1
CHEMBL536456,1,779.49,nM,CHEMBL364,CHEMBL1054503,Cc1cc2nc(-c3ccc(/C=C/C(=O)NCCc4ccccc4)cc3)[nH]c2cc1C
CHEMBL6191626,0,24650.0,nM,CHEMBL364,CHEMBL6178060,Clc1ccc(Oc2ccc(Cl)cc2OCCCn2cc(COc3cc(Cl)ccc3Oc3ccc(Cl)cc3Cl)nn2)c(Cl)c1
CHEMBL4846507,1,520.0,nM,CHEMBL364,CHEMBL4811839,CC[C@H](C)[C@H](NC(=O)C(C)(C)NC(=O)[C@H](CCC(N)=O)NC(=O)C(C)(C)NC(=O)C(C)(C)NC(=O)[C@H](C)NC(=O)[C@H](C)NC(=O)[C@H](C)NC(=O)C(C)(C)NC(C)=O)C(=O)NC(C)(C)C(=O)NCC(=O)N[C@@H](CC(C)C)C(=O)NC(C)(C)C(=O)N1CCC[C@H]1C(=O)N[C@H](C(=O)NC(C)(C)C(=O)N[C@](C)(CC)C(=O)N[C@@H](CCC(N)=O)C(=O)N[C@@H](CCC(N)=O)C(=O)N[C@H](CO)Cc1ccccc1)C(C)C
CHEMBL1237236,1,776.06,nM,CHEMBL364,CHEMBL1054503,Cc1cc(N/N=C/c2ccccc2[N+](=O)[O-])c2ccccc2n1
CHEMBL3120547,0,24590.0,nM,CHEMBL364,CHEMBL4718520,CCCCCCCCCCCCCCCCO[C@@H]1O[C@H](COC(C)=O)[C@@H](O)[C@H](O)[C@H]1O[C@@H]1O[C@@H](C)[C@H](OC(C)=O)[C@@H](OC(C)=O)[C@H]1OC(C)=O
CHEMBL2087268,0,72100.0,nM,CHEMBL364,CHEMBL2089541,Oc1cc2c(cc1O)[C@@]13C=C[C@@H](O)C[C@@H]1N(C[C@H]3O)C2O
CHEMBL548740,1,841.82,nM,CHEMBL364,CHEMBL1054503,Cc1ccc(N)cc1-c1nc(NC2CC(C)(C)NC(C)(C)C2)nc2c1ccc(=O)n2-c1c(F)cccc1F
CHEMBL1171117,1,2.3,nM,CHEMBL364,CHEMBL1174542,COCC/C(SC(=O)COC)=C(\C)N(C=O)CCCCCCCCCCCCN(C=O)/C(C)=C(/CCOC)SC(=O)COC
CHEMBL1668793,1,64.84,nM,CHEMBL364,CHEMBL1669974,Clc1ccc2c(Nc3ccc(Nc4nc(Nc5ccccc5)nc(NC5CCCCC5)n4)cc3)ccnc2c1
CHEMBL524490,0,100000.0,nM,CHEMBL364,CHEMBL1004272,Oc1ccc(-c2cc3cc4c(cc3o2)OCO4)c(O)c1
CHEMBL5289387,1,321.67,nM,CHEMBL364,CHEMBL5250373,O=S(=O)(c1ccc(Br)cc1F)N1CCC2(CC1)OOC1(CCCCC1)OO2
CHEMBL576353,1,241.2,nM,CHEMBL364,CHEMBL1040692,Cc1cc(O)ccc1-c1cnc2ccccc2n1
CHEMBL532360,1,182.79,nM,CHEMBL364,CHEMBL1054503,Fc1ccc2[nH]c(-c3ccc(-c4ccc(CN5CCN(CCN6CCOCC6)CC5)cc4)cc3)nc2c1.O=C(O)C(F)(F)F
CHEMBL527518,1,808.93,nM,CHEMBL364,CHEMBL1054503,CC1CN(CCCn2c3ccccc3c3ccc(C(=O)CCCN(C)C)cc32)CC(C)N1.Cl
CHEMBL374275,0,11700.0,nM,CHEMBL364,CHEMBL2445694,CC(=O)OC[C@H]1O[C@@H](OCc2cn(-c3ccc(S(N)(=O)=O)cc3)nn2)[C@H](OC(C)=O)[C@@H](OC(C)=O)[C@@H]1OC(C)=O
CHEMBL486787,1,760.0,nM,CHEMBL364,CHEMBL4256099,COc1cc(OC)c2c(c1-c1ccc(O)c3c(OC)cc(C)cc13)C[C@H](C)N[C@H]2C
CHEMBL3589919,1,240.9,nM,CHEMBL364,CHEMBL3592467,C=C[C@H]1CN2CC[C@H]1C[C@H]2[C@H](O)c1cc(CC[C@@H](C)[C@H]2CC[C@H]3[C@@H]4CC[C@@H]5C[C@H](O)CC[C@]5(C)[C@H]4C[C@H](O)[C@]23C)nc2ccc(OC)cc12
CHEMBL586969,1,948.5,nM,CHEMBL364,CHEMBL1054503,O=C(NC1CCC(CN2CCC(c3c[nH]c4ccccc34)CC2)CC1)[C@H]1Cc2ccccc2CN1
CHEMBL5288977,1,44.22,nM,CHEMBL364,CHEMBL5250373,O=S(=O)(c1ccc(Br)cc1F)N1CCC2(CC1)OOC1(CCCC1)OO2
CHEMBL4568392,1,0.711,nM,CHEMBL364,CHEMBL4426091,COC(=O)c1c[nH]c2cc(OCCCc3ccccc3)ccc2c1=O
CHEMBL525491,1,967.61,nM,CHEMBL364,CHEMBL1054503,CC(Cc1ccc(OCCOc2ccccc2)cc1)NCC(O)c1cccc(C(F)(F)F)c1
CHEMBL586764,0,12500.0,nM,CHEMBL364,CHEMBL1040691,CC(C)(C)CC(C)(C)Nc1c(-c2ccccc2OC(=O)c2ccco2)nc2ccccn12
CHEMBL534107,1,853.29,nM,CHEMBL364,CHEMBL1054503,CCOc1ccccc1C1C(C(=O)C(C)(C)C)N2c3ccc(Br)cc3C=CC2C12C(=O)c1ccccc1C2=O
CHEMBL534176,1,739.16,nM,CHEMBL364,CHEMBL1054503,Cc1cccc2nc(-c3ccc(-c4ccc(CNCC5CCCO5)cc4)s3)[nH]c12.O=C(O)C(F)(F)F
CHEMBL4753333,1,2.6,nM,CHEMBL364,CHEMBL4702839,COc1ccc2nc3cc(Cl)ccc3c(NCCNCCO[C@H]3O[C@@H]4O[C@@]5(C)CC[C@H]6[C@H](C)CC[C@@H]([C@H]3C)[C@@]46OO5)c2c1
CHEMBL537083,1,743.68,nM,CHEMBL364,CHEMBL1054503,O=C1NC(=O)C(c2ccc(Cl)cc2)=C1Nc1cccc(S(=O)(=O)C(F)(F)F)c1
CHEMBL328331,1,1.97,nM,CHEMBL364,CHEMBL763697,CCC(C)c1cc(Nc2ccnc3cc(Cl)ccc23)cc(CNC(C)(C)C)c1O
CHEMBL4641745,0,10800.0,nM,CHEMBL364,CHEMBL4612069,CO/C=C(/C(=O)OC)C(C)C(=O)/C=C/c1ccc2c(c1)O[C@@]1(CO2)O[C@H](C=C(C)C)OC1(C)C
CHEMBL578542,1,154.5,nM,CHEMBL364,CHEMBL1040691,CCN(CC)[P+](N(C)C[Si](C)(C)C)(N(CC)CC)N(CC)CC
CHEMBL3133583,0,25000.0,nM,CHEMBL364,CHEMBL3136200,CCC(C)Sc1sc(C(=O)N[C@@H](CCC(N)=O)C(=O)OC(C)(C)C)c(-c2ccc(Cl)cc2)c1C#N
CHEMBL600740,0,12500.0,nM,CHEMBL364,CHEMBL1040691,O=C(NCCc1ccc(Cl)cc1)C1CCCN(c2nnc(N3CCCC3=O)s2)C1
CHEMBL4590353,1,299.0,nM,CHEMBL364,CHEMBL4329884,CC(C)c1c(-c2cnn(Cc3ccc(OC(F)(F)F)cc3)c2)[nH]c2ccccc2c1=O
CHEMBL581093,1,853.5,nM,CHEMBL364,CHEMBL1054503,O=c1cc(NCCCNCc2cccc(OC(F)(F)F)c2)[nH]c2ccccc12
CHEMBL1312050,1,9.0,nM,CHEMBL364,CHEMBL5114034,CCN(CC)Cc1cc2[nH]c3c4ccc(Cl)cc4ncc3c2cc1OC
CHEMBL6190162,1,570.0,nM,CHEMBL364,CHEMBL6179701,COc1ccc(-n2cc(CNC(=O)c3cc4c([nH]c5ccccc54)c(-c4ccc(Cl)cc4Cl)n3)nn2)cc1
CHEMBL527365,1,987.46,nM,CHEMBL364,CHEMBL1054503,COc1ccc2c(NCCc3ccccc3)cc(-c3ccccc3)nc2c1.Cl
CHEMBL4277266,0,10000.0,nM,CHEMBL364,CHEMBL4271804,CC(C)C[C@H](NC(=O)[C@@H](NC(=O)[C@H](CCCNC(=N)N)NC(=O)OCc1ccccc1)[C@@H](C)O)[C@@H](O)CC(=O)NCCc1ccccc1.O=C(O)C(F)(F)F
CHEMBL4093909,1,283.0,nM,CHEMBL364,CHEMBL3998645,CN1CCC(Nc2nc(Nc3ccc(Cl)c(F)c3)nc3cccnc23)CC1
CHEMBL528094,1,760.34,nM,CHEMBL364,CHEMBL1054503,CC(=O)N[C@H](C(=O)Nc1cccc(-c2ccc(-c3nc4cccc(C)c4[nH]3)s2)c1)C(C)C
CHEMBL5428710,1,770.0,nM,CHEMBL364,CHEMBL5373564,C[C@H](CC[C@H](O)[C@](C)(O)COC(=O)[C@@H](C)CC(=O)C[C@@H](C)[C@H]1C[C@@H](O)[C@@]2(C)C3=C(C(=O)C[C@]12C)[C@@]1(C)CCC(=O)C(C)(C)[C@@H]1CC3=O)[C@H]1CC[C@@]2(C)C3=CC[C@H]4C(C)(C)C(=O)CC[C@]4(C)C3=CC[C@]12C
CHEMBL5199435,1,17.0,nM,CHEMBL364,CHEMBL5160032,COc1cc(F)ccc1-c1cnc2sc(N3CCC(N)(CO)CC3)nn12
CHEMBL1673274,0,12000.0,nM,CHEMBL364,CHEMBL1678152,Fc1ccc(C(CCCN2CCCC2)c2ccc(F)cc2)cc1
CHEMBL4868442,1,0.95,nM,CHEMBL364,CHEMBL4842479,CCOP(=O)(/C=C/[C@@H](NC(=O)[C@H](Cc1ccccc1)NC(=O)[C@H](CO[C@H]1O[C@@H]2O[C@@]3(C)CC[C@H]4[C@H](C)CC[C@@H]([C@H]1C)[C@@]24OO3)NC(=O)OCc1ccccc1)c1ccccc1)OCC
CHEMBL2402282,0,15015.0,nM,CHEMBL364,CHEMBL2404831,CCOC(=O)CNC(=O)[C@H](CS[C@H]1[C@@H]2C(=O)/C(C)=C\C3=C[C@H](C)C[C@@]34O[C@]2(CC1(C)C)[C@@H](C)C4=O)NC(=O)CC[C@H](N)C(=O)O
CHEMBL528294,1,371.26,nM,CHEMBL364,CHEMBL1054503,Cc1cccc2nc(-c3cccc(-c4ccc(C(=O)N5CCCCC5C(C)O)cc4)c3)[nH]c12
CHEMBL2071263,1,100.0,nM,CHEMBL364,CHEMBL2072872,Cc1cn([C@H]2C[C@H](n3cc(CO[C@H]4O[C@@H]5O[C@@]6(C)CC[C@H]7[C@H](C)CC[C@@H]([C@H]4C)[C@@]57OO6)nn3)[C@@H](CO)O2)c(=O)[nH]c1=O
CHEMBL1272173,0,333000.0,nM,CHEMBL364,CHEMBL1274508,CCCCCOc1ccc(NC(=O)C2C(C(=O)O)[C@@H]3CC[C@H]2O3)cc1
CHEMBL343433,1,20.0,nM,CHEMBL364,CHEMBL760277,CCN(CC)CCCC(C)Nc1ccnc2cc(F)ccc12
CHEMBL3137651,1,309.0,nM,CHEMBL364,CHEMBL5137947,O=C(NCc1cccc(C(F)(F)F)c1Cl)c1cncc2nnc(-c3ccc(OC(F)F)cc3)n12
CHEMBL1289720,1,14.0,nM,CHEMBL364,CHEMBL1293135,COc1ccc2ccc([C@H](C)C(=O)N[C@@H](CCCCCC(=O)NO)C(=O)Nc3cccc4cccnc34)cc2c1
CHEMBL549258,1,927.03,nM,CHEMBL364,CHEMBL1054503,COc1cc(NC(=O)c2sc(-c3ccc(Cl)cc3)cc2NC(=O)CN2CCCC2)ccc1OCCN1CCCC1.Cl
CHEMBL592115,0,15000.0,nM,CHEMBL364,CHEMBL730079,O=C(O)c1ccc(NC2=C(n3nnc4ccccc43)C(=O)c3ccccc3C2=O)cc1
CHEMBL3221791,0,24380.0,nM,CHEMBL364,CHEMBL3227335,COCC(COc1cccc2cnccc12)NCc1ccc(F)cc1
CHEMBL530392,1,792.27,nM,CHEMBL364,CHEMBL1054503,CC(C)c1ccc(NC(=O)c2ccc(C(=O)NC3CCN(CC4CCCCC4)C3)cc2)cc1.O=C(O)C(F)(F)F
CHEMBL533358,1,244.3,nM,CHEMBL364,CHEMBL1054503,O=C(Nc1ccc(OC(F)(F)F)cc1)NC1CCN(c2ccnc3ccccc23)C1.O=C(O)C(F)(F)F
CHEMBL4438965,1,260.0,nM,CHEMBL364,CHEMBL4384264,CC(=O)OC[C@H]1O[C@@H](CC(=O)/C=C2\C(=O)N(Cc3ccccc3)c3ccc(Cl)cc32)[C@H](OC(C)=O)[C@@H](OC(C)=O)[C@@H]1OC(C)=O
CHEMBL588045,1,290.35,nM,CHEMBL364,CHEMBL1054503,Cc1ccc(NC(=O)c2ccc(CN3CCCN(CC4CCCCC4)CC3)cc2)cc1F.O=C(O)C(F)(F)F
CHEMBL4443762,1,230.68,nM,CHEMBL364,CHEMBL4433929,Cc1cc(Cl)nc(NCc2cc(Nc3ccnc4cc(Cl)ccc34)ccc2F)n1
CHEMBL368478,0,129000.0,nM,CHEMBL364,CHEMBL753455,c1ccc(-c2c[nH]c3c4ccccc4nc-3c2)cc1
CHEMBL2048888,1,60.4,nM,CHEMBL364,CHEMBL2049756,CC(C)N(Cc1cccc(OCCCCCC(=O)O)c1)C(=O)c1ccc(-c2ccc3c(c2)OCO3)cc1
CHEMBL529175,1,363.58,nM,CHEMBL364,CHEMBL1054503,Cc1[nH]c2ccccc2c1C1=CCN(CCCCC2(C)C(=O)Nc3cccc(F)c32)CC1
CHEMBL3421921,1,2.1,nM,CHEMBL364,CHEMBL3423648,CN(C)CCCN/C(=N\c1ccnc2cc(Cl)ccc12)c1ccccc1
CHEMBL4566848,1,130.0,nM,CHEMBL364,CHEMBL4344852,CN1CCN(c2ccc(Nc3ccc4c(Nc5cnccn5)ccnc4c3)cc2)CC1
CHEMBL536645,1,765.0,nM,CHEMBL364,CHEMBL1054503,COc1ccc2[nH]cc(C3CCN(Cc4ccc(NC(=O)c5ccc(-c6ccccc6)cc5)cc4)CC3)c2c1
CHEMBL533909,1,985.0,nM,CHEMBL364,CHEMBL1040691,CC(C)c1cccc(C(C)C)c1NC(=O)N(Cc1ccccc1)C(C)c1nc2ccccc2c(=O)n1-c1ccc(Cl)cc1
CHEMBL577451,1,545.0,nM,CHEMBL364,CHEMBL1040691,COc1ccc(CN2C[C@H](Sc3nc4ccccc4[nH]3)C[C@H]2C(=O)NC2CC2)cc1C
CHEMBL531439,1,702.22,nM,CHEMBL364,CHEMBL1054503,C=Cc1cc(NC(=O)N2CCc3cc(OC)c(C(F)(F)F)cc32)cc(-c2cccnc2)c1
CHEMBL1272172,0,500000.0,nM,CHEMBL364,CHEMBL1274508,COc1ccc(NC(=O)C2C(C(=O)O)[C@@H]3CC[C@H]2O3)cc1
CHEMBL3344383,1,59.0,nM,CHEMBL364,CHEMBL3374657,COc1ccc(COC[C@H](C)N2C[C@@H](C)[C@H](CN(C)S(=O)(=O)c3ccc(F)cc3)OCCCC[C@H](C)Oc3ncccc3C2=O)cc1
CHEMBL529288,1,236.5,nM,CHEMBL364,CHEMBL1054503,Cc1cccc2nc(-c3cccc(-c4ccc(NC(=O)NCc5cccc(F)c5)cc4)c3)[nH]c12
CHEMBL4457590,1,243.0,nM,CHEMBL364,CHEMBL4329346,Cc1cc(N(CCCNc2ccnc3cc(Cl)ccc23)Cc2ccccn2)nc(N2CCN(C)CC2)n1
CHEMBL3098691,1,19.0,nM,CHEMBL364,CHEMBL3376049,O=C(CCCCC[C@H](NC(=O)[C@@H]1CCC(=O)N1)C(=O)Nc1ccccc1)NO
CHEMBL5079291,0,25000.0,nM,CHEMBL364,CHEMBL5032021,Cc1ccc(-c2nc3cccnc3n2CCNC(=O)Nc2ccccc2F)cc1
CHEMBL589473,0,15000.0,nM,CHEMBL364,CHEMBL730079,Br.CCN(CC)CCn1c(=N)n(CCOc2ccc(Cl)cc2Cl)c2ccccc21
CHEMBL2179030,0,100000.0,nM,CHEMBL364,CHEMBL2183637,Cc1cn([C@H]2C[C@H](O)[C@@H](CNC(=O)c3ccc4ccccc4c3)O2)c(=O)[nH]c1=O
CHEMBL272879,1,986.0,nM,CHEMBL364,CHEMBL934468,CCN(CC)c1ccc(/C=N/Nc2c3c(nc4ccccc24)CCCC3)cc1
CHEMBL524406,1,760.75,nM,CHEMBL364,CHEMBL1054503,Cc1cccc(C(=O)N2CCN(Cc3cccc(NC(=O)c4ccco4)c3)CC2)c1.O=C(O)C(F)(F)F
CHEMBL450675,0,26000.0,nM,CHEMBL364,CHEMBL3095329,COc1ccc(/C=C2\COc3cc(O)ccc3C2=O)cc1
CHEMBL578286,1,166.9,nM,CHEMBL364,CHEMBL1040691,Brc1ccc(-c2n(Cc3ccccc3)c3ccccc3[n+]2Cc2ccccc2)o1
CHEMBL534579,1,711.55,nM,CHEMBL364,CHEMBL1054503,O=C(C1CCN(c2nnnn2-c2ccccc2)CC1)N1CCc2ccccc2C1
CHEMBL3211519,1,42.2,nM,CHEMBL364,CHEMBL4822357,O=C(N/N=C/c1ccc(O)cc1)c1ccncc1
CHEMBL379122,1,23.0,nM,CHEMBL364,CHEMBL866991,CC(=O)OC1(C)CCC2CC1OO[C@]2(/C=C\c1ccccc1)c1ccccc1
CHEMBL1076050,1,115.83,nM,CHEMBL364,CHEMBL1115717,CNc1nc(Nc2ccc(F)cc2)nc(Nc2ccc(Nc3c4ccc(Cl)cc4nc4ccc(OC)cc34)cc2)n1
CHEMBL1800558,1,940.0,nM,CHEMBL364,CHEMBL1803233,CCNCCN(CC)c1cc(-c2ccc(C(F)(F)F)cc2)c(C#N)c2nc3ccccc3n12
CHEMBL3338012,0,64000.0,nM,CHEMBL364,CHEMBL3382915,Cc1cccc(C)c1Nc1nc(Cl)nc(Nc2ccc(C#N)cc2)n1
CHEMBL579155,1,6.28,nM,CHEMBL364,CHEMBL1040692,Oc1ccc(-c2ccc(F)cc2)cc1CNC1CCCCC1
CHEMBL2430916,1,226.0,nM,CHEMBL364,CHEMBL2433759,FC(F)(F)c1ccc2/c(=N/c3ccc(-c4ccccc4)cc3)ccn(CCN3CCCC3)c2c1
CHEMBL211750,1,1.9,nM,CHEMBL364,CHEMBL866010,CCCN(CCCNc1ccnc2cc(Cl)ccc12)Cc1cccc2c1COC2
CHEMBL258765,1,7.82,nM,CHEMBL364,CHEMBL1920513,O=C1c2ccccc2-[n+]2ccc3c([nH]c4ccccc43)c21.[Cl-]
CHEMBL495824,0,25130.0,nM,CHEMBL364,CHEMBL1004946,OC[C@H](Oc1ccccc1)[C@@H](NCc1ccccc1)c1ccccc1F
CHEMBL4754881,1,1.2,nM,CHEMBL364,CHEMBL4730178,[C-]#[N+][C@@H]1[C@H]2[C@H](CC[C@@]1(C)O)[C@@](C)(C#N)CC[C@@H]2[C@@]1(C)CC[C@H](Cl)C(C)(C)O1
CHEMBL577213,1,18.07,nM,CHEMBL364,CHEMBL1040692,COc1ccc(C2CC(=O)C3=C(C2)NC(C)=C(C(=O)OC(C)C)C3c2cccc(Cl)c2Cl)cc1OC
CHEMBL498757,0,50000.0,nM,CHEMBL364,CHEMBL2445693,NS(=O)(=O)c1ccc(-n2cc(CS(=O)(=O)[C@@H]3O[C@H](CO)[C@@H](O)[C@H](O)[C@H]3O)nn2)cc1
CHEMBL587749,1,898.0,nM,CHEMBL364,CHEMBL1054503,CC[C@H](C)CNC(=O)c1ccnc(-c2cccc(CN(C)C3CCN(C)CC3)c2)c1.O=C(O)C(F)(F)F
CHEMBL4162779,1,70.0,nM,CHEMBL364,CHEMBL4146076,Cc1cccc2c1-c1ccccc1[I+]2.O=S(=O)([O-])C(F)(F)F
CHEMBL4543845,1,879.02,nM,CHEMBL364,CHEMBL4335874,CC(=O)Nc1ccc(S(=O)(=O)NC(Cc2ccccc2)c2nc3ccccc3c(=O)n2/N=C/c2cccc(Cl)c2)cc1
CHEMBL2035996,0,13100.0,nM,CHEMBL364,CHEMBL2039434,CCCCCCCCCCCCC[C@H](O)C[C@H](O)[C@H](C)NC(C)=O
CHEMBL80298,0,10000.0,nM,CHEMBL364,CHEMBL765487,Nc1cnc2ccccc2c1
CHEMBL3234070,1,5.5,nM,CHEMBL364,CHEMBL3241686,CN1CCN(C(=O)c2cccc(-c3ccc4ncc(-c5ccc(S(C)(=O)=O)cc5)n4n3)c2)CC1
CHEMBL595637,0,25000.0,nM,CHEMBL364,CHEMBL1068599,C[C@@H](C#N)NC(=O)[C@H](Cc1ccccc1)NC(=O)OCc1ccccc1
CHEMBL3467731,1,556.55,nM,CHEMBL364,CHEMBL4649964,Cc1cccc(C2(NCCCS(C)(=O)=O)CCCC2)c1
CHEMBL548871,1,817.83,nM,CHEMBL364,CHEMBL1054503,Cc1cccc2nc(-c3ccc(-c4ccc(CN5CCOCC5)cc4)cc3)[nH]c12.O=C(O)C(F)(F)F
CHEMBL148399,1,4.0,nM,CHEMBL364,CHEMBL760277,CCN(CC)CCCNc1ccnc2cc(Br)ccc12
CHEMBL3338905,0,100000.0,nM,CHEMBL364,CHEMBL3382422,COc1ccc2c(c1)[C@H]1O[C@H](COCc3ccccc3)[C@@H](OCc3ccccc3)[C@H](OCc3ccccc3)[C@H]1CS2
CHEMBL585843,1,110.2,nM,CHEMBL364,CHEMBL1040692,Clc1ccc(Nc2nc(Nc3ccc(Cl)cc3)c3ccccc3n2)cc1
CHEMBL1945108,1,266.0,nM,CHEMBL364,CHEMBL1948417,O=C(O)CCc1ccc(Cl)c2c1B(O)OC2
CHEMBL197928,0,19000.0,nM,CHEMBL364,CHEMBL884197,CCCCCCCCCCCCCCCCC1(C)SC(O)=C(CC)C1=O
CHEMBL3221651,1,115.0,nM,CHEMBL364,CHEMBL3224345,CC1CCC2CC1OO[C@]2(C)/C=C/[C@H](O)C(C)(C)O
CHEMBL6069733,1,67.9,nM,CHEMBL364,CHEMBL6182670,CCC1=C(CC)/C(=C/N[C@H]2CC[C@H](C)CC2)N=C1c1ccc[nH]1
CHEMBL602213,0,12500.0,nM,CHEMBL364,CHEMBL1040691,Cc1ccc(C2CC(=O)N3CN(c4ccc(Br)cc4)CSC3=C2C#N)o1
CHEMBL3138114,1,59.35,nM,CHEMBL364,CHEMBL754074,CC(=O)O[C@H]1C[C@H]2[C@@H]([C@H](OC(C)=O)C[C@@H]3C[C@]4(CC[C@@]32C)OO[C@]2(CC[C@@]3(C)[C@H](C[C@@H](OC(C)=O)[C@@H]5[C@@H]3C[C@H](OC(C)=O)[C@]3(C)[C@@H](C(C)CCC(N)=O)CC[C@@H]53)C2)OO4)[C@@H]2CC[C@H](C(C)CCC(N)=O)[C@@]12C
CHEMBL1275866,1,856.0,nM,CHEMBL364,CHEMBL1285662,CC1=N[C@H](C)Cc2c(-c3cccc(Cl)c3)ccc(O)c21
CHEMBL1200895,0,15848.93,nM,CHEMBL364,CHEMBL1267249,NNCCc1ccccc1.O=S(=O)(O)O
CHEMBL586024,1,467.0,nM,CHEMBL364,CHEMBL1040692,Cc1ccc(-c2nn(-c3ccccc3)c3[nH]c(=O)c(CNCc4ccccc4)cc23)cc1
CHEMBL3216825,1,231.0,nM,CHEMBL364,CHEMBL2422960,COc1cc(C(=N)N)cc(OC)c1OCc1cccc(C(=N)N)c1.Cl.Cl
CHEMBL1257012,0,12589.25,nM,CHEMBL364,CHEMBL1267247,Cl.Fc1ccc(CN(C2=NCCN2)c2c(Cl)cccc2Cl)cc1
CHEMBL2381687,0,18690.0,nM,CHEMBL364,CHEMBL2384195,C[C@H]1C(CCO)=CC(=O)[C@H]2[C@H]1CC[C@H]1C(C)(C)CCC[C@]21C
CHEMBL3780486,0,45000.0,nM,CHEMBL364,CHEMBL3782471,O=C(CSc1ccc(Br)cc1)c1c[nH]c2c(I)cccc12
CHEMBL547769,1,827.58,nM,CHEMBL364,CHEMBL1054503,Cc1cc2ncn(-c3ccnc(N4CCN(CCCN5CCCC5)CC4)n3)c2cc1C.O=C(O)C(F)(F)F
CHEMBL601123,1,750.0,nM,CHEMBL364,CHEMBL1040692,O=C(/C=C/c1ccccc1)NNC(=O)c1cccnc1
CHEMBL4464459,1,945.0,nM,CHEMBL364,CHEMBL4329346,Cc1cc(N2CCCCC2)nc(N(CCCNc2ccnc3cc(Cl)ccc23)Cc2ccccn2)n1
CHEMBL528058,1,824.88,nM,CHEMBL364,CHEMBL1054503,O=C(NCCc1ccc(Cl)c(Cl)c1)[C@@H]1CCCN1C(=O)c1ccc(O)c(-c2cccc(C(F)(F)F)c2)c1
CHEMBL4067864,1,380.0,nM,CHEMBL364,CHEMBL3996774,CCNCCNc1cc(-c2ccc(C(F)(F)F)cc2)c(C#N)c2nc3cc(Br)ccc3n12
CHEMBL548510,1,997.1,nM,CHEMBL364,CHEMBL1054503,C=C(C)CSc1nc2c(c(=O)n1Cc1ccco1)C1(CCCCC1)Cc1ccccc1-2
CHEMBL5175549,1,19.0,nM,CHEMBL364,CHEMBL5148564,O=C(NCC(F)(F)F)[C@@H]1COCCOc2cccc(c2)C[C@H](N2CCCC2=O)C(=O)N[C@@H](CCc2ccccc2)C(=O)N1
CHEMBL546210,1,598.18,nM,CHEMBL364,CHEMBL1054503,O=C(O)C(F)(F)F.O=C1CCCN1CCCNCc1cccc(-c2cccc(-c3nc4cc(F)ccc4[nH]3)c2)c1
CHEMBL4794155,1,25.4,nM,CHEMBL364,CHEMBL4724764,CCCCNc1nc(Nc2cccnc2)nc2cc(OC)c(OC)cc12
CHEMBL1668808,1,44.49,nM,CHEMBL364,CHEMBL1669974,CCCCNc1nc(Nc2ccc(C)cc2)nc(Nc2ccc(Nc3ccnc4cc(Cl)ccc34)cc2)n1
CHEMBL602798,0,12500.0,nM,CHEMBL364,CHEMBL1040691,O=C(Nc1ccc(F)cc1)N1CCN(c2ccc3nnc(-c4ccccc4)n3n2)CC1
CHEMBL559800,0,52400.0,nM,CHEMBL364,CHEMBL4148161,COc1cc(NC(C)CCCNC(=O)NCCCO)c2ncccc2c1
CHEMBL1939158,1,907.0,nM,CHEMBL364,CHEMBL1941884,CCCCc1cc2c(=O)c(-c3ccc(C)cc3C)c(C)[nH]c2cc1OCCOc1ccccc1
CHEMBL4282424,1,570.0,nM,CHEMBL364,CHEMBL4275899,Cc1ccc2c(c1)[n+]([O-])c(C(=O)NCCNc1ccnc3cc(Cl)ccc13)c(C)[n+]2[O-]
CHEMBL296108,0,350000.0,nM,CHEMBL364,CHEMBL763692,NC(Cc1c[nH]c(C2CCCCC2)n1)C(=O)O
CHEMBL2426544,0,10700.0,nM,CHEMBL364,CHEMBL2427112,O=c1ccc2cc(Oc3ccc(Cl)cc3O)ccc2o1
CHEMBL4104391,1,50.0,nM,CHEMBL364,CHEMBL4012307,Cc1cc(N(CCNc2ccnc3cc(Cl)ccc23)Cc2ccc3c(c2)OCO3)nc(N2CCOCC2)n1
CHEMBL576812,1,165.4,nM,CHEMBL364,CHEMBL1040692,O=C(Cc1ccccc1)N1CCOc2c(cc(-c3csc4ccccc34)cc2OCCc2ccccn2)C1
CHEMBL581248,1,708.0,nM,CHEMBL364,CHEMBL1040691,COc1ccc(C=CC(=O)Nc2ccc3nc(N4CCN(C)CC4)cc(C)c3c2)cc1OC
CHEMBL3474735,1,535.91,nM,CHEMBL364,CHEMBL4649964,Clc1ccccc1C1(c2ccnc(C3CC3)n2)CCNCC1
CHEMBL578681,1,287.0,nM,CHEMBL364,CHEMBL1040691,CC[n+]1c(/C=C/C=C2\N(C)c3ccccc3C2(C)C)n(-c2ccccc2)c2cc(Cl)ccc21
CHEMBL444912,0,50000.0,nM,CHEMBL364,CHEMBL2445693,CC(=O)OC[C@H]1O[C@@H](S(=O)(=O)Cc2cn(-c3ccc(S(N)(=O)=O)cc3)nn2)[C@H](OC(C)=O)[C@@H](OC(C)=O)[C@@H]1OC(C)=O
CHEMBL4796950,1,15.0,nM,CHEMBL364,CHEMBL4770151,C=CCN1CCC(CNc2ccnc3cc(Cl)ccc23)C(C)(C)C1
CHEMBL2322982,1,0.9,nM,CHEMBL364,CHEMBL2329858,CC(C)(N)CNC(=O)CC1CCC2(CC1)OOC1(OO2)C2CC3CC(C2)CC1C3
CHEMBL546383,1,637.47,nM,CHEMBL364,CHEMBL1054503,O=C(c1ccc([N+](=O)[O-])o1)N1CCC(c2cn(Cc3cccc(F)c3)c3ccccc23)CC1
CHEMBL1951765,1,900.0,nM,CHEMBL364,CHEMBL2039532,CCCCCCCCCCCCC[C@H](O)C[C@H](O)[C@H](C)NC
CHEMBL592612,0,15000.0,nM,CHEMBL364,CHEMBL730080,N=C(N)N/N=C/c1ccncc1.O=[N+]([O-])O
CHEMBL4217154,1,62.0,nM,CHEMBL364,CHEMBL4193414,O=C1OC(CN2CCN(c3ccccc3Cl)CC2)CN1CCNc1ccnc2cc(Cl)ccc12
CHEMBL582649,1,406.0,nM,CHEMBL364,CHEMBL1040692,COc1cc(NC(C)CCCN(Cc2ccccc2OC)C(=O)C(C)C)c2ncccc2c1
CHEMBL237237,0,34000.0,nM,CHEMBL364,CHEMBL898386,C=CCO/N=c1/[nH]cnc2c1ncn2[C@@H]1O[C@H](CO)[C@@H](O)[C@H]1O
CHEMBL3112871,1,2.0,nM,CHEMBL364,CHEMBL3375065,CN(C)c1cc[n+](Cc2ccc(CCCCc3ccc(C[n+]4ccc(N5CCCC5)cc4)cc3)cc2)cc1.[Br-].[Br-]
CHEMBL593116,1,780.0,nM,CHEMBL364,CHEMBL1069990,COc1cc(CNc2nc(C)cc(NCc3ccccc3)n2)cc(OC)c1OC
CHEMBL581672,1,221.6,nM,CHEMBL364,CHEMBL1040692,CCCCCC(=O)NCCCCCCNc1ccnc2cc(Cl)ccc12
CHEMBL599511,1,300.7,nM,CHEMBL364,CHEMBL1040691,Cc1c(/C=C2\SC(=Nc3ccccc3F)N(C3CCCCC3)C2=O)c2ccccc2n1CC(N)=O
CHEMBL207158,1,541.0,nM,CHEMBL364,CHEMBL866991,CC1(O)CCC2CC1OO[C@@]2(CSc1ccc(Cl)cc1)c1ccccc1
CHEMBL4523047,1,80.0,nM,CHEMBL364,CHEMBL4310136,O=C(c1ccnc(Nc2nc3cnc(-c4cccc(C(F)(F)F)c4)cc3[nH]2)c1)N1CCN(CC(F)(F)F)CC1
CHEMBL47747,0,500000.0,nM,CHEMBL364,CHEMBL763692,NCCc1cnc(C2CCCCC2)n1Cc1ccccc1
CHEMBL3137603,0,10000.0,nM,CHEMBL364,CHEMBL3137666,FC(F)Oc1ccc(-c2nnc3cncc(CCN4CCOCC4)n23)cc1
CHEMBL606461,0,15000.0,nM,CHEMBL364,CHEMBL730080,CC1(C)CC(=O)C2=C(C1)OC(N)=C(C#N)C2c1ccc(F)cc1F
CHEMBL210002,1,41.0,nM,CHEMBL364,CHEMBL866010,CCCN(CCCNc1ccnc2cc(Cl)ccc12)Cc1cccc(C(C)(C)C)c1
CHEMBL580978,1,190.6,nM,CHEMBL364,CHEMBL1040691,c1ccc2[nH]c(CN(Cc3nc4ccccc4[nH]3)Cc3nc4ccccc4[nH]3)nc2c1
CHEMBL2041382,1,68.0,nM,CHEMBL364,CHEMBL2044608,CC[C@H]1OC(=O)[C@H](C)[C@@H](O[C@H]2C[C@@](C)(OC)[C@@H](O)[C@H](C)O2)[C@H](C)[C@@H](O[C@@H]2O[C@H](C)C[C@H](N(C)C)[C@H]2OCCCNC(=O)CNc2ccnc3ccccc23)[C@](C)(O)C[C@@H](C)CN(C)[C@H](C)[C@@H](O)[C@]1(C)O
CHEMBL533720,1,661.91,nM,CHEMBL364,CHEMBL1054503,O=C(O)C(F)(F)F.OCC1CCN(Cc2cccc(-c3ccc(-c4nc5cc(C(F)(F)F)ccc5[nH]4)cc3)c2)CC1
CHEMBL528047,1,20.0,nM,CHEMBL364,CHEMBL4048940,Cc1[nH]c(C)c(-c2ccc(-c3ccc(OC(F)(F)F)cc3)nc2)c(=O)c1Br
CHEMBL532242,1,227.8,nM,CHEMBL364,CHEMBL1054503,COc1ccc(Cl)cc1NC(=O)CN(C)C(=O)c1cnn(-c2ccccc2)n1
CHEMBL1189234,0,13300.0,nM,CHEMBL364,CHEMBL3761318,OC12C3C4CC5C6C4C1C6C(C53)N2Cc1ccccc1
CHEMBL27680,1,240.0,nM,CHEMBL364,CHEMBL761143,COOC1(OOC(C)(C)OC)CCCCCCCCCCC1
CHEMBL578907,1,493.0,nM,CHEMBL364,CHEMBL1040692,Cc1ccc(-c2c[n+](Cc3cccc(C)c3)c3n2CCC3)cc1
CHEMBL6120669,1,49.8,nM,CHEMBL364,CHEMBL6073183,CC(=O)Nc1ccc(C(=O)/C=C(\O)C(F)(F)C(F)(F)F)cn1
CHEMBL579735,1,867.58,nM,CHEMBL364,CHEMBL1054503,COc1ccccc1C1CCN(C2CCC(NC(=O)/C=C/c3cc(C(F)(F)F)ccc3F)CC2)CC1
CHEMBL1079092,1,11.0,nM,CHEMBL364,CHEMBL1112368,CCCCCCCCCCOC1=C([C@H]2CC[C@H](c3ccc(Cl)cc3)CC2)C(=O)c2ccccc2C1=O
CHEMBL5172640,1,30.0,nM,CHEMBL364,CHEMBL5113942,COc1cc2c(cc1O)[C@H]1COC3=C(C(=O)c4ccccc4C3=O)[C@H]1OC2
CHEMBL1173074,1,19.0,nM,CHEMBL364,CHEMBL1177465,CC[C@@]12CCCN3CC[C@]4(c5ccc(OC)c(O)c5N(C(C)=O)[C@@H]4CC1)[C@H]32
CHEMBL582430,1,678.49,nM,CHEMBL364,CHEMBL1054503,CC(C)N1CCN(C(CN2CCN(CCCOc3ccc(-c4ccccc4)cc3)CC2)c2ccc(F)cc2)CC1.Cl
CHEMBL255616,0,26000.0,nM,CHEMBL364,CHEMBL933978,c1ccc(C2CNCCNCCNCCN2)cc1
CHEMBL3318701,1,57.21,nM,CHEMBL364,CHEMBL3370503,O=C1/C(=C/C=C/c2ccccc2)NC(=S)N1CCCCNc1ccnc2cc(Cl)ccc12
CHEMBL3815012,1,150.0,nM,CHEMBL364,CHEMBL3815294,CN(C)C12CC(c3ccccc3)C(CN(CCCN3CCCC3)C1)C(c1ccccc1)C2
CHEMBL548034,1,173.48,nM,CHEMBL364,CHEMBL1054503,CN1CCC(N2CCN(Cc3ccc(-c4cccc(-c5nc6cc(F)ccc6[nH]5)c4)cc3)CC2)CC1.O=C(O)C(F)(F)F
CHEMBL2435752,1,380.0,nM,CHEMBL364,CHEMBL2439547,O=C(NCCCNCCCCCCCCCCCCNCCCNC(=O)c1ccccc1O)c1ccccc1O
CHEMBL589917,0,15000.0,nM,CHEMBL364,CHEMBL730079,CCc1ccc(C2C(C(=O)OC)=C(N)OC3=C2C(=O)CC(C)(C)C3)cc1
CHEMBL261720,1,258.0,nM,CHEMBL364,CHEMBL2092594,Nc1nc(Nc2ccc(S(N)(=O)=O)cc2)nn1C(=S)Nc1c(F)cccc1F
CHEMBL547709,1,782.92,nM,CHEMBL364,CHEMBL1054503,O=C(C=Cc1ccc(Cl)c(Cl)c1)NCCCCCN1CCC(CCNC(=O)/C=C/c2ccccc2)CC1
CHEMBL5584159,1,14.5,nM,CHEMBL364,CHEMBL5581513,CCOC(=O)C1=C(C)NC2=C(C(=O)CC(c3ccc(OC)c(OC)c3)C2)C1c1ccc(Cl)cc1C
CHEMBL3401711,1,4.0,nM,CHEMBL364,CHEMBL3405931,Clc1ccc2c(NCCCNCc3ccc(-c4ccncc4)s3)ccnc2c1
CHEMBL596846,1,864.0,nM,CHEMBL364,CHEMBL1040691,CCN(CC)Cc1cc(Nc2nc3ccccc3[nH]2)cc(CN(CC)CC)c1O
CHEMBL4752840,1,100.0,nM,CHEMBL364,CHEMBL4727717,CCOC(=O)c1c(NC(=O)c2ccccc2)sc2c(O)c(CN3CCOCC3)ccc12.Cl
CHEMBL518471,0,18300.0,nM,CHEMBL364,CHEMBL1009028,c1ccc2c(c1)C[C@H]1C3Nc4ccccc4C3CCN1C2
CHEMBL597053,0,12500.0,nM,CHEMBL364,CHEMBL1040692,O=C(CCNS(=O)(=O)c1ccc(Br)s1)N1CCc2ccccc2C1
CHEMBL568438,1,118.0,nM,CHEMBL364,CHEMBL1047873,CC1(CC(=O)NCc2ccccn2)CC2(CCCCC2)OO1
CHEMBL4851749,1,240.0,nM,CHEMBL364,CHEMBL4808817,CCCCCCc1cc(CNC(=O)[C@H](O)C(C)(C)CO)no1
CHEMBL527929,1,695.7,nM,CHEMBL364,CHEMBL1054503,CN1CCN(CC(=O)Nc2ccc(-c3ccc(-c4nc5ccccc5[nH]4)cc3)cc2)CC1
CHEMBL145654,0,17700.0,nM,CHEMBL364,CHEMBL753458,CO/N=C(\N)c1ccc(-c2ccc(-c3ccc(/C(N)=N/OC)cn3)o2)nc1
CHEMBL534832,1,696.35,nM,CHEMBL364,CHEMBL1054503,O=C(Nc1cccc(C(F)(F)F)c1)Nc1ccc(F)c([N+](=O)[O-])c1
CHEMBL1214160,0,37210.0,nM,CHEMBL364,CHEMBL1217289,COc1cc(C=C2C(=O)OC(C)(C)OC2=O)ccc1OCc1ccccc1
CHEMBL6144860,0,27800.0,nM,CHEMBL364,CHEMBL6087737,O=C1CCCN1c1ccc(-n2nc3c(S(=O)(=O)N4CCOCC4)cccn3c2=O)cc1
CHEMBL581306,1,204.92,nM,CHEMBL364,CHEMBL1054503,O=S1(=O)C=C(c2ccccc2)CC1
CHEMBL4543145,1,438.0,nM,CHEMBL364,CHEMBL4310136,O=C(c1ccnc(Nc2nc3cnc(Nc4ccc(C(F)(F)F)nc4)cc3[nH]2)c1)N1CCN(C2CC2)CC1
CHEMBL584493,1,316.0,nM,CHEMBL364,CHEMBL1040692,CN1CCN(c2nc(NN=Cc3cc(I)ccc3O)nc(Nc3ccc([N+](=O)[O-])cc3)n2)CC1
CHEMBL597673,1,420.0,nM,CHEMBL364,CHEMBL1040691,Cc1ccc(-c2nc3ncccc3o2)cc1NC(=O)COc1ccc(C(C)(C)C)cc1
CHEMBL547127,1,325.12,nM,CHEMBL364,CHEMBL1054503,Clc1cc(Cl)c2c(c1)C(NCCCNc1nc3ccccc3[nH]1)CCO2
CHEMBL1569,0,10000.0,nM,CHEMBL364,CHEMBL1267249,Cl.NC12CC3CC(CC(C3)C1)C2
CHEMBL611069,1,165.8,nM,CHEMBL364,CHEMBL1040691,CN(CCCNc1ccnc2cc(Cl)ccc12)C(=O)c1ccc(C(F)(F)F)cc1
CHEMBL592594,0,15000.0,nM,CHEMBL364,CHEMBL730079,COc1ccc(NC(=O)COc2c(C)cc(Br)cc2C)c(OC)c1
CHEMBL548147,1,35.73,nM,CHEMBL364,CHEMBL1054503,Cc1nc2ccc3ccc(CNc4ccc(C(=O)CC(CCC(=O)O)C(=O)O)cc4)cc3c2c(=O)[nH]1.[Cl-].[Na+]
CHEMBL6192862,1,0.348,nM,CHEMBL364,CHEMBL6182671,CCC1=C(C)/C(=C/NC23C[C@H]4C[C@@H](C2)C[C@@H](C3)C4)N=C1c1ccc(CC)[nH]1
CHEMBL5537071,1,11.0,nM,CHEMBL364,CHEMBL5501227,CCC(Nc1ccc(Cl)c(S(=O)(=O)N2CCOCC2)c1)C(=O)Nc1ccc(F)c(Cl)c1
CHEMBL3603981,1,42.0,nM,CHEMBL364,CHEMBL3607894,Cc1ccc(N2C(=O)[C@H](NC(=O)NCCNc3cccc4cc(Cl)ccc34)[C@@H]2/C=C/c2ccccc2)cc1
CHEMBL382314,0,94000.0,nM,CHEMBL364,CHEMBL884197,CCCCCCCCCCC1(C)OC(O)=C(CC)C1=O
CHEMBL3125843,0,108000.0,nM,CHEMBL364,CHEMBL3130133,COC(=O)[C@H]1Cc2c([nH]c3ccccc23)[C@@H](c2c(CO)cnc(C)c2O)N1
CHEMBL373412,0,10000.0,nM,CHEMBL364,CHEMBL869198,N=C(N)c1ccc(-c2ccc(-c3ccc(C(=N)N)o3)cn2)cc1
CHEMBL582698,1,872.0,nM,CHEMBL364,CHEMBL1040691,O=C(NC1CC1)c1ccc(N2C(=O)C3C4c5ccccc5C(c5ccccc54)C3C2=O)cc1
CHEMBL5424434,1,250.0,nM,CHEMBL364,CHEMBL5387098,CN(O)C(=O)CCCP(=O)(OCOC(=O)c1ccc2ccccc2c1)OCOC(=O)c1ccc2ccccc2c1
CHEMBL2334038,1,4.9,nM,CHEMBL364,CHEMBL2342741,C[C@@H](NC[C@@H](O)[C@H](Cc1ccccc1)NC(=O)c1ccc(Nc2ccc(O)c(CN3CCCC3)c2)cc1)c1ccccc1
CHEMBL546485,1,792.75,nM,CHEMBL364,CHEMBL1054503,Cc1cccc2nc(-c3cccc(-c4ccc(NC(=O)Cc5ccccn5)cc4)c3)[nH]c12
CHEMBL2368251,1,4.04,nM,CHEMBL364,CHEMBL763542,C[C@H]1[C@H](Oc2ccc(F)cc2)O[C@@H]2O[C@]3(C)CC[C@H]4[C@H](C)CC[C@@H]1[C@@]24OO3
CHEMBL445000,1,883.0,nM,CHEMBL364,CHEMBL975629,COc1cc2c3c(c1O)Oc1cc4c(cc1O)CCN(C)[C@H]4Cc1ccc(O)c(c1)Oc1ccc(cc1)C[C@@H]2NCC3
CHEMBL598783,1,935.15,nM,CHEMBL364,CHEMBL1054503,COC(=O)c1ccc(CC(C)NCC(O)c2cccc3ccccc23)cc1
CHEMBL530848,1,817.66,nM,CHEMBL364,CHEMBL1054503,COc1cc(CC(C)NCC(O)c2cccc(C(F)(F)F)c2)ccc1OCc1ccccc1
CHEMBL3466047,1,875.56,nM,CHEMBL364,CHEMBL4649964,COCCC1(CNC(=O)Nc2ccnc(C)c2)CCCC1
CHEMBL597952,1,175.24,nM,CHEMBL364,CHEMBL1054503,COc1ccc(CN2CCC(CNC(C)c3cccc4ccccc34)CC2)cc1.O=C(O)C(F)(F)F
CHEMBL577836,1,338.0,nM,CHEMBL364,CHEMBL1040692,O=S(=O)(NCCCCNc1ccnc2cc(Cl)ccc12)c1cc(Cl)ccc1Cl
CHEMBL4763061,1,1.9,nM,CHEMBL364,CHEMBL4713982,Cl.O=C(NO)c1cnc(N2CCC3(CCN(Cc4c[nH]c5ccccc45)C3)CC2)nc1
CHEMBL586768,1,992.0,nM,CHEMBL364,CHEMBL1054503,Nc1cccc(CNCc2ccc(-c3ccc(-c4nc5cc(F)ccc5[nH]4)s3)cc2)c1.O=C(O)C(F)(F)F
CHEMBL588436,1,796.0,nM,CHEMBL364,CHEMBL1040692,COc1ccc(CCNC(=O)Cn2c(C)cc3ccccc3c2=O)cc1OC
CHEMBL328470,1,317.0,nM,CHEMBL364,CHEMBL5096881,CC(C)CN(CCCN1CCN(CCCNc2ccnc3cc(Cl)ccc23)CC1)C(=O)CC(=O)NO
CHEMBL452663,1,464.0,nM,CHEMBL364,CHEMBL975631,COc1ccc2cc1Oc1ccc(cc1)C[C@H]1c3c(cc(OC)c4c3Oc3cc5c(cc3O4)CCN=C5C2)CCN1C
CHEMBL534743,1,837.21,nM,CHEMBL364,CHEMBL1054503,N#Cc1c(N2CCN(c3ccc(F)cc3)CC2)nc(N)c2c(N)nc3c(c12)CC(=O)N3C1CC1
CHEMBL4798658,0,10000.0,nM,CHEMBL364,CHEMBL6087727,Cc1cc(Nc2ccc(S(=O)(=O)Nc3ccc4ccccc4c3)cc2)n2nc(C)cc2n1.Cl
CHEMBL531435,1,786.94,nM,CHEMBL364,CHEMBL1054503,O=C(Nc1ccc2c(c1)CCN2C1CCN(Cc2cccc(F)c2F)C1)c1ccco1
CHEMBL604567,1,911.0,nM,CHEMBL364,CHEMBL1040692,CN(c1ccc(Cl)cc1)S(=O)(=O)c1ccc2[nH]cc(C(=O)NCCC3=CCCCC3)c(=O)c2c1
CHEMBL222824,0,17782800.0,nM,CHEMBL364,CHEMBL912647,CC(=O)CC(=O)CCC(=O)O
CHEMBL531369,1,307.56,nM,CHEMBL364,CHEMBL1054503,Cc1cccc2nc(-c3ccc(-c4ccc(CNCCNC(=O)c5ccnn5C)cc4)s3)[nH]c12.O=C(O)C(F)(F)F
CHEMBL587548,1,127.81,nM,CHEMBL364,CHEMBL1054503,Cl.Clc1ccc2c(N3CCN(CCN4CCN(c5ccnc6cc(Cl)ccc56)CC4)CC3)ccnc2c1
CHEMBL5583850,1,108.0,nM,CHEMBL364,CHEMBL5579578,C[C@H](CCC(=O)NCCCCNc1ccnc2cc(Cl)ccc12)[C@H]1CC[C@H]2[C@@H]3[C@H](O)C[C@@H]4C[C@H](O)CC[C@]4(C)[C@H]3C[C@H](O)[C@]12C
CHEMBL6078358,1,2.6,nM,CHEMBL364,CHEMBL6073643,C[S+]([O-])C1CN(C(=O)O[C@@H]2CCC[C@]3(C2)OOC2(O3)C3CC4CC(C3)CC2C4)C1
CHEMBL4920023,0,10000.0,nM,CHEMBL364,CHEMBL4888491,Cc1n(CC(=O)c2ccccc2)c2ccccc2[n+]1CC(=O)c1ccccc1
CHEMBL4452553,0,100000.0,nM,CHEMBL364,CHEMBL4407819,CN(O)C(=O)CS(=O)(=O)C(c1ccccc1)P(=O)(O)O
CHEMBL546626,1,843.38,nM,CHEMBL364,CHEMBL1054503,Br.Oc1ccc(CCNCCCCNCCc2ccc(Cl)cc2)cc1O
CHEMBL528578,1,771.09,nM,CHEMBL364,CHEMBL1054503,Cc1cc(N[C@@H](CC(C)C)C(=O)NCCc2ccccc2)nc(NCCc2ccc(F)cc2)n1.O=C(O)C(F)(F)F
CHEMBL3127255,1,5.5,nM,CHEMBL364,CHEMBL3128904,COc1ccc(Nc2nc(NCCN(CCO[C@H]3O[C@@H]4O[C@@]5(C)CC[C@H]6[C@H](C)CC[C@@H]([C@H]3C)[C@@]46OO5)CCO[C@H]3O[C@@H]4O[C@@]5(C)CC[C@H]6[C@H](C)CC[C@@H]([C@H]3C)[C@@]46OO5)nc(Nc3ccc(OC)cc3)n2)cc1.O=C(O)C(=O)O
CHEMBL545877,1,700.08,nM,CHEMBL364,CHEMBL1054503,Cc1ccccc1CNC(=O)Nc1cccc(-c2csc(NC(=N)N)n2)c1
CHEMBL270773,1,162.1,nM,CHEMBL364,CHEMBL931166,COc1c(CN(CCNc2ccnc3cc(Cl)ccc23)CC(C)C)c(C(F)(F)F)c(OC)c2ccccc12
CHEMBL4070678,1,4.2,nM,CHEMBL364,CHEMBL4016437,Cc1cnccc1-c1cc(C(F)(F)F)cc(C2(C(C)C)C(C#N)=C(N)Oc3n[nH]c(C)c32)c1
CHEMBL532056,1,6.0,nM,CHEMBL364,CHEMBL4048940,Cc1[nH]c(C)c(-c2ccc(-c3ccc(C(F)(F)F)cc3C(F)(F)F)nc2)c(=O)c1Br
CHEMBL578506,1,524.0,nM,CHEMBL364,CHEMBL1040692,Cc1ccc(C(CCNc2ncnc3c2[nH]c2ccccc23)c2ccco2)cc1
CHEMBL530329,1,660.5,nM,CHEMBL364,CHEMBL1054503,CNc1ccc(CNCc2cccc(-c3ccc(-c4nc5cccc(C)c5[nH]4)cc3)c2)cc1.O=C(O)C(F)(F)F
CHEMBL2113990,0,40000.0,nM,CHEMBL364,CHEMBL2114000,Cc1cc(C(=O)CCC(=O)O)c(C)n1-c1ccc(F)cc1
CHEMBL545824,1,685.25,nM,CHEMBL364,CHEMBL1054503,CCCCN1CCN(c2cc(NS(=O)(=O)c3cccc(C(=O)Nc4ccc(C(F)(F)F)cc4)c3)ccc2OC)CC1.O=C(O)C(F)(F)F
CHEMBL546750,1,859.82,nM,CHEMBL364,CHEMBL1054503,CC(C(=O)NC1CCN(c2ccnc(Nc3ccc(F)cc3)n2)C1)c1ccc(Cl)cc1
CHEMBL530485,1,267.49,nM,CHEMBL364,CHEMBL1054503,Clc1nc2ccccn2c1C=Cc1ccc2ccccc2n1
CHEMBL208948,1,3.0,nM,CHEMBL364,CHEMBL866010,CCCN(CCCNc1ccnc2cc(Cl)ccc12)Cc1cccc(OC)c1O
CHEMBL597851,1,733.0,nM,CHEMBL364,CHEMBL1040691,O=C(NCc1ccccc1)c1cnc(NCCCN2CCCC2)nc1NCC1CCCCC1
CHEMBL535958,1,198.9,nM,CHEMBL364,CHEMBL1040691,CCOC(=O)NN=CC=NNC(=O)OCC
CHEMBL588269,1,756.71,nM,CHEMBL364,CHEMBL1054503,COc1ccc(NC(=O)/C=C/c2cc(Br)ccc2F)cc1OCCN(C(C)C)C(C)C.O=C(O)C(F)(F)F
CHEMBL604736,0,12500.0,nM,CHEMBL364,CHEMBL1040692,COc1ccc(OC)c(NC2=C(Cl)C(=O)N(c3ccc(C)c(Cl)c3)C2=O)c1
CHEMBL1289046,1,156.0,nM,CHEMBL364,CHEMBL1293135,O=C(/C=C/c1ccc(Oc2ccccc2)cc1)N[C@@H](CCCCCC(=O)NO)C(=O)Nc1cccc2cccnc12
CHEMBL529168,1,758.67,nM,CHEMBL364,CHEMBL1054503,COc1ccc2ccccc2c1CCCCN1CCN(CC(c2ccc(F)cc2)N2CCC2)CC1.O=C(O)C(F)(F)F
CHEMBL535083,1,825.89,nM,CHEMBL364,CHEMBL1054503,CCCCCN1CCC(NS(=O)(=O)c2cccc(C(=O)Nc3cccc(C(F)(F)F)c3)c2)C1.O=C(O)C(F)(F)F
CHEMBL501755,0,10300.0,nM,CHEMBL364,CHEMBL1034194,COc1ccc([C@@H]2COc3c(ccc(O)c3CC=C(C)C)C2)c(OC)c1O
CHEMBL529201,1,849.04,nM,CHEMBL364,CHEMBL1054503,O=C(Nc1cccc(C(F)(F)F)c1)Nc1ccc2nonc2c1
CHEMBL545975,1,705.4,nM,CHEMBL364,CHEMBL1054503,CCOc1ccc(NC(=O)c2ccc(NCCCN3CC(C)CC(C)C3)c([N+](=O)[O-])c2)cc1
CHEMBL535289,1,69.61,nM,CHEMBL364,CHEMBL1054503,CC(=O)Nc1nc(N)c2c(ccc3c2ccn3CC(C)C)n1
CHEMBL578301,1,66.0,nM,CHEMBL364,CHEMBL1040691,O=C(Nc1ccc(C2=NCCN2)cc1)c1cc(Cl)c(C(=O)Nc2ccc(C3=NCCN3)cc2)cc1Cl
CHEMBL528495,1,740.81,nM,CHEMBL364,CHEMBL1054503,O=C(Nc1ccc(-c2nc3ccccc3[nH]2)cc1)c1ccc(S(=O)(=O)N2CCc3ccccc32)cc1
CHEMBL580054,1,28.74,nM,CHEMBL364,CHEMBL1040692,O=C(/C=C/c1c[nH]cn1)N1CCC(n2c(CC3CCCC3)nc3cccnc32)CC1
CHEMBL381463,0,36000.0,nM,CHEMBL364,CHEMBL884197,CCCCCCCCCCC1(C)SC(O)=C(C)C1=O
CHEMBL6078553,1,5.0,nM,CHEMBL364,CHEMBL6073643,O=C(O[C@H]1CCC[C@@]2(C1)OOC1(O2)C2CC3CC(C2)CC1C3)N1CCNCC1
CHEMBL610772,1,630.0,nM,CHEMBL364,CHEMBL1069990,Cc1cc(N(C)C2CCCCC2)nc(N[C@H](C)c2ccccc2)n1
CHEMBL2407189,0,10000.0,nM,CHEMBL364,CHEMBL2412046,O=C(c1ccccc1Nc1cccc(C(F)(F)F)c1)N(O)CCC(c1ccc(Cl)c(Cl)c1)P(=O)(O)O
CHEMBL531089,1,925.45,nM,CHEMBL364,CHEMBL1054503,CC(C)COc1ccc(Cl)cc1Cc1ccc(-c2nc3ccc(Cl)cc3[nH]2)o1
CHEMBL580105,1,838.29,nM,CHEMBL364,CHEMBL1054503,O=C(Nc1ccc(-c2nc3ccccc3[nH]2)cc1)C1CCN(Cc2ccc(F)cc2)CC1
CHEMBL533804,1,957.33,nM,CHEMBL364,CHEMBL1054503,CN1CCCN(Cc2cccc(-c3ccc(NS(=O)(=O)c4cccc5cccnc45)cc3)c2)CC1.O=C(O)C(F)(F)F
CHEMBL4875538,1,32.0,nM,CHEMBL364,CHEMBL4808462,CSc1nncc(-c2cnnc(OC(C)CN(C)C)n2)n1
CHEMBL582781,1,533.0,nM,CHEMBL364,CHEMBL1040691,COCCNC(=O)c1ccc2c(=O)n(Cc3ccc4c(c3)OCO4)c(=S)[nH]c2c1
CHEMBL586294,1,861.02,nM,CHEMBL364,CHEMBL1054503,COc1csc2cc(Br)ccc12
CHEMBL3890244,1,180.0,nM,CHEMBL364,CHEMBL3861183,CO[C@@H]1[C@@H](OC)[C@H](O[C@@H]2CC(=O)[C@@H]3CCN(Cc4cc5c(cc43)OCO5)C(=O)[C@H]2O)O[C@H](CO)[C@H]1OC
CHEMBL4127328,1,424.0,nM,CHEMBL364,CHEMBL4125214,N#Cc1ccc(-c2ccnc3ccc(-c4cncc(S(N)(=O)=O)c4)nc23)cc1
CHEMBL295786,0,100000.0,nM,CHEMBL364,CHEMBL1121088,CN(C)CCCN1C(=O)c2cccc3cccc(c23)C1=O
CHEMBL458214,1,1.9,nM,CHEMBL364,CHEMBL1036670,CCOC(=O)/N=C(\N)Nc1ccc(-c2ccc(-c3ccc(N/C(N)=N/C(=O)OCC)cn3)cc2)nc1
CHEMBL4791716,1,710.0,nM,CHEMBL364,CHEMBL4705120,CC(=O)Nc1ccccc1C(=O)C(=O)NCCNc1ccnc2cc(Cl)ccc12
CHEMBL606339,0,15000.0,nM,CHEMBL364,CHEMBL730079,CCN1C(=O)c2ccccc2Sc2ccc(NC(=O)NCc3ccccc3Cl)cc21
CHEMBL605945,1,615.0,nM,CHEMBL364,CHEMBL1040691,CCCCCOC(=O)C1=C(C)NC2=C(C(=O)CCC2)C1c1ccc(OC)c(Br)c1
CHEMBL1081381,0,72300.0,nM,CHEMBL364,CHEMBL1101400,COc1cc(-c2cc(=O)oc3cc(OC)c(OC)c(OC)c23)cc(OC)c1OC
CHEMBL3759887,1,60.0,nM,CHEMBL364,CHEMBL3761500,CC(CCNCC12CC3CC(CC(C3)C1)C2)Nc1c(F)cnc2ccccc12
CHEMBL5070756,1,53.0,nM,CHEMBL364,CHEMBL5038388,CNCCNC(=O)c1cc2c([nH]c3c(C)cccc32)c(-c2ccc(Cl)c(Cl)c2)n1.Cl
CHEMBL6168111,1,0.52,nM,CHEMBL364,CHEMBL6109949,CC[C@H](C)/C=C/C(=O)N1CCC[C@H]1C(=O)N[C@@H](CCC1CCCCC1)C(=O)N[C@H](C(=O)NC(C)(C)C(=O)N[C@@H](CC(C)C)C(=O)N[C@@H](CC(C)C)C(=O)NC(C)(C)C(=O)NC(C)(C)C(=O)NCCC(=O)N[C@@H](C)CN(C)C)[C@H](O)C(C)C
CHEMBL580571,1,37.7,nM,CHEMBL364,CHEMBL1040692,CCOC(=O)C(=O)N1c2ccc(C)cc2-c2c(ssc2=S)C1(C)C
CHEMBL2063970,0,25000.0,nM,CHEMBL364,CHEMBL2067438,Cc1nc2c(S(=O)(=O)c3ccccc3)cc3cc(F)ccc3c2s1
CHEMBL588133,1,8.29,nM,CHEMBL364,CHEMBL1040692,Cc1ccn2c(NC(C)(C)CC(C)(C)C)c(-c3ccccc3OC(=O)C3CCCC3)nc2c1
CHEMBL5424041,1,25.0,nM,CHEMBL364,CHEMBL6128060,CCOC(=O)c1nn(CCNc2ccnc3cc(Cl)ccc23)c2c1C(c1ccco1)C(C#N)=C(N)O2
CHEMBL449170,0,28000.0,nM,CHEMBL364,CHEMBL978458,C=C[C@H]1CC[C@H]2[C@@H]3CC=C4C[C@@H](O[C@@H]5OC[C@@H](OC(C)=O)[C@@H](OC(C)=O)[C@@H]5OC(C)=O)CC[C@]4(C)[C@H]3CC[C@]12C
CHEMBL4853411,1,81.0,nM,CHEMBL364,CHEMBL4808462,CC(C)Oc1nncc(-c2cnnc(SCCN(C)C)n2)n1
CHEMBL558355,1,106.0,nM,CHEMBL364,CHEMBL1775724,CC[C@H]1OC(=O)[C@H](C)[C@@H](O[C@H]2C[C@@](C)(OC)[C@@H](O)[C@H](C)O2)[C@H](C)[C@@H](O[C@@H]2O[C@H](C)C[C@H](N(C)C)[C@H]2O)[C@](C)(O)C[C@@H](C)CN(CCCNC(=O)NC(C)c2cccc3ccccc23)[C@H](C)[C@@H](O)[C@]1(C)O
CHEMBL4436604,1,24.0,nM,CHEMBL364,CHEMBL4326762,CCC(C)[C@H](Nc1ccnc2cc(Cl)ccc12)C(=O)NCCNc1ccnc2cc(Cl)ccc12
CHEMBL2030031,1,139.0,nM,CHEMBL364,CHEMBL2033107,Cc1c(-c2ccc(Cc3ccc(OC(F)(F)F)cc3)cc2)[nH]c2cc(O)ccc2c1=O
CHEMBL421088,1,267.5,nM,CHEMBL364,CHEMBL1040691,O=C1c2ccccc2-c2nnc(-c3ccccc3)cc21
CHEMBL4580177,1,250.0,nM,CHEMBL364,CHEMBL4310136,O=C(c1ccnc(Nc2nc3cnc(-c4ccc(F)c(C(F)(F)F)c4)cc3[nH]2)c1)N1C[C@H]2CC[C@@H](C1)N2
CHEMBL36584,0,128500.0,nM,CHEMBL364,CHEMBL880957,COc1ccc(/C=C/C(=O)c2ccc(OC)cc2OC)cc1
CHEMBL158639,1,0.0,nM,CHEMBL364,CHEMBL1217000,CCCC1(C)N=C(N)N=C(N)N1c1cccc(Cl)c1
CHEMBL5205711,0,42100.0,nM,CHEMBL364,CHEMBL5097869,C/C=C1/COC(=O)c2c1cc1n(c2=O)CCc2c-1[nH]c1c(O[C@@H]3O[C@H](CO)[C@@H](O)[C@H](O)[C@H]3O)cccc21
CHEMBL4227123,0,33800.0,nM,CHEMBL364,CHEMBL4223066,CCN(CC)c1ccc2cc(C3=NN(c4ccccc4)C(c4ccc(F)cc4)C3)c(=O)oc2c1
CHEMBL525309,1,924.73,nM,CHEMBL364,CHEMBL1054503,CSc1nccc(-c2ccc3ccnc(N)c3c2)n1
CHEMBL534143,1,713.62,nM,CHEMBL364,CHEMBL1054503,CCOc1cc(C)ccc1NC1CCN(CCCCNC(=O)c2ccc(NC(=O)c3ccc(Cl)cc3)cc2)CC1
CHEMBL533520,1,807.35,nM,CHEMBL364,CHEMBL1054503,COc1ccccc1/C=C/C(=O)NCCC1CCN(CCCCCNC(=O)/C=C/c2ccc(Cl)c(Cl)c2)CC1
CHEMBL3289670,1,3.9,nM,CHEMBL364,CHEMBL3296345,Cc1cc(Nc2ccc(C(F)(F)F)c(F)c2)n2nc(C(C)(F)F)nc2n1
CHEMBL1834969,1,9.0,nM,CHEMBL364,CHEMBL1837547,COc1cccc(CNCCCNc2ccnc3cc(-c4ccccc4)ccc23)c1O
CHEMBL4172351,1,120.0,nM,CHEMBL364,CHEMBL4142730,O=C1c2cccc(F)c2C(=O)N1CCCCCCCCNc1ccnc2cc(Cl)ccc12
CHEMBL463008,0,17000.0,nM,CHEMBL364,CHEMBL978458,CCCCCCCCCCCC(=O)NCCc1cc(Br)c(O)c(Br)c1
CHEMBL597953,1,800.14,nM,CHEMBL364,CHEMBL1054503,CCc1c(CCNCCCCCCNCCc2ccccc2)ccc(OC)c1OC.Cl
CHEMBL546885,1,495.82,nM,CHEMBL364,CHEMBL1054503,CC(Nc1nc(Nc2ccc(F)cc2)nc(SCC(N)=O)n1)c1ccccc1
CHEMBL2322506,1,49.6,nM,CHEMBL364,CHEMBL2327114,Cn1c2nc3ccccc3c-2c(NCCCN)c2cc(F)ccc21
CHEMBL1916912,0,27100.0,nM,CHEMBL364,CHEMBL1917971,COc1ccc2[nH]c3nc(SCC(=O)Nc4nc(C(C)(C)C)cs4)nnc3c2c1
CHEMBL602401,1,253.4,nM,CHEMBL364,CHEMBL1040692,Cc1cccn2c(NCc3ccccc3)c(-c3ccccc3OC(=O)CCCCl)nc12
CHEMBL598855,1,140.6,nM,CHEMBL364,CHEMBL3268861,OCCNc1nc2ccccc2c2[nH]c3ccccc3c12
CHEMBL533544,1,837.32,nM,CHEMBL364,CHEMBL1054503,COc1cc(C)nc2ccc(NC(=O)Nc3ccccc3[N+](=O)[O-])cc12
CHEMBL578270,1,369.0,nM,CHEMBL364,CHEMBL1040692,O=C(NCc1ccccc1)c1cnc(NCCCn2ccnc2)nc1Nc1ccccc1
CHEMBL4079091,1,45.0,nM,CHEMBL364,CHEMBL4004685,CC1=C[C@@H]2[C@@H](C(C)C)CC[C@@](C)(C#N)[C@@H]2CC1
CHEMBL437765,1,550.0,nM,CHEMBL364,CHEMBL3392944,CO[C@H]1/C=C/O[C@@]2(C)Oc3c(C)c(O)c4c(O)c(cc(O)c4c3C2=O)NC(=O)/C(C)=C\C=C\[C@H](C)[C@H](O)[C@@H](C)[C@@H](O)[C@@H](C)[C@H](OC(C)=O)[C@@H]1C
CHEMBL590663,0,15000.0,nM,CHEMBL364,CHEMBL730080,CC(=O)c1cccc(CN2CCN(CC(C)C)C(CCO)C2)c1
CHEMBL3234081,1,107.0,nM,CHEMBL364,CHEMBL3241686,CN(C)c1cccc(-c2ccc3ncc(-c4ccc(S(C)(=O)=O)cc4)n3n2)c1
CHEMBL530849,1,229.18,nM,CHEMBL364,CHEMBL1054503,Cl.O=C1CSc2ccc(CNC3CCN(CCc4c(Cl)cnc5ccc(Cl)cc45)CC3)nc2N1
CHEMBL600471,0,15000.0,nM,CHEMBL364,CHEMBL730080,N#Cc1ccc(Cn2c(=O)n(CCCC(=O)NCc3ccccc3)c(=O)c3sccc32)cc1
CHEMBL3144162,1,147.0,nM,CHEMBL364,CHEMBL1832685,Cl.Cl.S=C(NCCCNCCCCCCCNCCCNC(=S)NCCC(c1ccccc1)c1ccccc1)NCCC(c1ccccc1)c1ccccc1
CHEMBL89140,1,790.0,nM,CHEMBL364,CHEMBL761151,COc1ccc(C2OOC(c3ccc(OC)cc3)OO2)cc1
CHEMBL4216623,1,29.0,nM,CHEMBL364,CHEMBL4189347,COc1ccc(Nc2cc3[nH]c(-c4cccc(C(F)(F)F)c4)nc3cn2)nc1
CHEMBL530127,1,948.15,nM,CHEMBL364,CHEMBL1054503,O=C(NCc1cccc2ccccc12)[C@@H]1CCCN1C(=O)c1ccc(O)c(-c2ccc(Cl)c(Cl)c2)c1
CHEMBL590687,0,15000.0,nM,CHEMBL364,CHEMBL730079,CCC1CCCCN1S(=O)(=O)c1ccc(C(=O)NNc2nc3c(C)cccc3s2)cc1
CHEMBL582629,1,540.01,nM,CHEMBL364,CHEMBL1054503,CC(C)N1CCN(CCCCNc2c3ccccc3nc3ccccc23)CC1.Cl
CHEMBL2164262,1,130.0,nM,CHEMBL364,CHEMBL2167525,CN(O)C(=O)COC(c1ccc(F)c(F)c1)P(=O)(O)O
CHEMBL6151966,1,620.0,nM,CHEMBL364,CHEMBL6087742,Clc1ccc2c(NCCn3cc(-c4ccccn4)nn3)ccnc2c1
CHEMBL3637889,1,100.0,nM,CHEMBL364,CHEMBL3832778,O=C(NCCN1CCCC1)c1cc(NCCN2CCOCC2)nc2ccc(Cl)cc12
CHEMBL548106,1,823.62,nM,CHEMBL364,CHEMBL1054503,COc1ccc2nccc(N3CCCN(CCNS(=O)(=O)c4ccc5c(c4)NC(=O)CS5)CC3)c2n1.Cl
CHEMBL3416991,1,35.0,nM,CHEMBL364,CHEMBL3419214,Cc1ccc(-c2cc3nc(NC(C)(C)C)[nH]c(=O)c3s2)cc1.Cl
CHEMBL5278334,1,2.4,nM,CHEMBL364,CHEMBL5246793,C[C@H]1[C@H](CC(C[C@H]2O[C@@H]3O[C@]4(C)CC[C@H]5[C@H](C)CC[C@@H]([C@H]2C)[C@@]35OO4)C(=O)O)O[C@@H]2O[C@]3(C)CC[C@H]4[C@H](C)CC[C@@H]1[C@@]24OO3
CHEMBL1917679,0,42540.0,nM,CHEMBL364,CHEMBL1919572,NCc1csc(NC(=O)c2cccnn2)n1
CHEMBL529988,1,799.69,nM,CHEMBL364,CHEMBL1054503,COc1ccc(NC(=O)[C@H](CC(C)C)Nc2cc(C)nc(NCCOc3ccccc3)n2)cc1.O=C(O)C(F)(F)F
CHEMBL3883410,1,18.0,nM,CHEMBL364,CHEMBL3876770,O=C(CN1CCCC1)NCCNc1ccnc2cc(Cl)ccc12
CHEMBL536611,1,929.34,nM,CHEMBL364,CHEMBL1054503,CC(C)[C@H](NC(=O)c1ccc(O)c(-c2ccc(Cl)c(Cl)c2)c1)C(=O)NCCN1CCCC1
CHEMBL602010,1,72.6,nM,CHEMBL364,CHEMBL1040691,Cn1c(=O)c2c(nc3n2CC(O)CN3c2ccccc2)n(C)c1=O
CHEMBL576181,1,799.0,nM,CHEMBL364,CHEMBL1040691,Cc1ccc(NC(C)c2nc3ccccc3c(=O)n2CCOC2CCCCO2)cc1C
CHEMBL3288921,1,31.0,nM,CHEMBL364,CHEMBL3291900,CNc1nc(C(=N)Nc2ccc(-c3ccc(-c4ccc(NC(=N)c5csc(NC)n5)cc4OC(C)C)o3)c(OC(C)C)c2)cs1.Cl
CHEMBL5183666,1,220.0,nM,CHEMBL364,CHEMBL5160032,COc1cccc(F)c1-c1cnc2sc(N3CCC(C)(N)CC3)nn12
CHEMBL1170199,1,353.0,nM,CHEMBL364,CHEMBL1173896,FC(F)(F)Oc1ccc(Nc2cc(Nc3nccn3-c3cccc(C(F)(F)F)c3)nc(C(F)(F)F)n2)cc1
CHEMBL3264504,1,56.95,nM,CHEMBL364,CHEMBL3267980,CC(=O)O[C@H]1C[C@H]2[C@@H]([C@H](OC(C)=O)C[C@@H]3C[C@H](N(C)C)CC[C@@]32C)[C@@H]2CC[C@H]([C@H](C)CCCN(C)CCCNc3ccnc4cc(Cl)ccc34)[C@@]12C
CHEMBL531096,1,877.98,nM,CHEMBL364,CHEMBL1054503,Cl.c1ccc2c(NCCOCCNc3c4ccccc4nc4ccccc34)c3ccccc3nc2c1
CHEMBL585415,1,780.0,nM,CHEMBL364,CHEMBL1040691,CCCNC(=O)CCCCCSc1nc2ccccc2c(=O)n1-c1ccc(F)cc1
CHEMBL579199,1,36.0,nM,CHEMBL364,CHEMBL1047873,COc1cc(CNC(=O)CC2(C)CC3(CCCCC3)OO2)cc(OC)c1
CHEMBL607189,0,15000.0,nM,CHEMBL364,CHEMBL730080,COCCn1/c(=N/C(=O)CSCC(=O)Nc2cc(C)on2)sc2cc(OC)ccc21
CHEMBL604281,0,15000.0,nM,CHEMBL364,CHEMBL1068599,CN(C#N)N(C)C(=O)[C@H](Cc1ccccc1)NC(=O)OCc1ccccc1
CHEMBL4163029,0,10000.0,nM,CHEMBL364,CHEMBL4132266,COc1ccc([C@H](O)CNC(=O)CCc2ccccc2)cc1OC
CHEMBL529457,1,151.18,nM,CHEMBL364,CHEMBL1054503,Cn1nccc1C(=O)NCCNCc1cccc(-c2ccc(-c3nc4cc(C(F)(F)F)ccc4[nH]3)s2)c1.O=C(O)C(F)(F)F
CHEMBL591872,0,15000.0,nM,CHEMBL364,CHEMBL730080,CCC[N+]1(C)CCC2C(C1)c1ccccc1N2Cc1ccccc1.[Br-]
CHEMBL548316,1,730.86,nM,CHEMBL364,CHEMBL1054503,Cl.Fc1ccccc1COc1ccc(Nc2ncnc3ccc(-c4nnc(C(F)(F)F)o4)cc23)cc1Cl
CHEMBL418509,0,12589.25,nM,CHEMBL364,CHEMBL1267251,O=[N+]([O-])c1ccc(CSc2ncnc3c2ncn3[C@@H]2O[C@H](CO)[C@@H](O)[C@H]2O)cc1
CHEMBL1172431,1,249.0,nM,CHEMBL364,CHEMBL1173896,O=C(NCCN1CCOCC1)c1cccc(-n2ccnc2Nc2cc(Nc3ccc(OC(F)(F)F)cc3)ncn2)c1
CHEMBL4763633,1,6.9,nM,CHEMBL364,CHEMBL4713982,Cl.O=C(NO)c1cnc(N2CCC3(CCN(Cc4cccc5ccncc45)C3)CC2)nc1
CHEMBL5196643,1,610.0,nM,CHEMBL364,CHEMBL5134248,OC1C[C@@]2(CCCN(CCc3ccc(F)c(F)c3)C2)Oc2c1ccc1ccccc21
CHEMBL527361,1,781.49,nM,CHEMBL364,CHEMBL1054503,O=C(N[C@H]1CCCC[C@H]1C(=O)O)c1ccccc1
CHEMBL1775016,0,20000.0,nM,CHEMBL364,CHEMBL1776446,CC(C)=CCC[C@H](C)[C@@H]1C=C[C@](C)(O)[C@@H](O)C1
CHEMBL582226,1,117.38,nM,CHEMBL364,CHEMBL1054503,Cl.c1ccc(CN2CCN(CCCCNc3c4ccccc4nc4ccccc34)CC2)cc1
CHEMBL532587,1,997.37,nM,CHEMBL364,CHEMBL1054503,COc1ccc(CCNCCCCCCNCCc2cccc([N+](=O)[O-])c2)cc1OC.Cl
CHEMBL4067099,0,65000.0,nM,CHEMBL364,CHEMBL3999952,COc1nc(I)nc2c1ncn2[C@@H]1O[C@H](C)[C@@H](O)[C@H]1O
CHEMBL587707,1,46.89,nM,CHEMBL364,CHEMBL1054503,CCc1cn2c3c(cc(C(=O)N[C@@H](Cc4ccccc4)[C@H](O)CNC4CCCC4)cc13)N(C)S(=O)(=O)CC2
CHEMBL535282,1,531.41,nM,CHEMBL364,CHEMBL1054503,Cn1nc(-c2ccc(NC(=O)Nc3cc(C(F)(F)F)ccc3F)cc2)c2cnc(NCCCCN3CCCC3)nc21.O=C(O)C(F)(F)F
CHEMBL292517,1,40.0,nM,CHEMBL364,CHEMBL767961,CCN(CC)CCCC(C)Nc1cc(Cl)cc2ncccc12
CHEMBL4751060,1,15.0,nM,CHEMBL364,CHEMBL4734220,CC1(C)C(Cc2ccccc2)C(=[N+]2CCCCC2)C=CN1Cc1ccccc1.[Br-]
CHEMBL5169854,0,28900.0,nM,CHEMBL364,CHEMBL5097881,Cc1ccc(C)c(C2NCCc3c2[nH]c2ccccc32)c1
CHEMBL586409,1,694.17,nM,CHEMBL364,CHEMBL1054503,COc1ccc2nccc(N3CCC(NCCNCc4ccc5c(n4)NC(=O)CS5)C3)c2n1.Cl
CHEMBL465802,1,760.0,nM,CHEMBL364,CHEMBL998133,C=C1c2ccoc2C[C@H]2[C@H]1CC[C@@]1(O)C(C)(C)[C@H](OC(C)=O)C[C@H](OC(C)=O)[C@]21C
CHEMBL1939611,0,11620.0,nM,CHEMBL364,CHEMBL1943900,COC(=O)C1=NN(c2ccccc2)[C@@H]2N1c1ccccc1N1C(C(=O)OC)=NN(c3ccccc3)[C@@]21C
CHEMBL591390,0,15000.0,nM,CHEMBL364,CHEMBL730079,CCCC1=Nc2cc(C(=O)N3CCN(C(=O)OCC)CC3)ccc2Sc2ccc(C)cc21
CHEMBL3127257,1,10.3,nM,CHEMBL364,CHEMBL3128903,C[C@H]1[C@@H](OCCN(CCNc2nc(Nc3ccccc3)nc(Nc3ccccc3)n2)CCO[C@H]2O[C@@H]3O[C@@]4(C)CC[C@H]5[C@H](C)CC[C@@H]([C@H]2C)[C@@]35OO4)O[C@@H]2O[C@@]3(C)CC[C@H]4[C@H](C)CC[C@@H]1[C@@]24OO3.O=C(O)C(=O)O
CHEMBL2179046,0,64000.0,nM,CHEMBL364,CHEMBL2183637,Cc1cn([C@H]2C[C@H](O)[C@@H](CNC(=O)Nc3ccc(C(C)(C)C)cc3)O2)c(=O)[nH]c1=O
CHEMBL589427,0,15000.0,nM,CHEMBL364,CHEMBL730080,CN(C)CCNCCCOc1ccc(Cl)cc1Cc1ccccc1.Cl
CHEMBL4577728,1,1.0,nM,CHEMBL364,CHEMBL4338830,CCOc1ccc(N(C(C)=O)C2=C(NC)C(=O)c3ccccc3C2=O)cc1
CHEMBL34173,0,20000.0,nM,CHEMBL364,CHEMBL3875107,c1ccc(-c2nc(-c3ccccc3)c(-c3ccccc3)[nH]2)cc1
CHEMBL2312435,1,230.0,nM,CHEMBL364,CHEMBL2320055,Nc1cc(OCCNc2ccnc3cc(Cl)ccc23)nc(N)n1
CHEMBL590406,0,15000.0,nM,CHEMBL364,CHEMBL730080,CC1(C)Cc2ccccc2C(NCC(=O)O)=N1
CHEMBL4164243,0,64000.0,nM,CHEMBL364,CHEMBL4374731,CC(C)(CO)[C@@H](O)C(=O)N/C=C/C(=O)O
CHEMBL5191813,1,510.0,nM,CHEMBL364,CHEMBL5134248,OC1CC2(CCNCC2)Oc2c1ccc1ccccc21
CHEMBL468639,1,300.0,nM,CHEMBL364,CHEMBL989659,COc1c(C)[nH]c(C)c(-c2ccc(Oc3cccc(C(F)(F)F)c3)cc2)c1=O
CHEMBL1927122,1,260.0,nM,CHEMBL364,CHEMBL1930427,CN1CCN(CCC(=O)OC2CC3(N4CCCC4)CC(c4ccccc4)C2C(c2ccccc2)C3)CC1
CHEMBL270907,1,490.0,nM,CHEMBL364,CHEMBL929920,CC(=O)O[C@H]1CC[C@]2(C)[C@H]3CC=C4[C@@H]5[C@@H](C)[C@H](C)CC[C@]5(C(=O)NCCCN5CCN(CCCN(CC6CC6)CC6CC6)CC5)CC[C@@]4(C)[C@]3(C)CC[C@H]2C1(C)C
CHEMBL526599,1,815.41,nM,CHEMBL364,CHEMBL1054503,CC[C@H](N/C(=N\c1cccc(Cl)c1Cl)Nc1ccc(C#N)cc1O)c1ccccc1
CHEMBL4635523,1,441.0,nM,CHEMBL364,CHEMBL4628216,CN(C)c1ccc2c(ccc(/C=C/c3cc(Cl)ccc3O)[n+]2C)c1.[I-]
CHEMBL586538,1,918.25,nM,CHEMBL364,CHEMBL1054503,N=c1[nH]c2cccc3ccc4cccc1c4c32
CHEMBL1641857,1,190.0,nM,CHEMBL364,CHEMBL1647554,CC[C@@H](C)[C@@H]1NC(=O)CN(C)C(=O)[C@@H](Cc2ccccc2)N(C)C(=O)[C@H](C)NC(=O)[C@@H]([C@@H](C)CC)OC(=O)/C(C)=C/C[C@H](O)[C@H](C)[C@H]([C@@H](C)CC)OC(=O)[C@H](C)N(C)C1=O
CHEMBL530428,1,882.13,nM,CHEMBL364,CHEMBL1054503,CN1CCC(Oc2ccc(CN3CC[C@H](NC(=O)c4ccc(Cl)c(Cl)c4)C3)cc2Cl)C1.O=C(O)C(F)(F)F
CHEMBL3138382,1,18.79,nM,CHEMBL364,CHEMBL754074,CC(=O)O[C@H]1C[C@H]2[C@@H]([C@H](OC(C)=O)C[C@@H]3C[C@]4(CC[C@@]32C)OO[C@@]2(CC[C@@]3(C)[C@H](C[C@@H](OC(C)=O)[C@@H]5[C@@H]3C[C@H](OC(C)=O)[C@]3(C)[C@@H](C(C)CCC(N)=O)CC[C@@H]53)C2)OO4)[C@@H]2CC[C@H](C(C)CCC(N)=O)[C@@]12C
CHEMBL548266,1,583.01,nM,CHEMBL364,CHEMBL1054503,Oc1ccc(CCNc2nc(N/N=C/c3ccc(Cl)cc3)nc(N3CCNCC3)n2)cc1
CHEMBL190212,1,1000.0,nM,CHEMBL364,CHEMBL833255,CC1=C(CCCCCC(=O)NCCC#N)C(=O)c2ccccc2C1=O
CHEMBL3492291,1,422.32,nM,CHEMBL364,CHEMBL4649945,Cc1cnn(CC2CN(Cc3nc4ccccc4s3)CCO2)c1
CHEMBL528503,1,662.75,nM,CHEMBL364,CHEMBL1054503,c1ccn2c(Sc3ncnc4sccc34)ncc2c1
CHEMBL549002,1,788.66,nM,CHEMBL364,CHEMBL1054503,Cc1cc(OCC2CCN(c3ncc(C(=O)NC4CC4)cc3Cl)CC2)ccc1F
CHEMBL1668757,1,234.63,nM,CHEMBL364,CHEMBL1669974,Clc1ccc2c(Nc3ccc(Nc4nc(NCc5ccccc5)nc(N5CCCCC5)n4)cc3)ccnc2c1
CHEMBL590126,0,17200.0,nM,CHEMBL364,CHEMBL1065691,CCOC(=O)C(C/C=C/c1ncc(CN[C@H](C(=O)N[C@@H](Cc2ccccc2)C(=O)N[C@@H](CCSC)C(=O)O)C(C)C)n1C)(C/C=C(\C)CC/C=C(\C)CCC=C(C)C)C(=O)O
CHEMBL582207,1,751.08,nM,CHEMBL364,CHEMBL1054503,COc1ccc2c(=NN=Cc3cccc(C)n3)cc(-c3ccccc3)[nH]c2c1
CHEMBL504323,1,128.0,nM,CHEMBL364,CHEMBL975629,COc1cc2c3cc1Oc1c(OC)c(OC)cc4c1[C@@H](Cc1ccc(O)c(c1)Oc1ccc(cc1)C[C@@H]3N(C)CC2)N(C)CC4
CHEMBL87001,1,930.0,nM,CHEMBL364,CHEMBL761151,COc1ccc(C(=O)CCCC2OOC3CCCC(c4ccc(OC)cc4)(OO2)O3)cc1
CHEMBL3634067,0,24900.0,nM,CHEMBL364,CHEMBL3637327,CCOc1ccc(NCc2ccc(C(=O)N3CCCC(C)C3)cc2)cc1
CHEMBL1276411,1,14.1,nM,CHEMBL364,CHEMBL1286290,S=C(NCCCNc1ccnc2cc(Cl)ccc12)NC1CC1
CHEMBL3401419,1,250.0,nM,CHEMBL364,CHEMBL3407061,Cl.Clc1ccc(C2CC3(N4CCCC4)CCNC2C(c2ccc(Cl)cc2)C3)cc1
CHEMBL584448,1,118.6,nM,CHEMBL364,CHEMBL1040691,O=C1C(NC2CCCC2)=C(N2CCOCC2)C(=O)c2ccccc21
CHEMBL1159,0,12589.25,nM,CHEMBL364,CHEMBL1267251,CC(N/C(=N\C#N)Nc1ccncc1)C(C)(C)C
CHEMBL528845,1,654.38,nM,CHEMBL364,CHEMBL1054503,COc1ccc(CNC(=O)Nc2cc3cc(-c4ccc(CN5CCCC5)cc4)ccc3n3c(C)nnc23)cc1
CHEMBL4475292,1,1.1,nM,CHEMBL364,CHEMBL4393369,Fc1ccc2nc(-c3ccc(CN4CCOCC4)cc3)cc(CNCCN3CCCC3)c2c1
CHEMBL3547027,1,49.0,nM,CHEMBL364,CHEMBL3599169,O=C(NCCCNCCCCCNCCCNC(=O)Nc1ccccc1)Nc1ccccc1
CHEMBL346963,1,0.0,nM,CHEMBL364,CHEMBL1217000,CCCCCCCC1N=C(N)N=C(N)N1c1cccc(Cl)c1
CHEMBL546903,1,764.93,nM,CHEMBL364,CHEMBL1054503,CCOc1ccc(C(=O)Nc2cc(Br)c3c(c2)CNCC3)cc1C#N.Cl
CHEMBL536921,1,957.07,nM,CHEMBL364,CHEMBL1054503,CCn1c(-c2nonc2N)nc2c(C#CC(C)(C)O)ncc(OCCNCCc3ccc(OC)cc3)c21.O=C(O)C(F)(F)F
CHEMBL4249605,0,64000.0,nM,CHEMBL364,CHEMBL4231837,Nc1nc(Nc2ccc(F)cc2)nc(Nc2ccc(F)cc2)n1
CHEMBL586216,1,757.23,nM,CHEMBL364,CHEMBL1054503,Cc1cccc2nc(-c3ccc(-c4cccc(CN5CC(C)OC(C)C5)c4)s3)[nH]c12.O=C(O)C(F)(F)F
CHEMBL588047,1,684.44,nM,CHEMBL364,CHEMBL1054503,Cc1ccc2[nH]c(-c3ccc(C=CC(=O)NC4CCN(Cc5ccccc5)CC4)cc3)nc2c1
CHEMBL581709,1,227.71,nM,CHEMBL364,CHEMBL1054503,Cc1cc(=NN=Cc2ccc(F)cc2)c2cc(C(F)(F)F)ccc2[nH]1
CHEMBL609460,1,439.0,nM,CHEMBL364,CHEMBL1040692,CCOC(=O)c1sc(NC(=O)C(C)Sc2nnc(CNC(=O)c3ccc(OC)cc3)n2-c2ccccc2OC)c(C(=O)OCC)c1C
CHEMBL582167,1,798.57,nM,CHEMBL364,CHEMBL1054503,Nc1ncc(-c2cn[nH]c2)cc1-c1nc2ccc(Cl)cc2[nH]1
CHEMBL586445,1,841.25,nM,CHEMBL364,CHEMBL1054503,COc1cccc(CN(C(=O)Nc2ccccc2F)[C@H]2C[C@H]3C(=O)Nc4cc(F)ccc4C(=O)N3C2)c1
CHEMBL598681,1,238.7,nM,CHEMBL364,CHEMBL1040691,CC(=O)N(C1=C(N2CCCCC2)C(=O)c2ccccc2C1=O)c1cccc(Cl)c1
CHEMBL591856,0,15000.0,nM,CHEMBL364,CHEMBL730079,O=C(CN(Cc1ccc(F)cc1)S(=O)(=O)c1ccc(Cl)cc1)Nc1ccccc1Cl
CHEMBL531275,1,659.33,nM,CHEMBL364,CHEMBL1054503,Cc1[nH]c2ccccc2c1C1=CCN(CCN2CCCc3c(Br)cccc3C2=O)CC1
CHEMBL5403858,1,370.0,nM,CHEMBL364,CHEMBL5361886,CCN(CC)CCCC(C)Nc1nccc2c1[nH]c1ccc(F)cc12
CHEMBL579980,1,826.0,nM,CHEMBL364,CHEMBL1040692,CC(=O)[O-].CCN(CC)c1cc2oc3cc(=[N+](CC)CC)ccc-3nc2c2ccccc12
CHEMBL5173722,1,14.0,nM,CHEMBL364,CHEMBL5160032,CCOc1cc(F)ccc1-c1cnc2sc(N3CCC(O)(CN)CC3)nn12
CHEMBL5314126,0,10000.0,nM,CHEMBL364,CHEMBL4888491,CN(C[C@H](O)COc1ccccc1CN1CCC(c2ccncc2)CC1)C1CCCCC1
CHEMBL2402307,0,15015.0,nM,CHEMBL364,CHEMBL2404832,CC1=C2CC(C)(C)/C(c3ccccc3)=C/C(=O)/C(C)=C\C3=C[C@H](C)C[C@]3(O2)C1=O
CHEMBL549246,1,19.0,nM,CHEMBL364,CHEMBL4048940,Cc1[nH]c(C)c(-c2ccc(OCc3ccc(OC(F)(F)F)cc3)nc2)c(=O)c1Br
CHEMBL579939,1,117.9,nM,CHEMBL364,CHEMBL1040692,COc1ccc2c(c1)-c1c(ssc1=S)C(C)(C)N2C(=O)c1ccccc1F
CHEMBL527739,1,245.43,nM,CHEMBL364,CHEMBL1054503,O=C(NC1CCN(Cc2ccccc2)CC1)c1ccc(-c2nc3cc(Cl)c(F)cc3[nH]2)cc1
CHEMBL136613,1,0.27,nM,CHEMBL364,CHEMBL758309,O=c1c2cc(O)ccc2ncn1CC1(O)C[C@@H]2NCCC[C@@H]2O1
CHEMBL547632,1,158.26,nM,CHEMBL364,CHEMBL1054503,FC(F)(F)c1ccc2[nH]c(-c3ccc(-c4ccc(CNCC5CCCO5)cc4)s3)nc2c1.O=C(O)C(F)(F)F
CHEMBL588402,1,158.44,nM,CHEMBL364,CHEMBL1054503,Cc1ccccc1C1CCN(C2CCC(NC(=O)c3cc(-c4ccc(Cl)cc4)cs3)CC2)CC1
CHEMBL5559324,0,36910.0,nM,CHEMBL364,CHEMBL6179740,Clc1ccc(-n2cc(-c3cncc4ccccc34)nn2)cc1
CHEMBL26559,1,300.0,nM,CHEMBL364,CHEMBL3292170,Cc1c2ccncc2c(C)c2c1[nH]c1ccc(O)cc12
CHEMBL408982,0,12589.25,nM,CHEMBL364,CHEMBL1267246,CCN1/C(=C/C(C)=O)Sc2ccc(OC)cc21
CHEMBL599094,1,645.0,nM,CHEMBL364,CHEMBL1040692,Cc1nc(Nc2cccc([N+](=O)[O-])c2)nc(Nc2cccc([N+](=O)[O-])c2)c1[N+](=O)[O-]
CHEMBL1090646,0,35800.0,nM,CHEMBL364,CHEMBL1105398,CCOC(=O)/C=C/CN[C@@H](CCC(N)=O)C(=O)N[C@H](C(=O)N[C@H](C(=O)N[C@@H](C)C(=O)OCc1ccccc1)C(C)C)C1CCCCC1
CHEMBL3344526,1,667.0,nM,CHEMBL364,CHEMBL3390204,CN1CCN(CCNc2nc3ccc(Cl)cc3c3c2/C(=N/O)c2ccccc2-3)CC1
CHEMBL208338,1,300.0,nM,CHEMBL364,CHEMBL1840103,OC1(Cc2ccc(Cl)c(Cl)c2)c2ccccc2C2=NCCN21
CHEMBL3444189,1,46.0,nM,CHEMBL364,CHEMBL4343077,O=S(=O)(NCC1(O)CCOc2ccccc21)c1ccc(Br)s1
CHEMBL532292,1,939.8,nM,CHEMBL364,CHEMBL1054503,Cc1cc(F)ccc1-c1nc(Nc2ccncc2)c2ccn(C)c2n1
CHEMBL293116,0,200000.0,nM,CHEMBL364,CHEMBL769481,Cc1csc(NC(P(=O)(O)O)P(=O)(O)O)n1
CHEMBL529621,1,746.2,nM,CHEMBL364,CHEMBL1054503,CN1CCN(CCCN(Cc2cccc(-c3ccc(CNC4CCCC4)cc3)c2)C(=O)/C=C/c2ccccc2)CC1.O=C(O)C(F)(F)F
CHEMBL6142131,1,520.0,nM,CHEMBL364,CHEMBL6093680,O=C(NC1CC1)c1ccc(CN(CC2CCC2)C2CC2)cc1
CHEMBL1744498,1,189.7,nM,CHEMBL364,CHEMBL1040692,O=c1c(=Cc2ccc(Cl)cc2)sc2nc3ccccc3n12
CHEMBL6189572,0,21160.0,nM,CHEMBL364,CHEMBL6178061,Clc1ccc(Oc2ccc(Cl)cc2OCCCCCCOc2cc(Cl)ccc2Oc2ccc(Cl)cc2Cl)c(Cl)c1
CHEMBL529185,1,956.0,nM,CHEMBL364,CHEMBL1054503,Cc1ccc(Nc2ccnc3ccc(C(F)(F)F)cc23)cc1O.O=C(O)C(F)(F)F
CHEMBL527226,1,141.99,nM,CHEMBL364,CHEMBL1054503,O=C(O)C(F)(F)F.c1cc(CN2CCC(CCN3CCCCC3)CC2)cc(-c2csc(-c3nc4ccccc4[nH]3)c2)c1
CHEMBL5197710,1,53.0,nM,CHEMBL364,CHEMBL5131158,CC(C)[C@]1(C)CC(=O)N(Cc2cccc(C(=O)NC3COCc4ccccc43)c2)C(=N)N1
CHEMBL5589629,1,850.0,nM,CHEMBL364,CHEMBL5533152,O=C1C(Oc2ccccc2)C(c2ccc(OCc3cn(Cc4ccccc4)nn3)cc2)N1c1ccccc1
CHEMBL2049091,0,15015.0,nM,CHEMBL364,CHEMBL2049756,CCOC(=O)CCCCCOc1cccc(CN(C(=O)c2ccc(-c3cccc(O)c3)cc2)C(C)C)c1
CHEMBL2347539,1,46.0,nM,CHEMBL364,CHEMBL3591440,CN1CCCN(S(=O)(=O)c2ccc(-c3ccc4ncnc(Nc5ccc(OCc6cccc(F)c6)c(Cl)c5)c4c3)cc2)CC1
CHEMBL322258,0,41000.0,nM,CHEMBL364,CHEMBL759672,CC1C2c3ccccc3C(c3ccccc32)C1C(N)=O
CHEMBL4102570,1,50.0,nM,CHEMBL364,CHEMBL4018984,CN1CCc2ccc(Nc3nnc(-c4cc(-c5cccnc5)ccc4F)o3)cc2C1
CHEMBL546121,1,891.23,nM,CHEMBL364,CHEMBL1054503,Cc1cc(C(=O)NC2CCN(Cc3ccccc3)CC2)ccc1-c1nc2ccc(C(F)(F)F)cc2[nH]1
CHEMBL531553,1,849.58,nM,CHEMBL364,CHEMBL1054503,COc1ccc(CSC2CCCCC23NC(=S)NC3=S)cc1
CHEMBL4955045,0,10000.0,nM,CHEMBL364,CHEMBL4888491,CC(C(=O)Nc1nccs1)N1CCCC(c2ccn[nH]2)C1
CHEMBL4090860,1,590.0,nM,CHEMBL364,CHEMBL4007287,COc1ccc(NC(=O)c2cc(-c3ccc(CN4CCOCC4)cc3)nc3ccc(F)cc23)cc1
CHEMBL4786930,0,63300.0,nM,CHEMBL364,CHEMBL4768944,Br.Cc1ccc(S(=O)(=O)NCCON2C(N)=NC(N)=NC2(C)C)cc1
CHEMBL4859795,1,1000.0,nM,CHEMBL364,CHEMBL4823054,CCCCCCC1CC(C/C=C\Br)OO1
CHEMBL1951746,1,162.0,nM,CHEMBL364,CHEMBL3375065,CN(C)c1cc[n+](Cc2ccc(CCCCc3ccc(Cn4cnc5c(N)ncnc54)cc3)cc2)cc1.[Br-]
CHEMBL324051,1,325.0,nM,CHEMBL364,CHEMBL766123,CCN(CC)CCNc1ccnc2cc([N+](=O)[O-])ccc12
CHEMBL5311994,0,10000.0,nM,CHEMBL364,CHEMBL4888491,Cc1cnccc1NCCNCc1cnc(N2CCCCC2)nc1
CHEMBL3264509,1,108.31,nM,CHEMBL364,CHEMBL3267980,CC(=O)O[C@H]1C[C@H]2[C@@H]([C@H](OC(C)=O)C[C@@H]3CC(NCCCNc4ccnc5cc(Cl)ccc45)CC[C@@]32C)[C@@H]2CC[C@H]([C@H](C)CCCNCCCNc3ccnc4cc(Cl)ccc34)[C@@]12C
CHEMBL2325390,0,48000.0,nM,CHEMBL364,CHEMBL2328881,CC(=O)Nc1cc(Cl)ccc1Oc1ccc(Cl)cc1Cl
CHEMBL1834977,1,15.0,nM,CHEMBL364,CHEMBL1837547,COc1cccc(CNCCCNc2ccnc3cc(Cc4ccc(F)cc4)ccc23)c1O
CHEMBL453887,0,10000.0,nM,CHEMBL364,CHEMBL1000354,O=c1ccn(CCN2CCCCC2)c(CO)c1O
CHEMBL587251,1,526.53,nM,CHEMBL364,CHEMBL1054503,COc1cc(NCCCCNc2ccc(Cl)c(Cl)c2)nc2ccccc12
CHEMBL596851,1,739.0,nM,CHEMBL364,CHEMBL1040692,COc1cc(CN2CCC3(CC2)CC3C(=O)NCCc2ccccc2OC)ccc1O
CHEMBL598781,1,929.66,nM,CHEMBL364,CHEMBL1054503,CC(C)[C@H](NC(=O)c1ccc(O)c(-c2cccc(C(F)(F)F)c2)c1)C(=O)NC1CCCc2ccccc21
CHEMBL4472430,1,400.0,nM,CHEMBL364,CHEMBL4384265,CCCN1C(=O)/C(=C\C(=O)C[C@@H]2O[C@H](COC(C)=O)[C@@H](OC(C)=O)[C@H](OC(C)=O)[C@H]2OC(C)=O)c2cc(Cl)ccc21
CHEMBL547596,1,966.35,nM,CHEMBL364,CHEMBL1054503,O=C(Nc1cccc(-c2ccc(-c3nc4cc(C(F)(F)F)ccc4[nH]3)cc2)c1)c1c[nH]cn1
CHEMBL5194982,1,576.0,nM,CHEMBL364,CHEMBL5107048,Cc1cnc(Nc2ccc(C(=O)N3CCC(N4CCCC4)CC3)cc2)nc1-c1ccc(Cl)s1
CHEMBL521169,0,29000.0,nM,CHEMBL364,CHEMBL1006270,Cn1c2nc3ccc(Cl)cc3c-2cc2ccccc21
CHEMBL1834908,1,92.0,nM,CHEMBL364,CHEMBL1837547,COc1ccc(F)cc1CNCCCNc1ccnc2cc(-c3cc(C(F)(F)F)cc(C(F)(F)F)c3)ccc12
CHEMBL2337294,0,166000.0,nM,CHEMBL364,CHEMBL2342802,CCCC(=O)OC[C@H]1O[C@@H](n2c(I)cc(=O)[nH]c2=O)[C@H](O)[C@@H]1O
CHEMBL1945518,1,9.1,nM,CHEMBL364,CHEMBL1948635,CSc1cccc(NC(=O)CC[C@H]2O[C@@H]3O[C@@]4(C)CC[C@H]5[C@H](C)CC[C@@H]([C@H]2C)[C@@]35OO4)c1
CHEMBL600501,0,12500.0,nM,CHEMBL364,CHEMBL1040691,CCOc1ccc(NC(=O)C(C)Sc2nc3ccccc3[nH]2)cc1
CHEMBL602313,0,15000.0,nM,CHEMBL364,CHEMBL730080,COc1cc(/C=C(\C#N)C(=O)Nc2ccccc2F)cc(OC)c1OC
CHEMBL144660,1,750.0,nM,CHEMBL364,CHEMBL768059,COc1ccc(OC)c(C(=O)/C=C\c2ccc(Cl)cc2Cl)c1
CHEMBL533533,1,883.02,nM,CHEMBL364,CHEMBL1054503,C[C@H](Cc1ccc(OCCCCCCOc2ccccc2)cc1)NC[C@@H](O)c1cc(Br)no1.Cl
CHEMBL546150,1,131.41,nM,CHEMBL364,CHEMBL1054503,O=C(Nc1ccc(Cl)cc1)Nc1cccc(-c2cccc(-c3nc4ccccc4[nH]3)c2)c1
CHEMBL602829,1,728.0,nM,CHEMBL364,CHEMBL1040692,Cc1cccc(C)c1-n1c(SCc2cccc(F)c2)nc2c(sc(=S)n2-c2c(C)cccc2C)c1=O
CHEMBL585054,1,874.0,nM,CHEMBL364,CHEMBL1040692,CC(C)(C)CC(=O)N1CCC[C@@H]2CN(C(=O)CCOc3ccccc3)CC[C@@H]21
CHEMBL489497,0,24700.0,nM,CHEMBL364,CHEMBL944270,CC(CN)CCC(C)(O)C(N)=O
CHEMBL586020,1,204.9,nM,CHEMBL364,CHEMBL1040692,COC(=O)C1=C(C)NC2=C(C(=O)CC(c3ccccc3)C2)C1c1cc(C)sc1SC
CHEMBL272041,0,59500.0,nM,CHEMBL364,CHEMBL3592467,CC(=O)O[C@@H]1CC[C@@]2(C)[C@H](CC[C@@H]3[C@@H]2CC[C@]2(C)[C@@H]([C@H](C)CCC(=O)O)CC[C@@H]32)C1
CHEMBL4586469,1,34.0,nM,CHEMBL364,CHEMBL4429519,C#CCCNCC(O)c1cc(C(F)(F)F)nc2c(C(F)(F)F)cccc12
CHEMBL3264187,1,30.29,nM,CHEMBL364,CHEMBL3267982,CC(=O)O[C@H]1C[C@H]2[C@@H]([C@H](OC(C)=O)C[C@@H]3C[C@H](NS(C)(=O)=O)CC[C@@]32C)[C@@H]2CC[C@H]([C@H](C)CCCNCCCNc3ccnc4cc(Cl)ccc34)[C@@]12C
CHEMBL585466,1,218.8,nM,CHEMBL364,CHEMBL1040692,COc1cc(C(Nc2ccccn2)c2ccc3cccnc3c2O)cc(Br)c1OC
CHEMBL535233,1,839.84,nM,CHEMBL364,CHEMBL1054503,CCN(CC)CCNC(=O)c1ccc(N/C=C2\C(=O)Nc3ccc(S(=O)(=O)Cc4c(Cl)cccc4Cl)cc32)cc1
CHEMBL584658,1,362.0,nM,CHEMBL364,CHEMBL1040692,Cn1c(=O)n(Cc2ccccc2)c(=O)c2c1nc(SCC(=O)Nc1ccccc1)n2Cc1ccccc1
CHEMBL4859420,1,250.0,nM,CHEMBL364,CHEMBL4813753,N#CC1(c2ccccc2)C/C(=C\c2cccc(C(F)(F)F)c2)C(=O)/C(=C/c2cccc(C(F)(F)F)c2)C1
CHEMBL1851742,1,339.0,nM,CHEMBL364,CHEMBL3599168,O=C(NCCCNCCCCCCNCCCNC(=O)NCc1ccccc1)NCc1ccccc1
CHEMBL3443572,1,504.75,nM,CHEMBL364,CHEMBL4649964,COc1ccc(-c2c(C)nn3c(=N)c(C#N)n[nH]c23)cc1OC
CHEMBL1761044,0,10230.0,nM,CHEMBL364,CHEMBL1763952,O=C(c1ccccc1)c1cc(Cl)ccc1NC(=O)C(c1ccccc1)N1CCCCC1
CHEMBL567385,1,7.0,nM,CHEMBL364,CHEMBL1039580,Clc1ccc2c(NCCNCCCN(Cc3ccccc3)Cc3ccccc3)ccnc2c1
CHEMBL528978,1,545.0,nM,CHEMBL364,CHEMBL1054503,Cc1noc(C)c1-c1cccc(CNCc2ccc(-c3cccc(-c4nc5cc(F)ccc5[nH]4)c3)cc2)c1.O=C(O)C(F)(F)F
CHEMBL547889,1,33.01,nM,CHEMBL364,CHEMBL1054503,CC(=NNC(N)=O)C1=C(O)C(c2ccccc2)N(C2CCCCC2)C1=O
CHEMBL1187230,0,123026877.08,nM,CHEMBL364,CHEMBL1641163,Oc1cc(OCCCCCOc2ccc(C3=NCCN3)c(O)c2)ccc1C1=NCCN1
CHEMBL600915,1,413.0,nM,CHEMBL364,CHEMBL1040692,N#Cc1sccc1NS(=O)(=O)c1ccc(Cl)cc1
CHEMBL252715,1,9.54,nM,CHEMBL364,CHEMBL3389401,CCN(CC)CCC[C@@H](C)Nc1ccnc2cc(Cl)ccc12
CHEMBL6147135,1,35.0,nM,CHEMBL364,CHEMBL6089898,CCn1cc(C2CC2)c2c(Cc3cnc(C(F)(F)F)c(Cl)c3)n(C)nc2c1=O
CHEMBL6120516,1,1.7,nM,CHEMBL364,CHEMBL6073643,NC1(CNC(=O)O[C@H]2CCC[C@@]3(C2)OOC2(O3)C3CC4CC(C3)CC2C4)CCCC1
CHEMBL6189053,1,800.0,nM,CHEMBL364,CHEMBL6179700,O=C(NCc1cn(-c2ccccc2)nn1)c1cc2c([nH]c3ccccc32)c(-c2cccc(Cl)c2)n1
CHEMBL1184,0,8000000.0,nM,CHEMBL364,CHEMBL759677,CC(=O)OCC[N+](C)(C)C.[Cl-]
CHEMBL525517,1,970.43,nM,CHEMBL364,CHEMBL1054503,COc1cccc(NC(=O)COc2ccc(C(=O)Nc3nc4ccccc4[nH]3)cc2)c1
CHEMBL536656,1,225.85,nM,CHEMBL364,CHEMBL1054503,COc1c(C2CCN(CCCCNC(=O)c3ccc(-c4ccc(Cl)cc4)c(O)c3)CC2)ccc2c1CCCC2
CHEMBL2377311,0,70400.0,nM,CHEMBL364,CHEMBL2379112,COC(=O)c1cc2c(cc1-c1cc(OC(C)=O)cc3c1N(C)CC3)OCO2
CHEMBL6164689,1,6.02,nM,CHEMBL364,CHEMBL6137780,O=c1c2c([nH]c3cc(OCc4ccc(OC(F)(F)F)cc4)ccc13)CCCC2
CHEMBL5590240,0,30070.0,nM,CHEMBL364,CHEMBL5577885,CC(=O)N(CCC(c1ccc(Cl)c(Cl)c1)P(=O)(OCOC(=O)C(C)(C)C)OCOC(=O)C(C)(C)C)OC(C)c1ccc(Cl)cc1
CHEMBL581840,1,796.85,nM,CHEMBL364,CHEMBL1054503,CCN(CC)CCN(Cc1ccc(-c2ccc(C(F)(F)F)cc2)cc1)C(=O)Cn1nc(-c2ccc(C(F)(F)F)cc2)ccc1=O
CHEMBL600705,1,558.0,nM,CHEMBL364,CHEMBL1040692,C=CC[n+]1ccc(/C=C/c2ccccc2)c(C)c1
CHEMBL6167817,1,16.0,nM,CHEMBL364,CHEMBL6119931,Cc1nnc(-c2ccc3ccn(CC(=O)Nc4ccc(F)cc4F)c3c2)o1
CHEMBL3735706,1,440.0,nM,CHEMBL364,CHEMBL3737587,Oc1ccc(-c2cc3ncnc(Nc4ccc(OCc5cccc(F)c5)c(Cl)c4)c3s2)cc1
CHEMBL5420294,0,12500.0,nM,CHEMBL364,CHEMBL5337894,COc1cccc(C(c2ccc(C)cc2)N2CCN(c3cnccn3)CC2)c1O
CHEMBL584661,1,263.9,nM,CHEMBL364,CHEMBL1040691,CCOC(=O)C1=CN(c2cc(C)ccc2C)C=C(C(=O)OCC)C1c1ccccc1OCC
CHEMBL1215598,0,34000.0,nM,CHEMBL364,CHEMBL1219011,Nc1ccc2oc(-c3cccc(C(F)(F)F)c3)cc(=O)c2c1
CHEMBL1213560,0,10000.0,nM,CHEMBL364,CHEMBL1220214,O=C(c1ccc(Nc2nc(N[C@H]3CC[C@H](O)CC3)nc3c2ncn3-c2cccc(F)c2)cc1)N1CCCCC1
CHEMBL578004,1,177.6,nM,CHEMBL364,CHEMBL1040691,CCN(CC)CCCC(C)Nc1cc(/C=C/c2ccccc2Cl)nc2cc(Cl)ccc12
CHEMBL4763832,1,19.0,nM,CHEMBL364,CHEMBL4738320,Clc1ccc(C(Nc2ccnc3cc(Cl)ccc23)c2ccc(CCN3CCCC3)cc2)cc1
CHEMBL4567257,1,0.2,nM,CHEMBL364,CHEMBL4385573,CN1CC(=O)N[C@@H](CSC(c2ccccc2)(c2ccccc2)c2ccccc2)C(=O)N(C)CC(=O)N[C@@H](CSC(c2ccccc2)(c2ccccc2)c2ccccc2)C(=O)N(C)CC(=O)N[C@@H](CCC(=O)O)C1=O
CHEMBL3264084,1,290.0,nM,CHEMBL364,CHEMBL3265826,Fc1cccnc1Nc1ccc(-c2cnc3ccc(N[C@H]4CC[C@H](N5CCCC5)CC4)nn23)cc1
CHEMBL530412,1,73.6,nM,CHEMBL364,CHEMBL1040692,Cc1ccc2cc3c(N)c4cccc(C)c4nc3nc2c1
CHEMBL527969,1,912.0,nM,CHEMBL364,CHEMBL1054503,COc1cc(C)nc2ccc(NC(=O)c3cc(C(F)(F)F)cc(C(F)(F)F)c3)cc12.Cl
CHEMBL438457,1,96.8,nM,CHEMBL364,CHEMBL934468,COc1ccc2nc3cc(Cl)ccc3c(N/N=C/c3ccc(CN4CCCC4)cc3)c2c1
CHEMBL2170893,0,15000.0,nM,CHEMBL364,CHEMBL2176180,CCOC(=O)c1c(-c2cccc(OC(F)(F)F)c2)[nH]c2cc(C(F)(F)F)ccc2c1=O
CHEMBL84611,1,900.0,nM,CHEMBL364,CHEMBL769488,C[C@@H]1CCC2[C@@]3(CO3)C(O)O[C@@H]3O[C@@]4(C)CCC1[C@@]23OO4
CHEMBL581828,1,766.98,nM,CHEMBL364,CHEMBL1054503,CN1CCc2cc(O)c(NS(=O)(=O)c3ccc(-c4ccc(Cl)cc4)cc3)cc2CC1.Cl
CHEMBL405606,1,169.0,nM,CHEMBL364,CHEMBL934470,Clc1ccc2c(N/N=C/c3ccco3)ccnc2c1
CHEMBL2029744,1,164.0,nM,CHEMBL364,CHEMBL2032995,CC[C@H]1OC(=O)[C@H](C)[C@@H](O)[C@H](C)[C@@H](O[C@@H]2O[C@H](C)C[C@H](N(C)C)[C@H]2O)[C@](C)(O)C[C@@H](C)CN(CCCNCc2ccc3ccccc3n2)[C@H](C)[C@@H](O)[C@]1(C)O
CHEMBL4793058,1,783.0,nM,CHEMBL364,CHEMBL4671169,CCc1ccc(-c2nc3c(c(C)nn3-c3ccccc3)c(-c3ccccc3F)c2C#N)cc1
CHEMBL588897,1,536.6,nM,CHEMBL364,CHEMBL1054503,CC(C)(CNCc1ccccc1)c1nc(-c2ccc(Cl)c(O)c2)c(-c2ccncc2)[nH]1.Cl
CHEMBL611498,1,233.2,nM,CHEMBL364,CHEMBL1040692,COc1ccc(/C=C2\SC(=Nc3ccccc3)NC2=O)cc1
CHEMBL578736,1,55.6,nM,CHEMBL364,CHEMBL1040692,CCOC(=O)C1=C(C)NC2=C(C(=O)CC(c3ccc(OC)c(OC)c3)C2)C1c1cccc(Cl)c1
CHEMBL1770934,0,42000.0,nM,CHEMBL364,CHEMBL1772776,CN(Cc1ccc(N(C)C)cc1)Cc1ccccc1CNC=O
CHEMBL6091953,1,34.2,nM,CHEMBL364,CHEMBL6085562,CC(C)CN/C=C1\N=C(c2ccc[nH]2)C=C1OC(C)C.Cl
CHEMBL1770679,1,5.3,nM,CHEMBL364,CHEMBL1772877,C[C@H]1[C@H](OC(=O)CCN(C)Cc2ccccc2)O[C@@H]2O[C@@]3(C)CC[C@H]4[C@H](C)CC[C@@H]1[C@@]24OO3
CHEMBL3315016,0,17000.0,nM,CHEMBL364,CHEMBL3371080,Cc1c(C(=O)Nc2ccccn2)ccc(F)c1F
CHEMBL489880,1,720.0,nM,CHEMBL364,CHEMBL968941,Cc1ccc(-c2c(C#N)[n+]([O-])c3cc(C(F)(F)F)ccc3[n+]2[O-])cc1
CHEMBL592569,0,15000.0,nM,CHEMBL364,CHEMBL730080,Cc1cccc(CN2C(=O)/C(=C\c3ccc(C(=O)N4CCC(N5CCCCC5)CC4)cc3)Oc3ccccc32)c1
CHEMBL4788439,1,140.0,nM,CHEMBL364,CHEMBL4673458,COc1cccc(Nc2n[nH]c(N)c2C#N)c1
CHEMBL346216,0,122000.0,nM,CHEMBL364,CHEMBL1101400,COc1cc(OC)c2c(-c3ccc(O)c(OC)c3)cc(=O)oc2c1
CHEMBL60274,1,350.0,nM,CHEMBL364,CHEMBL767959,CCN(CC)CCCC(C)Nc1ccnc2c(NC(=O)CCCCCCC(=O)Nc3cccc4c(NC(C)CCCN(CC)CC)ccnc34)cccc12
CHEMBL547480,1,3.2,nM,CHEMBL364,CHEMBL1054503,Br.CCOC(=O)c1cc(Cl)cc(Cl)c1OCCCON1C(=N)N=C(N)NC1(C)C
CHEMBL4202931,1,100.0,nM,CHEMBL364,CHEMBL4193395,C=C[C@H]1CN2CC[C@H]1C[C@H]2[C@H](OC(=O)[C@H](Cc1cn(S(=O)(=O)c2ccc(C)cc2)cn1)NC(=O)OC(C)(C)C)c1ccnc2ccc(OC)cc12
CHEMBL549229,1,887.42,nM,CHEMBL364,CHEMBL1054503,CN(C)Cc1cccc(-c2cnc(N)c(-c3nc4cc(S(C)(=O)=O)ccc4[nH]3)c2)c1.O=C(O)C(F)(F)F
CHEMBL3445289,1,124.49,nM,CHEMBL364,CHEMBL4649945,CC(=O)Nc1ncc(S(=O)(=O)Nc2ccc3c(c2)OCCO3)s1
CHEMBL4578631,1,20.0,nM,CHEMBL364,CHEMBL6087753,CCN1CCN(c2nc(C)cc(N(CCNc3ccnc4cc(Cl)ccc34)Cc3ccccn3)n2)CC1
CHEMBL99170,1,799.0,nM,CHEMBL364,CHEMBL765487,CCN(CC)CCNc1ccnc2ccccc12
CHEMBL4438736,1,230.0,nM,CHEMBL364,CHEMBL4424188,CCOC(=O)[C@@H](N)Cc1ccc(OP(=O)(CCCC(=O)N(C)O)Oc2ccc(C[C@H](N)C(=O)OCC)cc2)cc1
CHEMBL529524,0,12500.0,nM,CHEMBL364,CHEMBL1040692,Oc1c2c(nc3cc(-c4ccc(Cl)cc4)nn13)CCCC2
CHEMBL369895,1,645.0,nM,CHEMBL364,CHEMBL1040691,CCN1/C(=C/c2sc3ccc(Br)cc3[n+]2CC)C=Cc2ccccc21
CHEMBL579946,1,212.3,nM,CHEMBL364,CHEMBL1040691,O=C(NC1CC1)c1ccc(N2CCC(Cc3ccccc3)CC2)c([N+](=O)[O-])c1
CHEMBL4455422,0,200000.0,nM,CHEMBL364,CHEMBL4312172,CCOC(=O)CCSc1ccccc1C(=O)O
CHEMBL2036000,1,250.0,nM,CHEMBL364,CHEMBL2039532,CCCCCCCCCCCCC[C@H](O)C[C@H](O)C(C)(C)NC
CHEMBL602039,0,15000.0,nM,CHEMBL364,CHEMBL730080,COc1cc(OC)cc(-c2nnc(NC(=O)c3cccc(S(C)(=O)=O)c3)o2)c1
CHEMBL6177424,1,825.0,nM,CHEMBL364,CHEMBL6156123,Cc1cc(O)c2c(c1)C(=O)c1cc(OCCOCCN3CCN(c4ccnc5cc(Cl)ccc45)CC3)cc(O)c1C2=O
CHEMBL585630,1,27.1,nM,CHEMBL364,CHEMBL1040692,CCCn1c(SCC(=O)N2c3ccccc3CC2C)nc2c1c(=O)n(C)c(=O)n2C
CHEMBL6120820,1,3.0,nM,CHEMBL364,CHEMBL6089898,Cn1nc2c(=O)n(C3CC3)ccc2c1[C@](N)(c1cnc(C(F)(F)F)c(Cl)c1)C(F)(F)F
CHEMBL4892340,0,10000.0,nM,CHEMBL364,CHEMBL4888491,Cc1cc(=O)[nH]c(-n2nc(C3CC3)cc2NC(=O)C(C)(C)Oc2ccc(Cl)cc2)n1
CHEMBL603537,0,25000.0,nM,CHEMBL364,CHEMBL1068599,C[C@@H](C#N)N(C)C(=O)[C@H](Cc1ccccc1)NC(=O)OCc1ccccc1
CHEMBL609606,1,286.0,nM,CHEMBL364,CHEMBL1040692,CC[n+]1c(C=C2C=CN(C)C=C2)ccc2cc(C)ccc21.[I-]
CHEMBL597256,1,106.9,nM,CHEMBL364,CHEMBL1040692,CCCCc1ccc(C(=O)Oc2ccccc2-c2nc3cc(C)ccn3c2NC(C)(C)CC(C)(C)C)cc1
CHEMBL586569,1,615.15,nM,CHEMBL364,CHEMBL1054503,CC1CCC(C[C@@H](C(=O)N[C@@H](CCC(=O)N2CCCCC2)C(=O)Nc2nccs2)[C@H](C(C)C)N(O)C=O)CC1
CHEMBL2374209,0,34700.0,nM,CHEMBL364,CHEMBL2342603,COC(=O)[C@]1(C)CCC[C@@]2(C)[C@@H]3CC[C@H]4C[C@@]3(CC[C@@H]21)[C@@H](O)[C@@H]4C
CHEMBL2334042,1,500.0,nM,CHEMBL364,CHEMBL2342741,CC(C)C[C@H](NC(=O)c1ccc(N2CCN(C)CC2)cc1)[C@H](O)CNC1CCCC1
CHEMBL2418042,1,296.0,nM,CHEMBL364,CHEMBL2422960,N=C(N)c1cc(I)c(OCc2cccc([N+](=O)[O-])c2)c(I)c1
CHEMBL1258319,1,334.0,nM,CHEMBL364,CHEMBL1260780,CCN(CC)CCn1c2ccc(Cl)cc2c2c1c(=O)c1ccc(Cl)cc1n2CCN(CC)CC
CHEMBL3818538,1,6.0,nM,CHEMBL364,CHEMBL3820733,CN1CCN(c2ccnc(NCCNc3ccnc4cc(Cl)ccc34)n2)CC1
CHEMBL407354,0,18100.0,nM,CHEMBL364,CHEMBL931127,CS(=O)(=O)/C=C/CNC(=O)CN1C(=O)[C@@H](COC(=O)Nc2ccc(Cl)cc2C(F)(F)F)N=C(c2ccccc2)c2ccccc21
CHEMBL604305,1,478.0,nM,CHEMBL364,CHEMBL1040692,COC(=O)C1=C(C)NC2=C(C(=O)CC(c3ccccc3Cl)C2)C1c1ccc(OC)c(OC)c1
CHEMBL585613,1,376.0,nM,CHEMBL364,CHEMBL1040691,COc1cc(NC(C)CCCN(Cc2ccc(Cl)cc2)C(=O)c2ccc(Cl)cc2Cl)c2ncccc2c1
CHEMBL538590,0,18000.0,nM,CHEMBL364,CHEMBL933420,Cl.N=C(N)Nc1ccc(C(=O)c2ccccc2)cc1
CHEMBL527905,1,566.33,nM,CHEMBL364,CHEMBL1054503,CC(CN1CCN(C)CC1)C(=O)Nc1ccc(-c2cccc(-c3nc4ccccc4[nH]3)c2)cc1
CHEMBL4453485,1,58.0,nM,CHEMBL364,CHEMBL4429066,CC(C)CN1C(=O)c2ccccc2[C@H](C(=O)Nc2ccc(F)c(C#N)c2)[C@H]1c1cncs1
CHEMBL527638,1,347.35,nM,CHEMBL364,CHEMBL1054503,COc1ccc2nccc([C@@H](O)CN3CCC(NCc4cc5ccccc5s4)CC3)c2c1.O=C(O)C(=O)O
CHEMBL4172478,0,10460.0,nM,CHEMBL364,CHEMBL4154682,COC(=O)c1ccc(C(O)CCN2CC=C(c3ccc(F)cc3)CC2)cc1
CHEMBL596500,1,8.9,nM,CHEMBL364,CHEMBL1073265,CCN(CC)CCCCCN(CC)CCNc1ccnc2cc(Cl)ccc12
CHEMBL2022222,1,610.0,nM,CHEMBL364,CHEMBL2024710,COc1ccc([C@@H]2c3[nH]c4ccccc4c3C[C@@H]3C(=O)N([C@@H]4CCN(Cc5ccccc5)C4)CC(=O)N23)cc1O
CHEMBL531065,1,756.8,nM,CHEMBL364,CHEMBL1054503,O=C(O[C@@H]1CN[C@H](C#Cc2cc3ncnc(Nc4ccc5c(cnn5Cc5cccc(F)c5)c4)c3s2)C1)N1CCCC1
CHEMBL548413,1,730.58,nM,CHEMBL364,CHEMBL1054503,Br.c1cc(C2=NC3CCCCC3N2)ccc1OCCCOc1ccc(C2=NC3CCCCC3N2)cc1
CHEMBL585191,1,40.0,nM,CHEMBL364,CHEMBL1047873,CC1(CC(=O)NCc2ccc3c(c2)OCCO3)CC2(CCCCC2)OO1
CHEMBL527664,1,236.85,nM,CHEMBL364,CHEMBL1054503,COC(=O)c1cccc(CNCc2ccc(-c3ccc(-c4nc5cc(F)ccc5[nH]4)cc3)cc2)c1.O=C(O)C(F)(F)F
CHEMBL4459371,1,130.0,nM,CHEMBL364,CHEMBL4344852,c1cnc(Nc2ccnc3cc(-c4cnc(N5CCNCC5)nc4)ccc23)cn1
CHEMBL3216228,1,27.0,nM,CHEMBL364,CHEMBL961733,CCOC(=O)c1cc(C2=NCCN2)ccc1OCCCCCOc1ccc(C2=NCCN2)cc1C(=O)OCC.Cl.Cl
CHEMBL1818696,0,10000.0,nM,CHEMBL364,CHEMBL1820552,CC(C)C[C@@]12CCO[C@@H]1OOC(C)(C)C2
CHEMBL3632733,0,16000.0,nM,CHEMBL364,CHEMBL3637746,Cc1cc(C=C2C(=O)NC(=O)NC2=O)c(C)n1-c1ccccc1C(F)(F)F
CHEMBL3604384,1,124.0,nM,CHEMBL364,CHEMBL3607578,Clc1cccc(CNc2nc3cc(Nc4ccnc5cc(Cl)ccc45)ccc3o2)c1
CHEMBL405859,1,140.0,nM,CHEMBL364,CHEMBL934469,Clc1ccc2c(N/N=C/c3cnc[nH]3)ccnc2c1
CHEMBL601386,1,612.0,nM,CHEMBL364,CHEMBL1040692,CCn1c(SCCCCNC(=O)c2cc([N+](=O)[O-])cc([N+](=O)[O-])c2)nc(-c2ccccc2)c1-c1ccccc1
CHEMBL5079552,0,10000.0,nM,CHEMBL364,CHEMBL5038335,CC[C@H](C)[C@@H]1NC(=O)[C@@H](Cc2c[nH]c3ccccc23)n2c1nc1ccc(Cl)cc1c2=O
CHEMBL597497,1,6.9,nM,CHEMBL364,CHEMBL1065893,CN(C)Cc1ccccc1CNc1ccnc2cc(Cl)ccc12
CHEMBL4776254,1,47.9,nM,CHEMBL364,CHEMBL4671338,CN(C)CCNc1cc(/C=C/c2ccc([N+](=O)[O-])cc2)nc2ccccc12
CHEMBL599502,1,673.0,nM,CHEMBL364,CHEMBL1040691,O=c1c(=O)n(Cc2cccc(C(F)(F)F)c2)ccn1CCc1ccccc1
CHEMBL1780202,0,12000.0,nM,CHEMBL364,CHEMBL1781049,O=C(c1sc(-c2ccccc2)nc1-c1ccccc1)N1CCC(N2CCCC2)CC1
CHEMBL259665,0,11600.0,nM,CHEMBL364,CHEMBL962001,CCOC(=O)c1ccc(C2=CN3CCC2CC3)cc1
CHEMBL500021,0,30000.0,nM,CHEMBL364,CHEMBL997204,CCC(C)CNc1nc(C#N)nc2c1NCN2Cc1ccccc1
CHEMBL587292,1,232.76,nM,CHEMBL364,CHEMBL1054503,CC(=O)Nc1ccc(C(=O)Nc2cccc(-c3ccc(-c4nc5cc(F)ccc5[nH]4)s3)c2)cn1
CHEMBL1673218,1,450.0,nM,CHEMBL364,CHEMBL1676988,CCCCCCCCCCN(C)CC(P(=O)(O)O)P(=O)(O)O
CHEMBL1682576,1,122.5,nM,CHEMBL364,CHEMBL1687070,CC[C@H]1OC(=O)[C@H](C)[C@@H](O[C@H]2C[C@@](C)(OC)[C@@H](O)[C@H](C)O2)[C@H](C)[C@@H](O[C@@H]2O[C@H](C)C[C@H](N(C)C)[C@H]2O)[C@](C)(O)C[C@@H](C)CN(CCCNC(=S)Nc2ccccc2F)[C@H](C)[C@@H](O)[C@]1(C)O
CHEMBL6145717,1,95.6,nM,CHEMBL364,CHEMBL6115095,CN(C)CCCNC(=O)c1cc(NC(=O)c2cc(NC(=O)c3cc(NC(=N)c4cc5ccccc5cn4)cn3C)cn2C)cn1C.O=C(O)C(F)(F)F
CHEMBL532483,1,769.61,nM,CHEMBL364,CHEMBL1054503,CN(C)Cc1cccc(-c2ccc(NC(=O)c3ccc4c(=O)n(Cc5ccoc5)cnc4c3)cc2)c1
CHEMBL3819321,1,6.0,nM,CHEMBL364,CHEMBL3820733,CCN1CCN(c2ccnc(NCCNc3ccnc4cc(Cl)ccc34)n2)CC1
CHEMBL5422376,1,970.0,nM,CHEMBL364,CHEMBL5368271,COc1ccc2c3ccnc(C)c3n(CCNC(=O)OC/C=C/c3cccc(Cl)c3)c2c1
CHEMBL586875,1,133.7,nM,CHEMBL364,CHEMBL1040691,COc1cccc(C(NC(=O)c2ccccc2)c2ccc3cccnc3c2O)c1
CHEMBL366443,1,240.0,nM,CHEMBL364,CHEMBL761154,CN1/C(=C\c2cccc[n+]2C)Sc2ccccc21.Cc1ccc(S(=O)(=O)[O-])cc1
CHEMBL3416742,1,560.0,nM,CHEMBL364,CHEMBL3419746,Cn1c2ccc(NC3=NCCN3)cc2c(=O)c2ccc(NC3=NCCN3)cc21.O=C(O)C(F)(F)F.O=C(O)C(F)(F)F
CHEMBL3793563,1,100.0,nM,CHEMBL364,CHEMBL3795778,CCCCCC(=O)c1c(O)cc(O)c2c1OC1=C(C(=O)C(C)(C)C(=O)C1(C)C)C2CC(C)C
CHEMBL4852153,0,10000.0,nM,CHEMBL364,CHEMBL4812658,Cc1c(-c2n[nH]c3cc(C(F)(F)F)ccc23)c[nH]c1C(=O)NC(C)c1cc(C#N)[nH]n1
CHEMBL372635,0,16000.0,nM,CHEMBL364,CHEMBL885085,CCCCC(=O)NCC1OC(n2ccc(=O)[nH]c2=O)CC1O
CHEMBL232480,0,55600.0,nM,CHEMBL364,CHEMBL891692,S=C1SCCN1Cc1ccc(Oc2ccccc2)cc1
CHEMBL1172437,1,239.0,nM,CHEMBL364,CHEMBL1173896,Cc1nc(Nc2ccc(OC(F)(F)F)cc2)cc(Nc2nccn2-c2cccc(C(=O)NCCCN3CCN(C)CC3)c2)n1
CHEMBL1258203,1,267.0,nM,CHEMBL364,CHEMBL1260780,CCN(CC)CCn1c2ccccc2c2c1c(=O)c1ccccc1n2CCN(CC)CC
CHEMBL5592041,1,86.0,nM,CHEMBL364,CHEMBL5579294,CN1C(=O)c2cc(F)c(Cl)cc2N2C(=O)CCC12C(=O)Nc1cncc(Cl)c1
CHEMBL3922098,0,26000.0,nM,CHEMBL364,CHEMBL5104448,CCOC(=O)C(=CNc1cccc(N(C)C)c1)C(=O)OCC
CHEMBL535550,1,861.14,nM,CHEMBL364,CHEMBL1054503,CC(C)(C)OC(=O)/C=C(\C(=O)OCc1ccc([N+](=O)[O-])cc1)c1csc(NC(c2ccccc2)(c2ccccc2)c2ccccc2)n1
CHEMBL1272067,0,194000.0,nM,CHEMBL364,CHEMBL1274508,C#Cc1cccc(NC(=O)C2C(C(=O)O)[C@@H]3CC[C@H]2O3)c1
CHEMBL4164515,1,480.0,nM,CHEMBL364,CHEMBL4154677,O=[N+]([O-])c1ccc(N2CCC(NCCC(O)c3ccc(F)cc3)CC2)c(C(F)(F)F)c1
CHEMBL489218,1,30.0,nM,CHEMBL364,CHEMBL1016194,O=C(CCCCC(=O)NN/C=C/c1cc(O)ccc1Br)NO
CHEMBL588787,1,716.39,nM,CHEMBL364,CHEMBL1054503,CS(=O)(=O)Nc1ccc2[nH]cc(C3CCN(CC4CCN(C(=O)/C=C/c5ccc(Cl)c(Cl)c5)CC4)CC3)c2c1
CHEMBL1828815,1,0.4,nM,CHEMBL364,CHEMBL1833017,O=C(CC1CCC2(CC1)OOC1(OO2)C2CC3CC(C2)CC1C3)N1CCN(C2CCNCC2)CC1
CHEMBL5411273,1,870.0,nM,CHEMBL364,CHEMBL5373564,C[C@H](CC[C@H](O)[C@](C)(O)COC(=O)[C@@H](C)CC(=O)C[C@@H](C)[C@H]1C[C@@H](O)[C@@]2(C)C3=C(C(=O)C[C@]12C)[C@@]1(C)CC[C@@H](O)C(C)(C)[C@@H]1CC3=O)[C@H]1CC[C@@]2(C)C3=C(CC[C@]12C)[C@@]1(C)CCC(=O)C(C)(C)[C@@H]1CC3
CHEMBL601746,1,26.73,nM,CHEMBL364,CHEMBL1040692,CCCCCCCCC(=O)Nc1c(C)cccc1C
CHEMBL548256,1,154.49,nM,CHEMBL364,CHEMBL1054503,N#Cc1ccc(-c2ccc(C(=O)NCCCCN3CCC(c4cc(Br)c5c(c4O)CCCC5)CC3)cc2)cc1
CHEMBL530104,1,987.34,nM,CHEMBL364,CHEMBL1054503,COCn1ncc2cc(-c3cccc(NC(=O)c4csc(NC(C)=O)n4)c3)ccc21
CHEMBL345083,1,4.58,nM,CHEMBL364,CHEMBL1040692,CC1CCC2C(C)C(=O)OC3OC4(C)CCC1C32OO4
CHEMBL548073,1,113.45,nM,CHEMBL364,CHEMBL1054503,O=C(O)C(F)(F)F.c1cc(-c2ccc(CNCCCn3ccnc3)cc2)cc(-c2nc3ccccc3[nH]2)c1
CHEMBL578930,1,233.8,nM,CHEMBL364,CHEMBL1040692,O=c1ccc2cc(Cl)c(O)c(Cl)c2o1
CHEMBL3233369,1,72.3,nM,CHEMBL364,CHEMBL3268861,Cn1c2ccccc2c2c(NCCCN)nc3ccccc3c21
CHEMBL2113959,0,40000.0,nM,CHEMBL364,CHEMBL2114000,c1nc(N2CCOCC2)c2sccc2n1
CHEMBL533310,1,988.61,nM,CHEMBL364,CHEMBL1054503,Clc1ccc(-c2cc(-c3csc(NCCN4CCCCC4)n3)on2)cc1
CHEMBL5078158,1,239.0,nM,CHEMBL364,CHEMBL5038373,O=C(c1cc2cc(Br)ccc2o1)N1CCc2c([nH]c3ccccc23)[C@H]1c1ccc(Br)cc1
CHEMBL1834774,1,106.0,nM,CHEMBL364,CHEMBL1837547,COc1ccc(F)cc1CNCCCNc1ccnc2cc(Oc3ccc(C(C)(C)C)cc3)ccc12
CHEMBL527977,1,3.2,nM,CHEMBL364,CHEMBL1054503,Br.CCOc1ccc(OCCCON2C(=N)N=C(N)NC2(C)C)cc1
CHEMBL4163896,1,100.0,nM,CHEMBL364,CHEMBL4142697,Cc1ccc(CN2C=CC(=[N+]3CCCC3)CC2(C)C)cc1.[Br-]
CHEMBL4633298,0,23000.0,nM,CHEMBL364,CHEMBL4628470,CCC(=O)CCCCCC(Oc1ccc2ccccc2c1)c1ncc(Cc2ccncc2)[nH]1
CHEMBL531740,1,677.84,nM,CHEMBL364,CHEMBL1054503,Cc1cccc2nc(-c3ccc(-c4ccc(CNCC5CCCO5)cc4)cc3)[nH]c12.O=C(O)C(F)(F)F
CHEMBL4564866,0,21000.0,nM,CHEMBL364,CHEMBL4343681,O=C(Nc1cccnc1)c1ccc(CNS(=O)(=O)c2ccc(N3CCOCC3)cc2)cc1
CHEMBL482023,0,59000.0,nM,CHEMBL364,CHEMBL980501,CC(C)=CCC/C(C)=C/Cc1c(O)cc(O)c2c(=O)c3cccc(O)c3oc12
CHEMBL5183845,1,240.0,nM,CHEMBL364,CHEMBL5097655,CC1(C)CCc2cc(CNCCc3ccccc3)c3c(c2O1)CCC(C)(C)O3
CHEMBL602946,1,558.9,nM,CHEMBL364,CHEMBL3392923,CC1CCCCN1CCCNC(=O)c1ccc2c(c1)sc1nc(-c3ccc(F)cc3)cn12
CHEMBL4468542,1,280.0,nM,CHEMBL364,CHEMBL4392025,CN(C)c1ccc(CNC(=O)[C@@H]2CNC[C@H]2c2cnc3ccccc3c2)cc1
CHEMBL547868,1,747.17,nM,CHEMBL364,CHEMBL1054503,O=C(N[C@@H](CC1CCCCC1)C(=O)NC1CCCCC1)c1ccc(O)c(-c2cccc(C(F)(F)F)c2)c1
CHEMBL3115724,0,151900.0,nM,CHEMBL364,CHEMBL3119713,Clc1ccc2c(-n3cc(CN4CCOCC4)nn3)ccnc2c1
CHEMBL1916923,0,50000.0,nM,CHEMBL364,CHEMBL1917971,O=C(NCc1ccoc1)C1CCC(Cn2c(=S)[nH]c3ccccc3c2=O)CC1
CHEMBL587826,1,86.6,nM,CHEMBL364,CHEMBL1040692,Cl.Cl.Oc1ccc(CN2CCCCC2)nc1-c1ccccc1
CHEMBL3706802,1,6.5,nM,CHEMBL364,CHEMBL833130,O=C(C1CC1)N(CCCN1CCN(CCCNc2ccnc3cc(Cl)ccc23)CC1)CC1CC1
CHEMBL1835168,0,128000.0,nM,CHEMBL364,CHEMBL1838231,CCOP(=O)(NC(C)C)Oc1cccc([N+](=O)[O-])c1C
CHEMBL4437034,0,153000.0,nM,CHEMBL364,CHEMBL5372015,CC(C)(O)[C@H]1O[C@@]2(O)CC[C@@]3(C)[C@@H](CC[C@H]4Cc5c([nH]c6ccccc56)[C@@]43C)C2=CC1=O
CHEMBL273045,1,599.0,nM,CHEMBL364,CHEMBL934471,O=S(=O)(NNc1ccnc2cc(Cl)ccc12)c1cccc2ccccc12
CHEMBL587092,1,780.79,nM,CHEMBL364,CHEMBL1054503,COc1cccc(CN2CCN(C(c3ccccc3)c3ccccc3)CC2)c1O.O=C(O)C(=O)O
CHEMBL1782208,0,12310.0,nM,CHEMBL364,CHEMBL1785111,COc1ccc(OCCCNC2=NC(N)=NC(c3ccccc3)N2)cc1.Cl
CHEMBL529935,1,893.08,nM,CHEMBL364,CHEMBL1054503,CNC(=O)C1Cc2c([nH]c3ccc(Cl)cc23)C2(CCN(CCc3ccccc3)CC2)N1
CHEMBL3634071,0,17600.0,nM,CHEMBL364,CHEMBL3637327,CCOc1ccc(OCc2ccc(C(=O)N3CCCCC3C)cc2)cc1
CHEMBL605720,1,370.0,nM,CHEMBL364,CHEMBL1069991,Cc1cc(NC2CCCCC2)nc(NCC23CC4CC(CC(C4)C2)C3)n1
CHEMBL588129,1,621.61,nM,CHEMBL364,CHEMBL1054503,CCCc1ccccc1Nc1nc(C)cc(N(CC)CCCN2CCCCC2)n1.O=C(O)C(F)(F)F
CHEMBL4562265,1,6.0,nM,CHEMBL364,CHEMBL4338833,CCn1c2c([n+](CC)c1C)C(=O)c1ccccc1C2=O.[Br-]
CHEMBL533390,1,8.62,nM,CHEMBL364,CHEMBL1054503,CC1(C)N=C(N)N=C(N)N1c1cccc(C(F)(F)F)c1.Cl
CHEMBL545895,1,804.17,nM,CHEMBL364,CHEMBL1054503,CN1CCC(Oc2ccc(CN3CC[C@H](NC(=O)c4cccc(C#N)c4)C3)c3ccccc23)C1.O=C(O)C(F)(F)F
CHEMBL474431,1,326.21,nM,CHEMBL364,CHEMBL1054503,CS(=O)(=O)CCNCc1cc(-c2cc3ncnc(Nc4ccc(OCc5cccc(F)c5)c(Cl)c4)c3s2)cs1
CHEMBL152982,0,23000.0,nM,CHEMBL364,CHEMBL760065,CCCOc1ccc(/C=C/C(=O)Nc2ccc(NC(=O)/C=C/c3ccc(OCCC)cc3)c(C(=O)c3ccccc3)c2)cc1
CHEMBL492613,1,800.0,nM,CHEMBL364,CHEMBL1772591,COc1ccc2cc3[n+](cc2c1OC)CCc1cc2c(cc1-3)OCO2.O=S(=O)([O-])O
CHEMBL5283537,1,0.8,nM,CHEMBL364,CHEMBL5241717,COC1(C(F)(F)F)O[C@@H]2O[C@]3(C)CC[C@H]4[C@H](C)CC[C@@H]([C@H]1C)[C@@]24OO3
CHEMBL208321,1,52.0,nM,CHEMBL364,CHEMBL870818,CCCCCC[n+]1ccc(C(=O)NCCCCCCNC(=O)c2cc[n+](CCCCCC)cc2)cc1.[Br-].[Br-]
CHEMBL3603896,1,197.0,nM,CHEMBL364,CHEMBL3606488,CN(Cc1ccc(F)cc1)C(=O)n1cnc(S(=O)(=O)[C@@H]2C[C@H]3CC[C@@H]2C3)n1
CHEMBL1224242,0,52900.0,nM,CHEMBL364,CHEMBL1225526,CC(C)(C)S[S+]([O-])Cc1ccccc1
CHEMBL26733,1,99.0,nM,CHEMBL364,CHEMBL760655,C=C[C@H]1C[N@+]2(Cc3cc(C(C)(C)C)c(OC)c(C(C)(C)C)c3)CC[C@H]1C[C@H]2[C@H](O)c1ccnc2ccc(OC)cc12.[Br-]
CHEMBL579795,1,356.08,nM,CHEMBL364,CHEMBL1054503,COCCOc1ccc(Nc2nccc(-c3c(-c4cccc(NC(=O)c5c(F)cccc5F)c4)nn4ccccc34)n2)cc1Cl
CHEMBL5423848,1,230.0,nM,CHEMBL364,CHEMBL5387098,CC(C)OC(=O)OCOP(=O)(OCOC(=O)OC(C)C)C(CCC(=O)N(C)O)c1ccc(Cl)c(Cl)c1
CHEMBL583164,1,3.43,nM,CHEMBL364,CHEMBL1040692,COc1cc(NC(C)CCCN(Cc2ccc(F)cc2)C(=O)C(C)(C)CCl)c2ncccc2c1
CHEMBL4798138,0,10000.0,nM,CHEMBL364,CHEMBL4738392,COc1ccc(S(=O)(=O)N2CCN(C(C)C(=O)N3CCCC3)CC2)cc1
CHEMBL5620025,0,24630.0,nM,CHEMBL364,CHEMBL5617247,O=S(=O)(c1ccc(Cl)c(Cl)c1)c1nnc(N2CCOCC2)o1
CHEMBL531751,1,98.78,nM,CHEMBL364,CHEMBL1054503,CO.Cc1nc(N)nc(N)c1OCc1cccc2c1ccc1ccccc12.Cl
CHEMBL577669,1,636.0,nM,CHEMBL364,CHEMBL1040692,CCCCN(CCCC)c1nc(=O)cc(-c2ccc(Cl)cc2)o1
CHEMBL581400,1,769.28,nM,CHEMBL364,CHEMBL1054503,CCOC(=O)CNC(=O)N(CCN(Cc1ccccc1)C(=O)NCC(=O)OCC)Cc1ccccc1
CHEMBL1181887,1,120.0,nM,CHEMBL364,CHEMBL2319042,Cc1c(CCOCCCCCCOCCc2sc[n+](C)c2C)sc[n+]1C
CHEMBL272857,1,134.2,nM,CHEMBL364,CHEMBL931167,COc1c(C)c(CN(CCNc2ccnc3cc(Cl)ccc23)CC(C)(C)C)c(OC)c2ccccc12
CHEMBL602750,0,15000.0,nM,CHEMBL364,CHEMBL730079,COc1ccc(-c2nn(C)c3sc(C(=O)Nc4cccc(C(F)(F)F)c4)cc23)cc1OC
CHEMBL169445,1,24.0,nM,CHEMBL364,CHEMBL3419247,[C-]#[N+][C@@]1(C)CC[C@H]2[C@H]3[C@H]4C(=CC(C)(C)C[C@@H]4C[C@@H]2C)CC[C@@H]31
CHEMBL529994,1,785.47,nM,CHEMBL364,CHEMBL1054503,N#Cc1cccc(NC(=O)NC2CCN(CCCCCNC(=O)C3CC3c3ccc(Cl)c(Cl)c3)CC2)c1
CHEMBL5614323,1,463.0,nM,CHEMBL364,CHEMBL5609713,COc1ccccc1CNC(=O)c1cc(C2CC2)nc2c1c(C)nn2C(C)(C)C
CHEMBL1412973,0,12589.25,nM,CHEMBL364,CHEMBL1267249,CC1CN(S(=O)(=O)c2cccc3cnccc23)CCN1.Cl.Cl
CHEMBL1224744,1,32.6,nM,CHEMBL364,CHEMBL1228648,Cc1c(CN2CCCC2)cc(-c2ccc(F)cc2)n1Nc1ccnc2cc(Cl)ccc12
CHEMBL4446072,1,29.0,nM,CHEMBL364,CHEMBL4403398,CC(C)=CC(=O)O[C@@H]1C[C@@]2(C)[C@@H](C=C1C)O[C@@H]1[C@H](O)[C@@H](O)[C@@]2(C)[C@]12CO2
CHEMBL531490,1,809.69,nM,CHEMBL364,CHEMBL1054503,Cc1ccccc1C1CCN(C2CCC(NC(=O)/C=C/c3c[nH]c4ccccc34)CC2)CC1
CHEMBL5183115,1,5.6,nM,CHEMBL364,CHEMBL5155584,OC[C@H](Cc1ccccc1)NC[C@@H](O)c1cc(C(F)(F)F)nc2c(C(F)(F)F)cccc12
CHEMBL4633803,1,1.9,nM,CHEMBL364,CHEMBL4616745,C[C@@H]1CC[C@H]2[C@@H](C)C(CC(=O)c3ccc(C(=O)CC4O[C@@H]5O[C@]6(C)CC[C@H]7[C@H](C)CC[C@@H]([C@H]4C)[C@@]57OO6)cc3)O[C@@H]3O[C@]4(C)CC[C@@H]1[C@]32OO4
CHEMBL4741720,1,335.0,nM,CHEMBL364,CHEMBL4738263,O=C(O)c1ccc(/C=N/Nc2ccnc3cc(Cl)ccc23)cc1
CHEMBL528204,1,750.7,nM,CHEMBL364,CHEMBL1054503,Cc1cnc2ccc(NS(=O)(=O)c3ccc4c(Cl)cccc4c3)cc2c1N1CCNCC1.Cl
CHEMBL346687,1,34.7,nM,CHEMBL364,CHEMBL758311,CCCCCCC(=O)NCCCN1CCN(CCCNc2ccnc3cc(Cl)ccc23)CC1
CHEMBL4099625,1,136.0,nM,CHEMBL364,CHEMBL4039511,CC[C@H](CO)NC(=O)c1cnc(Oc2ccc3c(c2C)B(O)OC3)cn1
CHEMBL533973,1,998.88,nM,CHEMBL364,CHEMBL1054503,CC(C)(C)c1ccc(CN2CCCCC(NC(=O)c3cc(-c4cccc(Cl)c4)cs3)C2)cc1.O=C(O)C(F)(F)F
CHEMBL6163497,1,950.0,nM,CHEMBL364,CHEMBL6120165,COc1cc2c(cc1OCC(F)(F)F)N(C(=O)c1cc3ccccc3[nH]1)CC21CCN(C)CC1
CHEMBL180206,1,1.8,nM,CHEMBL364,CHEMBL833958,C=C(C)C1CC[C@]2(C[C@H]1CCC)[C@H]1CC3C[C@@H](C1)C[C@H]2C3
CHEMBL154851,1,53.0,nM,CHEMBL364,CHEMBL763417,COC(=O)O[C@H]1C(=O)O[C@@H]2C[C@H]3C(C)=C(O)C(=O)C[C@]3(C)[C@H]3[C@@H](O)[C@H](O)[C@@]4(C(=O)OC)OC[C@]32[C@@H]14
CHEMBL110619,1,1.6,nM,CHEMBL364,CHEMBL3240059,CC1(C)[C@@H](n2cnc3ccccc3c2=O)C(=O)C[C@@H]2[C@@H](O)CCCN21
CHEMBL532172,1,366.83,nM,CHEMBL364,CHEMBL1054503,CCOC(=O)c1ccc(OCCOc2ccccc2)cc1
CHEMBL533898,1,728.27,nM,CHEMBL364,CHEMBL1054503,CN1CCN(Cc2cccc(-c3cc4nccc(Nc5ccc(Oc6ccccc6)cc5)c4cc3Cl)c2)CC1
CHEMBL586197,1,987.91,nM,CHEMBL364,CHEMBL1054503,Cl.O=C(Nc1ccnc2ccccc12)NC1CCN(Cc2ccccc2)CC1
CHEMBL528676,1,870.59,nM,CHEMBL364,CHEMBL1054503,COc1ccc(S(=O)(=O)Nc2cc(Br)cc3c2OCCC3)cc1N1CCN(C(=O)C(Cl)(Cl)Cl)CC1
CHEMBL578903,1,798.0,nM,CHEMBL364,CHEMBL1040691,CCN(CC)CCCN(Cc1cc2cc(OC)ccc2[nH]c1=O)C(=S)Nc1cccc(Cl)c1
CHEMBL532076,1,962.41,nM,CHEMBL364,CHEMBL1054503,CCc1ccc(CN(Cc2ccc(C)cc2)Cc2ccc(NC(C)=O)cc2)cc1
CHEMBL587513,1,925.14,nM,CHEMBL364,CHEMBL1054503,O=[N+]([O-])c1cccc(NC(=S)N2CCCN(Cc3ccc(Cl)cc3Cl)CC2)c1
CHEMBL537292,1,353.15,nM,CHEMBL364,CHEMBL1054503,Nc1ccc(-c2ccc3ccnc(N)c3c2)cn1.O=C(O)C(F)(F)F
CHEMBL586731,1,897.94,nM,CHEMBL364,CHEMBL1054503,Cc1cc(C(=O)N[C@H]2CCN(Cc3ccc(OCCCN(C)C)cc3)C2)ccc1Br.O=C(O)C(F)(F)F
CHEMBL599288,1,98.2,nM,CHEMBL364,CHEMBL1040692,O=C(Nc1ccccc1)NC1CC2CCCC(C1)N2CCc1ccccc1
CHEMBL3218329,1,1000.0,nM,CHEMBL364,CHEMBL3224860,COc1c(N(Cc2ccccc2)NC(=O)[C@H](CC(C)C)NC(=O)OC(C)(C)C)c(=O)c1=O
CHEMBL213559,1,5.0,nM,CHEMBL364,CHEMBL1117325,CCCN(CCCNc1ccnc2cc(Cl)ccc12)Cc1cc(F)ccc1OC
CHEMBL2029758,1,85.0,nM,CHEMBL364,CHEMBL2032995,CC[C@H]1OC(=O)[C@H](C)[C@@H](O[C@H]2C[C@@](C)(OC)[C@@H](O)[C@H](C)O2)[C@H](C)[C@@H](O[C@@H]2O[C@H](C)C[C@H](N(C)C)[C@H]2O)[C@](C)(O)C[C@@H](C)CN(CCCNC(=O)CCCc2ccccc2)[C@H](C)[C@@H](O)[C@]1(C)O
CHEMBL2418012,1,4.0,nM,CHEMBL364,CHEMBL2422960,N=C(N)c1ccc(COc2ccc(C(=N)N)cc2Br)cc1
CHEMBL1223810,1,190.0,nM,CHEMBL364,CHEMBL1226106,O=C(CCN1CCCCC1)N1CCC2(N3CCCCC3)CC(c3ccccc3)C1C(c1ccccc1)C2
CHEMBL559342,1,190.0,nM,CHEMBL364,CHEMBL1024382,CN(C)CCOc1cc2nc(N3CCN(C4=CC(=O)C5C=CC=CC5C4=O)CC3)nc(N)c2cc1OCCN(C)C
CHEMBL529776,1,374.5,nM,CHEMBL364,CHEMBL1054503,CCOC(=O)Cn1ccc2c(NCc3ccccc3)nc(C)nc21
CHEMBL579169,1,883.0,nM,CHEMBL364,CHEMBL1040692,OC(CNc1cccc2ccccc12)Cn1c2ccccc2c2ccccc21
CHEMBL3264079,1,770.0,nM,CHEMBL364,CHEMBL3265826,CN1CCC(Cc2ccc3ncc(-c4cnc(Nc5ncccc5F)nc4)n3n2)CC1
CHEMBL3144294,0,20000.0,nM,CHEMBL364,CHEMBL885085,NS(=O)(=O)NC(=O)OC[C@H]1O[C@@H](n2ccc(=O)[nH]c2=O)C[C@@H]1O
CHEMBL581834,1,791.22,nM,CHEMBL364,CHEMBL1054503,COc1ccc(-n2cc(C(=O)c3cc(Br)ccc3O)cc(C#N)c2=O)cc1Cl
CHEMBL4786850,1,1000.0,nM,CHEMBL364,CHEMBL4704380,Fc1ccc(-c2nc3c(N4CCN(c5ccccc5)CC4)nccc3[nH]2)cc1F
CHEMBL5197086,1,2.0,nM,CHEMBL364,CHEMBL5148564,CC(=O)N[C@H]1Cc2cccc(c2)Oc2cccc(c2)C[C@@H](C(=O)NCc2ccc(C)cc2)NC(=O)[C@H](CCc2ccccc2)NC1=O
CHEMBL5182947,1,2.0,nM,CHEMBL364,CHEMBL5104426,COC(=O)N1CCN(C(=N)c2cccc(NC(=O)Nc3ccc(S(=O)(=O)NCc4ccc(S(N)(=O)=O)cc4)cc3)c2)CC1
CHEMBL548374,1,584.0,nM,CHEMBL364,CHEMBL2028071,CCCCOC(=O)c1ccc(Nc2cc(C)nc3ccc(OC)cc23)cc1
CHEMBL534779,1,184.05,nM,CHEMBL364,CHEMBL1054503,Oc1ccc2[nH]c(-c3cccc(F)c3)nc2c1CN1CCC(N2CCCC2)CC1
CHEMBL548016,1,529.32,nM,CHEMBL364,CHEMBL1054503,COc1ccc(NC(=O)[C@H](Cc2ccccc2)Nc2cc(C)nc(NCCc3ccccc3OC)n2)cc1.O=C(O)C(F)(F)F
CHEMBL578726,1,328.0,nM,CHEMBL364,CHEMBL1040692,CCCCC(CC)C(=O)N(CCCC(C)Nc1cc(OC)cc2cccnc12)Cc1ccc(OC)c(OC)c1
CHEMBL1256698,0,15848.93,nM,CHEMBL364,CHEMBL1267245,Br.CN1CCc2cc(O)c(O)cc2C(c2ccccc2)C1
CHEMBL579790,1,47.62,nM,CHEMBL364,CHEMBL1054503,CCCC(C)n1ccc2c3c(N)nc(N)nc3ccc21
CHEMBL3329591,0,13790.0,nM,CHEMBL364,CHEMBL3363211,O=C(/C=C/c1ccc(NC(=S)Nc2ccccc2)cc1)C[C@@H]1O[C@H](CO)[C@@H](O)[C@H](O)[C@H]1O
CHEMBL2058830,1,343.0,nM,CHEMBL364,CHEMBL2060798,CC(C)[C@H]1c2nc(-c3ccc(F)cc3)c(Nc3ccc(F)c(Cl)c3)n2CCN1C(=O)CN
CHEMBL6175923,1,35.0,nM,CHEMBL364,CHEMBL6141362,Nc1nc2cc(-c3nn(Cc4ccc(Cl)c(Cl)c4)c4ncnc(N)c34)ccc2o1
CHEMBL23013,1,5.6,nM,CHEMBL364,CHEMBL1016908,N=C(N)c1ccc(OCCCOc2ccc(C(=N)N)cc2)cc1
CHEMBL587093,1,607.18,nM,CHEMBL364,CHEMBL1054503,CN(CCN)Cc1ccc(-c2ccc(-c3nc4cc(C(F)(F)F)ccc4[nH]3)s2)cc1.O=C(O)C(F)(F)F
CHEMBL242732,0,47600.0,nM,CHEMBL364,CHEMBL892146,Cl.Cl.N=C(N)NCCCC(N)C(=O)NCC(=O)NCCCCCCNC(=O)c1c2ccccc2nc2ccccc12
CHEMBL530536,1,282.03,nM,CHEMBL364,CHEMBL1054503,CC(CCCCC(=O)Nc1ccc(C(F)(F)F)cc1)NCC(O)c1cccc(Cl)c1
CHEMBL3786695,1,990.0,nM,CHEMBL364,CHEMBL3790247,CC(C)c1c(C(=O)Nc2ccccc2)c(-c2ccccc2)c(-c2ccc(F)cc2)n1CCNc1ccnc2cc(Cl)ccc12
CHEMBL1802722,1,44.9,nM,CHEMBL364,CHEMBL1804795,O=c1c2c([nH]c3ccc(-c4ccc(C(F)(F)F)cc4)cc13)CCCC2
CHEMBL514296,1,470.0,nM,CHEMBL364,CHEMBL968942,COc1ccc2c(c1)[n+]([O-])c(C#N)c(-c1ccc(Cl)cc1)[n+]2[O-]
CHEMBL4514289,1,110.0,nM,CHEMBL364,CHEMBL4384264,CC(=O)OC[C@H]1O[C@@H](CC(=O)/C=C2\C(=O)N(CCc3ccccc3)c3ccc(Cl)cc32)[C@H](OC(C)=O)[C@@H](OC(C)=O)[C@@H]1OC(C)=O
CHEMBL588280,1,143.94,nM,CHEMBL364,CHEMBL1054503,COc1ccc2nccc([C@@H](O)CN3CCC(NCc4cc5c(F)ccc(F)c5[nH]4)CC3)c2c1.O=C(O)C(=O)O
CHEMBL581519,1,690.08,nM,CHEMBL364,CHEMBL1054503,O=C(NC1CCCCC1)N(Cc1ccc(-c2ccc(CNCc3ccc4c(c3)OCO4)cc2)cc1)C1CCN(Cc2ccccc2)CC1.O=C(O)C(F)(F)F
CHEMBL4213344,0,16200.0,nM,CHEMBL364,CHEMBL4189089,CC1=C(Cl)C(=O)C(C(C)(C)C)=C(Cl)C1=O
CHEMBL588102,1,534.0,nM,CHEMBL364,CHEMBL1040692,O=C(C1CCN(S(=O)(=O)c2cccc3nonc23)CC1)N1CCCc2ccccc21
CHEMBL584449,1,133.1,nM,CHEMBL364,CHEMBL1040691,OCCCCCCCCCCC[n+]1ccccc1.[Br-]
CHEMBL6120807,1,27.1,nM,CHEMBL364,CHEMBL6097218,Cl.O=C(NO)c1cnc(N[C@H]2CC[C@@H](NCc3cnc4ccccc4c3)CC2)nc1
CHEMBL428119,1,340.0,nM,CHEMBL364,CHEMBL1931806,c1cc(OCCCCCOc2cccc(-c3nc4ccccc4[nH]3)c2)cc(-c2nc3ccccc3[nH]2)c1
CHEMBL582322,1,33.0,nM,CHEMBL364,CHEMBL1040692,COC(=O)c1ccc(C2C3=C(O)CC(c4ccco4)CC3=Nc3ccccc3N2C(=O)c2ccccc2)cc1
CHEMBL4286442,0,17250.0,nM,CHEMBL364,CHEMBL4270463,C[C@]12CC[C@@H]3c4ccc(OCc5ccccc5)cc4CC[C@H]3[C@@H]1C[C@H](CO)[C@@H]2O
CHEMBL584247,1,937.0,nM,CHEMBL364,CHEMBL1040692,COc1cc(C=C(C#N)c2nc3ccccc3[nH]2)ccc1OCc1ccccc1F
CHEMBL5419218,1,40.0,nM,CHEMBL364,CHEMBL5352870,COc1ccc2c(c1)nc(-c1cccc(CNCCCN3CCN(CCCNCc4cccc(-c5nc6ccc(OC)cc6n6cccc56)c4)CC3)c1)c1cccn12
CHEMBL533572,1,807.6,nM,CHEMBL364,CHEMBL1054503,CCc1c(C(=O)NC2CCC(N3CCC(c4ccccc4C)CC3)CC2)[nH]c2ccc(OC)cc12
CHEMBL585597,1,425.0,nM,CHEMBL364,CHEMBL1040692,CCOC(=O)c1c(S(=O)(=O)Nc2ccc(C(C)(C)C)cc2)c(-c2ccccc2)n(-c2ccccc2)c1C
CHEMBL547261,1,264.38,nM,CHEMBL364,CHEMBL1054503,Cc1ccc(NC(=O)Nc2ccc(Cl)c(C(F)(F)F)c2)cc1-c1ccc(C(=O)Nc2ccncc2)cc1
CHEMBL119315,1,155.5,nM,CHEMBL364,CHEMBL1040691,CCCCOc1ccc(N2C(N)=NC(N)=NC2(C)C)cc1
CHEMBL582712,1,222.6,nM,CHEMBL364,CHEMBL1040692,CCOc1ccc(NC(=O)NC(Cc2c[nH]c3ccccc23)C(=O)N2CCN(C(=O)NC(C)C)C(C)C2)cc1
CHEMBL238329,0,540000.0,nM,CHEMBL364,CHEMBL896357,O=C(NCCCN1CCN(CCC/N=c2\cc[nH]c3cc(Cl)ccc23)CC1)C(c1cccc(Cl)c1)n1ccnc1
CHEMBL531852,1,888.58,nM,CHEMBL364,CHEMBL1054503,Cc1nnsc1C(=O)Nc1cccc(-c2ccc(-c3nc4cc(F)ccc4[nH]3)s2)c1
CHEMBL537,0,12589.25,nM,CHEMBL364,CHEMBL1267245,Oc1ccc(O)cc1
CHEMBL533402,1,341.68,nM,CHEMBL364,CHEMBL1054503,O=C(Nc1cccc(CN2CCCN(Cc3ccc(O)cc3)CC2)c1)c1ccc(-c2ccccc2)cc1.O=C(O)C(F)(F)F
CHEMBL607519,1,534.0,nM,CHEMBL364,CHEMBL1040692,CCCCSCC(O)CN1CCCCC1
CHEMBL529320,1,991.0,nM,CHEMBL364,CHEMBL1054503,CN(C)CCOc1cc(NC(=O)Nc2ccc(-c3ccncc3)c(C(F)(F)F)c2)ccc1Cl
CHEMBL852,0,15848.93,nM,CHEMBL364,CHEMBL1267248,N[C@@H](Cc1ccc(N(CCCl)CCCl)cc1)C(=O)O
CHEMBL1813094,1,3.6,nM,CHEMBL364,CHEMBL1816225,COC1=CC(c2ccc[nH]2)=N/C1=C\c1[nH]c(Cc2ccccc2Cl)cc1Cc1ccccc1Cl
CHEMBL529614,1,899.39,nM,CHEMBL364,CHEMBL1054503,CN(C)c1ccc(CN2CCC(NC(=O)c3ccc(-c4ccccc4Cl)s3)CC2)cc1.O=C(O)C(F)(F)F
CHEMBL1774609,1,400.0,nM,CHEMBL364,CHEMBL1776674,COc1ccc(C(=O)/C=C/c2cc(CN3CCN(c4ccnc5cc(Cl)ccc45)CC3)c(O)c(OC)c2)c(OC)c1
CHEMBL3437336,1,568.25,nM,CHEMBL364,CHEMBL4649964,COc1ccc2[nH]c(C[C@@H]3C[C@@H](C(C)C)[C@H](CN(C)C)C=C3C)nc2c1
CHEMBL547504,1,852.66,nM,CHEMBL364,CHEMBL1054503,COCc1ccc(CN2CCC(C(=O)Nc3ccc(-c4nc5ccccc5[nH]4)cc3)CC2)o1
CHEMBL600113,1,388.0,nM,CHEMBL364,CHEMBL1040692,COc1ccc([N+](=O)[O-])cc1C=NNc1nc(Nc2ccc([N+](=O)[O-])cc2)nc(N2CCN(C)CC2)n1
CHEMBL46153,0,500000.0,nM,CHEMBL364,CHEMBL763692,CCc1nc(CCN)c[nH]1
CHEMBL582155,1,403.91,nM,CHEMBL364,CHEMBL1054503,Cc1cc(NC2CCN(CC3CCCCC3)C2)nc(Nc2ccc(Cl)cc2)n1
CHEMBL1256671,0,15848.93,nM,CHEMBL364,CHEMBL1267245,CCOC(=O)c1cnc2c(cnn2CC)c1NN=C(C)C.Cl
CHEMBL562637,0,47200.0,nM,CHEMBL364,CHEMBL1055835,O=C(N[C@@H](Cc1ccccc1)[C@H](O)CN1CCN(Cc2ccc3c(c2)OCO3)CC1)c1cc(Cl)cc(Cl)c1
CHEMBL1214222,0,100000.0,nM,CHEMBL364,CHEMBL1217289,CC1(C)OC(=O)C(=Cc2cccs2)C(=O)O1
CHEMBL608989,0,13400.0,nM,CHEMBL364,CHEMBL1067384,Cn1ccc2nccc-2c1
CHEMBL2316522,1,11.0,nM,CHEMBL364,CHEMBL4193441,COc1ccc(/C=C/C(=O)NCCCCNc2ccnc3cc(Cl)ccc23)cc1
CHEMBL534610,1,288.95,nM,CHEMBL364,CHEMBL1054503,Cl.N=C(N)Nc1ccc(CCc2ccc(NC(=N)N)cc2)cc1
CHEMBL4868299,1,440.0,nM,CHEMBL364,CHEMBL4808462,CC(C)Oc1nncc(-c2cnnc(OCCN(C)C)n2)n1
CHEMBL527504,1,236.15,nM,CHEMBL364,CHEMBL1054503,CC(=O)Nc1ccccc1OCc1cc2cc(C(=O)N3CCC(N4C(=O)OCc5ccccc54)CC3)ccc2o1
CHEMBL197346,0,40000.0,nM,CHEMBL364,CHEMBL884197,CC(C)=CCC/C(C)=C/CC1(C)SC(O)=C(C)C1=O
CHEMBL547299,1,457.04,nM,CHEMBL364,CHEMBL1054503,CCCCNCc1cc(Cl)c2ccccc2c1O.Cl
CHEMBL4854951,1,560.0,nM,CHEMBL364,CHEMBL4811839,CC[C@@](C)(NC(=O)[C@@H]1CCCN1C(=O)C(C)(C)NC(=O)[C@@H](NC(=O)[C@H](CO)NC(=O)[C@@H]1CCCN1C(=O)C(C)(C)NC(=O)[C@H](CC(C)C)NC(=O)[C@H](CC(N)=O)NC(=O)C(C)(C)NC(C)=O)C(C)C)C(=O)N[C@@H](CC(C)C)C(=O)NC(C)(C)C(=O)N1CCC[C@H]1C(=O)N[C@H](CO)CC(C)C
CHEMBL3217155,1,73.6,nM,CHEMBL364,CHEMBL1646248,Cl.Cl.Cl.Nc1nccc2ccc(NCc3ccc(Cl)cc3)cc12
CHEMBL86739,1,167.0,nM,CHEMBL364,CHEMBL764525,O=S(=O)(NCCCN1CCN(CCCNc2ccnc3cc(Cl)ccc23)CC1)c1ccccc1
CHEMBL445,1,500.0,nM,CHEMBL364,CHEMBL4180218,CNCCC=C1c2ccccc2CCc2ccccc21
CHEMBL4980566,1,534.0,nM,CHEMBL364,CHEMBL4888493,CC(C)c1ccc2ncnc(N[C@H]3CCc4[nH]cnc4C3)c2c1
CHEMBL3094515,0,27000.0,nM,CHEMBL364,CHEMBL3095329,COc1cc(O)cc(/C=C/c2ccc(O)c(O)c2)c1
CHEMBL2368170,1,0.69,nM,CHEMBL364,CHEMBL4616749,C[C@H]1[C@@H](CCOC(=O)c2ccc(F)cc2)O[C@@H]2O[C@]3(C)CC[C@H]4[C@H](C)CC[C@@H]1[C@@]24OO3
CHEMBL3099818,1,46.0,nM,CHEMBL364,CHEMBL3100531,COc1ccc(C(NCCNc2ccnc3cc(Cl)ccc23)c2nnnn2C(C)(C)C)cc1
CHEMBL577136,1,266.2,nM,CHEMBL364,CHEMBL1040692,Cc1c(C(=O)N2CCC(C)CC2)sc2ncn(CC(=O)N3CCN(c4ccccn4)CC3)c(=O)c12
CHEMBL547951,1,782.46,nM,CHEMBL364,CHEMBL1054503,Cc1ccc(C(=O)NCC2CCN(c3ccc(C(F)(F)F)cc3NC(=O)c3ccco3)CC2)cn1
CHEMBL531114,1,618.02,nM,CHEMBL364,CHEMBL1054503,O=C(Nc1ccc(C(F)(F)F)cc1)c1ccc(S(=O)(=O)NC2CCN(Cc3ccccc3)C2)cc1.O=C(O)C(F)(F)F
CHEMBL2063621,1,49.48,nM,CHEMBL364,CHEMBL2067427,Clc1ccc2c(NCCCNCCNCCCNc3ccnc4cc(Cl)ccc34)ccnc2c1
CHEMBL473535,0,21500.0,nM,CHEMBL364,CHEMBL944269,Oc1ccc(Cl)cc1Sc1cc(Cl)ccc1O
CHEMBL2407185,0,10000.0,nM,CHEMBL364,CHEMBL2412046,Cc1ccccc1C(=O)N(O)CCC(c1ccc(Cl)c(Cl)c1)P(=O)(O)O
CHEMBL531303,1,438.26,nM,CHEMBL364,CHEMBL1054503,O=C(NCC1CCN(CCN2CCC(c3cn(CCO)c4ccccc34)CC2)CC1)c1ccc(-c2ccc(C(F)(F)F)cc2)cc1
CHEMBL585023,1,619.0,nM,CHEMBL364,CHEMBL1040691,CCOC(=O)c1c(NC(=O)CSc2nnc(CNC(=O)c3cccs3)n2-c2ccccc2OC)sc2c1CCC2
CHEMBL3120279,1,16.0,nM,CHEMBL364,CHEMBL3123464,CNc1nc(NCCCN(C)C)c2sc(-c3cccc(OC(F)(F)F)c3)cc2n1
CHEMBL533360,1,344.45,nM,CHEMBL364,CHEMBL1054503,CCCCCCOc1ccc(N2C(N)=NC(N)=NC2(C)C)cc1.Cl
CHEMBL583610,1,610.0,nM,CHEMBL364,CHEMBL1040691,O=C(NCCCN1CCOCC1)c1c[nH]c2ccc(S(=O)(=O)N3CCc4ccccc43)cc2c1=O
CHEMBL3137632,0,10000.0,nM,CHEMBL364,CHEMBL3137666,O=C(c1cncc2nnc(-c3ccc(OC(F)F)cc3)n12)N1CCc2cc(F)ccc21
CHEMBL431265,1,270.0,nM,CHEMBL364,CHEMBL766047,COc1ccc2nc3cc(Cl)ccc3c(NCCCN(CCCNc3c4ccc(Cl)cc4nc4ccc(OC)cc34)C(=O)CCC(=O)O)c2c1
CHEMBL5408264,1,32.0,nM,CHEMBL364,CHEMBL5329400,Cc1cc(NCCCCNc2ccnc3cc(Cl)ccc23)nc(Nc2ccc(C(=O)N3CCOCC3)cc2)n1
CHEMBL549199,1,786.8,nM,CHEMBL364,CHEMBL1054503,CCN(CC)CCCC(C)Nc1c2cc(OC)ccc2nc2cc(Cl)c([N+](=O)[O-])cc12
CHEMBL5575753,0,10686.5,nM,CHEMBL364,CHEMBL5551418,COc1cc(NC(C)CCCNC(=O)NCCOc2ccc3[nH]c4c(C)nccc4c3c2)c2ncccc2c1
CHEMBL147000,0,16000.0,nM,CHEMBL364,CHEMBL766989,COc1ccc(C(=O)CCc2ccc(F)c(F)c2)c(OC)c1
CHEMBL4078949,1,660.0,nM,CHEMBL364,CHEMBL4018984,CN1CCCc2ccc(Nc3nnc(-c4cccc(-c5cccnc5)c4)o3)cc2C1
CHEMBL3823080,0,10000.0,nM,CHEMBL364,CHEMBL3826384,Cc1occc(=O)c1Oc1nc(C(Cl)(Cl)Cl)nc2ccccc12
CHEMBL525657,1,711.49,nM,CHEMBL364,CHEMBL1054503,COc1cc2nc(NCCc3ccccc3)nc(NCc3cnn(C)c3C)c2cc1OC
CHEMBL4166222,0,20000.0,nM,CHEMBL364,CHEMBL4140744,COc1cnc(Nc2ncnc3ccc(-c4cccc(N5CCOCC5)c4)cc23)cn1
CHEMBL601498,0,15000.0,nM,CHEMBL364,CHEMBL730079,CC(=O)N1CCc2c(sc(NC(=O)c3ccc(C)c(C)c3)c2C(N)=O)C1
CHEMBL599306,1,679.0,nM,CHEMBL364,CHEMBL1040691,CCOc1cccc(Nc2cc(C)nc3ncnn23)c1
CHEMBL595471,1,200.0,nM,CHEMBL364,CHEMBL1069991,Cc1cc(NC2CCCCC2)nc(NCc2ccc3c(c2)OCO3)n1
CHEMBL547101,1,13.78,nM,CHEMBL364,CHEMBL1040691,COc1ccc(N2C(N)=NC(N)=NC2(C)C)cc1.Cl
CHEMBL588417,1,679.12,nM,CHEMBL364,CHEMBL1054503,O=C(/C=C/c1ccc(Cl)c(Cl)c1)NCCCCCCN1CCN(C(=O)Nc2ccc(OC(F)F)cc2)CC1
CHEMBL536638,1,596.97,nM,CHEMBL364,CHEMBL1054503,COc1ccc2nccc(NCC3(O)CCN(CCc4ccc5c(c4)OCCO5)CC3)c2n1.Cl
CHEMBL21396,0,59000.0,nM,CHEMBL364,CHEMBL1003848,COc1ccc2c(OC)c3ccoc3nc2c1OC
CHEMBL1673070,0,256000.0,nM,CHEMBL364,CHEMBL1673899,NC(c1cccc(O)c1)P(=O)(O)O
CHEMBL580133,1,446.0,nM,CHEMBL364,CHEMBL1040691,CN1/C(=C/c2cccc[n+]2C)C=Cc2ccccc21
CHEMBL3818376,1,50.0,nM,CHEMBL364,CHEMBL3820737,OCCCCCNc1nccc(NCCCCNc2ccnc3cc(Cl)ccc23)n1
CHEMBL1682448,1,55.3,nM,CHEMBL364,CHEMBL1687070,CC[C@H]1OC(=O)[C@H](C)[C@@H](O[C@H]2C[C@@](C)(OC)[C@@H](O)[C@H](C)O2)[C@H](C)[C@@H](O[C@@H]2O[C@H](C)C[C@H](N(C)C)[C@H]2O)[C@](C)(O)C[C@@H](C)CN(CCCNC(=S)Nc2cccc(-c3ccccc3)c2OC)[C@H](C)[C@@H](O)[C@]1(C)O
CHEMBL587764,1,2.0,nM,CHEMBL364,CHEMBL3271814,CCCN(CCC)C(=O)c1cc(C(=O)N[C@@H](Cc2ccccc2)[C@H](O)CNC(C)(C)c2cccc(OC)c2)cc(N2CCCCS2(=O)=O)c1
CHEMBL239289,1,133.0,nM,CHEMBL364,CHEMBL900417,c1cc2cc(CCCCCc3cc4ccc(C5=NCCN5)cc4o3)oc2cc1C1=NCCN1
CHEMBL5268529,1,77.44,nM,CHEMBL364,CHEMBL5250373,O=S(=O)(c1ccc(F)cc1)N1CCC2(CC1)OOC1(CCCCC1)OO2
CHEMBL587828,1,831.68,nM,CHEMBL364,CHEMBL1054503,Cc1cccc(NC(c2cccs2)c2c(NC(=O)c3ccccc3)sc(C)c2C)n1
CHEMBL586599,1,448.5,nM,CHEMBL364,CHEMBL1054503,COc1ccc(NC(=O)c2c(NC(=O)c3cccs3)sc3c2CCCC3)cc1
CHEMBL298221,1,130.0,nM,CHEMBL364,CHEMBL761156,C=Cc1c2[nH]c3ccccc3c2c(OC)c[n+]1CC.Cc1ccc(S(=O)(=O)[O-])cc1
CHEMBL5395790,1,580.0,nM,CHEMBL364,CHEMBL5345214,COc1ccc(/C=C/C(=O)c2ccc(S(=O)(=O)NCCCNc3cncc4cc(Cl)ccc34)cc2)c(OC)c1OC
CHEMBL529965,1,152.82,nM,CHEMBL364,CHEMBL1054503,Cc1cc(=NN=Cc2ccccc2)c2cc(C(F)(F)F)ccc2[nH]1
CHEMBL549085,1,859.03,nM,CHEMBL364,CHEMBL1054503,CN(C)CCCNCCS(=O)(=O)c1cccc(Nc2ccc(-c3cccc(N(C)C)c3)cn2)c1
CHEMBL534254,1,886.84,nM,CHEMBL364,CHEMBL1054503,Cc1cc([N+](=O)[O-])ccc1N1CCN(CCCCNC(=O)c2ccc(NC(=O)c3ccc(Cl)cc3)cc2)CC1
CHEMBL527244,1,300.57,nM,CHEMBL364,CHEMBL1054503,C=CCn1c(Sc2ccc(C#N)c([N+](=O)[O-])c2)nnc1-c1cccc(Cl)c1
CHEMBL512200,1,1000.0,nM,CHEMBL364,CHEMBL1217000,CN(C)c1ccc(Nc2c3ccccc3nc3cc(Cl)ccc23)cc1
CHEMBL3326567,1,54.0,nM,CHEMBL364,CHEMBL3375065,[Br-].c1ccc(CSc2ncnc3c2ncn3Cc2ccc(CCCCc3ccc(C[n+]4ccc(N5CCCC5)cc4)cc3)cc2)cc1
CHEMBL3401704,1,4.0,nM,CHEMBL364,CHEMBL3405931,Clc1ccc2c(NCCCNCc3ccc(-c4ccccc4)o3)ccnc2c1
CHEMBL6143880,1,3.51,nM,CHEMBL364,CHEMBL6085560,CC(C)OC1=CC(c2ccc[nH]2)=N/C1=C\NC1CCCCCC1.Cl
CHEMBL450992,1,16.0,nM,CHEMBL364,CHEMBL1018964,CCN(CC)CCC(=O)NCCCCCNc1ccnc2cc(Cl)ccc12
CHEMBL241632,0,18000.0,nM,CHEMBL364,CHEMBL901502,CSC(=CC(=O)c1ccc([N+](=O)[O-])cc1)SC
CHEMBL4242707,0,17400.0,nM,CHEMBL364,CHEMBL4231837,Cc1cc(C)c(Oc2nc(N)nc(Nc3cc(F)cc(F)c3)n2)c(C)c1
CHEMBL1213315,1,1000.0,nM,CHEMBL364,CHEMBL1217000,Cc1nc2cnncc2n1-c1ccc(Cl)cc1C(=O)c1ccccc1Cl
CHEMBL3218323,0,10000.0,nM,CHEMBL364,CHEMBL3224860,CN(C)CC(C)(C)CNc1c(NCC(C)(C)CN(C)C)c(=O)c1=O
CHEMBL2442603,1,410.0,nM,CHEMBL364,CHEMBL2444844,CO/N=C(\N)c1ccc(-c2cncc(-c3ccc(/C(N)=N\OC)cc3)n2)cc1
CHEMBL2435552,0,15057.0,nM,CHEMBL364,CHEMBL2438822,CN(Cc1ccccc1)C(=O)Cc1cn(CNc2ccnc3cc(C#N)ccc23)nn1
CHEMBL484522,0,64000.0,nM,CHEMBL364,CHEMBL1006270,Cn1c2nc3ccccc3c-2c(Cl)c2ccccc21
CHEMBL3120277,1,4.0,nM,CHEMBL364,CHEMBL3123464,CNc1nc(NCCCN(C)C)c2sc(-c3cccc(C#N)c3)cc2n1
CHEMBL3234098,1,732.0,nM,CHEMBL364,CHEMBL3241686,O=C(c1ccc(-c2ccc3ncc(-c4ccc(C(F)(F)F)cc4)n3n2)cc1)N1CCOCC1
CHEMBL582676,1,649.0,nM,CHEMBL364,CHEMBL1040692,Cc1ccccc1C(=O)N(CC(=O)Nc1cc(C(C)(C)C)nn1-c1ccccc1Cl)C(C)C
CHEMBL583163,1,153.3,nM,CHEMBL364,CHEMBL1040691,c1ccc(CCc2nc3cccnc3n2C2CCN(C3CCN(Cc4ccccc4)CC3)CC2)cc1
CHEMBL5575374,1,140.0,nM,CHEMBL364,CHEMBL5622865,COc1cc(NCCCCNC(=O)/C=C/c2cccc(F)c2)c2nc3cc(Cl)ccc3cc2c1
CHEMBL602420,1,170.9,nM,CHEMBL364,CHEMBL1040692,COc1ccccc1N(CN1C(=O)c2ccc(Br)cc2C1=O)C(C)=O
CHEMBL1172129,0,17000.0,nM,CHEMBL364,CHEMBL1175698,Cc1ccc(Cl)cc1S(=O)(=O)Nc1ccc(Cl)c(Cl)c1
CHEMBL581920,1,282.89,nM,CHEMBL364,CHEMBL1054503,COc1ccc(C=Cc2ccc(-c3c(C)[nH]c(C)c(Cl)c3=O)cc2)cc1OC
CHEMBL270278,0,56600.0,nM,CHEMBL364,CHEMBL931127,CCS(=O)(=O)/C=C/CNC(=O)CN1C(=O)[C@@H](COC(=O)Nc2ccc(Cl)cc2C(F)(F)F)N=C(c2ccccc2)c2ccccc21
CHEMBL2063976,0,25000.0,nM,CHEMBL364,CHEMBL2067438,COc1cc2cc(S(=O)(=O)c3ccc(Cl)cc3)c3nc(C)sc3c2cc1OC
CHEMBL4060939,1,3.83,nM,CHEMBL364,CHEMBL4008832,Cc1c(-c2ccc(Cc3ccc(OC(F)(F)F)cc3)cc2)[nH]c2cccc(F)c2c1=O
CHEMBL580464,1,873.37,nM,CHEMBL364,CHEMBL1054503,CS(=O)(=O)CCNc1cc(N2CCc3ncnc(Nc4ccc(OCc5cccc(F)c5)c(Cl)c4)c3C2)ncn1
CHEMBL592820,0,15000.0,nM,CHEMBL364,CHEMBL730079,Cc1ccc(-c2nc(-c3ccc(Cl)cc3)no2)cc1
CHEMBL531148,1,960.65,nM,CHEMBL364,CHEMBL1054503,O=C(Nc1cccc(-c2ccc(CN3CCC(O)CC3)cc2)c1)c1ccc(Cl)cc1.O=C(O)C(F)(F)F
CHEMBL2407836,1,220.0,nM,CHEMBL364,CHEMBL2411786,CCc1c(OC)c(=O)ccn1CCCCCCNc1ccnc2cc(Cl)ccc12
CHEMBL533238,1,776.91,nM,CHEMBL364,CHEMBL1054503,CCOC(=O)c1ccc(OCCCCCCOc2ccc(Br)cc2)cc1
CHEMBL530167,1,40.0,nM,CHEMBL364,CHEMBL4048940,Cc1[nH]c(C)c(-c2ccc(OCc3cc(F)cc(F)c3)nc2)c(=O)c1Br
CHEMBL1950991,0,35000.0,nM,CHEMBL364,CHEMBL1953560,C=CCOC[C@@H]1Cc2c(n(Cc3ccccc3)c3ccccc23)[C@H]2CCCC(=O)N12
CHEMBL3740623,1,1000.0,nM,CHEMBL364,CHEMBL3745054,Cc1c(-c2ccc(-c3ccc(OC(F)(F)F)cc3)cn2)[nH]c2ccccc2c1=O
CHEMBL5178624,1,10.0,nM,CHEMBL364,CHEMBL5148396,CCCCc1cc(=O)oc2cc(C)cc(OC(CCCC)C(=O)N3Cc4[nH]c5ccccc5c4C[C@H]3C(=O)OC)c12
CHEMBL5410878,1,112.0,nM,CHEMBL364,CHEMBL5338523,FC(F)(F)c1nc(-c2ccc(CCN3CCC(Nc4nc5cnc(Cl)cc5[nH]4)CC3)cc2)no1
CHEMBL536812,1,731.24,nM,CHEMBL364,CHEMBL1054503,COc1cc(C(=O)NCCCN2CCN(c3cc(Cl)ccc3OC)CC2)ccc1-c1nc2cc(Cl)c(Cl)cc2[nH]1
CHEMBL578877,1,661.0,nM,CHEMBL364,CHEMBL1040692,N#CC(C#N)C(C(Sc1ccc([N+](=O)[O-])cc1)=C(O)c1ccccc1)c1cccs1
CHEMBL533671,1,806.84,nM,CHEMBL364,CHEMBL1054503,Cc1ccc(-c2noc(=O)n2CC(=O)Nc2ccccc2-c2ccccc2)cc1
CHEMBL3603900,1,290.0,nM,CHEMBL364,CHEMBL3606488,CN(Cc1ccc(S(C)(=O)=O)cc1)C(=O)n1cnc(S(=O)(=O)[C@@H]2C[C@H]3CC[C@@H]2C3)n1
CHEMBL254613,0,100000.0,nM,CHEMBL364,CHEMBL1175900,COc1cc(O)c2c(c1)O[C@H](c1ccccc1)CC2=O
CHEMBL4457843,1,140.0,nM,CHEMBL364,CHEMBL4373125,N#Cc1c(C(F)(F)F)cc(NCc2cccs2)n2c1nc1cc(Cl)c(Cl)cc12
CHEMBL535638,1,358.0,nM,CHEMBL364,CHEMBL926257,Cl.Cl.N=C(NC1CC1)c1ccc(N2CCN(c3ccc(C(=N)NC4CC4)cc3)CC2)cc1
CHEMBL2063020,1,138.81,nM,CHEMBL364,CHEMBL2066757,O=C(/C(=C/c1ccc(F)cc1F)Oc1ccc(/C=N/Nc2ccnc3cc(Cl)ccc23)cc1)c1ccc(Cl)cc1
CHEMBL5437920,0,910140.0,nM,CHEMBL364,CHEMBL5345208,O=Cc1ccc(OCc2cn(CC(=O)NCCCNc3ccnc4cc(Cl)ccc34)nn2)cc1
CHEMBL3476016,1,536.61,nM,CHEMBL364,CHEMBL4649964,CC(C)CN1CCCC1c1ccc(C(=O)Nc2cccnc2)s1
CHEMBL591511,0,15000.0,nM,CHEMBL364,CHEMBL730079,CCCCCCCCn1cnc2ccccc21
CHEMBL529901,1,384.0,nM,CHEMBL364,CHEMBL1040692,Clc1ccc(-c2c[n+](Cc3ccccc3Cl)c3n2CCC3)cc1
CHEMBL529883,1,979.11,nM,CHEMBL364,CHEMBL1054503,O=C(Nc1ccc(Cl)c(Cl)c1)N1CCC(CNCc2cccc([N+](=O)[O-])c2)CC1.O=C(O)C(F)(F)F
CHEMBL5185678,1,160.0,nM,CHEMBL364,CHEMBL5150545,Cc1ccccc1-n1nnnc1C(c1cncnc1)N(Cc1cccc(C(F)(F)F)c1)C1CC1
CHEMBL4202811,1,260.0,nM,CHEMBL364,CHEMBL4189347,Fc1ccc(Nc2cc3[nH]c(-c4cccc(-c5nnn[nH]5)c4)nc3cn2)nc1
CHEMBL342653,0,600000.0,nM,CHEMBL364,CHEMBL880957,COc1ccc(C(=O)/C=C/c2ccc(F)cc2Cl)c(OC)c1
CHEMBL4637990,1,5.7,nM,CHEMBL364,CHEMBL4606263,COc1cc2[nH]c3cc(Nc4ccc(CN5CCOCC5)cc4)ccc3c(=O)c2cc1Cl
CHEMBL581814,1,864.94,nM,CHEMBL364,CHEMBL1054503,Cl.O=C1COc2ccc(S(=O)(=O)N3CCC[C@@H]3CCN3CCC(c4c[nH]c5cnccc45)CC3)cc2N1
CHEMBL532470,1,892.32,nM,CHEMBL364,CHEMBL1054503,Cc1cccc(C)c1C1CCN(CCCCNC(=O)c2cc3ccccc3[nH]2)CC1
CHEMBL2312440,1,317.0,nM,CHEMBL364,CHEMBL2320055,Nc1cc(NCCNc2ccnc3cc(Cl)ccc23)nc(N)n1
CHEMBL5619952,0,50000.0,nM,CHEMBL364,CHEMBL5617247,Cc1ccc(C)c(CSc2nnc(N3CCOCC3)o2)c1
CHEMBL528200,1,948.94,nM,CHEMBL364,CHEMBL1054503,CCc1cc(Br)c(CNCCCNc2cc(=O)c3ccccc3[nH]2)s1.Cl
CHEMBL260389,1,82.8,nM,CHEMBL364,CHEMBL933737,CCN(CC)CCCNCCCCCCNc1ccnc2cc(Cl)ccc12
CHEMBL3349401,1,0.39,nM,CHEMBL364,CHEMBL763544,C[C@@H]1CC[C@H]2C(Cn3ccnc3)C(O)O[C@@H]3O[C@]4(C)CC[C@@H]1[C@]32OO4
CHEMBL588883,1,877.12,nM,CHEMBL364,CHEMBL1054503,CN1CCN(c2ccnc3ccc(NC(=O)Nc4cccc5c(-c6ccncc6)cccc45)cc23)CC1
CHEMBL2409056,0,15740.0,nM,CHEMBL364,CHEMBL2410144,COc1cc2c(cc1OC)O[C@H](c1ccc(O)c(O)c1)CC2
CHEMBL4102482,1,14.15,nM,CHEMBL364,CHEMBL4054299,COc1ccc(/C=C/C(=O)NCCNc2ccnc3cc(Cl)ccc23)cc1OC
CHEMBL1172031,1,88.0,nM,CHEMBL364,CHEMBL1173896,FC(F)(F)Oc1ccc(Nc2cc(Nc3nccn3-c3cc(N4CCC(N5CCOCC5)CC4)cc(C(F)(F)F)c3)ncn2)cc1
CHEMBL425068,0,53400.0,nM,CHEMBL364,CHEMBL1017630,C=C1CC[C@@H]2[C@](C)(CCC[C@]2(C)C(=O)OC)[C@H]1CCC1=CCOC1=O
CHEMBL580101,1,819.57,nM,CHEMBL364,CHEMBL1054503,COc1ccc2nccc([C@@H](O)CN3CCC(NC(=O)Cc4ccc(Br)c5ccccc45)CC3)c2c1
CHEMBL3133570,0,25000.0,nM,CHEMBL364,CHEMBL3136200,CC(C)Sc1sc(C(=O)NC23CC4CC(CC(C4)C2)C3)c(-c2ccc(Cl)cc2)c1C#N
CHEMBL588753,1,966.03,nM,CHEMBL364,CHEMBL1054503,COc1ccc(-c2cc(NCc3ccc(-n4ccnc4)cc3)nc(Nc3ccccc3)n2)cc1
CHEMBL497018,0,30000.0,nM,CHEMBL364,CHEMBL997204,C=Cc1cccc(-c2cccc(CNc3nc(C#N)nc4c3ncn4CCCO)c2)c1
CHEMBL548492,1,853.26,nM,CHEMBL364,CHEMBL1054503,NC(=O)C1CCN(Cc2cccc(-c3cccc(-c4nc5cc(F)ccc5[nH]4)c3)c2)CC1.O=C(O)C(F)(F)F
CHEMBL2430905,1,631.0,nM,CHEMBL364,CHEMBL2433759,FC(F)(F)c1ccc2c(c1)/c(=N/c1ccc(-c3ccccc3)cc1)ccn2CCCN1CCCCC1
CHEMBL3358656,1,8.45,nM,CHEMBL364,CHEMBL3382320,OC12C3C4CC5C6C4C1C6C(C53)N2CCCCNc1ccnc2cc(Cl)ccc12
CHEMBL4102059,0,10000.0,nM,CHEMBL364,CHEMBL3993265,N=C(N)c1ccc(-c2cc(CC(=O)N3CCOCC3)c(-c3ccc(C(=N)N)cc3)o2)cc1
CHEMBL2367931,1,2.61,nM,CHEMBL364,CHEMBL763542,C[C@H]1[C@H](Oc2ccccc2)O[C@@H]2O[C@]3(C)CC[C@H]4[C@H](C)CC[C@@H]1[C@@]24OO3
CHEMBL533010,1,610.02,nM,CHEMBL364,CHEMBL1054503,O=C(/C=C/c1ccc(-c2nc3ccc(Cl)cc3[nH]2)cc1)NC1CCN(Cc2ccccc2)CC1
CHEMBL586243,1,281.22,nM,CHEMBL364,CHEMBL1054503,CCOC(=O)c1ccc(-c2cnc(N)c(-c3nc4cccc(C)c4[nH]3)c2)cc1
CHEMBL106562,0,50000.0,nM,CHEMBL364,CHEMBL3761482,COC1=CC(=O)c2ccccc2C1=O
CHEMBL1774630,1,33.0,nM,CHEMBL364,CHEMBL1775724,CC[C@H]1OC(=O)[C@H](C)[C@@H](O[C@H]2C[C@@](C)(OC)[C@@H](O)[C@H](C)O2)[C@H](C)[C@@H](O[C@@H]2O[C@H](C)C[C@H](N(C)C)[C@H]2O)[C@](C)(O)C[C@@H](C)CN(CCNC(=O)NC(C)c2cccc3ccccc23)[C@H](C)[C@@H](O)[C@]1(C)O
CHEMBL4459942,1,114.0,nM,CHEMBL364,CHEMBL4329344,Cc1cc(N(CCCNc2ccnc3cc(Cl)ccc23)Cc2ccccn2)nc(N2CCOCC2)n1
CHEMBL486380,0,24100.0,nM,CHEMBL364,CHEMBL968123,COc1ccc2c(c1OC)-c1c(OC)c(OC)cc3c1[C@H](C2)NCC3
CHEMBL527943,1,946.83,nM,CHEMBL364,CHEMBL1054503,O=C(CCCCCNC(=O)c1ccc(O)c(-c2ccc(Cl)c(Cl)c2)c1)NC1CCCCCC1
CHEMBL2322216,1,9.0,nM,CHEMBL364,CHEMBL5114049,Cn1c2nc3ccccc3c-2c(NCCCNC(=S)Nc2ccccc2)c2ccccc21
CHEMBL3590276,1,29.0,nM,CHEMBL364,CHEMBL3591440,CN1CCCN(S(=O)(=O)c2ccc(-c3ccc4c(Nc5ccc(OCc6cccc(F)c6)c(Cl)c5)nncc4c3)cc2)CC1
CHEMBL3216042,1,49.0,nM,CHEMBL364,CHEMBL1046935,CC(C)NC(=N)c1cccc(-n2cc(-c3ccc(C(=N)NC(C)C)cc3O)nn2)c1.Cl.Cl
CHEMBL5429869,1,12.0,nM,CHEMBL364,CHEMBL5345201,O=C1c2ccc(N3CCCCC3)cc2C(=O)N1CCCCCCNc1ccnc2cc(Cl)ccc12
CHEMBL5027570,0,10000.0,nM,CHEMBL364,CHEMBL4888490,COc1ccc(CCNC(=O)C2CCN(c3nccn4nc5c(c34)CCCC5)CC2)cc1OC
CHEMBL4867438,1,17.46,nM,CHEMBL364,CHEMBL4836655,FC1CCN(CCOc2ccc([C@@H]3CCCC4(C3)OOC3(OO4)C4CC5CC(C4)CC3C5)cc2)CC1
CHEMBL5619333,0,25000.0,nM,CHEMBL364,CHEMBL5617246,CC(C)(C)OC(=O)N1CCC(S(=O)(=O)c2nnc(N3CCOCC3)o2)CC1
CHEMBL588385,1,935.31,nM,CHEMBL364,CHEMBL1054503,Oc1ccc(CN2CCN(CCOC(c3ccc(F)cc3)c3ccc(F)cc3)CC2)cc1Cl
CHEMBL2437276,0,19700.0,nM,CHEMBL364,CHEMBL2439367,Cc1ccc2c(=O)cc(-c3ccc(Oc4ccc(Cl)cc4)cc3)oc2c1
CHEMBL499945,1,605.0,nM,CHEMBL364,CHEMBL975631,COc1ccc2cc1Oc1cc3c(cc1OC)CCN(C)C3Cc1ccc(cc1)COc1c(OC)cc3c(c1O)[C@H](C2)N(C)CC3
CHEMBL4759714,1,33.0,nM,CHEMBL364,CHEMBL4737829,Nc1ccc(C[C@@H](N)C(=O)N2CC(CNc3ccc(F)cc3)C3(C2)CN(c2cc(F)cc(F)c2)C3)cc1
CHEMBL4641259,0,74000.0,nM,CHEMBL364,CHEMBL4622068,Nc1nc(O)c2ncn(CCCCP(=O)([O-])[O-])c2n1.[Na+].[Na+]
CHEMBL588228,1,849.22,nM,CHEMBL364,CHEMBL1054503,Cl.O=c1cc(NCCCNCc2csc(Br)c2Sc2ccc(Cl)cc2)[nH]c2ccccc12
CHEMBL532195,1,619.33,nM,CHEMBL364,CHEMBL1054503,Cc1ccc(NC(=O)NC2CCN(CCC(NC(=O)Cc3ccccc3)c3ccc(Cl)c(Cl)c3)CC2)cc1
CHEMBL527703,1,782.41,nM,CHEMBL364,CHEMBL1054503,CS(=O)(=O)N1CC2(CCN(CCC(NC(=O)/C=C/c3ccccc3)c3ccc(Cl)c(Cl)c3)CC2)c2ccccc21
CHEMBL568304,1,7.2,nM,CHEMBL364,CHEMBL1041447,C[C@H]1[C@H](c2ccc(CN3CCSCC3)n2C)O[C@@H]2O[C@@]3(C)CC[C@H]4[C@H](C)CC[C@@H]1[C@@]24OO3
CHEMBL3799622,0,25400.0,nM,CHEMBL364,CHEMBL3800916,CS[C@H]1O[C@@H](n2cnc3c(N)nc(N=[N+]=[N-])nc32)[C@H](O)[C@@H]1O
CHEMBL532994,1,180.0,nM,CHEMBL364,CHEMBL4724764,COc1cc2nc(N3CCC(C(N)=O)CC3)nc(NCc3ccccc3)c2cc1OC
CHEMBL38373,1,200.0,nM,CHEMBL364,CHEMBL769480,c1ccc(C[C@H]2CCCCC23OOC2(CCCC[C@H]2Cc2ccccc2)OO3)cc1
CHEMBL5207809,1,5.9,nM,CHEMBL364,CHEMBL5148396,CCCCc1cc(=O)oc2cc(C)cc(OC(CCC)C(=O)N3Cc4[nH]c5ccccc5c4C[C@H]3C(=O)OC)c12
CHEMBL565868,1,20.0,nM,CHEMBL364,CHEMBL1047865,COc1ccc2c(c1)C(=O)C(c1ccc(C)cc1)=[N+]2[O-]
CHEMBL581689,1,984.0,nM,CHEMBL364,CHEMBL1040691,O=C(Nc1ccccc1Cl)NC1(C(=O)NCC2CCCO2)CCCCC1
CHEMBL5566706,1,420.0,nM,CHEMBL364,CHEMBL5530915,CC(=O)O.CN1CCC(c2cc(-c3ccnc(C#N)c3)c(-c3ccc(F)cc3)[nH]2)CC1
CHEMBL1171272,1,77.0,nM,CHEMBL364,CHEMBL5235649,NC[C@H](Cl)[C@@H](O)c1c[nH]c(N)n1
CHEMBL4635811,1,1.8,nM,CHEMBL364,CHEMBL4606260,COc1cc(F)c2c(=O)c3ccc(-c4ccc(OC(F)(F)F)cc4)cc3[nH]c2c1
CHEMBL4072834,1,342.0,nM,CHEMBL364,CHEMBL4003562,CN(C)CCCNc1ccc(-c2ccc(Cl)cc2)o1.Cl.Cl
CHEMBL6132643,1,550.0,nM,CHEMBL364,CHEMBL6089898,Cn1nc2c(=O)n(C3CC3)cnc2c1[C@@](O)(c1cnc(C(F)(F)F)c(Cl)c1)C(F)(F)F
CHEMBL582953,1,185.0,nM,CHEMBL364,CHEMBL1040692,Cc1ccc(C)c(Oc2c(C(F)(F)F)oc3c(CN4CCN(C)CC4)c(O)ccc3c2=O)c1
CHEMBL590461,0,15000.0,nM,CHEMBL364,CHEMBL730079,Cc1ccc(CNC(=O)/C=C/c2ccc([N+](=O)[O-])cc2)cc1
CHEMBL465824,0,52300.0,nM,CHEMBL364,CHEMBL1177559,COc1cc2c(cc1OC)CN1CCc3cc(OC)c(OC)cc3[C@@H]1C2
CHEMBL3819022,1,130.0,nM,CHEMBL364,CHEMBL3820736,COc1ccc(Nc2nccc(N3CCN(c4ccnc5cc(Cl)ccc45)CC3)n2)cc1
CHEMBL572277,1,910.0,nM,CHEMBL364,CHEMBL1040042,CCCC(=O)OCC(C)(C)CC1=C(O)C(=O)c2ccccc2C1=O
CHEMBL597264,1,57.0,nM,CHEMBL364,CHEMBL1040692,CCCCC(=O)Oc1ccccc1-c1nc2cc(C)ccn2c1NC(C)(C)CC(C)(C)C
CHEMBL4081254,1,2.1,nM,CHEMBL364,CHEMBL4008832,Cc1c(-c2ccc(Cc3ccc(SC(F)(F)F)cc3)cc2)[nH]c2cccc(F)c2c1=O
CHEMBL534018,1,47.96,nM,CHEMBL364,CHEMBL1054503,N=C(N)NCCN(Cc1ccccc1)c1ccc(Cl)cc1
CHEMBL5420490,1,32.0,nM,CHEMBL364,CHEMBL5329400,Cc1cc(NCCCNc2ccnc3cc(Cl)ccc23)nc(Nc2ccc(C(=O)N3CCSCC3)cc2)n1
CHEMBL3361378,1,8.64,nM,CHEMBL364,CHEMBL3369905,COc1cc2[nH]c(C)c(-c3c(F)cccc3F)c(=O)c2cc1Cl
CHEMBL6191078,1,6.08,nM,CHEMBL364,CHEMBL6182670,COc1ccc(Cc2ccc(C3=N/C(=C\NC4CCCCC4)C4=C3OCCO4)[nH]2)cc1
CHEMBL533699,1,126.57,nM,CHEMBL364,CHEMBL1054503,CN1CCCC(CN2CCN(Cc3ccc(-c4ccc(-c5nc6cc(F)ccc6[nH]5)s4)cc3)CC2)C1.O=C(O)C(F)(F)F
CHEMBL2333001,1,34.8,nM,CHEMBL364,CHEMBL2345691,COc1cc(/C=C2\SC(=S)N(CCNc3ccnc4cc(Cl)ccc34)C2=O)cc(OC)c1OC
CHEMBL5594154,1,5.0,nM,CHEMBL364,CHEMBL5579301,CN1C(=O)c2c(F)cc(-c3cnn(C)c3)cc2N2C(=O)CC[C@]12C(=O)Nc1cncc(Cl)c1
CHEMBL533708,1,968.66,nM,CHEMBL364,CHEMBL1054503,O=c1nc(NCCCCCN2CCC(c3c[nH]c4ccccc34)CC2)[nH]cc1Cc1ccc(Cl)c(Cl)c1
CHEMBL504386,1,15.0,nM,CHEMBL364,CHEMBL955856,O=C(Nc1ccc(Br)cc1)c1cc[n+](CCCCCCCCCC[n+]2ccc(C(=O)Nc3ccc(Br)cc3)cc2)cc1.[Br-].[Br-]
CHEMBL5286781,1,0.59,nM,CHEMBL364,CHEMBL5257527,C[C@@H]1CC[C@H]2[C@@H](C)C(CC(O)(CO)CC3O[C@H]4O[C@@]5(C)CC[C@H]6[C@H](C)CC[C@@H]([C@H]3C)[C@@]46OO5)O[C@H]3O[C@@]4(C)CC[C@@H]1[C@]32OO4
CHEMBL585963,1,48.2,nM,CHEMBL364,CHEMBL1040691,CC(=O)Nc1ccc2c(c1)C(=O)N(C(CC(C)C)C(=O)NCC(=O)O)[C@@H](CCC(=O)OCc1ccccc1)C(=O)N2
CHEMBL602374,1,118.8,nM,CHEMBL364,CHEMBL1040691,CC(=C(Cl)Cl)C(Br)=C(Br)CO
CHEMBL579475,1,973.15,nM,CHEMBL364,CHEMBL1054503,CN1CCN(Cc2cc(NC(=O)c3ccc(-c4ccc(Cl)cc4Cl)cc3)ccc2-c2ccccc2)CC1
CHEMBL2322984,1,370.0,nM,CHEMBL364,CHEMBL2329858,c1cc([C@H]2CC[C@@]3(CC2)C[C@@]2(OO3)C3CC4CC(C3)CC2C4)ccc1OCCN1CCOCC1
CHEMBL4940479,1,630.0,nM,CHEMBL364,CHEMBL4888488,COc1ccccc1C(=O)NC1=NN2C(=NC(c3ccc(Cl)cc3)=C[C@H]2c2ccc(Cl)cc2)N1
CHEMBL5639558,0,31250.0,nM,CHEMBL364,CHEMBL5637580,Cc1ccc(-c2cc3nc(NC4CCNC4)[nH]c(=O)c3s2)cc1.Cl.Cl
CHEMBL532239,1,490.0,nM,CHEMBL364,CHEMBL1040691,OCCNc1nc(Nc2ccc(Br)cc2)nc2ccccc12
CHEMBL5612132,1,257.0,nM,CHEMBL364,CHEMBL5609713,Cc1nn(C(C)(C)C)c2nc(C3CC3)cc(C(=O)N3CCN(C)c4ccccc43)c12
CHEMBL4867511,1,20.0,nM,CHEMBL364,CHEMBL4827165,N=C(N)c1ccc(Cc2ccc(Cc3ccc(C(=N)N)cc3)o2)cc1
CHEMBL548942,1,689.01,nM,CHEMBL364,CHEMBL1054503,C=C[C@]1(C)C[C@@H](OC(=O)CSC2CN3CCC2C3)[C@@]2(C)C3C(=O)CC[C@@]3(CC[C@H]2C)[C@@H](C)[C@@H]1O.Cl
CHEMBL548912,1,714.18,nM,CHEMBL364,CHEMBL1054503,O=C(Nc1ccc2c(c1)OCCO2)c1cc(-c2cccnc2)nc2ccc(Cl)cc12
CHEMBL4582426,1,190.0,nM,CHEMBL364,CHEMBL4392025,CN(C)c1ccc(CNC(=O)[C@@H]2CNC[C@H]2c2ccc(C(C)(C)C)cc2)cc1
CHEMBL4452529,1,200.0,nM,CHEMBL364,CHEMBL4310136,Fc1ccc(Nc2cc3[nH]c(Nc4ccc(N5CCNCC5)cn4)nc3cn2)cc1C(F)(F)F
CHEMBL5200497,0,25000.0,nM,CHEMBL364,CHEMBL5097878,O=c1c(O[C@@H]2OC[C@](O)(CO[C@@H]3O[C@H](CO)[C@@H](O)[C@H](O)[C@H]3O)[C@H](O)[C@H]2O)cc2nccc3c4ccccc4n1c23
CHEMBL3216470,1,13.5,nM,CHEMBL364,CHEMBL1260128,Cl.Cl.N=C(NCCCCCCCCCCCCNC(=N)c1ccccc1)c1ccccc1
CHEMBL265044,1,570.0,nM,CHEMBL364,CHEMBL764523,COC(=O)[C@@]12OC[C@]34[C@H]([C@@H](O)[C@@H]1O)[C@@]1(C)CC(=O)C(OC(=O)C(N)C(C)C)=C(C)[C@@H]1C[C@H]3OC(=O)[C@H](OC(=O)C(N)C(C)C)[C@@H]24
CHEMBL579312,0,12500.0,nM,CHEMBL364,CHEMBL1040691,CC(C)CC(NC(=O)OC(C)(C)C)C(=O)NC(Cc1ccccc1)C(=O)OCc1ccccc1
CHEMBL142304,1,27.0,nM,CHEMBL364,CHEMBL1016908,N=C(N)c1ccc(/C=C/c2ccc(C(=N)N)cc2)cc1
CHEMBL3216034,1,19.0,nM,CHEMBL364,CHEMBL961733,Cl.Cl.Cl.Cl.N=C(N)c1ccc(OCCCCOc2ccc(C(=N)N)cc2Cl)c(Cl)c1
CHEMBL4101636,0,100000.0,nM,CHEMBL364,CHEMBL4042877,CCCCCCCCCCCCCCCCOC(=O)/C(CCC=C(C)C)=C1\[C@@H](OC(C)=O)C[C@@]2(C)[C@H]1C[C@@H](O)[C@H]1[C@@]3(C)CC[C@@H](O)[C@@H](C)[C@@H]3CC[C@@]12C
CHEMBL546785,1,700.16,nM,CHEMBL364,CHEMBL1054503,Cl.N#Cc1ccc2c(c1)CCN(CCC1CCC(NC(=O)c3cc4ccc(Cl)cc4[nH]3)CC1)C2
CHEMBL511432,1,58.5,nM,CHEMBL364,CHEMBL1636523,Nc1cccc(-c2csc(NC(=O)CCCCc3cc(C(=O)NO)no3)n2)c1
CHEMBL537767,1,843.77,nM,CHEMBL364,CHEMBL1054503,CCOC(=O)c1cnc2c(OC)cc(OC)c(Cl)c2c1Nc1cccc(C)c1
CHEMBL3104732,1,400.0,nM,CHEMBL364,CHEMBL3107617,Cc1cc(O)c2c(c1)C(=O)c1ccc(C3(O)c4cccc(O)c4C(=O)c4c(O)cc(C)cc43)c(O)c1C2=O
CHEMBL391105,0,33000.0,nM,CHEMBL364,CHEMBL896357,O=C(c1ccc(CNCCCN2CCN(CCC/N=c3\cc[nH]c4cc(Cl)ccc34)CC2)cc1)c1cccc(Cl)c1
CHEMBL1677,0,10000.0,nM,CHEMBL364,CHEMBL1267250,Cl.Nc1c2c(nc3ccccc13)CCCC2
CHEMBL6102819,1,60.0,nM,CHEMBL364,CHEMBL6073643,O=C(O[C@@H]1CCC[C@]2(C1)OOC1(O2)C2CC3CC(C2)CC1C3)N1CCCCC1
CHEMBL528425,1,43.12,nM,CHEMBL364,CHEMBL1054503,Cl.NC1=NC(c2ccccc2)N(OCc2ccccc2)C(N)=N1
CHEMBL1289943,1,13.0,nM,CHEMBL364,CHEMBL1293135,COc1ccc2[nH]c(C)c(CC(=O)N[C@@H](CCCCCC(=O)NO)C(=O)Nc3cccc4cccnc34)c2c1
CHEMBL251077,1,900.0,nM,CHEMBL364,CHEMBL1176727,CC(=O)O[C@H]1[C@H]2c3cc4c(cc3CN3CCC(=C[C@@H]1O)[C@H]23)OCO4
CHEMBL5193633,0,10000.0,nM,CHEMBL364,CHEMBL5163912,COc1ccc(C2=NN(c3ccccc3)C3(O2)C(=O)Nc2ccccc23)cc1
CHEMBL526437,1,55.99,nM,CHEMBL364,CHEMBL1054503,COc1ccc(OC)c(C(O)CNC(C)C)c1.Cl
CHEMBL2377295,0,18800.0,nM,CHEMBL364,CHEMBL2379112,CN1CCC2=C[C@H](O)[C@H]3NC(=O)c4cc5c(cc4[C@H]3[C@@H]21)OCO5
CHEMBL1807309,1,83.0,nM,CHEMBL364,CHEMBL1809782,CC1(C)COC(c2cccc(Nc3ccnc4cc(Cl)ccc34)c2)=N1
CHEMBL3634146,1,520.0,nM,CHEMBL364,CHEMBL3637309,COC(=O)[C@@]12CCCC3(C(OC)OC1O)[C@H]2CC[C@H]1[C@@H](C)C2=CC(=O)O[C@]2(O)C[C@@H]13
CHEMBL1668531,0,23740.0,nM,CHEMBL364,CHEMBL1670564,CCN(CC)CC1CN1Cc1ccc(Cl)cc1
CHEMBL480,0,12589.25,nM,CHEMBL364,CHEMBL1267247,Cc1c(OCC(F)(F)F)ccnc1C[S+]([O-])c1nc2ccccc2[nH]1
CHEMBL4645798,1,8.54,nM,CHEMBL364,CHEMBL4616728,C[C@@H]1CC[C@H]2[C@@H](C)C(OC(=O)c3ccc([N+](=O)[O-])cc3)O[C@@H]3O[C@]4(C)CC[C@@H]1[C@]32OO4
CHEMBL4293277,1,80.0,nM,CHEMBL364,CHEMBL4262302,COc1cc2nc(N3CCN(C)CC3)nc(NC3CCN(Cc4ccccc4C)CC3)c2cc1OC
CHEMBL597656,1,375.0,nM,CHEMBL364,CHEMBL1040692,Cc1cccc(NC(c2ccncc2)c2ccc3cccnc3c2O)n1
CHEMBL138863,0,542500.0,nM,CHEMBL364,CHEMBL880957,COc1ccc(C(=O)/C=C/c2ccc(Br)cc2)c(OC)c1
CHEMBL1783729,1,2.27,nM,CHEMBL364,CHEMBL1788078,C[C@H]1[C@@H](OCc2ccc(C(=O)N[C@@H](Cc3ccccc3)C(=O)N[C@H](/C=C/S(=O)(=O)c3ccccc3)Cc3ccccc3)cc2)O[C@@H]2O[C@@]3(C)CC[C@H]4[C@H](C)CC[C@@H]1[C@@]24OO3
CHEMBL546203,1,580.55,nM,CHEMBL364,CHEMBL1054503,Nc1ncc(-c2ccc3nccc(-c4ccncc4)c3c2)cc1S(=O)(=O)N1CCCCC1
CHEMBL4855008,0,13300.0,nM,CHEMBL364,CHEMBL4829241,Cc1nc(CNC(=O)/C=C/c2ccc(F)cc2)cc2c1[nH]c1ccccc12
CHEMBL528043,1,661.58,nM,CHEMBL364,CHEMBL1054503,COC(=O)c1ccc(-c2ccc(-c3cccnc3)cc2C)cc1
CHEMBL208609,1,98.3,nM,CHEMBL364,CHEMBL867470,CC(=O)O[C@H]1C[C@H]2[C@@H]([C@H](OC(C)=O)C[C@@H]3CC4(CC[C@@]32C)OOC2(CCC(C(=O)O)CC2)OO4)[C@@H]2CC[C@H]([C@H](C)CCC(=O)O)[C@@]12C
CHEMBL537366,1,226.79,nM,CHEMBL364,CHEMBL1054503,COc1cc(F)c2ncc(Cl)c(CCN3CCC(NCc4ccc5c(c4)NC(=O)CO5)CC3)c2c1.Cl
CHEMBL3124994,1,28.0,nM,CHEMBL364,CHEMBL3129042,Nc1ccc(-c2cnc(N)c(-c3ccc(C(F)(F)F)nc3)n2)cn1
CHEMBL5618278,1,83.0,nM,CHEMBL364,CHEMBL5616754,O=C(CN(Cc1ccc(C(=O)NO)cc1)C(=O)c1c[nH]c2ccccc12)NC1CCCC1
CHEMBL533862,1,786.0,nM,CHEMBL364,CHEMBL1054503,CC(C)Cn1cc(C2CCN(CCN3CCC(CNC(=O)c4ccc(-c5ccc(C#N)cc5)cc4)CC3)CC2)c2ccccc21
CHEMBL3361368,1,467.0,nM,CHEMBL364,CHEMBL3369905,COc1cc2[nH]c(C)c(-c3ccc(O)cc3)c(=O)c2cc1Cl
CHEMBL1774631,1,99.0,nM,CHEMBL364,CHEMBL1775724,CC[C@H]1OC(=O)[C@H](C)[C@@H](O)[C@H](C)[C@@H](O[C@@H]2O[C@H](C)C[C@H](N(C)C)[C@H]2O)[C@](C)(O)C[C@@H](C)CN(CCNC(=O)Nc2ccc3ccccc3c2)[C@H](C)[C@@H](O)[C@]1(C)O
CHEMBL586709,1,667.49,nM,CHEMBL364,CHEMBL1054503,O=C(NCc1cccc2ccccc12)C(c1cc2ccccc2o1)N1CCN(C(c2ccccc2)c2ccccc2)CC1
CHEMBL530275,1,728.44,nM,CHEMBL364,CHEMBL1054503,c1ccc(-c2nc(NC3CCCCC3)cc(C3CC3)n2)nc1
CHEMBL1834214,1,209.0,nM,CHEMBL364,CHEMBL1837079,CCN(CC)c1ccc2nc3c4ccccc4/c(=N\c4cccc(Cl)c4)cc-3oc2c1
CHEMBL4863264,1,261.0,nM,CHEMBL364,CHEMBL4839279,Cc1ccc(Cn2c(NC3CCN(CCc4ccc(C#N)cc4)CC3)nc3ccccc32)cn1
CHEMBL4872525,1,550.0,nM,CHEMBL364,CHEMBL4830600,CCc1cncc(CNC(=O)c2nc3cccc(COCc4ccc(C(=O)O)cc4)c3c(=O)[nH]2)c1
CHEMBL2030003,1,1000.0,nM,CHEMBL364,CHEMBL2033107,Cc1c(-c2ccc(Br)cc2)[nH]c2ncccc2c1=O
CHEMBL3261970,1,2.4,nM,CHEMBL364,CHEMBL3268861,O=C(NCCCNc1nc2ccccc2c2[nH]c3ccccc3c12)Nc1ccccc1
CHEMBL5006601,0,10000.0,nM,CHEMBL364,CHEMBL4888491,Cc1cc(N2CCC3(CCCN3Cc3cc(C#N)n(C)c3C)CC2)c2ccccc2n1
CHEMBL357756,1,16.5,nM,CHEMBL364,CHEMBL758311,Clc1ccc2c(NCCCN3CCN(CCCNCc4ccccc4)CC3)ccnc2c1
CHEMBL530989,1,706.51,nM,CHEMBL364,CHEMBL1054503,O=C(/C=C/c1ccc(Cl)c(Cl)c1)N1CCC(CCCN2CCC(c3c[nH]c4ccccc34)CC2)CC1
CHEMBL4575484,1,152.0,nM,CHEMBL364,CHEMBL4329344,Cc1cc(N(CCNc2ccnc3cc(Cl)ccc23)Cc2ccccn2)nc(N2CCOCC2)n1
CHEMBL4789980,0,34000.0,nM,CHEMBL364,CHEMBL4680973,CN1CCN(c2cc(C(=O)NCCN3CCCC3)c3cc(F)ccc3n2)CC1
CHEMBL586238,1,873.05,nM,CHEMBL364,CHEMBL1054503,O=C(Nc1ccc(F)cc1)NC1CCN(c2ccnc3ccccc23)C1.O=C(O)C(F)(F)F
CHEMBL548123,1,407.43,nM,CHEMBL364,CHEMBL1054503,CCc1nc(N)nc(N)c1-c1ccc(F)cc1
CHEMBL27679,1,290.0,nM,CHEMBL364,CHEMBL761143,CCOC(C)OOC1(OOC)CCCCCCCCCCC1
CHEMBL537724,1,112.1,nM,CHEMBL364,CHEMBL1040692,CC(C)c1nc(N2CCN(C(=S)NCc3ccccc3)CC2)c(C#N)c2c1COC(C)(C)C2
CHEMBL548881,1,666.42,nM,CHEMBL364,CHEMBL1054503,Cc1c(C)c2c(c(C)c1O)CC[C@@](C)(C(=O)N1CCC(CCN3CCC(c4c[nH]c5ccccc45)CC3)CC1)O2
CHEMBL1682256,1,201.38,nM,CHEMBL364,CHEMBL1686817,C[C@H]1[C@@H](OCCN2CCN(CCNc3ccnc4cc(Cl)ccc34)CC2)O[C@@H]2O[C@@]3(C)CC[C@H]4[C@H](C)CC[C@@H]1[C@@]24OO3
CHEMBL442578,0,18700.0,nM,CHEMBL364,CHEMBL962001,Oc1ccc(C#CC2(O)CN3CCC2CC3)cc1
CHEMBL528272,1,823.97,nM,CHEMBL364,CHEMBL1054503,Br.CCCCCCCCc1c(C)nc(C)c(Br)c1O
CHEMBL4854889,1,950.0,nM,CHEMBL364,CHEMBL4829240,Cc1nccc2c1[nH]c1ccc(OCCNC(=O)/C=C/c3ccc(F)cc3)cc12
CHEMBL586923,1,782.0,nM,CHEMBL364,CHEMBL1054503,Fc1cc(Cl)ccc1Nc1ccnc2cc(-c3ccc(CN4CCSCC4)o3)ccc12
CHEMBL5402110,1,390.0,nM,CHEMBL364,CHEMBL5345214,Cc1ccc(/C=C/C(=O)c2ccc(S(=O)(=O)NCCNc3cncc4cc(Cl)ccc34)cc2)cc1
CHEMBL529578,1,952.94,nM,CHEMBL364,CHEMBL1054503,O=C(Nc1ccc2c(c1)CN(Cc1ccc(N3CCCC3)o1)CCC2)c1ccoc1.O=CO
CHEMBL5433912,1,150.0,nM,CHEMBL364,CHEMBL5361890,Cc1nccc2c1[nH]c1cc(OCCNC(=O)/C=C/c3ccc(F)cc3)ccc12
CHEMBL3325604,1,32.0,nM,CHEMBL364,CHEMBL3370046,CN(C(=O)c1cn2c(-c3ccc(-c4ccn[nH]4)cc3)cnc2cn1)c1ccc(C#N)cc1
CHEMBL3286860,1,22.4,nM,CHEMBL364,CHEMBL3292035,N#Cc1ncc(Br)c(N(NC(=O)C2CCC3(CC2)OOC2(OO3)C3CC4CC(C3)CC2C4)C2CCCCC2)n1
CHEMBL583826,0,12500.0,nM,CHEMBL364,CHEMBL1040691,CCC(=O)Nc1ccc2nc(SCC(=O)Nc3ccc(C(C)=O)cc3)sc2c1
CHEMBL496810,0,175100.0,nM,CHEMBL364,CHEMBL1004946,COc1cccc([C@@H](NC2CCCCC2)[C@H](CO)OC)c1
CHEMBL3604118,0,10000.0,nM,CHEMBL364,CHEMBL3607903,CCN1C(=O)N(CCC(C)C)C2(CCN(Cc3cccnc3N)CC2)C1=O
CHEMBL530088,1,3.2,nM,CHEMBL364,CHEMBL1054503,Cc1ccc(CON2C(=N)N=C(N)NC2(C)C)cc1C.Cl
CHEMBL24503,1,985.88,nM,CHEMBL364,CHEMBL1054503,C=CCc1cc(Cc2cnc(N)nc2N)cc(CCC)c1O
CHEMBL3098955,1,42.0,nM,CHEMBL364,CHEMBL3607894,O=C(NCCCCCCNc1ccnc2cc(Cl)ccc12)N[C@H]1C(=O)N(C2CCCCC2)[C@H]1/C=C/c1ccccc1
CHEMBL580470,1,219.12,nM,CHEMBL364,CHEMBL1054503,CNC(=O)NC1CCN(Cc2c(-c3cccs3)nc3ccccc3c2C(=O)N[C@@H](C)C2CCCCC2)CC1
CHEMBL5411128,1,31.0,nM,CHEMBL364,CHEMBL6178625,O=C(O)CCCCCCCCCCCNc1ccnc2cc(Cl)ccc12
CHEMBL528460,1,697.04,nM,CHEMBL364,CHEMBL1054503,O=C(/C=C/c1ccc(Cl)c(Cl)c1)NCCCCCN1CCC(NC(=O)Nc2cc(F)ccc2F)CC1
CHEMBL578728,1,554.0,nM,CHEMBL364,CHEMBL1040692,CCc1ccc2[nH]c(=O)c(CN(Cc3ccc(OC)cc3)C(=S)NCCCN(CC)CC)cc2c1
CHEMBL547375,1,199.54,nM,CHEMBL364,CHEMBL1054503,CC(C)CCNC(=N)Nc1ccc(OCCCOc2ccc(NC(=N)NCCC(C)C)cc2)cc1
CHEMBL581541,1,917.8,nM,CHEMBL364,CHEMBL1054503,COc1ccccc1-c1[nH]c2ccccc2c1CN1CCC(c2c(C)cccc2C)CC1
CHEMBL531469,1,188.01,nM,CHEMBL364,CHEMBL1054503,Cc1ccc(Cc2c(N)nc3nc(N)nc(N)c3c2C)cc1.Cl
CHEMBL5618522,1,110.0,nM,CHEMBL364,CHEMBL5616754,CC(C)(C)NC(=O)CN(Cc1ccc(C(=O)NO)cc1)C(=O)c1ccc2ccccc2n1
CHEMBL1917535,1,14.1,nM,CHEMBL364,CHEMBL1921071,C/N=C(/N)Nc1ccc(Oc2ccc(Oc3ccc(N/C(N)=N/C)cc3)cc2)cc1.Cl.Cl
CHEMBL528814,1,898.5,nM,CHEMBL364,CHEMBL1054503,COc1ccc(CNCc2ccsc2)cc1-c1ccc(S(=O)(=O)NCCN2CCCC2)c(C)c1.O=C(O)C(F)(F)F
CHEMBL2391247,1,9.52,nM,CHEMBL364,CHEMBL2393747,COC(=O)c1ccc2nc3n(C)c4ccc(C(=O)OC)cc4c(NCCCN)c-3c2c1
CHEMBL5437539,0,20000.0,nM,CHEMBL364,CHEMBL5354644,CC(=O)Nc1c2c(nn1-c1cccc(Cl)c1)COC2
CHEMBL587615,1,909.24,nM,CHEMBL364,CHEMBL1054503,O=C(Nc1ccc(SC(F)(F)F)cc1)Nc1ccc(Cl)c(Cl)c1
CHEMBL6102714,1,2.4,nM,CHEMBL364,CHEMBL6073643,CC(C)C1(O)CN(C(=O)O[C@@H]2CCC[C@]3(C2)OOC2(O3)C3CC4CC(C3)CC2C4)C1
CHEMBL1256760,0,12589.25,nM,CHEMBL364,CHEMBL1267245,C[C@]12CC[C@@H](O)C[C@@H]1CC[C@@H]1[C@@H]2CC[C@]2(C)[C@@H](C(=O)CO)CC[C@@H]12
CHEMBL3344381,1,48.0,nM,CHEMBL364,CHEMBL3374657,COc1ccc(COC[C@H](C)N2C[C@@H](C)[C@H](CN(C)S(=O)(=O)c3ccc(F)cc3)OCCCC[C@H](C)Oc3cc(C(F)(F)F)ccc3C2=O)cc1
CHEMBL466381,1,166.0,nM,CHEMBL364,CHEMBL1018964,O=C(NCCCNc1ccnc2cc(Cl)ccc12)C(F)(F)C(F)(F)C(F)(F)C(F)(F)C(F)(F)C(F)(F)C(F)(F)F
CHEMBL577655,1,424.0,nM,CHEMBL364,CHEMBL1040692,CCC(C)NC(=O)c1c[nH]c2ccc(S(=O)(=O)N3CCc4ccccc43)cc2c1=O
CHEMBL4854237,1,3.0,nM,CHEMBL364,CHEMBL4827165,N=C(N)c1ccc(Cc2ccc(-c3ccc(C(=N)N)cc3)cc2)cc1
CHEMBL548847,1,584.59,nM,CHEMBL364,CHEMBL1054503,CN(C)CCNC(=O)NC1CN(c2ncnc3cc(-c4ccccc4)sc23)C1.O=C(O)C(F)(F)F
CHEMBL490139,0,207000.0,nM,CHEMBL364,CHEMBL968123,COC1=C[C@]23CCN(C)[C@H](Cc4cc(OC)c(OC)cc42)C3=CC1=O
CHEMBL546707,1,237.4,nM,CHEMBL364,CHEMBL1040691,Cc1cccc(OCC(=O)Nc2cccc(NC(=O)COc3cccc(C)c3)n2)c1
CHEMBL548127,1,756.57,nM,CHEMBL364,CHEMBL1054503,CC(C)(CNCc1ccc(Cl)c(Cl)c1)c1nc(-c2ccc(Cl)c(O)c2)c(-c2ccncc2)[nH]1.Cl
CHEMBL4748011,0,25300.0,nM,CHEMBL364,CHEMBL4705120,COc1cc(NC(C)CCCNC(=O)C(=O)c2cc(C)ccc2NC(C)=O)c2ncccc2c1
CHEMBL596843,1,385.0,nM,CHEMBL364,CHEMBL1040691,S=P(OCC1C(COP(=S)(c2ccccc2)c2ccccc2)C1(Cl)Cl)(c1ccccc1)c1ccccc1
CHEMBL3603959,1,160.0,nM,CHEMBL364,CHEMBL3607894,CC(=O)O[C@H](C(=O)OCCCNc1ccnc2cc(Cl)ccc12)[C@H](NC(=O)c1ccccc1)c1ccccc1
CHEMBL1083766,1,20.0,nM,CHEMBL364,CHEMBL1119992,C[C@H]1CCc2c([nH]c3ccccc23)[C@@]2(N1)C(=O)Nc1ccc(Br)cc12
CHEMBL5416522,1,13.0,nM,CHEMBL364,CHEMBL5318613,O=C(NCC(F)(F)F)[C@@H]1Cc2cccc(c2)Oc2cccc(c2)C[C@H](N2CCOC2=O)C(=O)N[C@@H](CCN2CCCCC2)C(=O)N1
CHEMBL1852279,1,846.0,nM,CHEMBL364,CHEMBL3599168,S=C(NCCCNCCCCCCNCCCNC(=S)Nc1ccccc1)Nc1ccccc1
CHEMBL583361,1,377.0,nM,CHEMBL364,CHEMBL1040692,CCN1CCN(Cc2c(O)ccc3c(=O)c(Oc4ccccc4Br)c(C(F)(F)F)oc23)CC1
CHEMBL601768,1,170.5,nM,CHEMBL364,CHEMBL1040692,CCCC(=O)NC(c1ccc(Cl)cc1)c1ccc2cccnc2c1O
CHEMBL531994,1,169.52,nM,CHEMBL364,CHEMBL1054503,O=C(NCCNc1nc(NCCNC(=O)Nc2ccccc2)c2ccc(=O)n(-c3c(F)cccc3F)c2n1)Nc1ccccc1
CHEMBL551476,1,9.5,nM,CHEMBL364,CHEMBL1056033,CCCCCCCNCCCN1CCN(CCCNc2ccnc3cc(Cl)ccc23)CC1
CHEMBL3235646,1,51.51,nM,CHEMBL364,CHEMBL3240878,COC(=O)/C(C)=C/c1ccc(Oc2ccccc2N/C(=N/c2ccc(Cl)cc2)NCCNc2ccnc3cc(Cl)ccc23)cc1
CHEMBL580132,1,26.93,nM,CHEMBL364,CHEMBL1040691,CC(CCCNCCO)Nc1ccnc2cc(Cl)ccc12
CHEMBL3763464,1,163.0,nM,CHEMBL364,CHEMBL3768973,CC(C)(C)C(=O)NC(C(=O)NO)c1ccc(Br)cc1
CHEMBL3215578,1,13.0,nM,CHEMBL364,CHEMBL961733,CC(C)NC(=N)c1cccc(OCCCCOc2cccc(C(=N)NC(C)C)c2)c1.Cl.Cl
CHEMBL3318700,1,42.54,nM,CHEMBL364,CHEMBL3370503,O=C1/C(=C/C=C/c2ccccc2)NC(=S)N1CCCNc1ccnc2cc(Cl)ccc12
CHEMBL358287,1,83.0,nM,CHEMBL364,CHEMBL2444844,N=C(N)c1ccc(-c2ccc(-c3ccc(C(=N)N)cn3)o2)nc1
CHEMBL2062164,1,761.8,nM,CHEMBL364,CHEMBL1054503,O=C(Cn1c(CCc2cccc(F)c2F)nc(=O)c2ccccc21)N(CCCN1CCCCC1)Cc1ccc(-c2ccc(C(F)(F)F)cc2)cc1.O=C(O)C(O)C(O)C(=O)O
CHEMBL577664,1,424.0,nM,CHEMBL364,CHEMBL1040691,CCN(CC)CCN(C)C1CCc2c(c(C(=O)N3CCCC3)nn2C)C1
CHEMBL4869345,1,759.0,nM,CHEMBL364,CHEMBL4839279,N#Cc1ccc(Cn2c(NC3CCN(CCc4ccc(C(=O)NCCO)cc4)CC3)nc3ccccc32)cc1
CHEMBL530807,1,752.12,nM,CHEMBL364,CHEMBL1054503,CC1CCc2c(C(=O)Nc3c(F)cc(F)cc3Br)csc2C1
CHEMBL592824,0,15000.0,nM,CHEMBL364,CHEMBL730080,CCCCOC(=O)c1ccc(Nc2cc(C)nc3ccccc23)cc1.Cl
CHEMBL591176,0,15000.0,nM,CHEMBL364,CHEMBL730079,CCc1ccc(Oc2c(C(F)(F)F)oc3c(CN4CCOCC4)c(O)ccc3c2=O)cc1
CHEMBL1644941,0,21900.0,nM,CHEMBL364,CHEMBL1645801,CCCCC[C@H]1C=C[C@@H](CCOC(C)=O)OO1
CHEMBL3218243,1,1.5,nM,CHEMBL364,CHEMBL3225043,C1C2CC3CC1CC(C2)C31OOC2(CCC(NC3CC3)CC2)OO1
CHEMBL5423429,1,900.0,nM,CHEMBL364,CHEMBL5347658,Cc1ccc(-c2cc3nc(NC(C)(C)C)nc(N4CCCC4)c3s2)cc1
CHEMBL533467,1,271.79,nM,CHEMBL364,CHEMBL1054503,COc1cc(Nc2nc(N)c3cc(OC)c(OC)cc3n2)cc(OC)c1.Cl
CHEMBL44144,1,500.0,nM,CHEMBL364,CHEMBL760273,CCOC(=O)c1ccc(N2CCN(c3ccc(C(=O)OCC)cc3)CC2)cc1
CHEMBL4798973,0,16700.0,nM,CHEMBL364,CHEMBL4768945,Br.CC1(C)N=C(N)N=C(N)N1OCC(=O)Nc1ccc(Cl)cc1
CHEMBL587672,1,846.98,nM,CHEMBL364,CHEMBL1054503,O=C(O)C(F)(F)F.O=C(O)Cc1ccc(-c2c[nH]c3ncc(-c4cccc5ncccc45)cc23)cc1
CHEMBL531238,1,744.07,nM,CHEMBL364,CHEMBL1054503,CN1CCCN(Cc2ccc(-c3cccc(NC(=O)c4ccc(C#N)cc4)c3)cc2)CC1.O=C(O)C(F)(F)F
CHEMBL1092059,1,4.3,nM,CHEMBL364,CHEMBL1107039,C[C@H]1[C@@H](CC(=O)NCCCN(CCCCNC(=O)OC(C)(C)C)C(=O)OC(C)(C)C)O[C@@H]2O[C@@]3(C)CC[C@H]4[C@H](C)CC[C@@H]1[C@@]24OO3
CHEMBL588521,1,746.86,nM,CHEMBL364,CHEMBL1054503,COc1ccc(C(=O)CCC(=O)N(Cc2ccc(-c3ccc(CNCCc4ccccc4)cn3)cc2)C(C)CN(C)C)cc1F.O=C(O)C(F)(F)F
CHEMBL596634,1,75.7,nM,CHEMBL364,CHEMBL1040692,Cc1ccn2c(NC(C)(C)CC(C)(C)C)c(-c3ccccc3OC(=O)C3CCC3)nc2c1
CHEMBL5428776,1,690.0,nM,CHEMBL364,CHEMBL5345214,O=C(/C=C/c1ccc2c(c1)OCO2)c1ccc(S(=O)(=O)NCCCNc2cncc3cc(Cl)ccc23)cc1
CHEMBL5430376,0,19000.0,nM,CHEMBL364,CHEMBL5373564,C[C@H](CC(=O)C[C@H](C)C(=O)O)[C@H]1C[C@H](O)[C@@]2(C)C3=C(C(=O)C[C@]12C)[C@@]1(C)CCC(=O)C(C)(C)[C@@H]1CC3=O
CHEMBL586183,1,723.25,nM,CHEMBL364,CHEMBL1054503,Cn1ccnc1CNC(=O)c1ccc(-c2cccc(-c3nc4cc(C(F)(F)F)ccc4[nH]3)c2)cc1
CHEMBL562402,1,28.0,nM,CHEMBL364,CHEMBL1055852,CC(C)NC(=N)c1ccc(OCc2cccc3c(COc4ccc(C(=N)NC(C)C)cc4)cccc23)cc1
CHEMBL546051,1,169.68,nM,CHEMBL364,CHEMBL1054503,Cc1ccc2[nH]c(-c3cc(-c4cccc(CCN5CCOCC5)c4)cnc3N)nc2c1.O=C(O)C(F)(F)F
CHEMBL531762,1,825.11,nM,CHEMBL364,CHEMBL1054503,O=C(O)c1cc(C(F)(F)F)co1
CHEMBL4101999,1,806.0,nM,CHEMBL364,CHEMBL4056211,O=[N+]([O-])c1cccc(/C=N/c2ccc(-c3nnc(S)o3)cc2)c1
CHEMBL5432365,0,200000.0,nM,CHEMBL364,CHEMBL5372015,CC(C)C1=C(c2c[nH]c3ccccc23)[C@@H]2[C@H](C)CC[C@@]3(C)[C@H](C)CC[C@@H](O)[C@@]23CC1
CHEMBL4759046,1,18.0,nM,CHEMBL364,CHEMBL4719469,Nc1ncc(-c2ccc(C(=O)N3CCC(N)CC3)cc2)nc1-c1ccc(C(F)(F)F)nc1
CHEMBL30020,1,15.5,nM,CHEMBL364,CHEMBL761303,O=C(CN1CCCCC1)Nc1cc(COC(=O)CCCCN2CCCCC2)cc(Nc2ccnc3cc(Cl)ccc23)c1
CHEMBL602378,1,431.0,nM,CHEMBL364,CHEMBL1040691,CCN1/C(=C/c2sc3ccc(OC)cc3[n+]2CC)C=Cc2cc(C)ccc21
CHEMBL1213254,1,0.0,nM,CHEMBL364,CHEMBL1217000,CCCNC(=O)CC[C@@H](C)[C@H]1CC[C@H]2[C@@H]3[C@H](OC(C)=O)C[C@@H]4C[C@]5(CC[C@]4(C)[C@H]3CC[C@]12C)OO[C@@]1(CCCCC1C)OO5
CHEMBL4176036,0,46300.0,nM,CHEMBL364,CHEMBL4148161,COc1cc(NC(C)CCCNC(=O)NNC(=O)NC2CCCCC2)c2ncccc2c1
CHEMBL527917,1,729.57,nM,CHEMBL364,CHEMBL1054503,CCCCC(=O)N(CCOC)Cc1ccc(-c2ccc(CNCCC)cn2)cc1.O=C(O)C(F)(F)F
CHEMBL1088961,0,15040.0,nM,CHEMBL364,CHEMBL1112571,COc1ccc(/C=C/C(=O)c2ccccc2OCc2cn(CC(O)CN3C(=O)C(=O)c4cc(Cl)ccc43)nn2)c(OC)c1
CHEMBL1630203,1,30.3,nM,CHEMBL364,CHEMBL1636526,Nc1ccccc1-c1csc(NC(=O)CCCCCCC(=O)NO)n1
CHEMBL608859,0,15000.0,nM,CHEMBL364,CHEMBL730079,COc1ccc2sc(N(Cc3cccnc3)C(=O)c3ccc(F)cc3)nc2c1
CHEMBL527776,1,58.39,nM,CHEMBL364,CHEMBL1054503,NS(=O)(=O)CCc1cccc(Nc2nccc(-c3c(-c4cccc(NC(=O)c5c(F)cccc5F)c4)nn4ccccc34)n2)c1
CHEMBL580575,1,689.99,nM,CHEMBL364,CHEMBL1054503,O=C(O)C(F)(F)F.c1cc(-c2ccc(CN3CCCC3)cc2)cc(-c2nc3ccccc3[nH]2)c1
CHEMBL4565641,1,0.22,nM,CHEMBL364,CHEMBL4415755,C=C(C)[C@@H]1CC[C@]2(C(=O)NCCCN3CCN(CCCN)CC3)CC[C@]3(C)[C@H](CC[C@@H]4[C@@]5(C)CC[C@H](OC(C)=O)C(C)(C)[C@@H]5CC[C@]43C)[C@@H]12
CHEMBL3581488,1,150.0,nM,CHEMBL364,CHEMBL3584880,CN(C)C(=O)c1cnc(Oc2ccc3c(c2)B(O)OC3)cn1
CHEMBL1200916,0,12589.25,nM,CHEMBL364,CHEMBL1267248,CSc1ccc2c(c1)N(CCC1CCCCN1C)c1ccccc1S2.Cl
CHEMBL598888,1,850.0,nM,CHEMBL364,CHEMBL1040691,COc1cc(C2C(C(=O)OCC(C)C)=C(C)NC3=C2C(=O)CC(c2ccccc2)C3)cc(Br)c1O
CHEMBL530080,1,567.78,nM,CHEMBL364,CHEMBL1054503,CCN1CCN(c2cc(C)c3cc(NC(=O)c4cccc(C(F)(F)F)c4)ccc3n2)CC1
CHEMBL2436440,1,366.0,nM,CHEMBL364,CHEMBL2439570,CN1CCC(Nc2ccc3ncc(-c4cnn(-c5cnccn5)c4)n3n2)CC1
CHEMBL3899186,1,260.0,nM,CHEMBL364,CHEMBL3861183,CO[C@@H]1[C@@H](OC)[C@H](O[C@@H]2CC(=O)[C@@H]3CCN(Cc4cc5c(cc43)OCO5)C(=O)[C@H]2O)O[C@H](C)[C@H]1OC
CHEMBL4574306,1,250.0,nM,CHEMBL364,CHEMBL4311835,C#CCOc1ccc(C[C@@H](C=O)NC(=O)[C@H](CC(C)C)NC(=O)[C@H](Cc2ccccc2)NC(=O)OCc2ccccc2)cc1
CHEMBL546185,1,855.59,nM,CHEMBL364,CHEMBL1054503,Cc1[nH]n(-c2cccc(C(F)(F)F)c2)c(=O)c1-c1ccc(Cl)cc1
CHEMBL1927691,1,62.0,nM,CHEMBL364,CHEMBL1930669,Cc1cc2nc3c4ccccc4n(C)cc-3c2cc1Br.Cl
CHEMBL536372,1,737.13,nM,CHEMBL364,CHEMBL1054503,COc1ccccc1CNC(=O)C(=O)Nc1c(-c2ccccc2)[nH]c2ccccc12
CHEMBL526042,1,714.73,nM,CHEMBL364,CHEMBL1054503,Cn1cc(C(=O)Nc2cccc(-c3cccc(-c4nc5ccccc5[nH]4)c3)c2)n(C)c1=O
CHEMBL578712,1,234.1,nM,CHEMBL364,CHEMBL1040692,O=C(Nc1ccc(C2=NCCN2)c(Cl)c1)c1ccc(C(=O)Nc2ccc(C3=NCCN3)c(Cl)c2)cc1
CHEMBL3401424,1,95.0,nM,CHEMBL364,CHEMBL3407061,Cl.c1ccc(C2CC3(N4CCCC4)CNCC2C(c2ccccc2)C3)cc1
CHEMBL595918,1,810.0,nM,CHEMBL364,CHEMBL1069991,Cc1cc(NC(C)C)nc(NC2CCN(Cc3ccccc3)CC2)n1
CHEMBL577441,1,648.0,nM,CHEMBL364,CHEMBL1040692,NC(=O)c1ccc2c(c1)N=C(c1cccnc1)N(C1CC1)C2
CHEMBL1170938,1,1.7,nM,CHEMBL364,CHEMBL1174542,COCC/C(SC(=O)c1ccccc1)=C(\C)N(C=O)CCCCCCCCCCCCN(C=O)/C(C)=C(/CCOC)SC(=O)c1ccccc1
CHEMBL189862,1,120.0,nM,CHEMBL364,CHEMBL4811093,CC(=O)c1ccc(NC(=O)Nc2ccc(N(C)c3ccnc(Nc4cccc(CS(C)(=O)=O)c4)n3)cc2)cc1
CHEMBL5190304,0,200000.0,nM,CHEMBL364,CHEMBL5106101,Cc1ncc(Cn2cc(CCOC(=O)c3ccccc3)nn2)c(N)n1
CHEMBL1079864,0,500000.0,nM,CHEMBL364,CHEMBL1112376,CC1(C)OC(=O)C(=CNc2ccc3c(c2)OCCO3)C(=O)O1
CHEMBL526769,1,321.14,nM,CHEMBL364,CHEMBL1054503,Cc1cc2c(cc1C(F)(F)F)N(C(=O)Nc1ccc(C(=O)NCCN3CCCC3)cc1)CC2
CHEMBL4756496,1,51.0,nM,CHEMBL364,CHEMBL4704380,Fc1ccc(-c2nc3c(N4CCC(CN5CCOCC5)CC4)nccc3[nH]2)cc1F
CHEMBL528481,1,184.94,nM,CHEMBL364,CHEMBL1054503,COc1cc(NCCCNCc2cn(Cc3cc(Br)cc(Br)c3)c3ccccc23)nc2ccccc12
CHEMBL546086,1,305.25,nM,CHEMBL364,CHEMBL1054503,c1cncc(Oc2ccc(Nc3ccnc4cc(-c5cccc(CN6CCOCC6)c5)ccc34)cc2)c1
CHEMBL4292530,1,1.0,nM,CHEMBL364,CHEMBL4268525,CC(C)c1ccc(C(=O)N(CC(=O)NC2CCCCC2)Cc2ccc(C(=O)NO)cc2)cc1
CHEMBL5394526,1,2.6,nM,CHEMBL364,CHEMBL5329391,C[C@H]1[C@H](OC(=O)CCC(=O)OCCc2cn(-c3ccnc4cc(Cl)ccc34)nn2)O[C@@H]2O[C@]3(C)CC[C@H]4[C@H](C)CC[C@@H]1[C@@]24OO3
CHEMBL3637873,1,510.0,nM,CHEMBL364,CHEMBL3832778,FC(F)(F)c1cccc(-c2nc3c(NCc4ccncc4)nccc3[nH]2)c1
CHEMBL6166369,1,3.4,nM,CHEMBL364,CHEMBL6109949,CC(C)C[C@H](NC(=O)[C@H](CC(C)C)NC(=O)C(C)(C)NC(=O)[C@@H](NC(=O)[C@H](CCC1CCCCC1)NC(=O)[C@@H]1C[C@H](C)CN1C(=O)c1ccc(F)cc1)[C@H](O)C(C)C)C(=O)NC(C)(C)C(=O)NC(C)(C)C(=O)NCCC(=O)N[C@@H](C)CN(C)C
CHEMBL547993,1,245.15,nM,CHEMBL364,CHEMBL1054503,O=C(O)C(F)(F)F.O=[N+]([O-])c1cccc(CNCC2CCN(Cc3ccc(C(F)(F)F)cc3)CC2)c1
CHEMBL601815,1,26.09,nM,CHEMBL364,CHEMBL1040692,CCN(CC)CCNC(=O)c1cc(-c2ccc(Cl)cc2)cc(-n2cnnn2)c1
CHEMBL2316665,0,14300.0,nM,CHEMBL364,CHEMBL2317058,CSc1ccc(SC(C2=C(O)C(=O)c3ccccc3C2=O)c2ccc([N+](=O)[O-])cc2)cc1
CHEMBL6173953,1,260.0,nM,CHEMBL364,CHEMBL6120165,COc1cc2c(cc1OCc1ccccc1)N(C(=O)c1cc3ccccc3[nH]1)CC21CCNCC1
CHEMBL495177,0,30000.0,nM,CHEMBL364,CHEMBL997206,N#Cc1nc(NCc2ccc(Br)cc2)c2c(n1)N(CCCc1ccccc1)CN2
CHEMBL1086193,0,74000.0,nM,CHEMBL364,CHEMBL1119321,CC(C)C[C@H](NC(=O)[C@H](CC(N)=O)NC(=O)/C=C/C(=O)NCC(=O)NCC(=O)N[C@@H](Cc1ccccc1)C(=O)O)C(=O)N[C@@H](CC(C)C)C(=O)N[C@H](C(N)=O)C(C)C
CHEMBL5435379,1,140.0,nM,CHEMBL364,CHEMBL5345199,O=C(CCN1C(=O)c2ccc(N3CCN(CCO)CC3)cc2C1=O)NCCCCNc1ccnc2cc(Cl)ccc12
CHEMBL4074019,1,2.3,nM,CHEMBL364,CHEMBL4008053,O[C@H]1CC[C@H](NCCCOc2ccc([C@H]3CC[C@]4(CC3)OOC3(O4)C4CC5CC(C4)CC3C5)cc2)CC1
CHEMBL4081540,1,170.0,nM,CHEMBL364,CHEMBL3996773,N#Cc1c(-c2ccc(C(F)(F)F)cc2)c(F)c(NCCN2CCC(O)C2)n2c1nc1ccccc12
CHEMBL4454693,1,63.0,nM,CHEMBL364,CHEMBL4329975,CCc1nc(N)nc(N)c1OCCCOc1ccc(-c2c(N)nc(N)nc2CC)cc1.Cl.Cl
CHEMBL5567135,1,41.0,nM,CHEMBL364,CHEMBL5540331,CCN1CCN(Cc2ccc(NC(=O)c3cc(Cl)cc(NC(=O)c4cncc(-c5ccccc5)c4)c3)cc2C(F)(F)F)CC1
CHEMBL4170454,1,1000.0,nM,CHEMBL364,CHEMBL4146076,Clc1ccc(Cl)c2c1[I+]c1ccccc1-2.O=S(=O)([O-])C(F)(F)F
CHEMBL4526443,1,1.8,nM,CHEMBL364,CHEMBL4385572,CN1CC(=O)N[C@@H](CSC(c2ccccc2)(c2ccccc2)c2ccccc2)C(=O)N[C@@H](Cc2ccccc2)C(=O)N[C@@H](COC(C)(C)C)C(=O)N(C)CC(=O)N[C@@H](CSC(c2ccccc2)(c2ccccc2)c2ccccc2)C1=O
CHEMBL529362,1,810.31,nM,CHEMBL364,CHEMBL1054503,CN1CCCc2cc(NC(=O)c3cc(-c4ccc(Cl)cc4)cs3)ccc2C1.O=C(O)C(F)(F)F
CHEMBL527889,1,789.67,nM,CHEMBL364,CHEMBL1054503,COC(=O)c1ccc(C[C@@H](C)NC[C@H](O)c2cccc(C(F)(F)F)c2)cc1.Cl
CHEMBL2334396,1,500.0,nM,CHEMBL364,CHEMBL2342741,CCCN(CCC)C(=O)c1cccc(C(=O)N[C@@H](Cc2ccccc2)[C@H](O)CNC2CCN(C)CC2)c1
CHEMBL547974,1,166.83,nM,CHEMBL364,CHEMBL1054503,CCOc1ccc2c(c1)OC(c1ccccc1)(C(F)(F)F)NC2=O
CHEMBL4227286,0,10000.0,nM,CHEMBL364,CHEMBL4224044,O=C(NO)C1CN(C(=O)c2ccc(-c3ccccc3)cc2)CCN1S(=O)(=O)c1ccccc1
CHEMBL4642508,1,32.0,nM,CHEMBL364,CHEMBL4606261,COc1cc(F)cc2[nH]c3cc(Oc4ccc(OC(F)(F)F)cc4)ccc3c(=O)c12
CHEMBL118066,0,17000.0,nM,CHEMBL364,CHEMBL762997,Cn1c2nc3ccccc3c-2cc2cc(C#N)ccc21
CHEMBL2029588,1,437.0,nM,CHEMBL364,CHEMBL2032995,CC[C@H]1OC(=O)[C@H](C)[C@@H](O)[C@H](C)[C@@H](O[C@@H]2O[C@H](C)C[C@H](N(C)C)[C@H]2O)[C@](C)(O)C[C@@H](C)CN(CCCNc2ccnc3ccccc23)[C@H](C)[C@@H](O)[C@]1(C)O
CHEMBL1256796,0,12589.25,nM,CHEMBL364,CHEMBL1267247,Nc1ncnc2c1nc(Br)n2[C@@H]1O[C@@H]2COP(=O)([O-])O[C@H]2[C@H]1O.[Na+]
CHEMBL527241,1,929.92,nM,CHEMBL364,CHEMBL1054503,Cc1cc(N[C@@H](Cc2ccccc2)C(=O)NCc2cccc(F)c2)nc(Nc2ccccc2)n1.O=C(O)C(F)(F)F
CHEMBL3221656,1,5.0,nM,CHEMBL364,CHEMBL3224345,C=C(C)[C@@H]1OO[C@]2(O[C@H]1CCC)[C@H]1CC3C[C@@H](C1)C[C@H]2C3
CHEMBL4746728,1,40.0,nM,CHEMBL364,CHEMBL4733288,Clc1ccc2nc(/C=C/c3ccncc3)cc(NCCCCn3cc(CN4CCCCC4)nn3)c2c1
CHEMBL1834989,1,28.0,nM,CHEMBL364,CHEMBL1837547,COc1ccc(F)cc1CNCCCNc1ccnc2cc(Cc3ccc(C#N)cc3)ccc12
CHEMBL5280033,1,28.0,nM,CHEMBL364,CHEMBL5257532,C[C@H]1[C@@H](CC(F)(F)c2ccc(C(F)(F)C[C@H]3O[C@H]4O[C@@]5(C)CC[C@H]6[C@H](C)CC[C@@H]([C@H]3C)[C@@]46OO5)cc2)O[C@H]2O[C@@]3(C)CC[C@H]4[C@H](C)CC[C@@H]1[C@@]24OO3
CHEMBL577015,1,51.5,nM,CHEMBL364,CHEMBL1040692,CCOC(=O)C1=C(C)NC2=C(C(=O)CC(c3ccc(Cl)cc3)C2)C1c1ccc(Cl)cc1
CHEMBL1210149,0,25000.0,nM,CHEMBL364,CHEMBL1212362,CCC/C(=N\OC(c1ccccc1)c1ccccc1)C1=C(O)CC(c2cccc(C3CC(=O)C(/C(CCC)=N/OC(c4ccccc4)c4ccccc4)=C(O)C3)c2)CC1=O
CHEMBL586931,1,833.77,nM,CHEMBL364,CHEMBL1054503,Nc1ccn([C@@H]2O[C@H](COC(c3ccccc3)(c3ccccc3)c3ccccc3)[C@@H](O)[C@@H]2O)c(=O)n1
CHEMBL4876627,1,38.0,nM,CHEMBL364,CHEMBL4817794,O=C(CCCN1CCCCCC1)Nc1cnc(-c2ccc(F)cc2F)s1
CHEMBL546036,1,576.68,nM,CHEMBL364,CHEMBL1054503,CNC(=N)c1ccc(NC(=O)Nc2ccc(C(=N)NC)cc2)cc1.Cl
CHEMBL458205,1,9.1,nM,CHEMBL364,CHEMBL1016905,CC(C)(C)NCc1cc(Cc2ccnc3cc(Cl)ccc23)ccc1O
CHEMBL3504873,1,90.46,nM,CHEMBL364,CHEMBL4649964,Clc1ccc(C2(CNC3=NCCN3)CCCCC2)cc1.I
CHEMBL547616,1,225.98,nM,CHEMBL364,CHEMBL1054503,O=C(Cc1ccc(Cl)cc1)NC1CCN(c2ccnc3cc(Cl)ccc23)C1.O=C(O)C(F)(F)F
CHEMBL528258,1,407.0,nM,CHEMBL364,CHEMBL1040692,Cc1cc(Nc2ccc(O)cc2)nc2cccc(O)c12
CHEMBL3353685,1,44.0,nM,CHEMBL364,CHEMBL3383334,COc1cc(Nc2ccnc(NCCCCNc3ccnc4cc(Cl)ccc34)n2)cc(OC)c1
CHEMBL170708,1,76.0,nM,CHEMBL364,CHEMBL856447,CO[C@@H]1O[C@]2(c3ccc(-c4ccccc4)cc3)CC[C@H]3CCCCC31OO2
CHEMBL579710,1,857.92,nM,CHEMBL364,CHEMBL1054503,Oc1ccc(CN2CCN(CCOC(c3ccccc3)c3ccc(Cl)cc3)CC2)cc1Cl
CHEMBL586760,1,525.37,nM,CHEMBL364,CHEMBL1054503,O=C(/C=C/c1ccc(Cl)c(Cl)c1)NCCCCCN1CCCC(CCCNC(=O)Nc2ccc(C(F)(F)F)cc2)C1
CHEMBL536605,1,591.0,nM,CHEMBL364,CHEMBL1040692,CCCCOc1ccc(C(O)C(CN2CCCCC2)c2ccccc2)cc1
CHEMBL548832,1,205.57,nM,CHEMBL364,CHEMBL1054503,CC(C)CCCC(C)(C)NC[C@@H](O)[C@H](Cc1ccccc1)NC(=O)c1cc(NC(C)C)cc(N2CCCCS2(=O)=O)c1.O=CO
CHEMBL494829,0,30000.0,nM,CHEMBL364,CHEMBL997205,N#Cc1nc(NCCc2ccccc2)c2c(n1)N(c1cccnc1)CN2
CHEMBL1641676,0,26700.0,nM,CHEMBL364,CHEMBL1647202,CO[C@H]1C=C2[C@@H](CC[C@H](O)C2(C)C)[C@]2(C)CC[C@]3(C)[C@@H]([C@H](C)C[C@H](C=C(C)C)OC(=O)/C=C/c4ccccc4)CC[C@@]3(C)[C@H]12
CHEMBL3217241,1,136.0,nM,CHEMBL364,CHEMBL2399337,Cl.Cl.N=C(N)c1ccc(-c2cc(N)cc(-c3ccc(C(=N)N)cc3)c2)cc1
CHEMBL5429893,0,20000.0,nM,CHEMBL364,CHEMBL5354644,O=C(Nc1c2c(nn1-c1cccc(Cl)c1)COC2)C(F)(F)F
CHEMBL4099546,1,5.7,nM,CHEMBL364,CHEMBL4008052,CS(=O)(=O)N1CCN(CCCOc2ccc([C@H]3CC[C@]4(CC3)OOC3(O4)C4CC5CC(C4)CC3C5)cc2)CC1
CHEMBL534975,1,54.48,nM,CHEMBL364,CHEMBL1054503,CC(C)c1cn2c3c(cc(C(=O)N[C@@H](Cc4ccccc4)[C@H](O)CNC4CCOCC4)cc13)N(C)S(=O)(=O)CC2.O=CO
CHEMBL1089363,0,10000.0,nM,CHEMBL364,CHEMBL1113468,CCOC(=O)C1=C(c2ccc3c(c2)OCO3)Nc2cc(OC)ccc2C1
CHEMBL5429730,0,19930.0,nM,CHEMBL364,CHEMBL5337620,Clc1cccc(-c2nnn(CCCN3CCN(c4ccnc5cc(Cl)ccc45)CC3)n2)c1
CHEMBL4081882,1,800.0,nM,CHEMBL364,CHEMBL4055732,CCOC(=O)[C@H](Cc1ccccc1)NP(=O)(CCOCC(COCCP(=O)(N[C@@H](Cc1ccccc1)C(=O)OCC)N[C@@H](Cc1ccccc1)C(=O)OCC)n1ccc2c(=O)[nH]c(N)nc21)N[C@@H](Cc1ccccc1)C(=O)OCC
CHEMBL578423,1,325.0,nM,CHEMBL364,CHEMBL1040692,CCCCN1Cc2ccc(C(=O)NC(C)C)cc2N=C1c1ccc(F)cc1
CHEMBL5575881,1,850.0,nM,CHEMBL364,CHEMBL5533152,C=CCn1cc(COc2ccc(C3C(Oc4ccc(Cl)cc4Cl)C(=O)N3c3ccc(OCc4cn(CC=C)nn4)cc3)cc2)nn1
CHEMBL4293986,1,76.0,nM,CHEMBL364,CHEMBL4269444,CN(CCNC(=O)C=Cc1ccc2ccccc2n1)CCNc1ccnc2cc(Cl)ccc12
CHEMBL2413916,0,25000.0,nM,CHEMBL364,CHEMBL2417225,COc1ccc(-c2oc3ccccc3c2C(=O)c2c(O)cc(OC)cc2OC)cc1
CHEMBL583556,1,270.1,nM,CHEMBL364,CHEMBL1040692,CCc1ccccc1NC(=O)C1c2ccccc2C(=O)N(CC(C)C)C1c1cccs1
CHEMBL6170726,0,100000.0,nM,CHEMBL364,CHEMBL6157740,CNC(=O)CCCCCN(CC(=O)NCc1ccccc1)C(=O)c1ccc(N(C)C)cc1
CHEMBL4224721,0,44500.0,nM,CHEMBL364,CHEMBL4223066,CCN(CC)c1ccc2cc(C3=NNC(c4ccc(F)cc4)C3)c(=O)oc2c1
CHEMBL5425479,1,790.0,nM,CHEMBL364,CHEMBL5345214,O=C(/C=C/c1cc(F)ccc1F)c1ccc(S(=O)(=O)NCCCNc2cncc3cc(Cl)ccc23)cc1
CHEMBL1738786,1,3.6,nM,CHEMBL364,CHEMBL3296345,Cc1cc(Nc2ccc(C(F)(F)F)cc2)n2nc(C(C)(F)F)nc2n1
CHEMBL548233,1,658.92,nM,CHEMBL364,CHEMBL1054503,COc1cccc(Nc2nccc(NCC(O)c3ccc(C(F)(F)F)cc3)n2)c1
CHEMBL587484,1,434.68,nM,CHEMBL364,CHEMBL1054503,COc1ccc(CN2CCC(CNCCc3c(Cl)cccc3Cl)CC2)cc1.O=C(O)C(F)(F)F
CHEMBL547855,1,706.86,nM,CHEMBL364,CHEMBL1054503,N#Cc1cccc(NC(=O)NC2CCN(CCCCCNC(=O)/C=C/c3ccc(Cl)c(Cl)c3)CC2)c1
CHEMBL4785243,1,30.0,nM,CHEMBL364,CHEMBL6087748,Cc1ccc(NS(=O)(=O)c2ccc(Nc3cc(C)nc4nc(C(F)(F)F)nn34)cc2)cc1.Cl
CHEMBL3401314,1,73.0,nM,CHEMBL364,CHEMBL3405488,CCN(CC)CCNc1cc(Cl)cc2nc3c4cc(Cl)ccc4n(CCN4CCCC4)c3cc12
CHEMBL579158,1,514.0,nM,CHEMBL364,CHEMBL1040692,CN(Cc1ccccc1)c1cc(-c2ccccn2)nc(-c2ccccn2)n1
CHEMBL532942,1,802.6,nM,CHEMBL364,CHEMBL1054503,NC(=O)CCC(NC(=O)CNC(=O)Nc1cccc(C(F)(F)F)c1)C(=O)O
CHEMBL576157,1,9.78,nM,CHEMBL364,CHEMBL1040692,CCCOC(=O)C1=C(C)NC2=C(C(=O)CC(c3ccc(OC)c(OC)c3)C2)C1c1ccccc1C
CHEMBL526057,1,816.18,nM,CHEMBL364,CHEMBL1054503,COc1ccc(CNCc2cccc(-c3ccc(-c4nc5ccccc5[nH]4)s3)c2)cc1.O=C(O)C(F)(F)F
CHEMBL580126,1,24.97,nM,CHEMBL364,CHEMBL1054503,CC(C)NCc1cc(Nc2ccnc3cc(Cl)ccc23)ccc1O.Cl
CHEMBL529278,1,791.9,nM,CHEMBL364,CHEMBL1054503,COc1ccc(NC(=O)NC2CCN(CCCOc3ccnc4cc(Cl)ccc34)C2)cc1OC
CHEMBL578938,1,275.4,nM,CHEMBL364,CHEMBL1040692,O=[N+]([O-])c1ccc(S(=O)(=O)NCCCCNc2ccnc3cc(Cl)ccc23)cc1
CHEMBL535045,1,126.16,nM,CHEMBL364,CHEMBL1054503,CC1(C)N=C(N)N=C(N)N1OCc1cc2ccccc2cc1CON1C(N)=NC(N)=NC1(C)C
CHEMBL3349380,1,38.0,nM,CHEMBL364,CHEMBL767002,C[C@@H]1CC[C@H]2[C@@H](C)C(OC(c3ccccc3)(C(F)(F)F)C(F)(F)F)O[C@@H]3O[C@]4(C)CC[C@@H]1[C@]32OO4
CHEMBL597042,1,694.0,nM,CHEMBL364,CHEMBL1040692,Cc1ccc(F)cc1NC(=O)Cn1c2ccccc2c(=O)c2cc(Cl)ccc21
CHEMBL195334,1,75.0,nM,CHEMBL364,CHEMBL834671,CCCCCCCCCCCC[n+]1csc(CCOC)c1C.[Br-]
CHEMBL528241,1,855.0,nM,CHEMBL364,CHEMBL1040691,COC(=O)c1ccc(C(=O)Nc2ccc(-c3nc4cc(NC(=O)c5ccc(C(=O)OC)cc5)ccc4[nH]3)cc2)cc1
CHEMBL3233231,0,50000.0,nM,CHEMBL364,CHEMBL3242157,C#CCn1cc(C(=O)O)c(=O)c2c3nc(-c4ccc(F)cc4)c(-c4ccc(F)cc4)nc3ccc21
CHEMBL207538,0,12589.25,nM,CHEMBL364,CHEMBL1267246,CC(=O)[C@H]1CC[C@H]2[C@@H]3CC[C@H]4C[C@H](O)CC[C@]4(C)[C@H]3CC[C@]12C
CHEMBL405318,1,24.1,nM,CHEMBL364,CHEMBL933737,CCN(CC)CCCN(CC)CCCCNc1ccnc2cc(Cl)ccc12
CHEMBL2049061,0,15015.0,nM,CHEMBL364,CHEMBL2049756,CC(C)N(Cc1cccc(OCCCCCC(=O)O)c1)C(=O)c1ccc(-c2cccc(C(F)(F)F)c2)cc1
CHEMBL531899,1,619.28,nM,CHEMBL364,CHEMBL1054503,Nc1cc(-c2ccc(Br)cc2O)nc2ccccc12
CHEMBL2049057,0,15015.0,nM,CHEMBL364,CHEMBL2049756,CC(C)N(Cc1cccc(OCCCCCC(=O)O)c1)C(=O)c1ccc(-c2cccc(OC(F)(F)F)c2)cc1
CHEMBL532059,1,880.24,nM,CHEMBL364,CHEMBL1054503,COc1ccc2c(c1)CC(NCc1ccc(-c3ccc4nc[nH]c4c3)cc1)C2.O=C(O)C(F)(F)F
CHEMBL76817,1,6.64,nM,CHEMBL364,CHEMBL760652,C[C@H]1[C@@H](OCCC2Oc3cccc(O)c3O2)O[C@@H]2O[C@@]3(C)CC[C@H]4[C@H](C)CC[C@@H]1[C@@]24OO3
CHEMBL527169,1,162.91,nM,CHEMBL364,CHEMBL1054503,Clc1ccc(Cl)c2[nH]c(CNCCCNc3nc4ccccc4[nH]3)cc12
CHEMBL534430,1,705.16,nM,CHEMBL364,CHEMBL1054503,COc1ccc2nccc([C@H](O)CN3CCC(NCc4nc5cccc(F)c5[nH]4)CC3)c2c1.O=C(O)C(=O)O
CHEMBL587480,1,120.25,nM,CHEMBL364,CHEMBL1054503,O=C(Nc1cccc(C(F)(F)F)c1)NC1CCN(c2ccnc3cc(Cl)ccc23)C1.O=C(O)C(F)(F)F
CHEMBL3759371,1,870.0,nM,CHEMBL364,CHEMBL3760349,OC(CNc1ccc(Br)cc1)(c1ccc(Cl)cc1)c1nnn(Cc2ccccc2)c1-c1ccc(Br)cc1
CHEMBL580601,1,166.37,nM,CHEMBL364,CHEMBL1054503,CCCc1cc(C(=O)N[C@@H](Cc2ccccc2)[C@H](O)CNC2CCOCC2)c(F)c(N2CCCCS2(=O)=O)c1
CHEMBL548937,1,288.9,nM,CHEMBL364,CHEMBL1054503,Cc1ccc(C(=O)NC2CC2)cc1-c1ccc2c(cnn2S(=O)(=O)c2ccc(F)cc2)c1
CHEMBL3354291,0,31800.0,nM,CHEMBL364,CHEMBL3386411,FC(F)(F)c1cc(-n2cc(CN3CCN(C4CCCCC4)CC3)nn2)c2cccc(C(F)(F)F)c2n1
CHEMBL582654,0,12500.0,nM,CHEMBL364,CHEMBL1040691,C=C(Cl)CSc1nnc(CCNC(=O)c2ccc(C)cc2)n1-c1ccc(F)cc1
CHEMBL589965,0,15000.0,nM,CHEMBL364,CHEMBL730080,COc1ccc(C(=O)C2CCCN(Cc3ccc(OCCO)cc3)C2)cc1OC
CHEMBL601342,1,580.0,nM,CHEMBL364,CHEMBL1040692,CCOc1ccc(CCN2C(=S)N(c3cccc(C(F)(F)F)c3)C(=O)C2CC(=O)Nc2ccc(C(=O)OC)cc2)cc1OCC
CHEMBL579772,1,846.02,nM,CHEMBL364,CHEMBL1054503,CCOc1ccccc1C1CCN(CCCCNC(=O)c2ccc(NC(=O)c3ccc(Cl)cc3)cc2)CC1
CHEMBL3978363,0,10800.0,nM,CHEMBL364,CHEMBL3875107,c1ccc(-c2nc(-c3ccncc3)[nH]c2-c2ccccc2)cc1
CHEMBL4760841,1,3.22,nM,CHEMBL364,CHEMBL4713981,Cl.Cn1cc(CN2CCC3(CCN(c4ncc(C(=O)NO)cn4)CC3)C2)c2ncccc21
CHEMBL526783,1,973.59,nM,CHEMBL364,CHEMBL1054503,COc1cc(OC)c2c(c1Cl)O[C@]1(C2=O)C(=O)C(Cc2ccccc2)(Cc2ccccc2)C(=O)C[C@H]1C
CHEMBL5000937,1,1000.0,nM,CHEMBL364,CHEMBL4888491,Cc1nn(-c2ccccn2)c(O)c1C(c1ccccc1)c1c(C)nn(-c2ccccn2)c1O
CHEMBL5427686,1,220.0,nM,CHEMBL364,CHEMBL5368271,COc1ccc2c3ccnc(C)c3n(CCNC(=O)NC/C=C/c3cccc(C(F)(F)F)c3)c2c1
CHEMBL585846,1,554.0,nM,CHEMBL364,CHEMBL1040692,CCOc1cc(Br)cc(C=C2NC(=S)NC2=O)c1O
CHEMBL3361377,1,26.3,nM,CHEMBL364,CHEMBL3369904,COc1cc2[nH]c(C)c(-c3ccc(F)cc3F)c(=O)c2cc1Cl
CHEMBL3235635,1,123.88,nM,CHEMBL364,CHEMBL3240878,COc1ccc(Oc2ccccc2N/C(=N/c2ccc(Cl)cc2)NCCCCNc2ccnc3cc(Cl)ccc23)cc1
CHEMBL546286,1,280.07,nM,CHEMBL364,CHEMBL1054503,CC(O)C1CCCCN1C(=O)c1cccc(-c2cccc(-c3nc4cc(C(F)(F)F)ccc4[nH]3)c2)c1
CHEMBL5194461,0,21000.0,nM,CHEMBL364,CHEMBL5150533,CC(=O)N(Cc1cc(C(F)(F)F)ccc1F)C(c1cncnc1)c1nnnn1-c1ccccc1C
CHEMBL5188510,1,422.0,nM,CHEMBL364,CHEMBL5128575,CCOC(=O)C1=C2N=C(c3cccnc3)NN2C2=C(C(=O)CCC2)C12C(=O)Nc1ccccc12
CHEMBL585221,1,352.0,nM,CHEMBL364,CHEMBL1040692,CCOc1ccc(-c2cc(C)[n+](CCO)c(-c3ccc(OCC)cc3)c2)cc1
CHEMBL3462306,1,41.22,nM,CHEMBL364,CHEMBL4649945,Cc1cn2c(n1)C(CNCC1=Cc3ccccc3OC1)CCC2
CHEMBL587798,1,784.58,nM,CHEMBL364,CHEMBL1054503,Cl.NOCCCCOc1ccc(Cl)cc1
CHEMBL578891,0,10000.0,nM,CHEMBL364,CHEMBL1040692,CCN1C(=O)c2ccccc2Sc2ccc(NC(=O)NCCCOC(C)C)cc21
CHEMBL569039,1,106.5,nM,CHEMBL364,CHEMBL1048019,O=C(c1cccnc1)N1N=C(c2ccc(O)cc2)CC1c1cccc([N+](=O)[O-])c1
CHEMBL4877660,0,12000.0,nM,CHEMBL364,CHEMBL4808818,CCCCCc1nc(CNC(=O)[C@H](O)C(C)(C)CO)no1
CHEMBL1631348,1,1.4,nM,CHEMBL364,CHEMBL1636525,Nc1cc(-c2csc(NC(=O)CCCCCCC(=O)NO)n2)ccc1Cl
CHEMBL532691,1,368.42,nM,CHEMBL364,CHEMBL1054503,COc1cc(Cc2cnc(N)nc2N)ccc1OCc1ccc(NC(C)=O)cc1
CHEMBL4923488,0,10700.0,nM,CHEMBL364,CHEMBL4888490,Cc1cc(OCCOCCNCCN)cc(C(C)C)c1
CHEMBL3819566,1,50.0,nM,CHEMBL364,CHEMBL3820736,Cc1cc(NCCCCNc2ccnc3cc(Cl)ccc23)nc(NCCCCO)n1
CHEMBL602990,1,710.0,nM,CHEMBL364,CHEMBL1040692,CCOC(=O)c1c(C)oc2c1C(=O)c1ccccc1C2=O
CHEMBL5394102,0,52000.0,nM,CHEMBL364,CHEMBL5372014,CC(C)C1=C(c2c[nH]c3ccccc23)[C@@H]2[C@H](C)C[C@@H](O)[C@@]3(C)[C@H](C)CC[C@@H](O)[C@@]23CC1
CHEMBL1774602,0,10000.0,nM,CHEMBL364,CHEMBL1776674,COc1ccc(C(=O)/C=C/c2ccc(O)c(OC)c2)c(OC)c1
CHEMBL3828034,1,45.9,nM,CHEMBL364,CHEMBL3829073,Cl.N=C(NC1CCCCC1)c1ccc(Nc2nc3cc(C(=N)NC4CCCCC4)ccc3[nH]2)cc1
CHEMBL3401709,1,9.0,nM,CHEMBL364,CHEMBL3405931,Clc1ccc2c(NCCCNCc3ccc(-c4cccnc4)s3)ccnc2c1
CHEMBL579752,1,962.28,nM,CHEMBL364,CHEMBL1054503,O=C(Nc1cccc(CN2CCCN(CC3CCCCC3)CC2)c1)c1ccc(Cl)c(Cl)c1.O=C(O)C(F)(F)F
CHEMBL195379,1,90.0,nM,CHEMBL364,CHEMBL837255,CC[n+]1cc2cc(OC)c(OC)cc2c2ccc3cc(OC)c(OC)cc3c21.[I-]
CHEMBL3604386,1,406.0,nM,CHEMBL364,CHEMBL3607578,Clc1ccc2c(Nc3ccc4oc(NCc5ccccn5)nc4c3)ccnc2c1
CHEMBL579344,1,875.0,nM,CHEMBL364,CHEMBL1040692,O=C(CCC1CCCC1)NC1CCC(Nc2ccnc3cc(Cl)ccc23)CC1
CHEMBL576408,1,50.0,nM,CHEMBL364,CHEMBL1040692,COc1cccc(-c2ccc(O)c(CNC34CC5CC(CC(C5)C3)C4)c2)n1
CHEMBL3356382,1,180.0,nM,CHEMBL364,CHEMBL3377298,c1ccc(Nc2cc3nc4ccccc4n(-c4ccccc4)c-3c/c2=N/CC[C@@H]2CCCN3CCCC[C@H]23)cc1
CHEMBL532227,1,847.36,nM,CHEMBL364,CHEMBL1054503,CC(C)COc1ccc(Cl)cc1Cc1ccc(-c2nc3ccc(C(F)(F)F)cc3[nH]2)o1
CHEMBL597470,1,5.58,nM,CHEMBL364,CHEMBL1040691,c1cc(C2=NCCN2)ccc1OCCCOc1ccc(C2=NCCN2)cc1
CHEMBL534673,1,912.0,nM,CHEMBL364,CHEMBL1054503,O=C(O)C(F)(F)F.c1ccc(CN2CCC(NCc3ccccc3-c3ccc(CNC4CCCC4)cc3)CC2)cc1
CHEMBL527263,1,731.49,nM,CHEMBL364,CHEMBL1054503,O=C(CCCCCNC(=O)c1ccc(O)c(-c2ccc(Cl)c(Cl)c2)c1)NCc1cccc(C(F)(F)F)c1
CHEMBL125004,1,758.0,nM,CHEMBL364,CHEMBL760051,CC(C)CN(CCCN1CCN(CCCNc2ccc([N+](=O)[O-])cn2)CC1)CC(C)C
CHEMBL576469,1,710.0,nM,CHEMBL364,CHEMBL1045775,c1ccc(CCN2CCC3(N4CCCCC4)CC(c4ccccc4)C2C(c2ccccc2)C3)cc1
CHEMBL529138,1,448.53,nM,CHEMBL364,CHEMBL1054503,O=C(Nc1ccc(N2CCCCC2)c(Cl)c1)c1nc[nH]n1
CHEMBL477326,1,600.0,nM,CHEMBL364,CHEMBL962001,OC[C@@H]1CC2CCN1C[C@@H]2C#Cc1ccc(OCc2ccccc2)cc1
CHEMBL577208,1,424.0,nM,CHEMBL364,CHEMBL1040692,Cc1sc2nc(CN(C(=O)CCc3ccccc3)C3CCCCC3)[nH]c(=O)c2c1C
CHEMBL580284,1,12.51,nM,CHEMBL364,CHEMBL1040692,CCOc1cc2c(cc1OCC)C(c1ccc(O)c(Cl)c1)NCC2.Cl
CHEMBL3361352,1,8.43,nM,CHEMBL364,CHEMBL3369905,COc1cc2[nH]c(C)c(-c3ccco3)c(=O)c2cc1Cl
CHEMBL5395617,1,7.9,nM,CHEMBL364,CHEMBL5320308,CN1C(=O)c2ccc(Cl)cc2N2C(=O)CCC12C(=O)Nc1cccc(Cl)c1
CHEMBL2409525,1,19.3,nM,CHEMBL364,CHEMBL2410225,COC1=C2C(=CC(=O)C(O)=C2C)c2cc(OC)c(C)cc2C1=O
CHEMBL536633,1,801.86,nM,CHEMBL364,CHEMBL1054503,O=C(Nc1ccc(-c2nc3ccccc3[nH]2)cc1)c1ccc(Cl)c([N+](=O)[O-])c1
CHEMBL4861508,1,870.0,nM,CHEMBL364,CHEMBL4811839,CC[C@H](C)[C@H](NC(=O)[C@@](C)(CC)NC(=O)[C@H](CCC(N)=O)NC(=O)[C@@](C)(CC)NC(=O)C(C)(C)NC(=O)[C@H](C)NC(=O)CNC(=O)C(C)(C)NC(C)=O)C(=O)NC(C)(C)C(=O)NCC(=O)N[C@@H](CC(C)C)C(=O)NC(C)(C)C(=O)N1CCC[C@H]1C(=O)N[C@@H](CC(C)C)C(=O)NC(C)(C)C(=O)N[C@](C)(CC)C(=O)N[C@@H](CCC(N)=O)C(=O)N[C@H](CO)CC(C)C
CHEMBL3264068,1,270.0,nM,CHEMBL364,CHEMBL3265826,Fc1cccnc1Nc1ncc(-c2cnc3ccc(N4CCNCC4)nn23)cn1
CHEMBL1077545,1,100.0,nM,CHEMBL364,CHEMBL1112336,CC[C@H]1CCCC[C@@]2(C[C@@H]3CC[C@@H]4[C@H](C(=O)OCCCCCCCCCCCCCCCC(=O)N(CCCN)CCCCN)[C@]5(CCC[C@@H](C)O5)NC(=[N+]34)N2)O1.[Cl-]
CHEMBL587528,1,748.0,nM,CHEMBL364,CHEMBL1040692,c1ccc(CSc2nnc3c(n2)[nH]c2ccccc23)cc1
CHEMBL610623,0,12500.0,nM,CHEMBL364,CHEMBL1040691,Cc1ccc(NC(=O)C2CC3c4ccccc4C2c2ccccc23)cc1
CHEMBL577145,1,422.0,nM,CHEMBL364,CHEMBL1040692,CCN1/C(=C/C(=C/c2sc3ccccc3[n+]2CC)NC)Sc2ccccc21
CHEMBL3216520,1,19.0,nM,CHEMBL364,CHEMBL1772703,Cl.Cl.Cl.O=[N+]([O-])OCC1CCN(Cc2cc(Nc3ccnc4cc(Cl)ccc34)ccc2O)CC1
CHEMBL546872,1,136.4,nM,CHEMBL364,CHEMBL1054503,COc1ccc2nccc(N(C)CC3(O)CCN(CCc4ccc5c(c4)NC(=O)CS5)CC3)c2n1.Cl
CHEMBL2331582,1,4.0,nM,CHEMBL364,CHEMBL2342742,C[C@@H](NC[C@@H](O)[C@H](Cc1ccccc1)NC(=O)c1ccc(NC2CCN(C)CC2)cc1)c1ccccc1
CHEMBL549253,1,802.26,nM,CHEMBL364,CHEMBL1054503,O=C(N[C@@H](Cc1ccccc1)C(=O)O)c1cc(-c2ccc(F)cc2)no1.O=C(N[C@@H](Cc1ccccc1)C(=O)O)c1conc1-c1ccc(F)cc1
CHEMBL547962,1,707.2,nM,CHEMBL364,CHEMBL1054503,FC(F)(F)c1ccc2c(C=Cc3ccncc3)c[nH]c2c1
CHEMBL530455,1,729.43,nM,CHEMBL364,CHEMBL1054503,CCN(CCCN1CCCCC1)c1cc(C)nc(Nc2ccc(Cl)cc2C)n1.O=C(O)C(F)(F)F
CHEMBL5282438,1,6.0,nM,CHEMBL364,CHEMBL5232538,O=C1c2cccc(N3CCOCC3)c2C(=O)N1CCCCCCNc1ccnc2cc(Cl)ccc12
CHEMBL533050,1,854.26,nM,CHEMBL364,CHEMBL1054503,O=C(Nc1ccc(-c2ccc(-c3nc4cc(C(F)(F)F)ccc4[nH]3)s2)cc1)c1ccoc1
CHEMBL548961,1,421.84,nM,CHEMBL364,CHEMBL1054503,O=C(NC1CC1)c1ccc(Cn2c(SCc3cccc(Cl)c3)nc3ccccc3c2=O)cc1
CHEMBL548742,1,887.45,nM,CHEMBL364,CHEMBL1054503,COc1cccc(-c2csc(C(=O)NC3CCCCN(Cc4ccc(C(C)(C)C)cc4)C3)c2)c1.O=C(O)C(F)(F)F
CHEMBL3484146,1,640.19,nM,CHEMBL364,CHEMBL4649964,Clc1cccc2c3c([nH]c12)CCN(Cc1cc2n(n1)CCCNC2)C3
CHEMBL4785978,1,467.74,nM,CHEMBL364,CHEMBL4775069,O=C1C=C(c2cnc(Cl)nc2)C(=O)c2ccccc21
CHEMBL6148516,0,10000.0,nM,CHEMBL364,CHEMBL6080415,C[C@H]1NC(=O)[C@@H](Cc2ccccc2)N(C)C(=O)[C@@H]2CCCN2C(=O)c2ccccc2NC(=O)[C@H](Cc2ccc(O)cc2)NC1=O
CHEMBL582531,1,245.4,nM,CHEMBL364,CHEMBL1040691,CCOC(=O)c1cnc2ccc(OC)cc2c1O
CHEMBL4105332,1,3.9,nM,CHEMBL364,CHEMBL4013631,CCN(CC)Cc1cc(/C=N/N=C(\N)CC(O)c2cc3c(F)cc(F)cc3c3cc(C(F)(F)F)ccc23)ccc1O
CHEMBL3337963,0,19800.0,nM,CHEMBL364,CHEMBL3380075,Cc1cc(C(=O)Nc2nc(CN)cs2)n(Cc2ccccc2)n1
CHEMBL504412,1,92.0,nM,CHEMBL364,CHEMBL1006439,CCCCCCCCCCCCCC(=O)OC1C[C@]2(CCC3(C=CC(=O)C=C3)O2)O[C@]2(CCC3(C=CC(=O)C=C3)O2)C1
CHEMBL1276916,1,763.0,nM,CHEMBL364,CHEMBL1285662,CC1=N[C@H](C)Cc2c(-c3cccc4ccccc34)ccc(O)c21
CHEMBL4075171,1,167.0,nM,CHEMBL364,CHEMBL4011331,Clc1ccc2c(Nc3ccc(Nc4nc(Cl)nc(N5CCNCC5)n4)cc3)ccnc2c1
CHEMBL459421,0,27500.0,nM,CHEMBL364,CHEMBL1009027,CN1CCC2c3ccccc3N3C2[C@@H]1C[C@@H](C1=CCOC1=O)C[C@@H]3O
CHEMBL580207,1,252.74,nM,CHEMBL364,CHEMBL1054503,CC(C)N(Cc1ccccc1)C(=O)CN1C(=O)COc2ccc(S(=O)(=O)N3CCCCCC3)cc21
CHEMBL118399,1,620.0,nM,CHEMBL364,CHEMBL759677,CCCCCCCCCCCCCCCCCC[N+](CC)(CC)CCO.[Br-]
CHEMBL5170920,1,480.0,nM,CHEMBL364,CHEMBL5134248,O=C1CC2(CCN(CCCc3ccccc3)CC2)Oc2c1ccc1ccccc21
CHEMBL4742860,1,692.0,nM,CHEMBL364,CHEMBL4671169,CCc1ccc(-c2nc3c(c(C)nn3-c3ccccc3)c(-c3ccccc3[N+](=O)[O-])c2C#N)cc1
CHEMBL2164264,1,180.0,nM,CHEMBL364,CHEMBL2167524,Cc1ccc(C(OCC(=O)N(C)O)P(=O)(O)O)cc1
CHEMBL4794107,1,40.0,nM,CHEMBL364,CHEMBL4706783,Cc1cc(NC2Cc3cc(F)c(F)cc3C2)n2nc(C(C)(F)F)nc2n1
CHEMBL603010,1,171.7,nM,CHEMBL364,CHEMBL1040692,COc1ccc(-[n+]2cc(-c3ccc(Br)cc3)n3c2SCCC3)cc1.[Br-]
CHEMBL577199,1,405.0,nM,CHEMBL364,CHEMBL1040692,Oc1ccc(-c2cncc(NCc3ccc(Cl)cc3)c2)cc1
CHEMBL532390,1,761.95,nM,CHEMBL364,CHEMBL1054503,O=C(CCCCCNC(=O)c1ccc(O)c(-c2ccc(Cl)c(Cl)c2)c1)NCc1cccc2ccccc12
CHEMBL46617,1,1000.0,nM,CHEMBL364,CHEMBL754073,Clc1ccc2c(N3CCNCCNCC3)ccnc2c1
CHEMBL4550649,1,300.0,nM,CHEMBL364,CHEMBL4478731,c1ccc(N2CCN(c3cc(-c4cccnc4)nc(-c4ccncc4)n3)CC2)cc1
CHEMBL4061356,1,187.0,nM,CHEMBL364,CHEMBL3993080,Clc1ccc2c(NCCCn3cnc4c(N5CCN(c6ccccc6)CC5)nc(Cl)nc43)ccnc2c1
CHEMBL4470645,1,7.63,nM,CHEMBL364,CHEMBL4433930,CCN1CCN(c2nc(C)cc(NCc3cc(Nc4ccnc5cc(Cl)ccc45)ccc3F)n2)CC1
CHEMBL335524,1,1.2,nM,CHEMBL364,CHEMBL4326760,Clc1ccc2c(NCCCCCCNCCCCCCNc3ccnc4cc(Cl)ccc34)ccnc2c1
CHEMBL2334371,1,295.0,nM,CHEMBL364,CHEMBL2342741,CN1CCN(c2ccc(C(=O)N[C@@H](Cc3ccccc3)[C@H](O)CNCc3ccc(O)c(CN4CCCC4)c3)cc2)CC1
CHEMBL540848,0,12589.25,nM,CHEMBL364,CHEMBL1267249,CC1CNCCN1S(=O)(=O)c1cccc2cnccc12.Cl.Cl
CHEMBL468844,1,8.59,nM,CHEMBL364,CHEMBL997856,Clc1ccc2c(NCCNCCC34CC5CC(CC(C5)C3)C4)ccnc2c1
CHEMBL1467,0,150000.0,nM,CHEMBL364,CHEMBL911615,Oc1ncnc2[nH]ncc12
CHEMBL5289227,0,10100.0,nM,CHEMBL364,CHEMBL5255106,COC(=O)c1cc2c(c(OC)c1OC)[C@H](C)C[C@@H](OC(=O)Nc1ccc(OC)cc1)[C@H]2[C@@H](C)CCC=C(C)C
CHEMBL141570,0,322000.0,nM,CHEMBL364,CHEMBL880957,COc1ccc(C(=O)/C=C/c2ccc(F)cc2)c(OC)c1
CHEMBL533796,1,928.34,nM,CHEMBL364,CHEMBL1054503,CCNc1cc(C(=O)N[C@@H](Cc2ccccc2Cl)[C@H](O)CNC(C)CCCC(C)C)cc(N2CCCCS2(=O)=O)c1.Cl
CHEMBL451728,0,56900.0,nM,CHEMBL364,CHEMBL1003848,COc1ccc2c(=O)c3c(OC)c4c(cc3n(C)c2c1OC)OCO4
CHEMBL579816,1,584.62,nM,CHEMBL364,CHEMBL1054503,CCN(CC)S(=O)(=O)c1ccc(C(=O)Oc2ccccc2N(Cc2ccc(OC)cc2)C2=NS(=O)(=O)c3ccccc32)cc1
CHEMBL4065621,1,700.0,nM,CHEMBL364,CHEMBL3996774,CCNCCNc1cc(-c2ccccc2)c(C#N)c2nc3ccccc3n12
CHEMBL584625,1,393.0,nM,CHEMBL364,CHEMBL1040691,O=c1c2ccccc2[nH]c2ccc(I)cc12
CHEMBL2336169,1,347.36,nM,CHEMBL364,CHEMBL2345245,CC(C)=CCCC1(C)C=Cc2c(ccc(C(=O)/C=C/c3cc(C=O)ccc3O)c2O)O1
CHEMBL534599,1,565.42,nM,CHEMBL364,CHEMBL1054503,CC(C)CNCc1ccc(-c2ccccc2CNC2CCN(Cc3ccccc3)CC2)cc1.O=C(O)C(F)(F)F
CHEMBL533357,1,438.49,nM,CHEMBL364,CHEMBL1054503,COc1ccccc1/C=C/C(=O)N(C)C1CCN(CCCCCNC(=O)/C=C/c2ccc(Cl)c(Cl)c2)CC1
CHEMBL2028085,0,10000.0,nM,CHEMBL364,CHEMBL1267251,COc1[nH]c2ccc(F)cc2c1C(=O)OCC1CCN(CCNS(C)(=O)=O)CC1.NS(=O)(=O)O
CHEMBL1214223,0,41720.0,nM,CHEMBL364,CHEMBL1217289,CC1(C)OC(=O)C(=Cc2c[nH]c3ccccc23)C(=O)O1
CHEMBL2041984,1,180.0,nM,CHEMBL364,CHEMBL2045642,CS(=O)(=O)c1ccc(-c2cnc(N)c(-c3cccc(OC(F)(F)F)c3)c2)cc1
CHEMBL4528812,1,207.0,nM,CHEMBL364,CHEMBL4326139,C[S+]([O-])c1ccc(-c2ccc3ncc(-c4ccc(S(C)(=O)=O)cc4)n3n2)cc1
CHEMBL579787,1,139.8,nM,CHEMBL364,CHEMBL1040692,O=C(Nc1ccccc1F)NC1CC2CCCC(C1)N2CCc1ccccc1
CHEMBL531294,1,377.6,nM,CHEMBL364,CHEMBL1054503,COc1ccc(-c2csc(C(=O)NC3CCC(N4CCC(c5ccccc5C)CC4)CC3)c2)cc1
CHEMBL3603842,1,280.0,nM,CHEMBL364,CHEMBL3607894,O=C(N[C@H](c1ccccc1)[C@H](O)C(=O)NCc1cn(CNc2ccnc3cc(Cl)ccc23)nn1)c1ccccc1
CHEMBL5311766,0,10000.0,nM,CHEMBL364,CHEMBL4888491,O=C(NCc1cccc(-c2cccnc2)c1)N[C@H]1CCN(C2CCCCC2)C1
CHEMBL4165481,1,270.0,nM,CHEMBL364,CHEMBL4142730,O=C1c2c(Cl)c(Cl)c(Cl)c(Cl)c2C(=O)N1CCCCNc1ccnc2cc(Cl)ccc12
CHEMBL3220023,0,10000.0,nM,CHEMBL364,CHEMBL3225246,COc1cc(NC(C)CCCNC(=O)/C=C/c2cccc(F)c2)c2ncccc2c1
CHEMBL547150,1,651.55,nM,CHEMBL364,CHEMBL1054503,COc1cccc(-c2cnc(N)c(-c3nc4ccc(C(F)(F)F)cc4[nH]3)c2)c1.Cl
CHEMBL530083,1,243.84,nM,CHEMBL364,CHEMBL1054503,O=C(CCc1c[nH]cn1)Nc1cccc(-c2ccc(-c3nc4cc(F)ccc4[nH]3)cc2)c1
CHEMBL296949,0,16000.0,nM,CHEMBL364,CHEMBL761156,CC1=[N+](C)CCc2c1[nH]c1ccccc21.Cc1ccc(S(=O)(=O)[O-])cc1
CHEMBL4740069,1,120.0,nM,CHEMBL364,CHEMBL6087730,CCc1ccc(-c2nc3c(c(-c4ccccc4)nn3-c3ccccc3)c(-c3ccccc3O)c2C#N)cc1
CHEMBL4067024,1,130.0,nM,CHEMBL364,CHEMBL4012307,Cc1cc(N2CCOCC2)nc(N(CCNc2ccnc3cc(Cl)ccc23)Cc2ccc3c(c2)OCO3)n1
CHEMBL582202,1,791.33,nM,CHEMBL364,CHEMBL1054503,CC1(C)CCCC(=Cc2ccc(Br)cc2)C1(O)Cn1ccnc1
CHEMBL3415867,1,119.3,nM,CHEMBL364,CHEMBL3417906,Cn1cc2c3cc(Br)ccc3nc-2c2cc(F)ccc21
CHEMBL2314408,0,23080.0,nM,CHEMBL364,CHEMBL2320152,CC(CCNCc1ccc(Cl)cc1)COc1cccc2ncccc12
CHEMBL583600,1,863.0,nM,CHEMBL364,CHEMBL1040692,CC1=C(C=CC(C)C=NNC(=O)c2ccncc2)C(C)(C)CCC1
CHEMBL602429,1,326.0,nM,CHEMBL364,CHEMBL1040692,O=C1C(=O)N(Cc2ccccc2[N+](=O)[O-])c2ccccc21
CHEMBL3408745,0,45000.0,nM,CHEMBL364,CHEMBL3411089,O=C1CCCN1c1cccc2ncccc12
CHEMBL1171326,1,48.0,nM,CHEMBL364,CHEMBL1174542,COC(=O)CCC(=O)OCC/C(SC(=O)CCC(=O)OC)=C(\C)N(C=O)CCCCCCCCCCCCN(C=O)/C(C)=C(/CCOC(=O)CCC(=O)OC)SC(=O)CCC(=O)OC
CHEMBL529527,1,761.15,nM,CHEMBL364,CHEMBL1054503,Oc1cc2c(cc1CN1CCN(Cc3ccccc3F)CC1)CCC2
CHEMBL406915,1,101.0,nM,CHEMBL364,CHEMBL934479,Clc1cccc(C(c2ccc(CN3CCCC3)cc2)(c2ccoc2)n2ccnc2)c1
CHEMBL3264176,1,33.78,nM,CHEMBL364,CHEMBL3267980,CC(=O)O[C@H]1C[C@H]2[C@@H]([C@H](OC(C)=O)C[C@@H]3C[C@H](O)CC[C@@]32C)[C@@H]2CC[C@H]([C@H](C)CCCNCCCCNc3ccnc4cc(Cl)ccc34)[C@@]12C
CHEMBL6166143,1,180.0,nM,CHEMBL364,CHEMBL6088822,CCc1ccc(-c2cc(-c3ccc(OC)c(OC)c3)nc(N3CCN(C(=O)/C=C/c4ccc(OC)cc4)CC3)n2)cc1
CHEMBL528228,1,851.9,nM,CHEMBL364,CHEMBL1054503,O=C(NCCCCCN1CCCN(C(=O)Nc2ccc(Cl)c(C(F)(F)F)c2)CC1)C1CC1c1ccc(Cl)c(Cl)c1
CHEMBL238800,1,575.0,nM,CHEMBL364,CHEMBL1040691,Cc1ccc2nc(Nc3nc(O)c4ccccc4n3)nc(C)c2c1
CHEMBL5200368,0,32000.0,nM,CHEMBL364,CHEMBL5120690,CO[C@@H]1C[C@H](O[C@H]2C[C@@H]3C[C@H](O)[C@@H](C)[C@](O)(C[C@@H](O)CCCC(=O)O[C@H](C[C@@H](O)[C@H](C)[C@@H](O)[C@@H](C)[C@H](CC(C)C)O[C@H]4CC[C@H](O[C@H]5C[C@@H](O)[C@H](O[C@H]6C[C@@H](O)[C@H](O)[C@@H](C)O6)[C@@H](C)O5)[C@@H](C)O4)[C@@H](C)/C=C/C=C/[C@@H](O)C2)O3)O[C@H](C)[C@H]1O
CHEMBL4476057,1,25.2,nM,CHEMBL364,CHEMBL4327288,O=C(CCCCSc1nc(-c2ccc3ccccc3c2)cc(=O)[nH]1)NO
CHEMBL3486612,1,532.74,nM,CHEMBL364,CHEMBL4649945,CSc1ccc(-c2nc(CN3CCC(NC(C)=O)C3)c(C)o2)cc1
CHEMBL5590757,1,10.4,nM,CHEMBL364,CHEMBL5581513,CCCC1=C(C(=O)OCC)C(c2ccc(Cl)cc2C)C2=C(CC(c3ccc(Cl)c(OC)c3)CC2=O)N1
CHEMBL2030049,1,4.1,nM,CHEMBL364,CHEMBL3266493,Cc1[nH]c2ccccc2c(=O)c1-c1ccc(Oc2ccc(OC(F)(F)F)cc2)cc1
CHEMBL86700,0,20000.0,nM,CHEMBL364,CHEMBL761151,COc1ccc(C(=O)CCC[C@H]2OO[C@H](CCCC(=O)c3ccc(OC)cc3)OO2)cc1
CHEMBL4744748,1,14.7,nM,CHEMBL364,CHEMBL4724764,COc1cc2nc(Nc3cccnc3)nc(NC(C)C)c2cc1OC
CHEMBL362573,1,120.0,nM,CHEMBL364,CHEMBL2049828,O=C1c2[nH]c3ccccc3c2C(=O)c2cnc3ccccc3c21
CHEMBL547740,1,737.34,nM,CHEMBL364,CHEMBL1054503,CCC1CN2CCc3c([nH]c4ccccc34)C2CC1CC1=NCCc2c1[nH]c1ccccc21.Cl
CHEMBL531888,0,10420.0,nM,CHEMBL364,CHEMBL1040691,O=C(O)Cn1cnc2nc3n(c2c1=O)CCC3
CHEMBL536676,1,702.76,nM,CHEMBL364,CHEMBL1054503,CCN(CC)CCCC(C)Nc1c(-c2ccc(Br)cc2)cnc2ccccc12
CHEMBL1802726,1,9.1,nM,CHEMBL364,CHEMBL1804795,O=c1c2c([nH]c3cc(-c4ccc(Oc5ccc(OC(F)(F)F)cc5)cc4)ccc13)CCCC2
CHEMBL6175463,0,56900.0,nM,CHEMBL364,CHEMBL6157740,CSc1ccccc1NC(=O)CCCCCN(CC(=O)NCc1ccccc1)C(=O)c1ccc(N(C)C)cc1
CHEMBL602832,1,717.0,nM,CHEMBL364,CHEMBL1040692,CCCCOc1nc(-c2ccc(OC)cc2)n(C(=O)c2ccccc2OC)n1
CHEMBL602808,1,660.0,nM,CHEMBL364,CHEMBL1040692,CN(C)CC(C)(C)CNCc1cc(-c2ccnc3cc(Cl)ccc23)ccc1O
CHEMBL564743,1,63.0,nM,CHEMBL364,CHEMBL1058990,CC(C)NC(=N)c1ccc2oc(-c3ccc(OCCCCCCOc4ccccc4)cc3)cc2c1
CHEMBL597140,1,576.52,nM,CHEMBL364,CHEMBL1054503,Cc1ccc(N2CCc3c(-c4cc5cccnc5nc4C)cc(C)nc32)c(Cl)c1.O=C(O)C(F)(F)F
CHEMBL482494,1,5.0,nM,CHEMBL364,CHEMBL1001817,CCCN(CCC)c1ccc2nc3ccc(N4CCOCC4)cc3[o+]c2c1.[Cl-]
CHEMBL577870,0,12500.0,nM,CHEMBL364,CHEMBL1040691,Fc1ccc(N2CCN(c3ncnc4c3cnn4-c3ccccc3)CC2)cc1
CHEMBL3319128,1,13.5,nM,CHEMBL364,CHEMBL3368302,O=C1C(=O)N(CC(CO)NCCCNc2ccnc3cc(Cl)ccc23)c2ccc(Cl)cc21
CHEMBL596427,1,700.0,nM,CHEMBL364,CHEMBL1069901,CC(CNc1cnc2cc(Cl)ccc2c1)Nc1nc(N2CCOCC2)nc(N2CCOCC2)n1
CHEMBL547313,1,972.05,nM,CHEMBL364,CHEMBL1054503,O=C(NC1CCN(Cc2ccc(Cl)cc2)CC1)c1cn(-c2ccccc2)nc1-c1cccnc1
CHEMBL4128564,1,1000.0,nM,CHEMBL364,CHEMBL4125214,c1cc(-c2ccnc3ccc(NC4CC4)nc23)ccn1
CHEMBL3770187,1,57.5,nM,CHEMBL364,CHEMBL3771542,CC(=O)O.Cc1ccc(-c2ccc(-c3ccc(C(=N)N)cc3)o2)cc1
CHEMBL236739,1,7.2,nM,CHEMBL364,CHEMBL902564,Cc1cc[n+](CCCCCCCC[n+]2ccc(C)cc2N)c(N)c1.[Br-].[Br-]
CHEMBL580988,1,839.67,nM,CHEMBL364,CHEMBL1054503,COc1ccc(-c2cccc(NC(=O)c3ccc(Cl)cc3)c2)cc1CN1CCNCC1.O=C(O)C(F)(F)F
CHEMBL493860,1,42.9,nM,CHEMBL364,CHEMBL937848,Cc1c(CN2CCCC2)cc(-c2ccccc2)n1Nc1ccnc2cc(Cl)ccc12
CHEMBL530264,1,437.55,nM,CHEMBL364,CHEMBL1054503,Cc1nc2nc(N)nc(N)c2c(C)c1Cc1ccc([N+](=O)[O-])cc1.Cl
CHEMBL3478841,1,749.98,nM,CHEMBL364,CHEMBL4649964,CCc1[nH]c2c(CNc3cc(C)nc(NC)n3)cc(C)cc2c1C
CHEMBL200322,0,33900.0,nM,CHEMBL364,CHEMBL858716,O=S(=O)(Nc1ccc(Oc2ccc(Cl)cc2O)c(Cl)c1)c1ccc2ccccc2c1
CHEMBL1928417,1,280.0,nM,CHEMBL364,CHEMBL1931806,c1cc(OCCCCCCOc2cccc(-c3nc4ccccc4[nH]3)c2)cc(-c2nc3ccccc3[nH]2)c1
CHEMBL3361386,1,7.52,nM,CHEMBL364,CHEMBL3369904,COc1cc2[nH]c(C)c(-c3ccc(F)cc3C)c(=O)c2cc1Cl
CHEMBL1784589,1,400.0,nM,CHEMBL364,CHEMBL1785544,Cc1cc(NC2Cc3ccccc3C2)n2ncnc2n1
CHEMBL2058842,1,136.0,nM,CHEMBL364,CHEMBL2060799,Cc1ccc(Nc2c(-c3ccc(F)cc3)nc3n2CC(=O)NC3(C)C)cc1
CHEMBL4848859,1,356.0,nM,CHEMBL364,CHEMBL4838819,CC(C)CNc1nc2ccccc2n1-c1ccccc1O
CHEMBL203265,1,0.98,nM,CHEMBL364,CHEMBL867471,CC(=O)O[C@H]1C[C@H]2[C@@H]([C@H](OC(C)=O)C[C@@H]3CC4(CC[C@@]32C)OOC2(CCC(C)CC2)OO4)[C@@H]2CC[C@H]([C@H](C)CCC(=O)O)[C@@]12C
CHEMBL295589,1,102.6,nM,CHEMBL364,CHEMBL754073,O=C(CNCC(=O)N1CCN(c2ccnc3cc(Cl)ccc23)CCN(c2ccnc3cc(Cl)ccc23)CC1)N1CCN(c2ccnc3cc(Cl)ccc23)CCN(c2ccnc3cc(Cl)ccc23)CC1
CHEMBL588210,1,750.0,nM,CHEMBL364,CHEMBL1054503,N#Cc1ccc(-c2ccc(C(=O)NCCCCN3CCC(c4cn(CCCO)c5ccccc45)CC3)cc2)cc1
CHEMBL547700,1,755.51,nM,CHEMBL364,CHEMBL1054503,Cl.N#Cc1ccc2c(c1)CCN(CCC1CCC(NC(=O)c3cc4ccc(Br)cc4[nH]3)CC1)C2
CHEMBL577719,1,135.0,nM,CHEMBL364,CHEMBL1047861,COc1ccc(C2=[N+]([O-])c3cc(C(F)(F)F)ccc3C2=O)cc1
CHEMBL580150,1,3.2,nM,CHEMBL364,CHEMBL1054503,Br.C=CCc1cc(C)ccc1OCCCON1C(N)=NC(N)=NC1(C)C
CHEMBL578039,0,12500.0,nM,CHEMBL364,CHEMBL1040691,CC(=O)N1CCN(c2ccc(NC(=S)NC(=O)c3ccc(C)cc3)cc2)CC1
CHEMBL531129,1,936.26,nM,CHEMBL364,CHEMBL1054503,c1ccc2cc3c(Nc4ccc(N5CCCCCC5)cc4)ccnc3cc2c1
CHEMBL4098525,1,20.0,nM,CHEMBL364,CHEMBL4018984,c1cncc(-c2ccnc(-c3nnc(Nc4ccc(CN5CCCC5)cc4)o3)c2)c1
CHEMBL563912,0,42500.0,nM,CHEMBL364,CHEMBL1052411,Cc1nc(Nc2cccc(C(F)(F)F)c2)c2ccccc2n1
CHEMBL533151,1,953.81,nM,CHEMBL364,CHEMBL1054503,CCn1cnc2c(Nc3cccc([N+](=O)[O-])c3)nc(N3CCC(N4CCCCC4)CC3)nc21
CHEMBL588605,1,874.59,nM,CHEMBL364,CHEMBL1054503,COc1ccc(NC(=O)Nc2ccc(-c3ccccc3)cc2Cl)cc1N1CCN(C)CC1
CHEMBL3093743,1,136.4,nM,CHEMBL364,CHEMBL3097008,CC1(CCC(=O)NCc2cccc(CNC(=O)CCC3(C)OOC4(CCCCC4)OO3)c2)OOC2(CCCCC2)OO1
CHEMBL2402787,1,24.19,nM,CHEMBL364,CHEMBL2403958,CC(C)(C)c1ccc(CNCCNc2ccnc3cc(Cl)ccc23)cc1
CHEMBL535229,1,181.49,nM,CHEMBL364,CHEMBL1054503,Cc1noc(C)c1-c1cccc(CNCc2ccc(-c3ccc(-c4nc5cc(C(F)(F)F)ccc5[nH]4)s3)cc2)c1.O=C(O)C(F)(F)F
CHEMBL2430903,1,50.3,nM,CHEMBL364,CHEMBL2433759,CCN(CC)CCCCn1cc/c(=N\c2ccc(-c3ccccc3)cc2)c2ccc(C(F)(F)F)cc21
CHEMBL581235,1,760.39,nM,CHEMBL364,CHEMBL1054503,CC(C)(C)c1ccc(NC(=O)c2cccc(CN3CCCN(Cc4ccsc4)CC3)c2)cc1.O=C(O)C(F)(F)F
CHEMBL580664,1,211.4,nM,CHEMBL364,CHEMBL1054503,Fc1ccc2[nH]c(-c3cccc(-c4ccc(CN5CCN(c6ccncc6)CC5)cc4)c3)nc2c1.O=C(O)C(F)(F)F
CHEMBL528502,1,49.0,nM,CHEMBL364,CHEMBL4048940,Cc1[nH]c(C)c(-c2ccc(-c3ccccc3F)nc2)c(=O)c1Cl
CHEMBL1927480,0,30000.0,nM,CHEMBL364,CHEMBL1930516,CCCC[C@]1(OC)OOC(C)(C)C[C@@H]1C(=O)OC
CHEMBL3234097,1,668.0,nM,CHEMBL364,CHEMBL3241686,CS(=O)(=O)c1ccc(-c2ccc3ncc(-c4ccc(C(F)(F)F)cc4)n3n2)cc1
CHEMBL121001,0,32000.0,nM,CHEMBL364,CHEMBL767134,COc1ccc(/C=C/c2ccc3ccccc3n2)cc1OC
CHEMBL3589449,1,130.0,nM,CHEMBL364,CHEMBL3591440,CN1CCN(S(=O)(=O)c2ccc(-c3ccc4nncc(Nc5ccc(OCc6cccc(F)c6)c(Cl)c5)c4c3)cc2)CC1
CHEMBL548351,1,646.51,nM,CHEMBL364,CHEMBL1054503,CC(C)(C)Cn1cc(-c2ccc(C(=O)NCCc3ccc(S(C)(=O)=O)cc3)cc2)c(N)n1.CC(C)(C)Cn1ncc(-c2ccc(C(=O)NCCc3ccc(S(C)(=O)=O)cc3)cc2)c1N.O=C(O)C(F)(F)F
CHEMBL531217,1,864.09,nM,CHEMBL364,CHEMBL1054503,Cc1noc(C)c1CN1CCCN(c2ccc3c(c2)CCN(Cc2ccc(-c4ncc[nH]4)cc2)CC3)CC1
CHEMBL502765,1,56.0,nM,CHEMBL364,CHEMBL986457,Clc1ccc2[nH]c3c[n+](Cc4ccc(-c5ccc(C[n+]6ccc7c(c6)[nH]c6ccc(Cl)cc67)cc5)cc4)ccc3c2c1.[Cl-].[Cl-]
CHEMBL527276,1,826.07,nM,CHEMBL364,CHEMBL1054503,CS(=O)(=O)N1CC2(CCN(CCC(NC(=S)Nc3ccccc3)c3ccc(Cl)c(Cl)c3)CC2)c2ccccc21
CHEMBL2418010,1,195.0,nM,CHEMBL364,CHEMBL2422960,N=C(N)c1ccc(COc2cccc(C(=N)N)c2)cc1
CHEMBL548902,1,991.97,nM,CHEMBL364,CHEMBL1054503,COc1ccc(CCNCc2ccc3nc(N)c(C)cc3c2)cc1.Cl
CHEMBL3216723,1,103.0,nM,CHEMBL364,CHEMBL1646248,Cl.Cl.Nc1nccc2ccc(NCc3cccc(Br)c3)cc12
CHEMBL3799772,1,81.0,nM,CHEMBL364,CHEMBL3800920,CC(=O)Nc1ccc(-c2ccc3ncc4[nH]c(=O)n(-c5cccc(C(F)(F)F)c5)c4c3c2)cn1
CHEMBL109653,0,100000.0,nM,CHEMBL364,CHEMBL1212362,CC/C(=N\OC/C=C/Cl)C1=C(O)CC(C2CCOCC2)CC1=O
CHEMBL584516,1,57.0,nM,CHEMBL364,CHEMBL4040251,O=C(C[C@H]1CC[C@]2(CC1)OO[C@]1(O2)C2CC3CC(C2)CC1C3)N1CCCCC1
CHEMBL578904,1,218.4,nM,CHEMBL364,CHEMBL1040691,O=C(NNc1nc2ccccc2nc1Cl)Nc1ccc(Cl)cc1
CHEMBL145251,1,6.5,nM,CHEMBL364,CHEMBL1073225,N=C(N)c1ccc(-c2ccc(-c3ccc(C(=N)N)cn3)o2)cc1
CHEMBL588232,1,771.06,nM,CHEMBL364,CHEMBL1054503,Cc1cccc(N2CCN(Cc3cc(Cl)ccc3O)CC2)c1C.O=C(O)C(=O)O
CHEMBL5431235,1,360.0,nM,CHEMBL364,CHEMBL5320285,CN1C(=O)c2ccccc2N2C(=O)CCC12C(=O)Nc1cccc(C(F)(F)F)c1
CHEMBL581020,1,868.57,nM,CHEMBL364,CHEMBL1054503,O=C(/C=C/c1ccc(Cl)c(Cl)c1)NCCCCCN1CCCN(C(=S)Nc2ccc(Cl)c(Cl)c2)CC1
CHEMBL529924,1,977.91,nM,CHEMBL364,CHEMBL1054503,Cc1ccc(C)c(S(=O)(=O)NCC2CCN(Cc3ccc(O)cc3)CC2)c1.O=C(O)C(F)(F)F
CHEMBL495591,0,18000.0,nM,CHEMBL364,CHEMBL997205,N#Cc1nc(NCc2ccc(-c3ccco3)cc2)c2ncn(CCCO)c2n1
CHEMBL1668796,1,19.03,nM,CHEMBL364,CHEMBL1669974,CNc1nc(Nc2ccccc2)nc(Nc2ccc(Nc3ccnc4cc(Cl)ccc34)cc2)n1
CHEMBL3221763,0,27600.0,nM,CHEMBL364,CHEMBL3227335,Cn1nc(C(F)(F)F)cc1OCC1CN1Cc1cnc2ccccc2c1
CHEMBL490289,1,520.0,nM,CHEMBL364,CHEMBL968942,N#Cc1c(-c2ccc(F)cc2)[n+]([O-])c2ccc(C(F)(F)F)cc2[n+]1[O-]
CHEMBL75389,1,15.7,nM,CHEMBL364,CHEMBL933420,c1cc(NC2=NCCN2)ccc1Cc1ccc(NC2=NCCN2)cc1
CHEMBL1834988,1,27.0,nM,CHEMBL364,CHEMBL1837547,CC(C)CCc1ccc2c(NCCCNCc3ccc4c(c3)OCO4)ccnc2c1
CHEMBL1272228,0,130000.0,nM,CHEMBL364,CHEMBL1274505,CCCCCCOc1ccc(NC(=O)C2C(C(=O)O)[C@@H]3CC[C@H]2O3)cc1
CHEMBL5558281,1,430.0,nM,CHEMBL364,CHEMBL5501227,COc1ccc(NCC(=O)Nc2ccc(F)c(Cl)c2)cc1S(=O)(=O)N1CCOCC1
CHEMBL587047,1,169.94,nM,CHEMBL364,CHEMBL1054503,CC[C@H]1CN2CC[C@H]1C[C@H]2[C@H](O)c1cc(N2CCC3CCCCC3C2)nc2ccc(OC)cc12
CHEMBL586976,1,106.04,nM,CHEMBL364,CHEMBL1054503,Cl.O=C(CCCC(=O)Nc1ccc(C2=NCCN2)cc1)Nc1ccc(C2=NCCN2)cc1
CHEMBL537565,1,953.47,nM,CHEMBL364,CHEMBL1054503,CCN(CC)CCN(Cc1ccc(-c2ccc(C(F)(F)F)cc2)cc1)C(=O)c1c[nH]c2ccc(Br)cc12
CHEMBL4170720,0,10000.0,nM,CHEMBL364,CHEMBL4132266,Cc1ccc([C@@H](O)COC(=O)/C=C/c2ccccc2)cc1
CHEMBL526592,1,748.64,nM,CHEMBL364,CHEMBL1054503,N#Cc1cccc(C(=O)Nc2cccc(-c3ccc(C(=O)NCCCN4CCOCC4)cc3)c2)c1
CHEMBL586496,1,571.63,nM,CHEMBL364,CHEMBL1054503,O=C(Nc1cccc(-c2ccc(-c3nc4cc(C(F)(F)F)ccc4[nH]3)cc2)c1)c1cccnc1
CHEMBL547040,1,926.36,nM,CHEMBL364,CHEMBL1054503,Cc1[nH]c2ccccc2c1C=NNc1nc(=Nc2ccccc2)[nH]c(=Nc2ccccc2)[nH]1
CHEMBL3221879,1,3.9,nM,CHEMBL364,CHEMBL3224328,C[C@@H]1CC[C@H]2[C@@H](C)C(Oc3ccc(Cl)cc3)O[C@@H]3O[C@@]4(C)CC[C@@H]1[C@]32OO4
CHEMBL546336,1,758.19,nM,CHEMBL364,CHEMBL1054503,Cc1cc(C(F)(F)F)n2nc(C3CCN(Cc4cc(C)c(O)c(C)c4)C3)cc2n1.O=C(O)CC(O)(CC(=O)O)C(=O)O
CHEMBL547583,1,71.78,nM,CHEMBL364,CHEMBL1054503,COc1cc2nc(N(C)C)nc(Nc3ccc(OCc4ccccc4)cc3)c2cc1OC
CHEMBL4780381,1,0.24,nM,CHEMBL364,CHEMBL4768941,Br.CC1(C)N=C(N)N=C(N)N1OCCCOc1ccc(Cl)cc1
CHEMBL547241,1,399.64,nM,CHEMBL364,CHEMBL1054503,CC(Oc1cc(-n2cnc3ccc(NC(=O)CCN4CCCCC4)cc32)sc1C(N)=O)c1ccccc1Cl
CHEMBL3137652,0,10000.0,nM,CHEMBL364,CHEMBL3137666,Fc1ccc(Cc2nccn2-c2cncc3nnc(-c4ccc(OC(F)F)cc4)n23)cc1F
CHEMBL527693,1,123.83,nM,CHEMBL364,CHEMBL1054503,c1cncc(Oc2ccc(Nc3ccnc4cc(-c5cccc(CN6CCCCC6)c5)ccc34)cc2)c1
CHEMBL3311427,1,120.0,nM,CHEMBL364,CHEMBL3368880,Cn1cc(OCc2ccccc2)c(=O)cc1CNCCCCNc1ccnc2cc(Cl)ccc12
CHEMBL3759184,1,500.0,nM,CHEMBL364,CHEMBL3760350,OC(CNc1ccc(Br)cc1)(c1ccc(Br)cc1)c1nnn(Cc2ccccc2)c1-c1ccccc1
CHEMBL588418,1,976.0,nM,CHEMBL364,CHEMBL1054503,O=C(/C=C/c1ccc(Cl)c(Cl)c1)NCCCCCN1CCC(NC(=O)Nc2cc(Cl)nc(Cl)c2)CC1
CHEMBL3120833,0,50000.0,nM,CHEMBL364,CHEMBL3122303,CC1(C)OC[C@@H](C(=O)N[C@@H](CCc2ccccc2)C(=O)CO)N1C(=O)OCc1ccccc1
CHEMBL4209313,1,351.0,nM,CHEMBL364,CHEMBL4189347,O=C(c1ccc(Nc2cc3[nH]c(-c4ccc(C(F)(F)F)nc4)nc3cn2)nc1)N1CCCC1
CHEMBL179179,1,200.0,nM,CHEMBL364,CHEMBL834802,c1ccc(C(CN2CCC(NCCCN3CCCC3)CC2)c2ccccc2)cc1
CHEMBL237994,0,282000.0,nM,CHEMBL364,CHEMBL900468,C=C(C)[C@@H]1CC[C@@H](C)C[C@H]1O
CHEMBL6091778,1,200.0,nM,CHEMBL364,CHEMBL6072878,FC(F)(F)c1ccc(Nc2nc(NC3CCCNCC3)c3ccccc3n2)cn1
CHEMBL461443,1,234.0,nM,CHEMBL364,CHEMBL1018964,O=C(NCCCNc1ccnc2cc(Cl)ccc12)C(F)(F)C(F)(F)C(F)(F)F
CHEMBL548997,1,337.71,nM,CHEMBL364,CHEMBL1054503,O=C(O)C(F)(F)F.c1ccc(CNCc2ccc(-c3ccc(-c4nc5ccccc5[nH]4)cc3)cc2)cc1
CHEMBL72,0,16600.0,nM,CHEMBL364,CHEMBL979829,CNCCCN1c2ccccc2CCc2ccccc21
CHEMBL550873,1,95.0,nM,CHEMBL364,CHEMBL1058990,c1ccc(OCCCOc2cccc(-c3cc4ccc(C5=NCCN5)cc4o3)c2)cc1
CHEMBL62292,1,400.0,nM,CHEMBL364,CHEMBL5113957,CCc1cc2c(o1)C(=O)c1ccccc1C2=O
CHEMBL1835176,0,87000.0,nM,CHEMBL364,CHEMBL2396025,CCOP(=O)(NC(C)C)Oc1ccc2ccccc2c1
CHEMBL548449,1,198.99,nM,CHEMBL364,CHEMBL1054503,COc1c(C2CCN(CCCCNC(=O)c3ccc(-c4ccc(C#N)cc4)c(O)c3)CC2)ccc2c1CCCC2.Cl
CHEMBL528207,1,874.3,nM,CHEMBL364,CHEMBL1054503,O=C(O)C(F)(F)F.c1cnc2ccc(NCc3ccc(-c4ccc(CNC5CCCC5)cc4)cc3)cc2c1
CHEMBL1255758,0,12589.25,nM,CHEMBL364,CHEMBL1267250,Cl.Clc1cc(I)cc(Cl)c1N=C1NCCN1
CHEMBL3088351,0,17200.0,nM,CHEMBL364,CHEMBL3090278,CCCC[C@@]1(OC)OOC(C)(C)C[C@@H]1CO
CHEMBL1800832,1,50.0,nM,CHEMBL364,CHEMBL1803332,Cc1ccc(Nc2c(-c3ccc(F)c(F)c3)nc3n2CCN(C(=O)C(C)(C)N)C3)cc1
CHEMBL549232,1,876.16,nM,CHEMBL364,CHEMBL1054503,C=C[C@H]1CN(CCCCCCC)CC[C@H]1C[C@@H](Cc1ccnc2ccc(OC)cc12)OC(=O)[C@](OC)(c1ccccc1)C(F)(F)F
CHEMBL327475,1,670.0,nM,CHEMBL364,CHEMBL762988,Cc1ccc(CC(=O)Nc2ccc(NC(=O)/C=C/c3ccc(-c4ccccc4[N+](=O)[O-])o3)cc2C(=O)c2ccccc2)cc1
CHEMBL513328,1,214.94,nM,CHEMBL364,CHEMBL1054503,Cc1[nH]c(C)c(-c2ccc(-c3ccc(Cl)cc3)cc2)c(=O)c1Cl
CHEMBL535690,1,727.37,nM,CHEMBL364,CHEMBL1054503,O=C(Nc1nc2cc(S(=O)(=O)NCc3ccc(Cl)c(Cl)c3)ccc2n1CCCn1ccnc1)c1ccc(Cl)cc1.O=C(O)C(F)(F)F
CHEMBL303106,0,84000.0,nM,CHEMBL364,CHEMBL762015,COc1ccc(C(=O)C(=O)c2ccccc2C(=O)N2CCCCC2)cc1OC
CHEMBL399528,0,31000.0,nM,CHEMBL364,CHEMBL927589,Clc1cccc(Cl)c1CON=C1CCN(CCCc2ccccc2)CC1
CHEMBL531377,1,742.27,nM,CHEMBL364,CHEMBL1054503,CC(NC(C)(C)C)C(O)c1ccc(Cl)c(C(F)(F)F)c1.Cl
CHEMBL530942,1,10.0,nM,CHEMBL364,CHEMBL4048940,Cc1[nH]c(C)c(-c2ccc(OCc3ccc(F)cc3)nc2)c(=O)c1Br
CHEMBL270413,1,230.0,nM,CHEMBL364,CHEMBL932084,[Cl-].c1ccc(COc2ccc(-c3nn(-c4ccc(OCc5ccccc5)cc4)[n+](-c4ccccc4)n3)cc2)cc1
CHEMBL529454,1,900.69,nM,CHEMBL364,CHEMBL1054503,Cc1cccc2nc(-c3ccc(-c4ccc(C(=O)NCCN5CCCC5)cc4)s3)[nH]c12
CHEMBL3438126,1,859.58,nM,CHEMBL364,CHEMBL4649964,CN1CC[C@H](N(Cc2ccccc2)Cc2ccccc2)C[C@H](O)C1
CHEMBL579644,1,95.5,nM,CHEMBL364,CHEMBL1040691,O=c1c2ccccc2[nH]c2cc(Cl)ccc12
CHEMBL3138243,1,11.83,nM,CHEMBL364,CHEMBL767074,CC(=O)O[C@H]1C[C@H]2[C@@H]([C@H](OC(C)=O)C[C@@H]3CC4(CC[C@@]32C)OOC2(CCCCC2)OO4)[C@@H]2CCC(C(C)CCC(=O)O)[C@@]12C
CHEMBL1213256,1,0.0,nM,CHEMBL364,CHEMBL1217000,NOC(Cc1ccccc1)C(=O)O
CHEMBL1256980,1,6.5,nM,CHEMBL364,CHEMBL1263965,c1ccc([C@H]2CC[C@]3(CC2)OO[C@]2(O3)C3CC4CC(C3)CC2C4)cc1
CHEMBL547169,1,896.6,nM,CHEMBL364,CHEMBL1054503,O=C(NC1CCN(c2ccnc3ccccc23)C1)c1cccc(C(F)(F)F)c1.O=C(O)C(F)(F)F
CHEMBL579834,1,422.0,nM,CHEMBL364,CHEMBL1040692,CCCCNC(=O)N(CCCC(C)Nc1cc(OC)cc2cccnc12)Cc1ccc(OC)c(OC)c1
CHEMBL4066634,1,13.5,nM,CHEMBL364,CHEMBL4040350,CCCCCC(=O)N[C@@H](Cc1ccc(NC(=O)OC(C)(C)C)cc1)C(=O)N[C@@H](Cc1ccc(NC(=O)OC(C)(C)C)cc1)C(=O)N[C@@H](CC(C)C)C(=O)[C@@]1(C)CO1
CHEMBL4205582,1,580.0,nM,CHEMBL364,CHEMBL4193427,Cc1cccc(C)c1Nc1nc(OCc2cn(CCNc3ccnc4cc(Cl)ccc34)nn2)nc(N(C)C)n1
CHEMBL207335,0,15200.0,nM,CHEMBL364,CHEMBL1840103,OC1(Cc2ccccc2Cl)c2ccccc2C2=NCCN21
CHEMBL2094559,0,35000.0,nM,CHEMBL364,CHEMBL4718768,CC(C)(C)C(=O)NCCc1csc(-c2cccc(F)c2)n1
CHEMBL3472019,1,30.48,nM,CHEMBL364,CHEMBL4649964,c1cc(-c2n[nH]cc2-c2ccnc(N3CCCC3)n2)ccn1
CHEMBL531040,1,815.16,nM,CHEMBL364,CHEMBL1054503,O=C(Nc1ccc(Cn2ncc(N3CCCNCC3)c(Cl)c2=O)cc1)Nc1ccc(-c2ccccc2)cc1
CHEMBL4160155,0,95000.0,nM,CHEMBL364,CHEMBL4132930,CC1=C(O)/C(=C/[C@H](C)CCC/C(C)=C/CCc2coc(CC3=CCN(CC(=O)O)C3=O)c2)OC1=O
CHEMBL35769,1,200.0,nM,CHEMBL364,CHEMBL974038,COC1=CC(=O)N(C(=O)[C@@H](OC(=O)[C@@H]2CCCN2C(=O)[C@@H]2CCCN2C(=O)[C@H](C(C)C)N(C)C(=O)[C@@H](NC(=O)[C@H](C(C)C)N(C)C)C(C)C)C(C)C)[C@H]1Cc1ccccc1
CHEMBL581361,1,991.08,nM,CHEMBL364,CHEMBL1054503,CCc1ccc(CN2CCC(CN(C(=O)c3ccccc3)c3ccc(Cl)cc3)CC2)cc1
CHEMBL2368169,1,0.53,nM,CHEMBL364,CHEMBL762814,C[C@H]1[C@@H](CCOC(=O)c2ccccc2F)O[C@@H]2O[C@]3(C)CC[C@H]4[C@H](C)CC[C@@H]1[C@@]24OO3
CHEMBL2181488,1,12.0,nM,CHEMBL364,CHEMBL2188966,Nc1ncc(-c2ccc(C(=O)N3CCOCC3)cc2)cc1-c1ccc(C(F)(F)F)nc1
CHEMBL587090,1,885.35,nM,CHEMBL364,CHEMBL1054503,CN1CCc2cc(NC(=O)c3cc4ccccc4s3)cc(-c3ccccc3)c2CC1.Cl
CHEMBL600361,1,242.0,nM,CHEMBL364,CHEMBL1040692,COc1cc(C2CC(=O)NC(C)=C2C(=O)OC(C)C)c(OC)cc1Br
CHEMBL500537,1,460.0,nM,CHEMBL364,CHEMBL4811839,CC[C@](C)(NC(=O)[C@H](CC(C)C)NC(=O)[C@H](C)NC(=O)C(C)(C)NC(=O)[C@@H]1CCCCN1C(=O)C(C)(C)NC(=O)C(C)(C)NC(=O)CNC(=O)CCNC(=O)[C@H](CC(C)C)NC(=O)C(C)(C)NC(=O)[C@](C)(CC)NC(=O)[C@@H]1CCCCN1C(=O)C(C)(C)NC(=O)[C@@H]1CCCCN1C(C)=O)C(=O)N[C@@H](CC(C)C)C[N+]1=C2CCCN2CCC1
CHEMBL4163352,1,831.4,nM,CHEMBL364,CHEMBL4131979,COc1cc(C(=O)/C=C/c2cc(OC)c(OC)c(OC)c2)ccc1OCc1cn(CCCNc2ccnc3cc(Cl)ccc23)nn1
CHEMBL1257116,0,15848.93,nM,CHEMBL364,CHEMBL1267247,C[C@H](NC(=O)/C(O)=C/c1ccc(O)c(O)c1)c1ccccc1
CHEMBL2030492,1,1000.0,nM,CHEMBL364,CHEMBL2033120,Cc1c(-c2ccc(-c3cnn(CCN4CCCCC4)c3)cc2)[nH]c2ccccc2c1=O
CHEMBL4865110,1,250.0,nM,CHEMBL364,CHEMBL4823054,CCCCCCC1CC(CC(=O)SCC)OO1
CHEMBL131921,0,34300.0,nM,CHEMBL364,CHEMBL859172,COc1ccc(-c2coc3cc(O)cc(O)c3c2=O)cc1
CHEMBL4203560,1,15.0,nM,CHEMBL364,CHEMBL4197930,COc1cc(NCCCCNC(=O)C2CCC3(CC2)OOC2(OO3)C3CC4CC(C3)CC2C4)c2ncccc2c1-c1ccc(F)cc1
CHEMBL3288924,1,25.0,nM,CHEMBL364,CHEMBL3291900,CC(C)Oc1cc(NC(=N)c2ccc[nH]2)ccc1-c1ccc(-c2ccc(NC(=N)c3ccc[nH]3)cc2OC(C)C)o1.Cl
CHEMBL3309600,1,168.0,nM,CHEMBL364,CHEMBL3362374,CC[C@H](C)[C@H](NC(=O)OC(C)(C)C)C(=O)C=[N+]=[N-]
CHEMBL528170,1,669.28,nM,CHEMBL364,CHEMBL1054503,CCn1c(-c2nonc2N)nc2c(-c3ccccc3)ncc(OCCCNCCCN3CCOCC3)c21.O=C(O)C(F)(F)F
CHEMBL586687,1,34.19,nM,CHEMBL364,CHEMBL1054503,CC(C)Cn1ccc2c3c(N)nc(N)nc3ccc21
CHEMBL593652,1,220.0,nM,CHEMBL364,CHEMBL1069901,COc1cc(Nc2nc(NCCCNc3ccnc4cc(Cl)ccc34)nc(N3CCOCC3)n2)cc(OC)c1
CHEMBL4286398,1,130.0,nM,CHEMBL364,CHEMBL4262302,COc1cc2nc(N3CCN(C)CC3)nc(NC3CCN(CC4CCCCC4)CC3)c2cc1OC
CHEMBL4073736,1,3.4,nM,CHEMBL364,CHEMBL4058995,COC(=O)c1c[nH]c2cc(CN3CCN(c4ccc(OC)cc4)CC3)c(OC)cc2c1=O
CHEMBL319162,1,11.5,nM,CHEMBL364,CHEMBL761303,O=C(CN1CCCCC1)Nc1cc(CN2CCN(CCO)CC2)cc(Nc2ccnc3cc(Cl)ccc23)c1
CHEMBL547548,1,646.09,nM,CHEMBL364,CHEMBL1054503,Cl.c1ccc2c(c1)ncn2-c1ccnc(Nc2ccncc2)n1
CHEMBL3951804,0,43450.0,nM,CHEMBL364,CHEMBL3869495,CC(C)n1cc(COc2ccc3ccccc3c2)nn1
CHEMBL528593,1,140.91,nM,CHEMBL364,CHEMBL1054503,COc1ccc(S(=O)(=O)N(CC(=O)NN=C(C)c2cccs2)c2cc(C)cc(C)c2)cc1OC
CHEMBL580894,1,379.83,nM,CHEMBL364,CHEMBL1054503,CN1CCCc2ccc(NC(=O)Nc3ccc(-c4ccccc4)cc3)cc2C1
CHEMBL534848,1,369.36,nM,CHEMBL364,CHEMBL1054503,O=C(Nc1ccc(-c2ccccc2)cc1)Nc1cccc(Cn2nc(Cl)c(N3CCNCC3)cc2=O)c1.O=C(O)C(F)(F)F
CHEMBL2408990,0,199000.0,nM,CHEMBL364,CHEMBL2410784,CCCCCCNC(=O)CCCNC(=O)[C@H](O)C(C)(C)CO
CHEMBL211920,1,0.9,nM,CHEMBL364,CHEMBL1073225,N=C(N)c1ccc(-c2cnc(-c3ccc(C(=N)N)cc3)nc2)cc1
CHEMBL6145096,1,170.0,nM,CHEMBL364,CHEMBL6093680,O=C(NC1CC1)c1ccc(CN(Cc2ccc(CO)cc2)C2CC2)cc1
CHEMBL581635,1,581.39,nM,CHEMBL364,CHEMBL1054503,CC(C)(C)OC(=O)NCc1ccc(Nc2nnc(-c3cccc(C(=O)NCCC(c4ccccc4)c4ccccc4)c3)o2)cc1
CHEMBL2062322,1,860.14,nM,CHEMBL364,CHEMBL1054503,CC(C)(C)NCCN(Cc1ccc(-c2ccc(C(F)(F)F)cc2)cc1)C(=O)Cn1c(SCc2ccc(F)cc2)nc(=O)c2c1CCC2.O=C(O)C(O)C(O)C(=O)O
CHEMBL3137607,0,10000.0,nM,CHEMBL364,CHEMBL3137666,FC(F)Oc1ccc(-c2nnc3cncc(N4CC(c5ccccc5)C4)n23)cc1
CHEMBL256105,1,0.001,nM,CHEMBL364,CHEMBL1262117,CC[C@@]1([C@@H]2O[C@@H]([C@H]3O[C@@](O)(CO)[C@H](C)C[C@@H]3C)C[C@@H]2C)CC[C@H]([C@]2(C)CC[C@]3(C[C@H](O)[C@@H](C)[C@@H]([C@@H](C)[C@@H](OC)[C@H](C)C(=O)O)O3)O2)O1
CHEMBL586587,1,139.13,nM,CHEMBL364,CHEMBL1054503,O=C(Nc1cccc(-c2ccc(-c3nc4cc(F)ccc4[nH]3)cc2)c1)Nc1ccc(Cl)c(Cl)c1
CHEMBL600914,1,168.4,nM,CHEMBL364,CHEMBL1040691,CCN(C(C)=O)C1=C(N2CCOCC2)C(=O)c2ccccc2C1=O
CHEMBL4083078,1,96.0,nM,CHEMBL364,CHEMBL4004932,COC(=O)/C(C)=C1\C(=O)[C@H](O)[C@]2(C)C3=C(C[C@@H]4[C@]5(OC(=O)C(C)=C5C[C@H]5[C@](O)(COC(=O)/C=C(\C)CO)[C@H]6C[C@H]6[C@]45C)[C@H]31)[C@H]1C[C@H]12
CHEMBL4471398,1,529.0,nM,CHEMBL364,CHEMBL4391969,O=c1c2ccc(Cl)cc2[nH]c2cc(OCCN3CCCC3)ccc12
CHEMBL588173,1,652.63,nM,CHEMBL364,CHEMBL1054503,COc1ccc(OC)c(C=CC(=O)NC2CCC(CN3CCC(c4c[nH]c5ccccc45)CC3)CC2)c1
CHEMBL6144936,1,1.0,nM,CHEMBL364,CHEMBL6089898,Cn1nc2c(=O)n(C3CC3)ccc2c1[C@](O)(c1ccc(C(F)(F)F)c(C#N)c1)C1CC1
CHEMBL582262,1,157.1,nM,CHEMBL364,CHEMBL1040692,Cc1ccc(NC(=O)N(CCN(C)C)Cc2cc3cc4c(cc3[nH]c2=O)OCCO4)cc1
CHEMBL4097050,0,211819.5,nM,CHEMBL364,CHEMBL4000316,CSc1nc(-c2ccccc2)c(C#N)c(N2CCN(c3ccnc4cc(Cl)ccc34)CC2)n1
CHEMBL532938,1,747.21,nM,CHEMBL364,CHEMBL1054503,O=C(NCCCCN1CCN(c2cccc(Cl)c2Cl)CC1)c1ccc2c(c1)CCN(C1CCC1)CC2
CHEMBL611026,1,24.2,nM,CHEMBL364,CHEMBL1070699,C=C[C@@H](CO[C@H]1O[C@@H]2O[C@@]3(C)CC[C@H]4[C@H](C)CC[C@@H]([C@H]1C)[C@@]24OO3)O[C@H]1O[C@@H]2O[C@@]3(C)CC[C@H]4[C@H](C)CC[C@@H]([C@H]1C)[C@@]24OO3
CHEMBL3120278,1,9.0,nM,CHEMBL364,CHEMBL3123464,CNc1nc(NCCCN(C)C)c2sc(-c3ccc(C#N)cc3)cc2n1
CHEMBL548920,1,779.28,nM,CHEMBL364,CHEMBL1054503,COc1ccc(CC2(c3ccc(F)cc3)N=C(N)N(CCCc3ccc(F)c(F)c3)C2=O)cc1.O=C(O)C(F)(F)F
CHEMBL4210583,1,11.0,nM,CHEMBL364,CHEMBL4194451,O=C(NCCCN(CCCCCCCCN(CCCNC(=O)C1CCC2(CC1)OOC1(O2)C2CC3CC(C2)CC1C3)C(=O)C1CCC2(CC1)OOC1(O2)C2CC3CC(C2)CC1C3)C(=O)C1CCC2(CC1)OOC1(O2)C2CC3CC(C2)CC1C3)C1CCC2(CC1)OOC1(O2)C2CC3CC(C2)CC1C3
CHEMBL547546,1,987.0,nM,CHEMBL364,CHEMBL1054503,O=C(Nc1ccc(F)cc1)NC1CCN(CCCCCNC(=O)C2CC2c2ccc(Cl)c(Cl)c2)CC1
CHEMBL2413918,0,50000.0,nM,CHEMBL364,CHEMBL2417225,O=C(c1ccccc1)c1c(-c2ccccc2)oc2ccccc12
CHEMBL4879028,1,260.0,nM,CHEMBL364,CHEMBL4835667,Cc1cc(CNC(C)(C)C)c(O)c(Nc2nc3cc(F)c(F)cc3[nH]2)c1
CHEMBL1197739,1,112.0,nM,CHEMBL364,CHEMBL3998645,Fc1ccc(Nc2nc(NCc3ccco3)c3ccccc3n2)cc1
CHEMBL33256,0,39500.0,nM,CHEMBL364,CHEMBL4425354,COc1cc(-c2oc3cc(OC)c(OC)c(O)c3c(=O)c2OC)ccc1O
CHEMBL139118,0,25600.0,nM,CHEMBL364,CHEMBL880957,COc1ccc(C(=O)/C=C/c2ccc(C)cc2)c(OC)c1OC
CHEMBL2089235,1,240.0,nM,CHEMBL364,CHEMBL2089836,Cc1cc(Cl)nc(NCCCNc2ccnc3cc(Cl)ccc23)n1
CHEMBL548889,1,130.36,nM,CHEMBL364,CHEMBL1054503,COCC(C)n1c(SCC(=O)Nc2cc(C(F)(F)F)ccc2Cl)nc2ccccc2c1=O
CHEMBL1208799,1,360.0,nM,CHEMBL364,CHEMBL1212090,Cc1cc(N(C)CCN(C)C)cc(C)c1OCC(=O)N[C@@H](Cc1ccccc1)[C@H](O)C(=O)N1CSC(C)(C)[C@H]1C(=O)N[C@H]1c2ccccc2C[C@H]1O
CHEMBL533896,1,954.0,nM,CHEMBL364,CHEMBL1040692,Cc1ccc(Cl)cc1-n1c(SCc2ccccc2)nnc1C(Cc1ccccc1)NC(=O)C12CC3CC(CC(C3)C1)C2
CHEMBL550720,0,85000.0,nM,CHEMBL364,CHEMBL1052411,Cc1nc(Nc2ccc(Cl)cc2Cl)c2ccccc2n1
CHEMBL3605028,0,11800.0,nM,CHEMBL364,CHEMBL3606789,CCOC(=O)[C@H](Cc1ccccc1)NP(=O)(CCN(CCC(=O)OC)CCn1cnc2c(=O)[nH]c(N)nc21)N[C@@H](Cc1ccccc1)C(=O)OCC
CHEMBL1214171,1,500.0,nM,CHEMBL364,CHEMBL1217341,O=C(Cn1cc[n+](CC(=O)c2ccc(Cc3ccccc3)cc2)c1)c1ccc(Cc2ccccc2)cc1.[Br-]
CHEMBL3264082,1,480.0,nM,CHEMBL364,CHEMBL3265826,CN1CCC(Nc2ccc3ncc(-c4cc(F)c(Nc5ccccn5)c(F)c4)n3n2)CC1
CHEMBL4089160,1,12.0,nM,CHEMBL364,CHEMBL4058995,COC(=O)c1c[nH]c2cc(CCN3CCN(Cc4ccc(OC)cc4)CC3)ccc2c1=O
CHEMBL299613,0,12589.25,nM,CHEMBL364,CHEMBL1267251,COc1cc2c(cc1O)CC[C@@H]1[C@@H]2CC[C@]2(C)[C@@H](O)CC[C@@H]12
CHEMBL184194,1,45.0,nM,CHEMBL364,CHEMBL835866,COc1ccc2nc(N/N=C/C(=O)NCCCCCCCNc3ccnc4cc(Cl)ccc34)nnc2c1
CHEMBL527835,1,661.33,nM,CHEMBL364,CHEMBL1054503,CCCCCCN1CCCN(Cc2ccc(C(=O)Nc3ccc(CCC)cc3)cc2)CC1.O=C(O)C(F)(F)F
CHEMBL589454,0,15000.0,nM,CHEMBL364,CHEMBL730079,CCN(CC)S(=O)(=O)c1ccc(C(=O)NNc2nc3c(OC)ccc(OC)c3s2)cc1
CHEMBL2058024,1,74.8,nM,CHEMBL364,CHEMBL2327114,COc1ccc2c(c1)c(NCCCN)c1c3ccccc3nc-1n2C
CHEMBL533887,1,664.15,nM,CHEMBL364,CHEMBL1054503,COc1ccc2nccc(NCC3(O)CCC(NCc4cc5c(cn4)OCCO5)CC3)c2n1.Cl
CHEMBL2414261,1,159.0,nM,CHEMBL364,CHEMBL2415451,CC(C)(C)n1nnnc1C(c1ccc(Cl)cc1)N1CCN(c2ccnc3cc(Cl)ccc23)CC1
CHEMBL533158,1,793.66,nM,CHEMBL364,CHEMBL1054503,O=C(O)C(F)(F)F.O=S(=O)(NCCN1CCCC1)c1ccc(-c2ccc(CNCc3ccc(F)cc3)cc2)cc1
CHEMBL530216,1,383.0,nM,CHEMBL364,CHEMBL1040692,C=C(C)CSc1nc(N)c2c3c(sc2n1)CN(CCC)CC3
CHEMBL2030051,1,39.6,nM,CHEMBL364,CHEMBL2033107,CCOC(=O)c1c(-c2ccc(Cc3ccc(OC(F)(F)F)cc3)cc2)[nH]c2ccccc2c1=O
CHEMBL580301,1,883.16,nM,CHEMBL364,CHEMBL1054503,CC(C)CN1CCCN(Cc2cccc(NC(=O)c3ccc(-c4ccccc4)cc3)c2)CC1.O=C(O)C(F)(F)F
CHEMBL6162591,1,17.1,nM,CHEMBL364,CHEMBL6097218,Cl.Cn1cc(CN[C@H]2CC[C@@H](Nc3ncc(C(=O)NO)cn3)CC2)c2ccc(Cl)cc21
CHEMBL139856,0,320000.0,nM,CHEMBL364,CHEMBL880957,COc1ccc(C(=O)/C=C/c2cccc3ccccc23)c(OC)c1
CHEMBL6078488,1,4.2,nM,CHEMBL364,CHEMBL6073643,O=C(O[C@H]1CCC[C@@]2(C1)OOC1(O2)C2CC3CC(C2)CC1C3)N1CC(O)(C(F)(F)F)C1
CHEMBL169896,1,164.41,nM,CHEMBL364,CHEMBL1054503,Cc1nc2ccc3ccc(CNc4ccc5c(c4)CN([C@@H](CCC(=O)O)C(=O)O)C5=O)cc3c2c(=O)[nH]1
CHEMBL478347,0,11700.0,nM,CHEMBL364,CHEMBL962001,Cc1ccc(N)cc1C#CC1(O)CN2CCC1CC2
CHEMBL5182500,1,54.0,nM,CHEMBL364,CHEMBL5114970,O=C(CNc1ccnc2cc(Cl)ccc12)NCc1nccc2c1[nH]c1ccccc12
CHEMBL563880,1,568.0,nM,CHEMBL364,CHEMBL837874,c1cc(OCCCCCOc2cccc(C3=NCCN3)n2)nc(C2=NCCN2)c1
CHEMBL611811,1,16.25,nM,CHEMBL364,CHEMBL1040692,CCCOC(=O)C1=C(C)NC2=C(C(=O)CC(c3ccc(OC)cc3)C2)C1c1ccc(Cl)cc1Cl
CHEMBL581582,1,757.65,nM,CHEMBL364,CHEMBL1054503,CN(c1ccc2c(c1)nc(Nc1ccc(Cl)cc1)n2C)c1ccnc(Nc2ccc(CS(C)(=O)=O)cc2)n1.Cl
CHEMBL6102804,1,150.0,nM,CHEMBL364,CHEMBL6093680,Cc1cccc(CN(Cc2ccc(C(=O)NC3CC3)cc2)C2CC2)c1C
CHEMBL6120438,1,80.0,nM,CHEMBL364,CHEMBL6093680,CC(C)c1cccc(CN(Cc2ccc(C(=O)NC3CC3)cc2)C2CC2)c1
CHEMBL4649836,0,12000.0,nM,CHEMBL364,CHEMBL4604482,O=S(=O)(O)CCc1nccc2c1[nH]c1ccccc12
CHEMBL605711,0,15000.0,nM,CHEMBL364,CHEMBL730080,Cc1cccc(C)c1OCC(=O)N(Cc1ccc(C(C)C)cc1)Cc1ccco1
CHEMBL4852921,1,620.0,nM,CHEMBL364,CHEMBL4811839,CC[C@@](C)(NC(C)=O)C(=O)N[C@@H](CC(N)=O)C(=O)N[C@@H](CC(C)C)C(=O)NC(C)(C)C(=O)N1CCC[C@H]1C(=O)N[C@@H](CO)C(=O)N[C@H](C(=O)NC(C)(C)C(=O)N1CCC[C@H]1C(=O)NC(C)(C)C(=O)N[C@@H](CC(C)C)C(=O)NC(C)(C)C(=O)N1CCC[C@H]1C(=O)N[C@H](CO)CC(C)C)C(C)C
CHEMBL3416396,1,36.8,nM,CHEMBL364,CHEMBL3420879,CC(=O)N1N=C(c2ccccc2)CC1c1cn(-c2ccc(Br)cc2)nc1-c1ccc(C)cc1
CHEMBL3221785,0,27900.0,nM,CHEMBL364,CHEMBL3227335,FC(F)(F)c1ccc(CN2CC2COc2cccc3cnccc23)cc1
CHEMBL4442501,1,39.8,nM,CHEMBL364,CHEMBL4331657,COc1ccc(-c2nn(-c3ccccc3)cc2C(=O)N/N=C/c2cc(OC)c(OC)c(OC)c2)cc1
CHEMBL528874,1,590.94,nM,CHEMBL364,CHEMBL1054503,CC(=O)Nc1ccc(C(=O)Nc2ccc(-c3csc(-c4nc5ccccc5[nH]4)c3)cc2)cn1
CHEMBL576205,1,6.85,nM,CHEMBL364,CHEMBL1040692,CCCCCc1ccc(OCCOCC[n+]2ccccc2)c(CCCCC)c1
CHEMBL572716,1,8.0,nM,CHEMBL364,CHEMBL1039580,Clc1ccc2c(NCCCNCCCCN(Cc3ccccc3)Cc3ccccc3)ccnc2c1
CHEMBL4859763,1,180.0,nM,CHEMBL364,CHEMBL4830600,COc1cccc(CNC(=O)c2nc3cccc(COCc4ccc(C(=O)O)cc4)c3c(=O)[nH]2)c1
CHEMBL568471,1,56.0,nM,CHEMBL364,CHEMBL1047873,CC1(CC(=O)NCc2cccc(-c3ccccc3)c2)CC2(CCCCC2)OO1
CHEMBL5403877,0,13100.0,nM,CHEMBL364,CHEMBL5389268,CC(C)=CCCc1cnc2c(C)cc(OCc3cccc([N+](=O)[O-])c3)c3c2c1CC[C@H]3C
CHEMBL2316800,1,11.0,nM,CHEMBL364,CHEMBL4193441,O=C(/C=C/c1ccccc1[N+](=O)[O-])NCCCCNc1ccnc2cc(Cl)ccc12
CHEMBL5312615,0,14500.0,nM,CHEMBL364,CHEMBL4888489,O=C1CN(C(=O)c2ccnc3ccccc23)CCN1Cc1ccccc1F
CHEMBL4639240,1,0.69,nM,CHEMBL364,CHEMBL4606260,COc1cc(F)c2c(=O)c3cc(Oc4ccc(OC(F)(F)F)cc4)ccc3[nH]c2c1
CHEMBL456517,1,1.6,nM,CHEMBL364,CHEMBL4004685,C[C@@H]1C[C@@H]2C[C@H](C)[C@H]3CC[C@](C)(C#N)[C@H]4CC[C@@H]([C@@H]2[C@H]34)[C@]1(C)C#N
CHEMBL529869,1,894.55,nM,CHEMBL364,CHEMBL1054503,Cc1noc(C)c1-c1ccc2c(Nc3nccc4ccccc34)c(C(N)=O)cnc2c1
CHEMBL531505,1,418.74,nM,CHEMBL364,CHEMBL1054503,CCCNCc1ccc(-c2ccc(CN(Cc3cnc(C)cn3)C(=O)c3nn(-c4ccccc4)nc3C)cc2)nc1.O=C(O)C(F)(F)F
CHEMBL220177,1,735.22,nM,CHEMBL364,CHEMBL1054503,O=C(/C=C/c1ccc(Cl)c(Cl)c1)NCCCCCN1CCCN(C(=O)Nc2ccc(Cl)cc2)CC1
CHEMBL584458,1,65.4,nM,CHEMBL364,CHEMBL1040691,CCN1C(=Cc2sc3ccccc3[n+]2C)C=Cc2cccc(C)c21.[I-]
CHEMBL2029764,1,520.0,nM,CHEMBL364,CHEMBL2032995,CC[C@H]1OC(=O)[C@H](C)[C@@H](O)[C@H](C)[C@@H](O[C@@H]2O[C@H](C)C[C@H](N(C)C)[C@H]2O)[C@](C)(O)C[C@@H](C)CN(CCCNC(=O)[C@H](C)c2ccc3cc(OC)ccc3c2)[C@H](C)[C@@H](O)[C@]1(C)O
CHEMBL285228,1,15.0,nM,CHEMBL364,CHEMBL769479,COC[C@H]1CCCCC12OOC1(CCCC[C@H]1COC)OO2
CHEMBL1256809,0,10000.0,nM,CHEMBL364,CHEMBL1267251,COc1ccccc1N1CCN(CCN(C(=O)c2ccc(F)cc2)c2ccccn2)CC1.Cl
CHEMBL306472,1,400.0,nM,CHEMBL364,CHEMBL3292171,Cc1nccc2c(C)c3[nH]c4ccccc4c3cc12
CHEMBL6067648,0,12589.25,nM,CHEMBL364,CHEMBL1267245,CN(C(=O)Cc1ccc(Cl)c(Cl)c1)C1CCCCC1N1CCCC1.CS(=O)(=O)O
CHEMBL5575569,1,378.0,nM,CHEMBL364,CHEMBL5540331,CCN1CCN(Cc2ccc(NC(=O)c3cc(Cl)cc(NC(=O)c4cnc(N)nc4)c3)cc2C(F)(F)F)CC1
CHEMBL3221149,0,29000.0,nM,CHEMBL364,CHEMBL3226933,CCOC(=O)c1sc(SC(C)C)c(C#N)c1-c1cc(O)c(O)c(O)c1
CHEMBL3361381,1,10.4,nM,CHEMBL364,CHEMBL3369905,COc1cc2[nH]c(C)c(-c3ccc(C(F)(F)F)cc3F)c(=O)c2cc1Cl
CHEMBL533379,1,862.0,nM,CHEMBL364,CHEMBL1054503,COc1ccc2[nH]cc(C3CCN(CCC4CCN(C(=O)/C=C/c5ccc(Cl)c(Cl)c5)CC4)CC3)c2c1
CHEMBL4758671,1,280.0,nM,CHEMBL364,CHEMBL4733289,Clc1ccc2nc(/C=C/c3ccncc3)cc(NCCCCn3cc(Cn4cccn4)nn3)c2c1
CHEMBL529117,1,631.99,nM,CHEMBL364,CHEMBL1054503,COc1ccc2[nH]c(C)cc(=NN=Cc3cccc(Cl)c3)c2c1
CHEMBL548490,1,996.8,nM,CHEMBL364,CHEMBL1054503,CC(C)(C)c1ccc(NC(=O)c2cccc(CN3CCCN(Cc4cccc(Cl)c4)CC3)c2)cc1.O=C(O)C(F)(F)F
CHEMBL3462728,1,441.97,nM,CHEMBL364,CHEMBL4649964,CC(NCC1CCN(CCO)CC1)c1cccc(Cl)c1
CHEMBL535992,1,149.06,nM,CHEMBL364,CHEMBL1054503,CN1CCCC(CN2CCN(Cc3cccc(-c4ccc(-c5nc6ccccc6[nH]5)s4)c3)CC2)C1.O=C(O)C(F)(F)F
CHEMBL498750,0,50000.0,nM,CHEMBL364,CHEMBL2445693,NS(=O)(=O)c1ccc(-n2cc(CS[C@@H]3O[C@H](CO)[C@@H](O)[C@H](O)[C@H]3O)nn2)cc1
CHEMBL3410325,1,480.0,nM,CHEMBL364,CHEMBL3411607,CC(C)(C)C(=O)OCOP(=O)(CCCN(O)C=O)OCOC(=O)C(C)(C)C
CHEMBL579693,1,939.41,nM,CHEMBL364,CHEMBL1054503,CS(=O)(=O)c1ccc(-c2cnc(N)c(-c3cccc(CO)c3)c2)cc1
CHEMBL3325608,1,4.2,nM,CHEMBL364,CHEMBL5540392,CNC(=O)c1ccc(-c2cnc3cnc(C(=O)N(C)c4ccc(Cl)cc4)cn23)cc1
CHEMBL4102692,1,690.0,nM,CHEMBL364,CHEMBL4018984,FC(F)(F)c1cccc(Nc2nnc(-c3cccc(-c4cccnc4)c3)o2)c1
CHEMBL4093588,1,44.0,nM,CHEMBL364,CHEMBL4006915,Cc1cc(N2CCCCC2)nc(N(CCNc2ccnc3cc(Cl)ccc23)Cc2ccco2)n1
CHEMBL533030,1,593.17,nM,CHEMBL364,CHEMBL1054503,O=C(C=Cc1ccc(Cl)c(Cl)c1)NCCCCCN1CCCC(CCCNC(=O)/C=C/c2ccccc2)C1
CHEMBL581413,1,272.29,nM,CHEMBL364,CHEMBL1054503,C=CCOC(=O)N1CCC(CNCc2cccc(-c3ccc(-c4nc5ccccc5[nH]4)s3)c2)C1.O=C(O)C(F)(F)F
CHEMBL1256674,0,12589.25,nM,CHEMBL364,CHEMBL1267247,C1COC(NC(C2CC2)C2CC2)=N1.O=C(O)/C=C/C(=O)O
CHEMBL3361380,1,449.0,nM,CHEMBL364,CHEMBL3369905,COc1cc2[nH]c(C)c(-c3cc(C(F)(F)F)cc(C(F)(F)F)c3)c(=O)c2cc1Cl
CHEMBL587478,1,911.24,nM,CHEMBL364,CHEMBL1054503,CN(C)c1ccc(C(c2ccc(N(C)C)cc2)c2cc([N+](=O)[O-])ccc2Cl)cc1
CHEMBL2402290,0,15015.0,nM,CHEMBL364,CHEMBL2404831,CC1=C2CC(C)(C)/C=C/C(=O)/C(C)=C\C3=C[C@H](C)C[C@]3(O2)[C@@]1(O)C(F)(F)F
CHEMBL5313528,0,10200.0,nM,CHEMBL364,CHEMBL4888489,O=C(NCC1CC1)c1cc2c(OCc3ccc(Cl)cc3)cccc2[nH]1
CHEMBL3819162,1,6.0,nM,CHEMBL364,CHEMBL3820733,Cc1cc(N2CCOCC2)nc(NCCCNc2ccnc3cc(Cl)ccc23)n1
CHEMBL580112,1,969.53,nM,CHEMBL364,CHEMBL1054503,CC(C)C[C@H](NC(=O)[C@H](Cc1ccccc1)NC(=O)CCN1C(=O)COc2ccc(C(=O)O)cc21)C(=O)NC(CC1CCCCC1)C(O)CC(=O)NCCCn1ccnc1.Cl.O
CHEMBL4208831,0,29610.0,nM,CHEMBL364,CHEMBL4185063,C=C(C)[C@@H]1CC[C@]2(C(=O)n3ccnc3)CC[C@]3(C)[C@H](CC[C@@H]4[C@@]5(C)CC[C@H](OC(=O)C(C)C)C(C)(C)[C@@H]5CC[C@]43C)[C@@H]12
CHEMBL3215567,1,98.0,nM,CHEMBL364,CHEMBL961733,Cl.Cl.Oc1cc(OCCCCCOc2ccc(C3=NCCN3)c(O)c2)ccc1C1=NCCN1
CHEMBL477500,0,10000.0,nM,CHEMBL364,CHEMBL941604,OC[C@H]1O[C@@H](n2cnc3c(NC4CCCC4)nc(NCCc4cnc[nH]4)nc32)[C@H](O)[C@@H]1O
CHEMBL602009,1,173.1,nM,CHEMBL364,CHEMBL1040692,c1ccc(Oc2cccc(CN3CCc4nc(N5CCCCC5)sc4C3)c2)cc1
CHEMBL582250,1,607.0,nM,CHEMBL364,CHEMBL1040692,COc1ccc([N+](=O)[O-])cc1-c1ccc(/C=C(\C#N)c2nn(CCO)c(N)c2C#N)o1
CHEMBL1950988,0,16000.0,nM,CHEMBL364,CHEMBL1953560,C=CCOC[C@@H]1Cc2c(n(CC=C)c3ccccc23)[C@H]2CCCC(=O)N12
CHEMBL517817,0,50000.0,nM,CHEMBL364,CHEMBL993493,NS(=O)(=O)c1ccc(/N=C/c2ccc3ccccc3c2Br)cc1
CHEMBL587865,1,756.0,nM,CHEMBL364,CHEMBL1054503,CCOc1ccc(-c2nonc2NC(=O)c2cccs2)cc1OCC
CHEMBL3219629,1,19.3,nM,CHEMBL364,CHEMBL3223784,CCOC(=O)c1c[nH]c2cc(Oc3ccccc3)ccc2c1=O
CHEMBL3115708,0,129000.0,nM,CHEMBL364,CHEMBL3119713,COc1ccc2cc(-c3cn(-c4ccnc5cc(Cl)ccc45)nn3)ccc2c1
CHEMBL4169893,0,10000.0,nM,CHEMBL364,CHEMBL4131979,COc1ccc(/C=C/C(=O)c2ccc(OCc3cn(CCCNc4ccnc5cc(Cl)ccc45)nn3)cc2)cc1
CHEMBL3355636,1,25.0,nM,CHEMBL364,CHEMBL3381289,O=S(=O)(c1cccc(-c2ccc3ncc(-c4ccc(-c5nnn[nH]5)cc4)n3n2)c1)C1CC1
CHEMBL599722,1,675.0,nM,CHEMBL364,CHEMBL1040692,CC(NC(=O)C(=O)N1CCCCC1)C(c1cccs1)N1CCOCC1
CHEMBL591162,0,15000.0,nM,CHEMBL364,CHEMBL730079,COc1cc(/C=C(\C#N)c2nc3ccccc3[nH]2)cc(Br)c1OCC#N
CHEMBL597258,1,848.0,nM,CHEMBL364,CHEMBL1040692,CC(C)(C)Cc1ccc(OCCCC(=O)Nc2ccc(Cl)c(N)c2)c(CC(C)(C)C)c1
CHEMBL1774611,1,300.0,nM,CHEMBL364,CHEMBL1776674,COc1ccc(C(=O)/C=C/c2ccc(O)c(CN3CCN(c4ccnc5cc(Cl)ccc45)CC3)c2)c(OC)c1
CHEMBL530884,1,442.33,nM,CHEMBL364,CHEMBL1054503,COc1ccc2nccc([C@@H](O)CN3CCC(NC(=O)C(c4ccsc4)N4CCN(c5ccccc5)CC4)CC3)c2c1
CHEMBL527585,1,306.42,nM,CHEMBL364,CHEMBL1054503,COc1ccc(C2SCC(=O)N2CCc2ccc(OC)c(OC)c2)cc1
CHEMBL4984611,0,10000.0,nM,CHEMBL364,CHEMBL4888491,FC(F)Oc1ccc(-c2c[n+](-c3cccc(C(F)(F)F)c3)c3n2CCCCC3)cc1
CHEMBL1801772,0,13900.0,nM,CHEMBL364,CHEMBL5223551,COc1cc(OC)c2c(c1)O/C(=C\c1ccc(OC)c(OC)c1)C2=O
CHEMBL484723,0,64000.0,nM,CHEMBL364,CHEMBL1006270,Cn1c2nc3ccccc3c-2c(Cl)c2ccc(Cl)cc21
CHEMBL4285728,0,18800.0,nM,CHEMBL364,CHEMBL4254764,CC(C)=CCC1=C(OCc2cn(-c3ccccc3C)nn2)C(=O)c2ccccc2C1=O
CHEMBL525296,1,577.43,nM,CHEMBL364,CHEMBL1054503,COc1cc(OC)cc(-c2nn(-c3ccc([N+](=O)[O-])cc3C#N)c(=S)n2Cc2ccco2)c1
CHEMBL428650,0,15848.93,nM,CHEMBL364,CHEMBL1267249,O=C(O)[C@@H]1[C@H](C(=O)O)[C@H]2CC[C@@H]1O2
CHEMBL532333,1,3.2,nM,CHEMBL364,CHEMBL1054503,Br.CC1(C)N=C(N)N=C(N)N1OCc1cccc2c1ccc1ccccc12
CHEMBL3422293,1,2.8,nM,CHEMBL364,CHEMBL3423648,COc1ccc2nc3cc(Cl)ccc3c(N/C(=N/CCCN(C)C)c3ccc(Cl)cc3)c2n1
CHEMBL1760525,0,20000.0,nM,CHEMBL364,CHEMBL1764233,O=C1C(=O)N(CCCBr)c2ccccc21
CHEMBL6189468,1,467.0,nM,CHEMBL364,CHEMBL6182671,CCC1=C(CC)/C(=C/NC2CCCCC2)N=C1c1cc2cc(Cl)ccc2[nH]1
CHEMBL229885,0,10300.0,nM,CHEMBL364,CHEMBL1048316,CC(C)=CCc1cc(/C=C/C(=O)c2ccc(O)cc2O)ccc1O
CHEMBL5278609,1,23.0,nM,CHEMBL364,CHEMBL5246789,C[C@H]1[C@@H](OCc2ccc(C(=O)N(CCNc3ccnc4cc(Cl)ccc34)CC(=O)NC3CCCCC3)cc2)O[C@@H]2O[C@]3(C)CC[C@H]4[C@H](C)CC[C@@H]1[C@@]24OO3
CHEMBL586913,1,752.67,nM,CHEMBL364,CHEMBL1054503,Oc1ccc(Cl)cc1-c1cc(C(F)(F)F)nc(-c2ccccc2)n1
CHEMBL528911,1,955.0,nM,CHEMBL364,CHEMBL1054503,O=C1OC(c2ccccc2)(c2ccccc2)CN1C1CCN(Cc2ccc(O)c(Cl)c2)C1
CHEMBL4857256,1,624.0,nM,CHEMBL364,CHEMBL4839279,COc1ccc(Cn2c(NC3CCN(CCc4ccc(C#N)cc4)CC3)nc3ccccc32)cc1
CHEMBL3356394,1,180.0,nM,CHEMBL364,CHEMBL3377300,Cl.Clc1ccc(-n2c3c/c(=N/CCCCC45CCCCN4CCCC5)c(Nc4cccnc4)cc-3nc3ccccc32)cc1
CHEMBL585795,1,229.8,nM,CHEMBL364,CHEMBL1040692,CCOC(=O)c1nnn(-c2nonc2N)c1-c1ccc(Br)cc1
CHEMBL2017466,1,214.6,nM,CHEMBL364,CHEMBL2019288,O=C1C=C(NCCCCCCCCCC[P+](Cc2ccccc2)(Cc2ccccc2)Cc2ccccc2)C(=O)c2ccccc21
CHEMBL526194,1,3.2,nM,CHEMBL364,CHEMBL1054503,CC(C)Sc1ccc(Cl)cc1CON1C(=N)N=C(N)NC1(C)C.Cl
CHEMBL531980,1,943.56,nM,CHEMBL364,CHEMBL1054503,Cc1ccc(CC(C)NCC(O)c2cccc(C#N)c2)cc1
CHEMBL473536,0,49900.0,nM,CHEMBL364,CHEMBL944270,Oc1ccc(Sc2ccc(O)cc2O)c(O)c1
CHEMBL578330,1,873.0,nM,CHEMBL364,CHEMBL1040692,COc1ccc(-c2noc(-c3cccc(I)c3)n2)cc1OC
CHEMBL580789,1,276.57,nM,CHEMBL364,CHEMBL1054503,Fc1cc(Cl)ccc1Nc1ccnc2cc(-c3ccc(CNCCN4CCOCC4)o3)ccc12
CHEMBL4535587,1,280.0,nM,CHEMBL364,CHEMBL4310136,C[C@@H]1CN(C(=O)c2ccnc(Nc3nc4cnc(-c5ccc(F)c(C(F)(F)F)c5)cc4[nH]3)c2)C[C@H](C)N1CC1CC1
CHEMBL2408999,0,12000.0,nM,CHEMBL364,CHEMBL2410786,CC(C)CCNC(=O)CNC(=O)[C@H](O)C(C)(C)CO
CHEMBL5567350,1,216.6,nM,CHEMBL364,CHEMBL6087754,COC(=O)C1=C(Cn2cc(CNc3ccnc4cc(Cl)ccc34)nn2)NC(=O)NC1c1ccc(F)cc1
CHEMBL592082,0,15000.0,nM,CHEMBL364,CHEMBL730079,CCCOC(=O)c1ccc(NC(=O)NC2CCCCC2)cc1
CHEMBL5201539,1,61.8,nM,CHEMBL364,CHEMBL5155584,O[C@H](CNCCN1CCN(C[C@@H](O)c2cc(C(F)(F)F)nc3c(C(F)(F)F)cccc23)CC1)c1cc(C(F)(F)F)nc2c(C(F)(F)F)cccc12
CHEMBL548079,1,140.01,nM,CHEMBL364,CHEMBL1054503,Cc1nc(C)c(-c2ccc(S(=O)(=O)c3ccc(Cl)cc3)cc2)c(O)c1Cl
CHEMBL4575250,1,26.0,nM,CHEMBL364,CHEMBL4310136,C[C@@H]1CN(C(=O)c2ccnc(Nc3nc4cnc(Nc5ccc(F)c(C(F)(F)F)c5)cc4[nH]3)c2)C[C@H](C)N1
CHEMBL2337295,0,85000.0,nM,CHEMBL364,CHEMBL2342802,CCC(=O)OC[C@H]1O[C@@H](n2c(I)cc(=O)[nH]c2=O)[C@H](O)[C@@H]1O
CHEMBL2331691,1,78.0,nM,CHEMBL364,CHEMBL2344483,CN(CCO)CCNc1ccnc2cc(Cl)ccc12
CHEMBL589451,0,15000.0,nM,CHEMBL364,CHEMBL730080,CCN(CC)CCNC(=O)c1ccc(Cn2c(SCc3cccc(C)c3)nc3ccncc32)cc1
CHEMBL592069,0,15000.0,nM,CHEMBL364,CHEMBL730079,CCOc1ccccc1C(=O)NCCc1csc(-c2ccc(OC)cc2)n1
CHEMBL601751,1,249.1,nM,CHEMBL364,CHEMBL1040692,Cc1ccccc1C=NNc1nc2ccccc2[nH]1
CHEMBL547586,1,941.25,nM,CHEMBL364,CHEMBL1054503,COc1ccc(CNC(=O)c2cnc3c(O)cccc3c2Nc2cccc(NC(=O)c3ccc(-c4ccccc4)cc3)c2)cc1.O=C(O)C(F)(F)F
CHEMBL3603877,1,145.0,nM,CHEMBL364,CHEMBL3606488,CCCN(C)C(=O)n1cnc(S(=O)(=O)[C@@H]2C[C@H]3CC[C@@H]2C3)n1
CHEMBL6132768,1,860.0,nM,CHEMBL364,CHEMBL6073183,O=C(/C=C(\O)C(F)(F)C(F)(F)F)c1ccoc1
CHEMBL3498245,1,82.01,nM,CHEMBL364,CHEMBL4649945,Cl.c1ccc(-c2ccc(C3CNCCO3)nc2)cc1
CHEMBL530785,1,763.04,nM,CHEMBL364,CHEMBL1054503,CCCc1c(C(=O)NC2CCC(CN3CCC(c4c[nH]c5ccccc45)CC3)CC2)cnn1-c1ccc(Cl)cc1
CHEMBL535088,1,927.67,nM,CHEMBL364,CHEMBL1054503,CNC(=O)c1cnc(Nc2ccc(N3CCN(C)CC3)cc2)nc1Nc1ccccc1OC.O=C(O)C(F)(F)F
CHEMBL4632695,1,0.08,nM,CHEMBL364,CHEMBL4606260,COc1cc2[nH]c3cc(OCc4ccc(C(F)(F)F)cc4)ccc3c(=O)c2cc1Cl
CHEMBL582590,1,810.02,nM,CHEMBL364,CHEMBL1054503,Cc1nc(C)c(-c2ccc(C(=O)c3ccc(Cl)cc3)cc2)c(O)c1Br
CHEMBL537525,1,54.3,nM,CHEMBL364,CHEMBL1054503,CCNc1cc(C(=O)N[C@@H](Cc2ccccc2)[C@H](O)CN[C@H](C)c2ccccc2)cc(N2CCCC2=O)c1
CHEMBL3799114,1,104.0,nM,CHEMBL364,CHEMBL3800920,Cn1c(=O)n(-c2ccc(C(F)(F)F)cc2)c2c3cc(-c4ccc(N)nc4)ccc3ncc21
CHEMBL580452,1,511.57,nM,CHEMBL364,CHEMBL1054503,Cc1ccc(-c2ccc3c(c2)C=C(C(=O)NC2CCN(CCNC(=O)c4cccc(C(F)(F)F)c4)CC2)CCC3)cc1.O=C(O)C(F)(F)F
CHEMBL4864218,1,5.2,nM,CHEMBL364,CHEMBL4812658,Cc1c(C2(c3ccc(C(F)(F)F)nc3)CC2)c[nH]c1C(=O)NC(C)c1cc(C#N)[nH]n1
CHEMBL6133240,1,4.0,nM,CHEMBL364,CHEMBL6089898,CCn1cc(C2CC2)c2c(Cc3ccc(C(F)(F)F)c(C#N)c3)n(C)nc2c1=O
CHEMBL2408975,0,149000.0,nM,CHEMBL364,CHEMBL2410786,CC(C)(CO)[C@@H](O)C(=O)NCCC(=O)NCC1CC1
CHEMBL3220282,1,2.0,nM,CHEMBL364,CHEMBL3223825,CN1/C(=C/C=C/c2sc3ccc(Cl)cc3[n+]2C)Sc2ccc(Cl)cc21.[Cl-]
CHEMBL3235631,1,369.18,nM,CHEMBL364,CHEMBL3240878,COc1ccc(Oc2ccccc2N/C(=N/c2cccc(Cl)c2)NCCCNc2ccnc3cc(Cl)ccc23)cc1
CHEMBL411132,1,115.7,nM,CHEMBL364,CHEMBL931167,COc1c(CN(CCNc2ccnc3cc(Cl)ccc23)CC(C)(C)C)c(C(F)(F)F)c(OC)c2ccccc12
CHEMBL2178479,0,31000.0,nM,CHEMBL364,CHEMBL2183637,Cc1cn([C@@H]2C[C@H](O)[C@@H](CNC(=O)Nc3ccc([N+](=O)[O-])cc3)O2)c(=O)[nH]c1=O
CHEMBL1479,0,14130.0,nM,CHEMBL364,CHEMBL3392944,C#C[C@]1(O)CC[C@H]2[C@@H]3CCC4=Cc5oncc5C[C@]4(C)[C@H]3CC[C@@]21C
CHEMBL5593351,1,363.0,nM,CHEMBL364,CHEMBL5581514,CCOC(=O)C1=C(C)NC2=C(C(=O)OC(c3cccc(OC)c3)C2)C1c1ccccc1Cl
CHEMBL501860,1,85.0,nM,CHEMBL364,CHEMBL1177560,O=C1C[C@@H]2OCC=C3CN4[C@@H](C5=C[C@@H]6[C@@H]7N(C5=O)c5ccccc5[C@@]75CCN7C/C(=C/CO)[C@@H]6C[C@H]75)C[C@]56c7ccccc7N1[C@H]5[C@@H]2[C@H]3C[C@H]46
CHEMBL545941,1,693.53,nM,CHEMBL364,CHEMBL1054503,O=C(/C=C/c1ccc(Cl)c(Cl)c1)N1CCC(CCCN2CCC(c3c[nH]c4ccc(O)cc34)CC2)CC1
CHEMBL414435,1,130.0,nM,CHEMBL364,CHEMBL4272724,Clc1ccc(-c2c[nH]cc2C(c2ccc(Cl)cc2)n2ccnc2)cc1
CHEMBL2086449,1,380.0,nM,CHEMBL364,CHEMBL2090888,COc1cc([C@H](O)[C@@H](C)Oc2c(OC)cc(C)cc2OC)cc(OC)c1OC
CHEMBL3356388,1,240.0,nM,CHEMBL364,CHEMBL3377298,Cl.Fc1ccc(Nc2cc3nc4ccccc4n(-c4ccc(F)cc4)c-3c/c2=N/CCCCC23CCCCN2CCCC3)cc1
CHEMBL546548,1,697.24,nM,CHEMBL364,CHEMBL1054503,O=C(/C=C/c1ccc(Cl)c(Cl)c1)NCCCCCN1CCC(NC(=O)Nc2cccc(C(F)(F)F)c2)CC1
CHEMBL3356381,1,450.0,nM,CHEMBL364,CHEMBL3377298,Clc1ccc(Nc2cc3nc4ccccc4n(-c4ccc(Cl)cc4)c-3c/c2=N/C[C@@H]2CCCN3CCCC[C@H]23)cc1
CHEMBL5562566,1,2.5,nM,CHEMBL364,CHEMBL5512715,C[C@H]1[C@H](OC(=O)CCC(=O)OCCCCc2cn(-c3ccnc4cc(Cl)ccc34)nn2)O[C@@H]2O[C@@]3(C)CC[C@H]4[C@H](C)CC[C@@H]1[C@@]24OO3
CHEMBL4634569,1,158.19,nM,CHEMBL364,CHEMBL4616728,C[C@@H]1CC[C@@H]2[C@]34OO[C@@](C)(CC[C@@H]13)O[C@H]4OC(OCC1CC1)[C@]2(C)O
CHEMBL5285012,1,83.0,nM,CHEMBL364,CHEMBL5239966,COc1ccc(CCN2CCC(Nc3nc4cc(Cl)c(Cl)cc4[nH]3)CC2)cc1
CHEMBL599939,1,607.0,nM,CHEMBL364,CHEMBL1040692,CCCCCCN(C(=O)c1ccc(Cl)cc1)C(CC)c1nc2ccccc2c(=O)n1-c1ccccc1OC
CHEMBL389051,1,217.17,nM,CHEMBL364,CHEMBL1054503,C#CCN(Cc1ccc2[nH]c(N)nc(=O)c2c1)c1ccc(C(=O)N[C@@H](CCC(=O)O)C(=O)O)cc1
CHEMBL1224167,0,30300.0,nM,CHEMBL364,CHEMBL1225526,[O-][S+](Cc1ccccc1)SCc1ccccc1
CHEMBL134943,0,10000.0,nM,CHEMBL364,CHEMBL2410398,O=C(N[C@@H](c1ccccc1)[C@@H](O)C(=O)O)c1ccccc1
CHEMBL528509,1,837.26,nM,CHEMBL364,CHEMBL1054503,COc1cc2c(cc1S(=O)(=O)c1ccc(NC(=O)c3cc4ccccc4s3)cc1)CCN(C)CC2
CHEMBL493823,0,30000.0,nM,CHEMBL364,CHEMBL997204,N#Cc1nc(NCc2ccccc2)c2c(n1)N(Cc1ccccc1)CN2
CHEMBL4929083,0,10000.0,nM,CHEMBL364,CHEMBL4888490,Cc1nn(-c2ccccc2)c2nc(Cc3ccccc3)nc(N3CCCN(C(=O)NC4CCCCC4)CC3)c12
CHEMBL3410333,1,8.0,nM,CHEMBL364,CHEMBL3411606,CC(=O)ON(C)C(=O)CCC(c1ccc(F)c(F)c1)P(=O)(OCOC(=O)OC(C)C)OCOC(=O)OC(C)C
CHEMBL601613,1,39.8,nM,CHEMBL364,CHEMBL1040692,Cc1cnc(C)c(-c2ccc(O)c(CNCC3(N4CCCCC4)CCCCC3)c2)n1
CHEMBL484307,1,29.52,nM,CHEMBL364,CHEMBL1040691,COc1cc(Nc2cncc(-c3ccc(C(N)=O)cc3)n2)cc(OC)c1OC
CHEMBL547137,1,591.48,nM,CHEMBL364,CHEMBL1054503,Clc1ccc(CNc2nc(NCCc3c[nH]cn3)nc(N3CCCC4CCCCC43)n2)cc1
CHEMBL585972,1,707.0,nM,CHEMBL364,CHEMBL1040692,O=C1C(Sc2nnc[nH]2)=CC(=NS(=O)(=O)c2cccs2)c2ccccc21
CHEMBL4226069,1,108.4,nM,CHEMBL364,CHEMBL4222664,Clc1ccc2c(NCCCCN=C3C4CC5CC(C4)CC3C5)ccnc2c1
CHEMBL548027,1,923.8,nM,CHEMBL364,CHEMBL1054503,O=C(O)C(F)(F)F.Oc1ccc(CCNc2nc(NCc3ccccc3-c3ccc(C(F)(F)F)cc3)nc(NC3CCNCC3)n2)cc1
CHEMBL294323,1,627.0,nM,CHEMBL364,CHEMBL970001,CC(O)c1cc2c(o1)C(=O)c1ccccc1C2=O
CHEMBL288290,1,300.0,nM,CHEMBL364,CHEMBL762989,Nc1ccc2c(Nc3ccccc3)c3ccc(N)cc3nc2c1
CHEMBL2391956,0,118000.0,nM,CHEMBL364,CHEMBL2396025,CC(C)CNP1(=S)OCc2cc([N+](=O)[O-])ccc2O1
CHEMBL463201,0,43000.0,nM,CHEMBL364,CHEMBL978458,CO[C@H]1O[C@H](C)[C@H](OC(=O)c2ccccc2)[C@H](OC(=O)c2ccccc2)[C@H]1OC(=O)c1ccccc1
CHEMBL4207446,1,23.0,nM,CHEMBL364,CHEMBL4189347,FC(F)(F)c1ccc(-c2nc3cnc(Nc4ccccn4)cc3[nH]2)cn1
CHEMBL585893,1,750.0,nM,CHEMBL364,CHEMBL1040691,O=C(Nc1ccc(-c2nnc(-c3ccccc3)o2)cc1)c1ccc(Br)cc1
CHEMBL268369,1,57.0,nM,CHEMBL364,CHEMBL900423,COc1cc(NC2(CCCN)CC2)c2ncccc2n1
CHEMBL528312,1,673.34,nM,CHEMBL364,CHEMBL1054503,CCc1ccc(NC(=O)c2ccc(CN3CCCN(Cc4cccc(O)c4)CC3)cc2)cc1.O=C(O)C(F)(F)F
CHEMBL2049203,0,15015.0,nM,CHEMBL364,CHEMBL2049756,CCOC(=O)CCCCCOc1cccc(CN(C(=O)c2ccc(-c3cccc(F)c3)cc2)C(C)C)c1
CHEMBL4080213,1,15.0,nM,CHEMBL364,CHEMBL3994516,CCCNC(=O)N1[C@H](C#N)[C@H](c2ccc(-c3ccc(OC)cc3)cc2)[C@H]1CO
CHEMBL588332,1,839.0,nM,CHEMBL364,CHEMBL1040692,CC1=NN(c2ccc(C(=O)O)cc2)C(=O)/C1=C\c1ccc([N+](=O)[O-])o1
CHEMBL1828813,1,10.0,nM,CHEMBL364,CHEMBL1833017,CCOC(=O)CC1CCC2(CC1)OOC1(OO2)C2CC3CC(C2)CC1C3
CHEMBL5416078,0,49880.0,nM,CHEMBL364,CHEMBL5329407,O=[N+]([O-])c1ccc(-n2cc(COc3cccc4cc(Cl)ccc34)nn2)cc1
CHEMBL23744,0,50000.0,nM,CHEMBL364,CHEMBL993493,NS(=O)(=O)c1ccc(CNC(=O)c2cc3ccccc3oc2=O)cc1
CHEMBL381176,1,0.33,nM,CHEMBL364,CHEMBL860690,O=C(C[C@H]1NCCC[C@@H]1O)Cn1cnc2ccc(F)c(F)c2c1=O
CHEMBL185493,1,105.0,nM,CHEMBL364,CHEMBL835866,O=C(/C=N/Nc1ccc(F)cc1F)NCCCCCCCNc1ccnc2cc(Cl)ccc12
CHEMBL533429,1,636.4,nM,CHEMBL364,CHEMBL1054503,COc1ccc2nccc([C@@H](O)CN3CCC(NCc4cc5cc(C)ccc5s4)CC3)c2c1.O=C(O)C(=O)O
CHEMBL4852828,1,160.0,nM,CHEMBL364,CHEMBL6085559,CCCCCc1cc(CNC(=O)[C@H](O)C(C)(C)CO)no1
CHEMBL59367,1,721.0,nM,CHEMBL364,CHEMBL2327204,CCN(CC)CCCC(C)Nc1c2ccccc2nc2ccccc12
CHEMBL529822,1,342.55,nM,CHEMBL364,CHEMBL1054503,C=CCC1OC(=O)c2cc(OC)cc(OC)c21
CHEMBL586166,1,818.17,nM,CHEMBL364,CHEMBL1054503,COc1ccc(NC(=O)c2ccc(-c3nc(-c4cccc(C(F)(F)F)c4)cs3)cc2)cc1N1CCN(C)CC1
CHEMBL592803,0,15000.0,nM,CHEMBL364,CHEMBL730080,COc1ccc(C)cc1S(=O)(=O)Nc1ccc(Nc2nc(C)cc(N3CCCC3)n2)cc1
CHEMBL319669,1,15.5,nM,CHEMBL364,CHEMBL759678,CONC(=N)c1ccc(-c2ccc(-c3ccc(C(=N)NOC)cc3)o2)cc1
CHEMBL579320,1,285.5,nM,CHEMBL364,CHEMBL1040692,COc1ccc(-c2csc(NC(=O)COc3ccccc3Cl)n2)cc1Br
CHEMBL3229607,1,4.2,nM,CHEMBL364,CHEMBL4429519,CCCNCC(O)c1cc(C(F)(F)F)nc2c(C(F)(F)F)cccc12
CHEMBL529796,1,251.19,nM,CHEMBL364,CHEMBL1054503,CN(C)S(=O)(=O)c1cc(-c2ccc3nccc(-c4cccc(S(N)(=O)=O)c4)c3c2)cnc1N
CHEMBL3098963,1,34.0,nM,CHEMBL364,CHEMBL3607894,O=C(NCCCCCCNc1ccnc2cc(Cl)ccc12)C(=O)N[C@@H]1C(=O)N(C2CCCCC2)[C@@H]1/C=C/c1ccccc1
CHEMBL536341,1,934.49,nM,CHEMBL364,CHEMBL1054503,COc1ccc2ncc(F)c(CCN3CCC(CNCc4cccc5c4OCO5)CC3)c2n1.Cl
CHEMBL578294,1,150.8,nM,CHEMBL364,CHEMBL1040691,COc1ccc(Nc2cc(C)nc(NCc3ccccc3)n2)cc1
CHEMBL1159650,1,797.0,nM,CHEMBL364,CHEMBL1678152,CCC(=O)O[C@]1(C(=O)CCl)[C@@H](C)C[C@H]2[C@@H]3CCC4=CC(=O)C=C[C@]4(C)[C@@]3(F)[C@@H](O)C[C@@]21C
CHEMBL3338010,0,32000.0,nM,CHEMBL364,CHEMBL3382915,Cc1cc(C)c(Nc2nc(Cl)nc(Nc3ccc(C#N)cc3)n2)c(Br)c1
CHEMBL580021,1,410.39,nM,CHEMBL364,CHEMBL1054503,CC(C)CNCc1ccc(-c2cccc(CN(C(=O)Nc3ccccc3)C3CCN(Cc4ccccc4)CC3)c2)cc1.O=C(O)C(F)(F)F
CHEMBL1213047,0,24000.0,nM,CHEMBL364,CHEMBL1217000,N#C/C(C(N)=O)=C1/C(=O)Nc2ccccc21
CHEMBL519110,1,76.96,nM,CHEMBL364,CHEMBL937850,Oc1cc(Nc2ccnc3cc(Cl)ccc23)ccc1CNCC12CCCN1CCC2
CHEMBL3393853,1,130.0,nM,CHEMBL364,CHEMBL3396789,Cc1ccc(CNC2CCCCC2)c(O)c1
CHEMBL547866,1,684.21,nM,CHEMBL364,CHEMBL1054503,O=C(Nc1cccc(-c2cccc(CN3CCCC3)c2)c1)c1ccc(Cl)cc1.O=C(O)C(F)(F)F
CHEMBL3601846,1,60.0,nM,CHEMBL364,CHEMBL3602235,Oc1ccc(CCCc2ccccc2)cc1CN1CCCCC1
CHEMBL237612,1,520.0,nM,CHEMBL364,CHEMBL898381,CN(C)C12CC(OC(=O)CN3CCCCC3)C(C(c3ccccc3)C1)C(c1ccccc1)C2
CHEMBL547096,1,838.44,nM,CHEMBL364,CHEMBL1054503,O=C(O)C(F)(F)F.OC1CCCN(Cc2ccc(-c3ccc(-c4nc5ccccc5[nH]4)cc3)cc2)C1
CHEMBL4786530,1,155.0,nM,CHEMBL364,CHEMBL4671339,Fc1ccc(/C=C/c2cc(Nc3ccc(N4CCCCC4)cc3)c3cc(Cl)ccc3n2)cc1
CHEMBL1258083,0,190000.0,nM,CHEMBL364,CHEMBL1260544,Cc1cc(O)c(C)c(CC[C@](C)(O)CCC[C@H](C)CCC[C@H](C)CCCC(C)C)c1O
CHEMBL4290170,1,41.0,nM,CHEMBL364,CHEMBL4268540,CC1=C[C@@H](C)[C@H]2[C@@H]3C(=O)C(Cl)(Cl)C(=O)[C@H](C)C(=O)O[C@@H](C)/C=C/C=C\[C@@H](C)[C@@H]3C=C[C@@H]2C1
CHEMBL2414898,1,590.0,nM,CHEMBL364,CHEMBL2416703,CN1CCN(C23CC(NCCC(=O)N4CCCC4)C(C(c4ccccc4)C2)C(c2ccccc2)C3)CC1
CHEMBL4069135,1,1.6,nM,CHEMBL364,CHEMBL4008052,NCCOCCOc1ccc([C@H]2CC[C@]3(CC2)OOC2(O3)C3CC4CC(C3)CC2C4)cc1
CHEMBL1784712,0,10000.0,nM,CHEMBL364,CHEMBL1785544,FC(F)(F)c1ccc(Nc2cc(C(F)(F)F)nc3ncnn23)cc1
CHEMBL531460,1,155.59,nM,CHEMBL364,CHEMBL1054503,COc1cc(NC(=O)N2CCOC(CCN3CCC4(CCc5ccccc54)CC3)(c3ccc(Cl)c(Cl)c3)C2)cc(OC)c1OC
CHEMBL547698,1,771.11,nM,CHEMBL364,CHEMBL1054503,CCOc1cc(C)ccc1C1CCN(CCCCNC(=O)c2cnc(-c3ccc(C(F)(F)F)cc3)[nH]2)CC1
CHEMBL3401414,1,280.0,nM,CHEMBL364,CHEMBL3407061,CN(C)C12CCNC(C(c3ccccc3)C1)C(c1ccccc1)C2.Cl
CHEMBL533181,1,732.76,nM,CHEMBL364,CHEMBL1054503,CCCCCCNC(=O)c1nn(CCN2CCC(N3CCCC3)CC2)cc1-c1ccc(Cl)c(Cl)c1
CHEMBL579720,1,516.0,nM,CHEMBL364,CHEMBL1040691,Nc1nc(Cl)nc2ccccc12
CHEMBL526972,1,689.3,nM,CHEMBL364,CHEMBL1054503,COc1ccc2nccc(NCC3(O)CCC(NCc4ccc5c(n4)NC(=O)CS5)CC3)c2n1.Cl
CHEMBL534341,1,36.19,nM,CHEMBL364,CHEMBL1054503,CCCN(CCC)C(=O)c1cc(C(=O)N[C@@H](Cc2ccccc2)[C@H](O)CNC(C)(C)c2cccc(C(F)(F)F)c2)cc(N2CCCCS2(=O)=O)c1
CHEMBL545828,1,911.41,nM,CHEMBL364,CHEMBL1054503,COc1c(C2=CCN(CCCCNC(=O)c3ccc(-c4ccc(C#N)cc4)cc3)CC2)ccc2c1CCCC2
CHEMBL4096863,1,18.0,nM,CHEMBL364,CHEMBL4016437,Cc1[nH]nc2c1C(c1cc(-c3ccnnc3)cc(C(F)(F)F)c1)(C(C)C)C(C#N)=C(N)O2
CHEMBL582539,1,529.92,nM,CHEMBL364,CHEMBL1054503,Cc1cc(NC(=O)Nc2ccc3sccc3c2)c2ccccc2n1
CHEMBL577873,0,12500.0,nM,CHEMBL364,CHEMBL1040691,CC1CCN(C(=O)C2CCCN(S(=O)(=O)c3ccc4[nH]c(-c5ccccc5)nc4c3)C2)CC1
CHEMBL2089234,1,210.0,nM,CHEMBL364,CHEMBL2089836,Cc1cc(Cl)nc(NCCNc2ccnc3cc(Cl)ccc23)n1
CHEMBL2171052,0,15000.0,nM,CHEMBL364,CHEMBL2176180,CCOC(=O)c1c(-c2ccc3c(c2)OCO3)[nH]c2cc(Cl)c(OC)cc2c1=O
CHEMBL1169911,1,116.0,nM,CHEMBL364,CHEMBL1173896,FC(F)(F)Oc1ccc(Nc2cc(Nc3nccn3-c3cccc(C(F)(F)F)c3)nc(Oc3ccccc3)n2)cc1
CHEMBL3234049,1,183.0,nM,CHEMBL364,CHEMBL3241686,Clc1cccc(-c2ccc3ncc(-c4ccncc4)n3n2)c1
CHEMBL546149,1,764.56,nM,CHEMBL364,CHEMBL1054503,O=S(=O)(c1cccc2cccnc12)N1CCN(C2CCCCC2)CC1
CHEMBL559003,0,43000.0,nM,CHEMBL364,CHEMBL1055835,Cc1ccc(S(=O)(=O)N[C@@H](Cc2ccccc2)[C@H](O)CN2CCN(Cc3ccc(F)cc3)CC2)cc1
CHEMBL546130,1,532.96,nM,CHEMBL364,CHEMBL1054503,CNC(=O)c1ccccc1Nc1nc(Nc2cccc(CS(C)(=O)=O)c2)ncc1C.O=CO
CHEMBL529399,1,789.0,nM,CHEMBL364,CHEMBL1054503,O=C(Nc1cccc(C(F)(F)F)c1)c1ccc(S(=O)(=O)NC2CCN(CC3CCCCC3)C2)cc1.O=C(O)C(F)(F)F
CHEMBL584638,1,966.0,nM,CHEMBL364,CHEMBL1040692,CCCCCN(CC(=O)Nc1cc(C(C)(C)C)nn1-c1ccc(Cl)c(Cl)c1)C(=O)c1ccc2c(c1)OCO2
CHEMBL1939156,1,58.5,nM,CHEMBL364,CHEMBL1941884,CCCCc1cc2c(=O)c(-c3ccc(Oc4ccc(OC(F)(F)F)cc4)cc3C)c(C)[nH]c2cc1OCCOc1ccccc1
CHEMBL462810,0,38000.0,nM,CHEMBL364,CHEMBL978458,CC/C=C\C/C=C\C/C=C\CCCC(=O)NCCc1ccc(O)cc1
CHEMBL235322,1,450.0,nM,CHEMBL364,CHEMBL898381,O=C(/C=C/c1ccccc1)OC1CC2(N3CCCCC3)CC(c3ccccc3)C1C(c1ccccc1)C2
CHEMBL536614,1,915.25,nM,CHEMBL364,CHEMBL1054503,Clc1ccccc1/C=C/c1cncnc1Nc1ccc2[nH]c(Cc3ccccc3)nc2c1
CHEMBL5407217,0,10000.0,nM,CHEMBL364,CHEMBL5345227,O=C(O)CNc1ccnc2cc(Cl)ccc12
CHEMBL587068,1,937.28,nM,CHEMBL364,CHEMBL1054503,O=C(O)c1cccc2c(-c3ccncc3)cccc12
CHEMBL527470,1,616.13,nM,CHEMBL364,CHEMBL1054503,Oc1cc2c(cc1CN1CCN(Cc3ccc(Cl)s3)CC1)CCC2
CHEMBL533306,1,710.64,nM,CHEMBL364,CHEMBL1054503,Cc1c(C(=O)NC2CCC(CN3CCC(c4c[nH]c5ccccc45)CC3)CC2)cnn1-c1c(Cl)cc(Cl)cc1Cl
CHEMBL397383,0,56000.0,nM,CHEMBL364,CHEMBL1776684,O=C1[C@H]2Cc3c([nH]c4ccccc34)[C@@H](c3ccc4c(c3)OCO4)N2C(=O)CN1c1cncnc1
CHEMBL579374,1,591.0,nM,CHEMBL364,CHEMBL1040692,CCCCCN(C(=O)c1cccc([N+](=O)[O-])c1)C(CC)c1nc2ccccc2c(=O)n1-c1ccccc1OC
CHEMBL2030291,1,59.0,nM,CHEMBL364,CHEMBL2033120,Cc1c(-c2ccc(-c3ccc(OC(F)(F)F)cc3)cc2)[nH]c2ccccc2c1=O
CHEMBL1834211,1,40.0,nM,CHEMBL364,CHEMBL1837079,CCN(CC)c1ccc2nc3c4ccccc4/c(=N\c4ccc(OC)cc4)cc-3oc2c1
CHEMBL530070,1,924.37,nM,CHEMBL364,CHEMBL1054503,CN(C)c1ccc(CN2CCC(NC(=O)c3ccc(-c4cccc(Cl)c4)s3)CC2)cc1.O=C(O)C(F)(F)F
CHEMBL194650,0,78000.0,nM,CHEMBL364,CHEMBL885085,CCOP(=O)(CC(=O)NCC1OC(n2ccc(=O)[nH]c2=O)CC1O)OCC
CHEMBL578314,1,34.1,nM,CHEMBL364,CHEMBL1040692,O=C1C(N2CCCCC2)=C(N2CCCCC2)C(=O)c2ccccc21
CHEMBL555708,1,260.0,nM,CHEMBL364,CHEMBL1016909,C[n+]1c2ccccc2c(C(=O)O)c2[nH]c3ccc(Br)cc3c21.[Cl-]
CHEMBL3771283,0,10000.0,nM,CHEMBL364,CHEMBL3773518,COc1cc(NC(C)CCCNc2c(OC)c(=O)c2=O)c2ncccc2c1
CHEMBL248087,0,64000.0,nM,CHEMBL364,CHEMBL1776684,O=C1[C@H]2Cc3c([nH]c4ccccc34)[C@@H](c3ccc4c(c3)OCO4)N2C(=O)CN1c1ccsc1
CHEMBL4761713,1,180.0,nM,CHEMBL364,CHEMBL4704380,CN1CCOC2(CCN(c3nccc4[nH]c(-c5cc(F)cc(F)c5)nc34)CC2)C1
CHEMBL1682716,1,277.3,nM,CHEMBL364,CHEMBL1687072,CC[C@H]1OC(=O)[C@H](C)[C@@H](O[C@H]2C[C@@](C)(OC)[C@@H](O)[C@H](C)O2)[C@H](C)[C@@H](O[C@@H]2O[C@H](C)C[C@H](N(C)C)[C@H]2O)[C@](C)(O)C[C@@H](C)CN(CCCNC(=O)NC2CCCC2)[C@H](C)[C@@H](O)[C@]1(C)O
CHEMBL3437799,1,780.8,nM,CHEMBL364,CHEMBL4649964,CCC1CN(CC(=O)NCCN2CCCCC2)c2ccccc2S1
CHEMBL599919,1,11.53,nM,CHEMBL364,CHEMBL1040692,Cc1ccn2c(NC(C)(C)CC(C)(C)C)c(-c3ccccc3OC(=O)CC(C)C)nc2c1
CHEMBL533334,1,237.3,nM,CHEMBL364,CHEMBL1054503,CN(C)CCN(C)Cc1cccc(-c2ccc3c(Nc4cc(O)c(Cl)cc4F)ccnc3c2)c1
CHEMBL4073208,1,3.0,nM,CHEMBL364,CHEMBL4016437,COC(=O)c1ccc(-c2cc(C#N)cc(C3(C(C)C)C=C(N)Oc4n[nH]c(C)c43)c2)s1
CHEMBL605951,1,655.0,nM,CHEMBL364,CHEMBL1040692,COc1cc2c(-c3cc(Br)ccc3O)nc3c(c(-c4ccccc4)nn3-c3ccccc3)c2cc1OC
CHEMBL532464,1,3.2,nM,CHEMBL364,CHEMBL1054503,Nc1nc(N)c2c(ccc3c2ccn3Cc2ccc3c(c2)OCO3)n1
CHEMBL586800,1,718.83,nM,CHEMBL364,CHEMBL1054503,O=C(Nc1ccc(-c2cccc(-c3nc4cc(F)ccc4[nH]3)c2)cc1)c1ccncc1
CHEMBL3329597,0,16120.0,nM,CHEMBL364,CHEMBL3363211,CCOC(=O)/C=C/c1cccc(NS(=O)(=O)c2ccc(C)cc2)c1
CHEMBL585250,1,865.0,nM,CHEMBL364,CHEMBL1040692,CC1=NOC(=O)/C1=C/c1ccc(-c2ccc([N+](=O)[O-])cc2)o1
CHEMBL587732,1,632.17,nM,CHEMBL364,CHEMBL1054503,Cc1ccc2nc(-c3ccc(/C=C/C(=O)NC4CCN(Cc5ccccc5)CC4)cc3)[nH]c2c1C
CHEMBL1256108,0,13212.0,nM,CHEMBL364,CHEMBL1261025,COc1ccc2c(=O)cc(C)[nH]c2c1
CHEMBL2030316,1,280.0,nM,CHEMBL364,CHEMBL2033120,Cc1c(-c2ccc(-c3ccc(OC(F)(F)F)cc3)nc2)[nH]c2ccc(O)cc2c1=O
CHEMBL3482746,1,952.57,nM,CHEMBL364,CHEMBL4649964,COCCN(C)Cc1cc(Cl)ccc1OCC(O)CN1CCCCCC1
CHEMBL4546943,0,15000.0,nM,CHEMBL364,CHEMBL4321528,COC(=O)CC[C@]1(COC(C)=O)C2=C(CC[C@H]1C(C)(C)O)[C@]1(C)CC[C@H]([C@H](C)[C@@H]3CC=C(C)C(=O)O3)[C@@]1(C)CC2
CHEMBL586972,1,938.21,nM,CHEMBL364,CHEMBL1054503,NC(=O)c1ccsc1NC(=O)CNC(c1ccccc1)c1ccccc1
CHEMBL588966,1,890.53,nM,CHEMBL364,CHEMBL1054503,Cc1c(C)n(C2CCCC2)c2ncnc(OC3CCN(CC(=O)NCC4CC4)CC3)c12
CHEMBL6142603,0,38000.0,nM,CHEMBL364,CHEMBL6121869,O=C(Nc1ccc(Cl)cc1)Nc1cccc(S(=O)(=O)N2CCCC2)c1
CHEMBL537494,1,750.44,nM,CHEMBL364,CHEMBL1054503,O=C(Nc1cc(F)cc(F)c1)NC1CCN(CCCCCNC(=O)C2CC2c2ccc(Cl)c(Cl)c2)CC1
CHEMBL533861,1,527.69,nM,CHEMBL364,CHEMBL1054503,O=C(/C=C/c1ccc(Cl)c(Cl)c1)NCCCCCN1CCC(NC(=S)Nc2ccc(Cl)c(Cl)c2)CC1
CHEMBL533729,1,408.26,nM,CHEMBL364,CHEMBL1054503,CC(Nc1ccc2c(c1)OCCO2)C(=O)Nc1cc(C(F)(F)F)ccc1N1CCOCC1
CHEMBL193319,1,1.6,nM,CHEMBL364,CHEMBL834671,CCc1sc[n+](CCCCCCCCCCCC[n+]2csc(CC)c2C)c1C.[I-].[I-]
CHEMBL527700,1,128.1,nM,CHEMBL364,CHEMBL1040691,CCOC(=O)c1[nH]c2ccccc2c1N=NN(C)C
CHEMBL585547,1,730.0,nM,CHEMBL364,CHEMBL1045775,Clc1ccc(C2CC3(N4CCCCC4)CCN(CCc4ccccc4)C2C(c2ccc(Cl)cc2)C3)cc1
CHEMBL548926,1,232.89,nM,CHEMBL364,CHEMBL1054503,CN(C)CCNCc1cccc(-c2ccc3c(Nc4ccc(Oc5ccccn5)cc4)ccnc3c2)c1
CHEMBL3401703,1,9.0,nM,CHEMBL364,CHEMBL3405931,Clc1ccc2c(NCCNCc3ccc(-c4ccccc4)o3)ccnc2c1
CHEMBL581528,1,301.49,nM,CHEMBL364,CHEMBL1054503,COCC(=O)Nc1nc2ccccc2[nH]1
CHEMBL531342,1,797.39,nM,CHEMBL364,CHEMBL1054503,CCNc1cc(C(=O)N[C@@H](Cc2ccccc2)[C@H](O)CNCCC(C)(C)C)c(F)c(N2CCCCS2(=O)=O)c1.O=CO
CHEMBL90703,1,65.0,nM,CHEMBL364,CHEMBL754549,CCCC1N=C(N)N=C(N)N1c1ccc(Cl)cc1
CHEMBL576725,1,532.0,nM,CHEMBL364,CHEMBL1040691,O=C(O)/C=C/C(=O)O.O=C1Cc2ccccc2C(=C2CCNCC2)c2ccsc21
CHEMBL531887,1,175.0,nM,CHEMBL364,CHEMBL1054503,Cl.NOCCCCOc1cc(Cl)c(Cl)cc1Cl
CHEMBL602185,1,481.0,nM,CHEMBL364,CHEMBL1040692,CCc1c(C(=O)N2CCN(C(=O)CCl)C(C)C2)cnn1-c1nc(-c2ccc(Br)cc2)cs1
CHEMBL3472372,1,388.7,nM,CHEMBL364,CHEMBL4649964,CN(Cc1ccsc1)c1nc(-c2ccccn2)nc2c1CCNCC2
CHEMBL602367,1,314.9,nM,CHEMBL364,CHEMBL1040692,CC[C@@H](C(=O)[C@@H](C)C(O)[C@H](C)CCc1ccc(C)c(O)c1C(=O)O)C1O[C@](CC)(C2CC[C@](O)(CC)[C@H](C)O2)C[C@@H]1C
CHEMBL577604,1,381.0,nM,CHEMBL364,CHEMBL1040691,N#CC(=CC=Cc1ccc([N+](=O)[O-])o1)c1nc2ccccc2[nH]1
CHEMBL587058,1,348.0,nM,CHEMBL364,CHEMBL1040692,CCCCCCN(C(=O)c1ccc(C(C)(C)C)cc1)C(CC)c1nc2ccccc2c(=O)n1-c1ccccc1OC
CHEMBL567780,1,630.0,nM,CHEMBL364,CHEMBL1047861,COc1ccc2c(c1)C(=O)C(c1ccc(-c3ccc(Cl)cc3)cc1)=[N+]2[O-]
CHEMBL408323,1,212.0,nM,CHEMBL364,CHEMBL934468,CCOc1ccc2c(N/N=C/c3ccc(OC)cc3)cc(C)nc2c1
CHEMBL4798754,1,0.52,nM,CHEMBL364,CHEMBL4768941,Br.NC1=NC(c2ccccc2)N(OCCCc2ccccc2)C(N)=N1
CHEMBL587322,1,962.14,nM,CHEMBL364,CHEMBL1054503,Cc1cc2nc(-c3ccc(C(=O)NCc4cccc(F)c4)cc3)[nH]c2cc1C
CHEMBL597446,1,92.1,nM,CHEMBL364,CHEMBL1040692,COc1ccc(/C=C/C(=O)NC(=O)c2ccccc2O)cc1
CHEMBL536655,1,135.2,nM,CHEMBL364,CHEMBL1040691,COC(=O)C1=CNC=C(C(=O)OC)C1c1ccc(Cl)c([N+](=O)[O-])c1
CHEMBL5396340,1,10.0,nM,CHEMBL364,CHEMBL5320285,CN1C(=O)c2ccc(OC(F)(F)F)cc2N2C(=O)CCC12C(=O)Nc1cccc(Cl)c1
CHEMBL601588,1,643.0,nM,CHEMBL364,CHEMBL1040691,CC(=O)C1C(=O)c2c(cccc2[N+](=O)[O-])C1=Nc1ccccc1C
CHEMBL546948,1,968.92,nM,CHEMBL364,CHEMBL1054503,COc1ccc2nccc([C@@H](O)CN3CCC(NC(=O)c4cc5ccccc5[nH]4)CC3)c2c1.CS(=O)(=O)O
CHEMBL3603906,1,840.0,nM,CHEMBL364,CHEMBL3606488,COc1ccc(CN(C(=O)n2cnc(S(=O)(=O)[C@@H]3C[C@H]4CC[C@@H]3C4)n2)C(C)C)cc1
CHEMBL3219285,1,410.0,nM,CHEMBL364,CHEMBL3223444,CCOC(=O)c1cn(C2CC2)c2cc(N3CCN(CCC45CC6CC(CC(C6)C4)C5)CC3)c(F)cc2c1=O
CHEMBL63479,0,104000.0,nM,CHEMBL364,CHEMBL762015,OC1(Cc2ccc3c(c2)OCO3)c2ccccc2C2=NCCCN21
CHEMBL580394,1,817.37,nM,CHEMBL364,CHEMBL1054503,CCCCCCCN(Cc1ccc(OC(C)(C)C(=O)OCC)cc1)C(=O)Nc1ccc(Cl)cc1OCC
CHEMBL3289165,1,230.0,nM,CHEMBL364,CHEMBL3296470,CCOc1ccc(C(=O)NOCCCCCC(=O)NO)cc1
CHEMBL530687,1,845.55,nM,CHEMBL364,CHEMBL1054503,CN1CCC(NCc2ccc(-c3ccc(S(=O)(=O)NC4CCC4)s3)cc2)CC1.O=C(O)C(F)(F)F
CHEMBL3353682,1,47.0,nM,CHEMBL364,CHEMBL3383334,Clc1ccc2c(NCCCCNc3nccc(Nc4ccc(Br)cc4)n3)ccnc2c1
CHEMBL5198668,0,32400.0,nM,CHEMBL364,CHEMBL5106005,Cc1ccc(-c2cc3c(=O)[nH]c(NC(C)(C)C)nc3s2)cc1
CHEMBL3819205,1,130.0,nM,CHEMBL364,CHEMBL3820737,Cc1cc(N2CCN(c3ccnc4cc(Cl)ccc34)CC2)nc(N2CCNCC2)n1
CHEMBL548804,1,803.5,nM,CHEMBL364,CHEMBL1054503,COc1cc(C=CC(=O)N2CCC(CN3CCC(c4c[nH]c5ccccc45)CC3)CC2)cc(OC)c1
CHEMBL6133017,1,1.3,nM,CHEMBL364,CHEMBL6109949,CC(C)C[C@H](NC(=O)[C@H](CCC1CCCCC1)NC(=O)[C@@H]1C[C@H](C)CN1C(=O)c1ccc(F)cc1)C(=O)NC(C)(C)C(=O)N[C@@H](CC(C)C)C(=O)N[C@@H](CC(C)C)C(=O)NC(C)(C)C(=O)NC(C)(C)C(=O)NCCC(=O)N[C@@H](C)CN(C)C
CHEMBL4745404,1,27.0,nM,CHEMBL364,CHEMBL4737844,N[C@H](C(=O)N1CC(CNc2ccc(F)cc2)C2(C1)CN(c1cc(F)cc(F)c1)C2)c1ccc(O)cc1
CHEMBL3819137,1,50.0,nM,CHEMBL364,CHEMBL3820736,Cc1cc(NCCNc2ccnc3cc(Cl)ccc23)nc(NCCCCCCO)n1
CHEMBL4944085,0,10000.0,nM,CHEMBL364,CHEMBL4888491,CCCN(CCC)CCN1C(=O)[C@@H]2C(C(=O)Nc3cc(Cl)cc(Cl)c3)[C@@H]3C=C[C@]2(O3)C1C(=O)NC1CCCCC1
CHEMBL3349406,1,20.0,nM,CHEMBL364,CHEMBL763544,C[C@@H]1CC[C@H]2C(CSc3ccccc3)C(=O)O[C@@H]3O[C@]4(C)CC[C@@H]1[C@]32OO4
CHEMBL3321979,1,80.0,nM,CHEMBL364,CHEMBL3371904,CN1CCC(c2ccc3nc(Nc4ncc(C(F)(F)F)cc4Cl)[nH]c3c2)CC1
CHEMBL342008,0,64000.0,nM,CHEMBL364,CHEMBL1776684,O=C1NCC(=O)N2[C@H](c3ccc4c(c3)OCO4)c3[nH]c4ccccc4c3C[C@H]12
CHEMBL4984823,1,447.0,nM,CHEMBL364,CHEMBL4888490,C[C@@H](CN)N(C)c1ccnc2cc(Br)cnc12
CHEMBL2414259,1,170.2,nM,CHEMBL364,CHEMBL2415451,CC(C)(C)n1nnnc1C(NCCCNc1ccnc2cc(Cl)ccc12)c1cccc2ccccc12
CHEMBL524600,1,218.95,nM,CHEMBL364,CHEMBL1054503,CCNc1cc(C(=O)N[C@@H](Cc2ccccc2)[C@H](O)CNC(C)CCCC(C)C)cc(N2CCCS2(=O)=O)c1.O=CO
CHEMBL527386,1,630.23,nM,CHEMBL364,CHEMBL1054503,O=C(/C=C/c1ccc(Cl)c(Cl)c1)N1CCC(CN2CCC(Cc3cc4ccccc4[nH]3)CC2)CC1
CHEMBL3785493,1,18.0,nM,CHEMBL364,CHEMBL3789224,CC(=O)N1N=C(c2ccc(Br)cc2)CC1c1cc2ccccc2nc1N1CCOCC1
CHEMBL532858,1,283.8,nM,CHEMBL364,CHEMBL1040692,CCCCCc1ccc(C(=O)N(CCCC(C)Nc2cc(OC)cc3cccnc23)Cc2ccc(OC)c(OC)c2)cc1
CHEMBL547578,1,117.67,nM,CHEMBL364,CHEMBL1054503,COc1cc2nc(NCc3cccc(CNC(=O)c4ccc(-c5ccc(C(C)=O)cc5)cc4)c3)nc(N)c2cc1OC.O=C(O)C(F)(F)F
CHEMBL365799,1,3.0,nM,CHEMBL364,CHEMBL833446,CCN(CC)CCCOc1ccccc1-c1ccccc1
CHEMBL4080853,1,30.0,nM,CHEMBL364,CHEMBL4018984,CN1CCc2ncc(Nc3nnc(-c4cc(-c5cccnc5)cc(C(F)(F)F)c4)o3)cc2C1
CHEMBL4577551,0,65330.0,nM,CHEMBL364,CHEMBL4312172,O=C(O)c1ccccc1SCc1cn(C/C=C/c2ccccc2)nn1
CHEMBL600100,1,914.0,nM,CHEMBL364,CHEMBL1040692,Cc1ccc(C=Cc2ccc(N(C)C)cc2)[n+](C)c1
CHEMBL3221169,0,25000.0,nM,CHEMBL364,CHEMBL3226933,CCOC(=O)c1sc(SC(C)C)c(C#N)c1Oc1ccccc1
CHEMBL1760531,0,20000.0,nM,CHEMBL364,CHEMBL1764233,O=C1C(=O)N(CCCCBr)c2ccc([N+](=O)[O-])cc21
CHEMBL1947242,0,17300.0,nM,CHEMBL364,CHEMBL1949018,COc1cccc2c1C[C@@H]1[C@H](/C=C/c3ccccc3)c3c(OC)cccc3O[C@]1(c1ccccc1)O2
CHEMBL3115460,0,260170.0,nM,CHEMBL364,CHEMBL3118779,C=C(C)Cn1ccc(=O)c2ccc(Cl)cc21
CHEMBL546041,1,844.01,nM,CHEMBL364,CHEMBL1054503,NC1=NC(c2ccccc2)(c2ccccc2)C(=O)N1CCOc1ccccc1
CHEMBL546270,1,871.65,nM,CHEMBL364,CHEMBL1054503,CCCc1ccc(S(=O)(=O)NC2CCN(C(=O)Nc3ccc(I)cc3)CC2)cc1
CHEMBL4456009,0,21000.0,nM,CHEMBL364,CHEMBL4321528,CC1=C[C@H](O)[C@@H]([C@@H](C)[C@H]2CC[C@@]3(C)C4=C(CC[C@]23C)[C@@]2(C)CC[C@H](O)C(C)(C)[C@@H]2CC4)OC1=O
CHEMBL529482,1,835.19,nM,CHEMBL364,CHEMBL1054503,COc1ccc(CNC2CCN(C)CC2)cc1-c1ccc(S(=O)(=O)NCc2cccnc2)s1.O=C(O)C(F)(F)F
CHEMBL580442,1,483.38,nM,CHEMBL364,CHEMBL1054503,COc1ccc(C(=O)CCc2ccc(O)cc2)cc1
CHEMBL535982,1,782.01,nM,CHEMBL364,CHEMBL1054503,O=C(Nc1cccc(CN2CCN(C(=O)c3cccs3)CC2)c1)c1cccs1.O=C(O)C(F)(F)F
CHEMBL3617344,1,57.0,nM,CHEMBL364,CHEMBL3620182,CN(C)CCCNc1nc(N)nc2cc(-c3ccc(C(F)(F)F)cc3)sc12
CHEMBL2237691,1,769.13,nM,CHEMBL364,CHEMBL3063284,COc1cccc(OC)c1/C=C/C(=O)c1ccc(Cl)cc1
CHEMBL5594200,1,62.0,nM,CHEMBL364,CHEMBL5579294,CN1C(=O)c2ccc(-c3ccccn3)cc2N2C(=O)CCC12C(=O)Nc1cccc(F)c1
CHEMBL534236,1,539.71,nM,CHEMBL364,CHEMBL1054503,O=C(NCCCCN1CC=C(c2ccc3c(c2OCC2CC2)CCCC3)CC1)c1ccc(-c2ccc(C(F)(F)F)cc2)cc1
CHEMBL1950994,0,41000.0,nM,CHEMBL364,CHEMBL1953645,COC[C@H]1Cc2c(n(C)c3ccccc23)[C@@H]2CCCC(=O)N12
CHEMBL586876,1,167.2,nM,CHEMBL364,CHEMBL1054503,Cc1cccc(CC(=N)NCCCCCCNC(=N)Cc2cccc(C)c2)c1.Cl
CHEMBL3037964,1,11.0,nM,CHEMBL364,CHEMBL761748,C[C@H]1[C@H]([CH2][Al]([CH3])[C]#Cc2ccc(Cl)cc2)O[C@@H]2O[C@]3(C)CC[C@H]4[C@H](C)CC[C@@H]1[C@@]24OO3
CHEMBL2368490,1,3.7,nM,CHEMBL364,CHEMBL870105,C[C@H]1[C@@H](Cc2cc3c(cc2C[C@H]2O[C@@H]4O[C@]5(C)CC[C@H]6[C@H](C)CC[C@@H]([C@H]2C)[C@@]46OO5)COP(=O)(Oc2ccccc2)OC3)O[C@@H]2O[C@]3(C)CC[C@H]4[C@H](C)CC[C@@H]1[C@@]24OO3
CHEMBL4637212,1,3.2,nM,CHEMBL364,CHEMBL4606260,O=c1c2ccc(Oc3ccc(OC(F)(F)F)cc3)cc2[nH]c2ccc(Cl)c(Cl)c12
CHEMBL547736,1,729.62,nM,CHEMBL364,CHEMBL1054503,CCOc1cc(C(=O)NCc2cc(Cl)cc(Cl)c2)ccc1-c1nc2cc(Cl)ccc2[nH]1
CHEMBL4176432,0,19400.0,nM,CHEMBL364,CHEMBL4148161,COc1cc(NC(C)CCCNC(=O)NNC(=O)/C=C/c2ccc(C(F)(F)F)cc2)c2ncccc2c1
CHEMBL4909561,1,389.0,nM,CHEMBL364,CHEMBL4888489,c1cc(N2CC[C@@]3(CCCNC3)C2)c2sccc2n1
CHEMBL3477295,1,951.06,nM,CHEMBL364,CHEMBL4649964,Cc1cccnc1[C@H](C)Nc1nc(-c2cccnc2)nc2c1CNC2
CHEMBL5269262,1,446.0,nM,CHEMBL364,CHEMBL5239927,Cc1noc(-c2ccc(CCN3CC4(CCN(c5nc6ccccc6n5Cc5ccc(C#N)cc5)C4)C3)cc2)n1
CHEMBL461156,1,53.0,nM,CHEMBL364,CHEMBL1017262,O=C(CN1CCC2(CCCCC2)C1)NCCNc1ccnc2cc(Cl)ccc12
CHEMBL580225,1,476.06,nM,CHEMBL364,CHEMBL1054503,O=C(Cc1c(-c2ccccc2)[nH]c2ccccc12)NC1CCC(CN2CCC(c3c[nH]c4ccccc34)CC2)CC1
CHEMBL2024428,1,500.0,nM,CHEMBL364,CHEMBL2025542,COc1ccc2nccc([C@@H](O)[C@H]3C[C@H]4CCN3C[C@@H]4/C=C/c3ccc(Cl)cc3)c2c1
CHEMBL1946695,0,17000.0,nM,CHEMBL364,CHEMBL1947428,COc1cc(/C=C/c2ccco2)oc(=O)c1
CHEMBL534265,1,562.39,nM,CHEMBL364,CHEMBL1054503,Fc1ccc2c(NN=Cc3ccccc3F)ccnc2c1
CHEMBL578115,1,678.0,nM,CHEMBL364,CHEMBL1040692,Clc1ccccc1Nc1nc2nonc2nc1Nc1cccc(Br)c1
CHEMBL1929341,1,940.0,nM,CHEMBL364,CHEMBL1932232,CC(C)c1c(OCC(O)CN2CCN(c3ccccc3Cl)CC2)ccc2c1CC[C@H]1C(C)(C)CCC[C@]21C
CHEMBL5407464,1,8.0,nM,CHEMBL364,CHEMBL5320285,COc1ccc2c(c1)N1C(=O)CCC1(C(=O)Nc1cccc(Cl)c1)N(C)C2=O
CHEMBL586471,1,384.15,nM,CHEMBL364,CHEMBL1054503,CCC(C)(C)C1CCc2[nH]c3ccccc3c(=O)c2C1
CHEMBL549179,1,192.48,nM,CHEMBL364,CHEMBL1054503,CC1(C)N=C(N)N=C(N)N1O.Cl
CHEMBL4174181,0,42000.0,nM,CHEMBL364,CHEMBL4143868,CC(C)(C)OC(=O)/C=C/NC(=O)[C@H](O)C(C)(C)CO
CHEMBL580462,1,725.35,nM,CHEMBL364,CHEMBL1054503,COc1ccc(CN(C)CCCc2ccc(NC(=O)c3cc4ccccc4[nH]3)cc2)cc1OC.O=C(O)/C=C/C(=O)O
CHEMBL580764,1,133.4,nM,CHEMBL364,CHEMBL1054503,CC1CCN(Cc2c(O)ccc3c(CN4CCC(C)CC4)c(O)ccc23)CC1.Cl
CHEMBL472720,1,370.0,nM,CHEMBL364,CHEMBL968942,Cc1ccc2c(c1)[n+]([O-])c(C#N)c(-c1ccc(F)cc1)[n+]2[O-]
CHEMBL3736053,1,790.0,nM,CHEMBL364,CHEMBL3737587,Fc1cccc(COc2ccc(Nc3ncnc4ccc(-c5ccccc5)cc34)cc2Cl)c1
CHEMBL524800,1,414.0,nM,CHEMBL364,CHEMBL1006439,O=C1C=CC2(C=C1)CC[C@]1(C[C@@H](O)C[C@@]3(CCC4(C=CC(=O)C=C4)O3)O1)O2
CHEMBL3216376,1,7.4,nM,CHEMBL364,CHEMBL3108258,Cl.Cl.N=C(N)c1ccc(-c2cc(-c3cc(C(=N)N)ccn3)no2)nc1
CHEMBL2062192,1,755.16,nM,CHEMBL364,CHEMBL1054503,CCN1CCC(N(Cc2ccc(-c3ccc(C(F)(F)F)cc3)cc2)C(=O)Cn2c(CCc3cccc(F)c3F)cc(=O)c3c2CCCC3)CC1.O=C(O)C(O)C(O)C(=O)O
CHEMBL3736027,0,67800.0,nM,CHEMBL364,CHEMBL3739200,CC(C)C[C@H](NC(=O)[C@H](C)NC(=O)[C@H](CCCNC(=N)N)N(C)C(=O)OCc1ccccc1)[C@@H](O)CC(=O)NCCc1ccc(Cl)cc1
CHEMBL388996,1,9.2,nM,CHEMBL364,CHEMBL916650,N=C(N)c1cccc(-c2cc(-c3cccc(C(=N)N)c3)on2)c1
CHEMBL4745304,0,20000.0,nM,CHEMBL364,CHEMBL4738337,COc1ccc2nc(OC)c(CNCc3cccs3)cc2c1
CHEMBL600732,0,12500.0,nM,CHEMBL364,CHEMBL1040691,COc1ccc(C2C(C(=O)c3ccccc3)=C(O)C(=O)N2c2cccc(Cl)c2)c(OC)c1
CHEMBL5209326,0,10000.0,nM,CHEMBL364,CHEMBL5143318,CNC(=O)[C@H](C(C)C)N(C)C(=O)[C@H](C(C)C)N(C)C(=O)[C@H](C(C)C)N(C)C(=O)[C@H](C)N(C)C(=O)[C@H](C)N(C)C(=O)[C@H](CC(C)C)N(C)C(=O)[C@H](C(C)C)N(C)C(=O)[C@H](Cc1ccccc1)NC(N)=O
CHEMBL508318,1,12.52,nM,CHEMBL364,CHEMBL954345,COc1ccc2nc3cc(Cl)ccc3c(NCCNCC[C@H]3O[C@@H]4O[C@@]5(C)CC[C@H]6[C@H](C)CC[C@@H]([C@H]3C)[C@@]46OO5)c2c1
CHEMBL4066092,0,100000.0,nM,CHEMBL364,CHEMBL4042877,CCCCCCCCCCCCOC(=O)/C(CCC=C(C)C)=C1\[C@@H](OC(C)=O)C[C@@]2(C)[C@H]1C[C@@H](O)[C@H]1[C@@]3(C)CC[C@@H](O)[C@@H](C)[C@@H]3CC[C@@]12C
CHEMBL1276933,1,471.0,nM,CHEMBL364,CHEMBL1286541,Clc1ccc2c(NCCNCc3cccc4ccccc34)ccnc2c1
CHEMBL258632,1,870.0,nM,CHEMBL364,CHEMBL923044,COc1cc(/C=C/c2cc(/C=C/c3ccc(O)c(OC)c3)n(-c3cccc([N+](=O)[O-])c3)n2)ccc1O
CHEMBL548658,1,729.17,nM,CHEMBL364,CHEMBL1054503,O=C(Nc1cccc(Cl)c1)N[C@H]1CCN(Cc2ccc(OCCCN3CCCCC3)cc2)C1
CHEMBL3261977,1,27.0,nM,CHEMBL364,CHEMBL3268861,O=C(NCCCNc1nc2ccc(Cl)cc2c2[nH]c3ccccc3c12)Nc1ccccc1
CHEMBL530914,1,651.35,nM,CHEMBL364,CHEMBL1054503,Cc1cc(N2CCC(NS(=O)(=O)c3ccc(F)cc3)CC2)nc(Nc2cccc(C#N)c2)n1.O=C(O)C(F)(F)F
CHEMBL416552,1,0.0,nM,CHEMBL364,CHEMBL1217000,CCCCCCc1nc(N)nc(N)c1-c1ccccc1
CHEMBL4533927,0,31500.0,nM,CHEMBL364,CHEMBL4370708,FC(F)(F)c1cc(N2CCNCC2)c2cccc(C(F)(F)F)c2n1
CHEMBL599301,1,673.0,nM,CHEMBL364,CHEMBL1040691,COc1ccc(-[n+]2cc(-c3ccc(Cl)cc3)n3c2SCCC3)cc1.[Br-]
CHEMBL4451728,0,10000.0,nM,CHEMBL364,CHEMBL4412019,COc1ccc(NC(=O)Cn2nnc(-c3ccccc3NC(=O)c3cc(OC)cc(OC)c3)n2)cc1
CHEMBL4455531,1,49.2,nM,CHEMBL364,CHEMBL4331657,COc1ccc(-c2nn(-c3ccccc3)cc2C(=O)N/N=c2/scc(-c3ccccc3)n2-c2ccccc2)cc1
CHEMBL530802,1,922.16,nM,CHEMBL364,CHEMBL1054503,CCCCc1cc(NCC)nc(Nc2cccc(OC)c2)n1
CHEMBL4088978,0,20000.0,nM,CHEMBL364,CHEMBL4021395,CC1(C)C(=O)C=C[C@]2(C)[C@H]3CC[C@@]4(C)[C@H](c5ccoc5)C(=O)[C@H]5O[C@]54[C@]3(C)C(=O)C[C@@H]12
CHEMBL230907,0,26000.0,nM,CHEMBL364,CHEMBL906301,CCOC(=O)COc1cc(-c2cc(=O)c3c(O)cc(OCC(=O)N4CCN(C)CC4)cc3o2)ccc1OC
CHEMBL3216690,1,41.0,nM,CHEMBL364,CHEMBL1046935,Cl.Cl.Oc1cc(C2=NCCN2)ccc1-n1cc(-c2ccc(C3=NCCN3)cc2)nn1
CHEMBL3236229,0,100000.0,nM,CHEMBL364,CHEMBL3241120,O=C(NCc1ccccc1C(F)(F)F)Nc1cnc2ccccn2c1=O
CHEMBL527915,1,868.64,nM,CHEMBL364,CHEMBL1054503,Cc1cnc(NCC2CCCCC2)nc1N[C@@H](CC(C)C)C(=O)Nc1ccccc1.O=C(O)C(F)(F)F
CHEMBL1256295,0,12589.25,nM,CHEMBL364,CHEMBL1267249,Cl.c1ccc([C@@H]2CN3CCSC3=N2)cc1
CHEMBL2153158,1,13.0,nM,CHEMBL364,CHEMBL2157017,Cn1cc2c3c1C(=O)c1[nH]cc(-c4ccc(O)cc4)c1C3=[N+](C)CC2.O=C([O-])C(F)(F)F
CHEMBL208455,1,130.0,nM,CHEMBL364,CHEMBL870818,CCCCCCCCCCCC[n+]1ccc(C(=O)NCCCCCCNC(=O)c2cc[n+](CCCCCCCCCCCC)cc2)cc1.[Br-].[Br-]
CHEMBL531292,1,906.01,nM,CHEMBL364,CHEMBL1054503,CO/C(=C\C=C\c1cc2cc(Cl)c(Cl)cc2[nH]1)C(=O)NCCCN1CCC(c2ccccc2)CC1
CHEMBL1172333,0,63400.0,nM,CHEMBL364,CHEMBL1217335,Cc1ccc(/C=C2\Oc3cc(O)cc(O)c3C2=O)cc1
CHEMBL4206490,1,12.0,nM,CHEMBL364,CHEMBL4193440,C=C[C@H]1CN2CC[C@H]1C[C@H]2[C@H](OC(=O)[C@H](C)NC(=O)c1cn(CC)c2nc(C)ccc2c1=O)c1ccnc2ccc(OC)cc12
CHEMBL533230,1,934.16,nM,CHEMBL364,CHEMBL1054503,Cl.N=C(NC1CC1)c1ccc2[nH]c(CCCCCc3nc4cc(C(=N)NC5CC5)ccc4[nH]3)nc2c1
CHEMBL525281,1,164.3,nM,CHEMBL364,CHEMBL1054503,CN(C)CC(O)C(c1ccccc1)c1cccc(Br)c1.Cl
CHEMBL460705,1,720.0,nM,CHEMBL364,CHEMBL968942,COc1ccc2c(c1)[n+]([O-])c(C#N)c(-c1ccccc1)[n+]2[O-]
CHEMBL586810,1,117.6,nM,CHEMBL364,CHEMBL1040691,CC12CCC(C(=O)N(CC(O)Cn3c4ccc(Cl)cc4c4cc(Cl)ccc43)C1=O)C2(C)C
CHEMBL3979352,0,16400.0,nM,CHEMBL364,CHEMBL3862614,CCC(C)[C@@H](C(=O)N[C@H](C(=O)N[C@@H]1C(=O)N[C@@H](Cc2c[nH]c3ccccc23)C(=O)NCC(=O)c2ccc(cc2)OC1(C)C)C(C)C)N(C)C
CHEMBL3338081,0,15000.0,nM,CHEMBL364,CHEMBL3380748,CC(C)c1ccc2c(c1)CC[C@H]1[C@](C)(CN3C(=O)c4ccccc4C3=O)CCC[C@]21C
CHEMBL1835182,0,51000.0,nM,CHEMBL364,CHEMBL1838231,CCCCCNP(=O)(OCC)Oc1ccc(C)cc1[N+](=O)[O-]
CHEMBL5000796,0,10000.0,nM,CHEMBL364,CHEMBL4888489,CCCC[C@H](Oc1ccc(C(C)(C)CC)cc1C(C)(C)CC)C(=O)Nc1ccc(NC(=O)C(F)(F)C(F)(F)C(F)(F)F)c(O)c1
CHEMBL586859,1,30.07,nM,CHEMBL364,CHEMBL1054503,Cc1[nH]c(C)c(-c2ccc(C#Cc3ccc(F)cc3F)cc2)c(=O)c1Br
CHEMBL528582,1,927.54,nM,CHEMBL364,CHEMBL1054503,CN(CCCCNC(=O)c1cc2ccccc2[nH]1)C1CC2(CCN(C(=O)OC(C)(C)C)CC2)c2ccccc21
CHEMBL2030033,1,408.0,nM,CHEMBL364,CHEMBL2033107,CC(=O)Oc1cccc2[nH]c(-c3ccc(Cc4ccc(OC(F)(F)F)cc4)cc3)c(C)c(=O)c12
CHEMBL4644326,0,16900.0,nM,CHEMBL364,CHEMBL4621226,COC(=O)[C@@H](O)[C@H]1C(C)(C)[C@@H](O)[C@H](OC(=O)C(C)C)[C@@H]2O[C@]34CC(=O)O[C@@H](c5ccoc5)[C@]3(C)C[C@@H](C(=O)[C@@H]4C)[C@@]21C
CHEMBL527727,1,142.58,nM,CHEMBL364,CHEMBL1054503,CCc1cn2c3c(cc(C(=O)N[C@@H](Cc4cccc(F)c4)[C@H](O)CNC4CC4)cc13)N(C)S(=O)(=O)CC2.O=CO
CHEMBL1172664,1,54.0,nM,CHEMBL364,CHEMBL1173896,CNc1nc(Nc2ccc(OC(F)(F)F)cc2)cc(Nc2nccn2-c2cccc(C(F)(F)F)c2)n1
CHEMBL586605,1,158.01,nM,CHEMBL364,CHEMBL1054503,O=C(NCc1ccccc1)NC1CCN(c2ccnc3cc(Cl)ccc23)C1.O=C(O)C(F)(F)F
CHEMBL150,0,30400.0,nM,CHEMBL364,CHEMBL859172,O=c1c(O)c(-c2ccc(O)cc2)oc2cc(O)cc(O)c12
CHEMBL590671,0,10152.0,nM,CHEMBL364,CHEMBL730081,Cn1c(=O)c2c(-c3ccc(C(C)(C)C)cc3)n(-c3cc(Cl)ccc3O)cc2n(C)c1=O
CHEMBL603040,1,888.0,nM,CHEMBL364,CHEMBL1040692,CCC(NC1CCCCC1)c1nc2ccccc2c(=O)n1C
CHEMBL2058097,1,1.833,nM,CHEMBL364,CHEMBL2060099,CC(C)N(CCNCCO[C@H]1O[C@@H]2O[C@@]3(C)CC[C@H]4[C@H](C)CC[C@@H]([C@H]1C)[C@@]24OO3)C(C)C.O=C(O)C(=O)O
CHEMBL520485,1,205.0,nM,CHEMBL364,CHEMBL990646,c1cc(C2=NCCN2)cc(-c2cc3ccc(C4=NCCN4)cc3o2)c1
CHEMBL261816,1,5.87,nM,CHEMBL364,CHEMBL928090,CC(C)S(=O)(=O)N1CCC2(CC1)OOC1(OO2)C2CC3CC(C2)CC1C3
CHEMBL580389,1,235.32,nM,CHEMBL364,CHEMBL1054503,Cc1nnsc1C(=O)Nc1cccc(-c2cccc(-c3nc4cc(C(F)(F)F)ccc4[nH]3)c2)c1
CHEMBL586427,1,87.52,nM,CHEMBL364,CHEMBL1054503,O=C(Nc1ccc(C(F)(F)F)cc1)NC1CCN(c2ccnc3ccccc23)C1.O=C(O)C(F)(F)F
CHEMBL591893,0,15000.0,nM,CHEMBL364,CHEMBL730079,O=C(O)C(=O)O.O=[N+]([O-])c1ccc(S(=O)(=O)N2CCN(C3CCC(c4ccccc4)CC3)CC2)cc1
CHEMBL548382,1,832.6,nM,CHEMBL364,CHEMBL1054503,Cc1ccccc1C1CCN(C2CCC(NC(=O)/C=C/c3cc(F)cc(F)c3)CC2)CC1
CHEMBL4758587,0,10000.0,nM,CHEMBL364,CHEMBL4711932,Cc1cc(Nc2ccc(S(=O)(=O)Nc3ccc(Cl)cc3)cc2)n2nc(C)cc2n1.Cl
CHEMBL290724,1,900.0,nM,CHEMBL364,CHEMBL760050,CC(C)(C)OC(=O)N[C@H](Cc1ccccc1)C(=O)Nc1ccc(NC(=O)/C=C/c2ccc(-c3ccc([N+](=O)[O-])cc3)o2)cc1C(=O)c1ccccc1
CHEMBL4870864,1,61.0,nM,CHEMBL364,CHEMBL4838819,Cc1cccc(-n2c(N)nc3ccccc32)c1O
CHEMBL219708,1,254.0,nM,CHEMBL364,CHEMBL934469,COc1cccc2c(N/N=C/c3ccccc3)ccnc12
CHEMBL537069,1,173.76,nM,CHEMBL364,CHEMBL1054503,CCOC(=O)CC[C@H](NC(=O)c1ccc(NS(=O)(=O)c2ccc(-c3cnc(N)[nH]c3=O)cc2)cc1)C(=O)OCC
CHEMBL3221774,0,26850.0,nM,CHEMBL364,CHEMBL3227335,O=c1c(Cl)c(Cl)cnn1CC1CN1Cc1ccnc2ccccc12
CHEMBL1215669,0,26000.0,nM,CHEMBL364,CHEMBL1219011,CC(=O)Nc1ccc2oc(-c3ccc(F)cc3)c(O)c(=O)c2c1
CHEMBL548508,1,29.86,nM,CHEMBL364,CHEMBL1054503,CCOC(=O)CCCCOc1c(OC)cc(Cc2cnc(N)nc2N)cc1OC
CHEMBL4165403,0,10000.0,nM,CHEMBL364,CHEMBL4131979,O=C(/C=C/c1ccccc1)c1ccc(OCc2cn(CCCNc3ccnc4cc(Cl)ccc34)nn2)cc1
CHEMBL4175205,0,112000.0,nM,CHEMBL364,CHEMBL4140729,C/C(=C\CC/C(C)=C/C(=O)C[C@]1(C)CCc2cc(O)cc(C)c2O1)CO
CHEMBL2391940,0,19000.0,nM,CHEMBL364,CHEMBL2396025,CCOP(=S)(NC1CCCC1)Oc1ccc2ncccc2c1
CHEMBL2049218,0,15015.0,nM,CHEMBL364,CHEMBL2049756,CCOC(=O)CCCCCOc1cccc(CN(C(=O)c2ccc(-c3ccsc3)cc2)C(C)C)c1
CHEMBL521196,1,400.0,nM,CHEMBL364,CHEMBL957274,CN(C)C12CCNC(C(c3ccc(Cl)c(Cl)c3)C1)C(c1ccc(Cl)c(Cl)c1)C2
CHEMBL547708,1,174.57,nM,CHEMBL364,CHEMBL1054503,COc1cc2nc(N3CCC(CNC(=O)c4ccc(-c5ccc(O)cc5)cc4)CC3)nc(N)c2cc1OC.O=C(O)C(F)(F)F
CHEMBL1495792,1,2.0,nM,CHEMBL364,CHEMBL5241721,C1OCOCO1
CHEMBL441986,0,18000.0,nM,CHEMBL364,CHEMBL4604482,CCc1nccc2c1[nH]c1ccccc12
CHEMBL4847944,1,100.0,nM,CHEMBL364,CHEMBL4823054,C=CCC1CC(CCCCCC)OO1
CHEMBL3217056,1,16.7,nM,CHEMBL364,CHEMBL3108258,Cl.Cl.N=C(N)c1ccc(-c2cc(-c3ccc(C(=N)N)cn3)no2)cc1
CHEMBL588050,1,871.47,nM,CHEMBL364,CHEMBL1054503,NC1=NC2(CCCCC2)N(OCCCCCCN2C(=O)c3ccccc3C2=O)C(N)=N1
CHEMBL4640991,1,142.0,nM,CHEMBL364,CHEMBL4610152,COc1ccc(NS(=O)(=O)c2ccc(-n3cc(COc4c(OC)ccc5cc6[n+](cc45)CCc4cc5c(cc4-6)OCO5)nn3)cc2)cc1.[Cl-]
CHEMBL6102533,1,1.78,nM,CHEMBL364,CHEMBL6085560,CC(C)OC1=CC(c2ccc[nH]2)=N/C1=C\NC12CC3CC(CC(C3)C1)C2.Cl
CHEMBL6166633,1,0.116,nM,CHEMBL364,CHEMBL6137780,O=c1c2c([nH]c3cc(Oc4cccc(OC(F)(F)F)c4)ccc13)CCCC2
CHEMBL3236065,1,260.0,nM,CHEMBL364,CHEMBL3241785,Cc1cc(NC(=O)CCN)cc(C)c1OCC(=O)N[C@@H](Cc1ccccc1)[C@H](O)C(=O)N1CSC(C)(C)[C@H]1C(=O)N[C@H]1c2ccccc2C[C@H]1O
CHEMBL3234056,1,289.0,nM,CHEMBL364,CHEMBL3241687,NCc1cccc(-c2ccc3ncc(-c4ccncc4)n3n2)c1
CHEMBL585078,1,479.0,nM,CHEMBL364,CHEMBL1040691,C[N+]1(CCOC(=O)CCC(=O)OCC[N+]2(C)CCCCCC2)CCCCCC1
CHEMBL530856,1,851.74,nM,CHEMBL364,CHEMBL1054503,CCn1c(-c2nonc2N)nc2c(-c3ccccc3)ncc(OCCCCNCCc3ncc[nH]3)c21.O=C(O)C(F)(F)F
CHEMBL88686,1,200.0,nM,CHEMBL364,CHEMBL761151,C1CCC([C@H]2OO[C@H](C3CCCCC3)OO2)CC1
CHEMBL579533,1,957.27,nM,CHEMBL364,CHEMBL1054503,O=C(NCc1ccc(Cl)c(Cl)c1)c1ccc(C2CCN(Cc3ccc4[nH]cnc4c3)CC2)cc1
CHEMBL579660,1,854.49,nM,CHEMBL364,CHEMBL1054503,CC(Cc1ccc(NC(=O)c2ccc(NCCc3ccccc3)cc2)cc1)NCCc1cccc(Cl)c1.Cl
CHEMBL2374078,0,15848.93,nM,CHEMBL364,CHEMBL1267248,Cl.Cl.Oc1ccc2c3c1O[C@H]1c4[nH]c5c(c4C[C@@]4(O)[C@@H](C2)N(CC2CC2)CC[C@]314)C[C@@]1(O)[C@H]2Cc3ccc(O)c4c3[C@@]1(CCN2CC1CC1)[C@H]5O4
CHEMBL4531631,0,25000.0,nM,CHEMBL364,CHEMBL4343077,COc1cccc2c1OCCC2(O)CNS(=O)(=O)c1cccc(Br)c1
CHEMBL588688,1,620.52,nM,CHEMBL364,CHEMBL1054503,Cc1ccc(S(=O)(=O)NC2CCN(c3ccnc4cc(Cl)ccc34)C2)cc1.O=C(O)C(F)(F)F
CHEMBL218337,1,670.0,nM,CHEMBL364,CHEMBL855650,COc1ccc(F)cc1C(=O)/C=C/c1ccc2ccccc2n1
CHEMBL4102003,1,86.0,nM,CHEMBL364,CHEMBL3999123,Cc1ccc2c(Cl)c(C(=O)N3C[C@@H](C)O[C@@H](C)C3)sc2c1
CHEMBL3264069,1,800.0,nM,CHEMBL364,CHEMBL3265826,CN1CCN(c2ccc3ncc(-c4cnc(Nc5ncccc5F)nc4)n3n2)CC1
CHEMBL2408431,1,390.0,nM,CHEMBL364,CHEMBL2410398,O=C(N[C@@H](c1ccccc1)[C@@H](O)C(=O)OCCNc1ccnc2cc(Cl)ccc12)c1ccccc1
CHEMBL5559320,1,300.0,nM,CHEMBL364,CHEMBL5501227,Cc1cc(Cl)c(S(=O)(=O)N2CCOCC2)cc1OCC(=O)Nc1ccc(F)c(Cl)c1
CHEMBL530632,1,107.96,nM,CHEMBL364,CHEMBL1054503,CC[C@@H]([C@@H](CC(C)C)C(=O)N[C@@H](CCCCNC(=O)OCc1ccccc1)C(=O)Nc1ccccn1)N(O)C=O
CHEMBL545328,0,12589.25,nM,CHEMBL364,CHEMBL1267247,CC(C)NC[C@H](O)COc1cccc2ccccc12.Cl
CHEMBL530826,1,757.86,nM,CHEMBL364,CHEMBL1054503,Nc1ncc(Cc2ccc3c(ccc4ccccc43)c2)c(N)n1
CHEMBL2049063,0,12102.1,nM,CHEMBL364,CHEMBL2049756,CC(C)N(Cc1cccc(OCCCCCC(=O)O)c1)C(=O)c1ccc(-c2cccc(Cl)c2)cc1
CHEMBL4572688,0,21000.0,nM,CHEMBL364,CHEMBL4321528,CC1=CC[C@@H]([C@@H](C)[C@H]2CC[C@@]3(C)[C@@]45CC[C@@H](C(C)(C)O4)[C@]4(CCC(=O)OC4)C5=CC[C@]23C)OC1=O
CHEMBL4850872,1,491.0,nM,CHEMBL364,CHEMBL4813755,O=C1/C(=C/c2cccc(C(F)(F)F)c2)CC(c2ccccc2)C/C1=C\c1cccc(C(F)(F)F)c1
CHEMBL536886,1,725.47,nM,CHEMBL364,CHEMBL1054503,FC(F)(F)c1cccc(CNCC2CCN(Cc3ccc4c(c3)OCO4)CC2)c1.O=C(O)C(F)(F)F
CHEMBL4206746,1,23.0,nM,CHEMBL364,CHEMBL4189351,FC(F)(F)c1cccc(-c2nc3cnc(Nc4ccccn4)cc3[nH]2)c1
CHEMBL602355,1,137.7,nM,CHEMBL364,CHEMBL1040692,CCN1CCCC1CNc1ncnc2c1[nH]c1ccc(C)cc12
CHEMBL581032,1,713.46,nM,CHEMBL364,CHEMBL1054503,COc1cccc(CN2CCC(CCOC(c3ccccc3)c3ccc(Cl)cc3)CC2)c1O
CHEMBL547436,1,378.6,nM,CHEMBL364,CHEMBL1054503,CN1CCN=C1c1ccc(NC(=O)Nc2ccc(C3=NCCN3C)cc2)cc1.Cl
CHEMBL547029,1,829.23,nM,CHEMBL364,CHEMBL1054503,CC[C@H](C)CNC(=O)c1cncc(-c2ccc(CNC3Cc4ccccc4C3)cc2)c1.O=C(O)C(F)(F)F
CHEMBL548700,1,181.29,nM,CHEMBL364,CHEMBL1054503,Cc1cc(NCCc2ccccc2)nc(NC(=N)Nc2cccc(Cl)c2)n1
CHEMBL3603864,1,47.0,nM,CHEMBL364,CHEMBL3606488,CN(C)C(=O)n1cnc(S(=O)(=O)[C@@H]2C[C@H]3CC[C@@H]2C3)n1
CHEMBL2146544,1,13.4,nM,CHEMBL364,CHEMBL2150333,CN(C)c1ccc(-c2c[nH]c(CNc3ccnc4cc(Cl)ccc34)n2)cc1
CHEMBL547816,1,768.26,nM,CHEMBL364,CHEMBL1054503,COc1ccc2nccc(N3CCC(SCCNCc4cc5c(cn4)OCCO5)C3)c2n1.Cl
CHEMBL548642,1,871.7,nM,CHEMBL364,CHEMBL1054503,O=C(O)C(F)(F)F.O=S(=O)(NCCN1CCCC1)c1cccc(-c2cccc(CNCc3ccsc3)c2)c1
CHEMBL1802647,1,620.0,nM,CHEMBL364,CHEMBL1804795,COc1cccc2c(=O)c3c([nH]c12)CCC(C)(C)C3
CHEMBL481028,1,17.5,nM,CHEMBL364,CHEMBL1023752,O=c1[nH]c(CCCCCCCCCCCCc2nsc(=O)[nH]2)ns1
CHEMBL601974,1,819.0,nM,CHEMBL364,CHEMBL1040692,Cc1nc(N)sc1C(=O)NN=Cc1cccc(Br)c1
CHEMBL5185062,1,9.8,nM,CHEMBL364,CHEMBL5155584,OC[C@@H](NC[C@@H](O)c1cc(C(F)(F)F)nc2c(C(F)(F)F)cccc12)c1ccccc1
CHEMBL305419,0,60300.0,nM,CHEMBL364,CHEMBL1217335,COc1cc(OC)c2c(c1)O/C(=C\c1ccccc1)C2=O
CHEMBL530030,1,75.0,nM,CHEMBL364,CHEMBL1040691,COc1ccc(Nc2nc(NN=Cc3cc(Br)c(O)cc3O)nc(Nc3ccc([N+](=O)[O-])cc3)n2)cc1
CHEMBL528124,1,792.22,nM,CHEMBL364,CHEMBL1054503,Cn1c(N)c(C(=O)CSc2nnc(-c3cccs3)n2Cc2ccccc2)c(=O)n(C)c1=O
CHEMBL5409108,1,12.0,nM,CHEMBL364,CHEMBL5320285,CN1C(=O)c2ccc(Cl)cc2N2C(=O)CCC12C(=O)Nc1ccc(Cl)c(Cl)c1
CHEMBL4760658,1,53.0,nM,CHEMBL364,CHEMBL4727717,CCN(CC)Cc1ccc2c(C(=O)OC)c(NC(=O)c3ccccc3)sc2c1O.Cl
CHEMBL3961818,1,900.0,nM,CHEMBL364,CHEMBL3877811,FC(F)(F)c1cccc(Nc2nc(C(Cl)(Cl)Cl)nc3ccsc23)c1
CHEMBL3215955,1,18.0,nM,CHEMBL364,CHEMBL3108258,Cl.Cl.N=C(N)c1cncc(-c2cc(-c3cccc(C(=N)N)c3)on2)c1
CHEMBL1289275,1,1000.0,nM,CHEMBL364,CHEMBL1293135,CC(C)CCOc1cccc(/C=C/C(=O)N[C@@H](CCCCCC(=O)NO)C(=O)Nc2cccc3cccnc23)c1
CHEMBL1088960,0,15960.0,nM,CHEMBL364,CHEMBL1112571,COc1ccc(/C=C/C(=O)c2ccccc2OCc2cn(CC(O)CN3C(=O)C(=O)c4cc(Cl)ccc43)nn2)cc1
CHEMBL600044,0,15000.0,nM,CHEMBL364,CHEMBL730079,N#C/C(=C/c1ccc(O)c([N+](=O)[O-])c1)c1nc(-c2ccc(Cl)cc2)cs1
CHEMBL447072,1,436.0,nM,CHEMBL364,CHEMBL1018964,CN(C)c1ccc(NC(=O)NCCCNc2ccnc3cc(Cl)ccc23)cc1
CHEMBL3109532,0,100000.0,nM,CHEMBL364,CHEMBL3110821,COc1ccc(C2(c3ccc(OC)cc3)NC(=N)N(c3ccccc3)C2=O)cc1
CHEMBL533772,1,11.27,nM,CHEMBL364,CHEMBL1040692,COC1=CC(C)=C[C@@H](C)[C@@H](O)[C@H](C)CC(C)=CC=C[C@H](OC)[C@@H](C(C)C(O)[C@H](C)[C@@]2(O)C[C@@H](O)[C@H](C)[C@@H](C(C)C)O2)OC1=O
CHEMBL4746538,1,2.9,nM,CHEMBL364,CHEMBL4724764,COc1cc2nc(Nc3ccncc3)nc(NC(C)C)c2cc1OC
CHEMBL3597345,1,18.4,nM,CHEMBL364,CHEMBL3599225,Clc1ccc2c(NCc3cn(CCCN4CCCC4)nn3)ccnc2c1
CHEMBL528622,1,492.62,nM,CHEMBL364,CHEMBL1054503,Cn1cncc1C(=O)Nc1cccc(-c2cccc(-c3nc4cc(F)ccc4[nH]3)c2)c1
CHEMBL5568946,1,80.0,nM,CHEMBL364,CHEMBL5530915,C[C@H]1CN(C)CC[C@@H]1c1cc(-c2ccncc2)c(-c2ccc(F)cc2)[nH]1.Cl.Cl
CHEMBL608119,1,49.0,nM,CHEMBL364,CHEMBL1046015,CCCCC(=O)Nc1cccc2c1[nH]c1c(C3=C[C@@]4(O)CC/C=C\CCCCN5CC[C@@H]3[C@]3(C[C@@H]6/C=C\CCCCN6[C@H]34)C5)nccc12
CHEMBL4555009,0,50000.0,nM,CHEMBL364,CHEMBL4373527,CC(=O)O[C@H]1C=C[C@@H](O)[C@H](O)[C@@]1(O)COC(=O)c1ccccc1
CHEMBL4792523,0,13000.0,nM,CHEMBL364,CHEMBL4731329,C=CC(=O)OCC(C)(C)C(=O)N1CCCC[C@H]1C(=O)O[C@H](CCc1ccc(OC)c(OC)c1)c1ccccc1
CHEMBL4160616,1,4.4,nM,CHEMBL364,CHEMBL4150522,CC1=C(CCCOC(=O)CC(=O)OCCOC(=O)CCC(=O)O[C@@H]2O[C@@H]3O[C@@]4(C)CC[C@H]5[C@H](C)CC[C@@H]([C@H]2C)[C@@]35OO4)C(=O)C(C(C)C)=CC1=O
CHEMBL5290713,1,4.26,nM,CHEMBL364,CHEMBL5246785,C[C@@H]1CC[C@H]2[C@@H](C)C(=O)N(S(=O)(=O)c3cccs3)[C@@H]3O[C@]4(C)CC[C@@H]1[C@@]23OO4
CHEMBL1760509,0,20000.0,nM,CHEMBL364,CHEMBL1764233,CC1=C2OCCCCN3C(=O)C(O)(c4ccccc43)C2(C)SC1=O
CHEMBL2408419,1,480.0,nM,CHEMBL364,CHEMBL2410398,O=C(N[C@@H](c1ccccc1)[C@@H](O)C(=O)NCCCNc1ccnc2cc(Cl)ccc12)c1ccccc1
CHEMBL546902,1,789.44,nM,CHEMBL364,CHEMBL1054503,Cc1cccc2nc(-c3cccc(-c4cccc(NC(=O)c5ccc(=O)[nH]n5)c4)c3)[nH]c12
CHEMBL525159,1,945.0,nM,CHEMBL364,CHEMBL1054503,Cc1ccc2c(=NN=Cc3ccc(Cl)cc3)cc(C)[nH]c2c1
CHEMBL45152,1,740.0,nM,CHEMBL364,CHEMBL3997031,O=c1c2ccccc2sn1-c1ccccc1
CHEMBL510191,0,50000.0,nM,CHEMBL364,CHEMBL1000354,Cc1cc(=O)c(O)c(CN2CCOCC2)n1C
CHEMBL530466,1,293.75,nM,CHEMBL364,CHEMBL1054503,O=C(O)C(F)(F)F.c1ccc(CN2CCC(NCc3ccc(-c4ccc(CNC5CCCC5)cc4)cc3)CC2)cc1
CHEMBL1290468,0,100000.0,nM,CHEMBL364,CHEMBL1292973,COc1cc(OC)c(OC)cc1/C=C/C(=O)c1ccc(C#N)cc1
CHEMBL2322213,1,2.6,nM,CHEMBL364,CHEMBL5114049,Cn1c2nc3ccccc3c-2c(NCCCN2C(=O)c3ccccc3SC2c2ccc(Cl)cc2)c2ccccc21
CHEMBL1818629,1,150.0,nM,CHEMBL364,CHEMBL1820553,CC1(CC2C3CC4CC(C3)CC2C4)C[C@]2(C)CCO[C@@H]2OO1
CHEMBL536846,1,114.1,nM,CHEMBL364,CHEMBL1040692,COc1ccc(NC(=O)N(CCCNS(=O)(=O)c2ccc([N+](=O)[O-])cc2)c2ccc(Oc3ccccc3)cc2)cc1
CHEMBL1214463,0,13000.0,nM,CHEMBL364,CHEMBL1217446,CC[C@@H](C(=O)C[C@@H](C)C1=C(O)C(=O)[C@@H]2[C@@H]3CC[C@H]4C[C@@H](O[C@@H]5O[C@H](C(=O)OC)[C@@H](O[C@H]6O[C@H](C)[C@@H](O)[C@H](O)[C@@H]6O)[C@H](O)[C@H]5O)CC[C@]4(C)[C@H]3CC[C@]12C)C(C)C
CHEMBL3402982,0,106650.0,nM,CHEMBL364,CHEMBL3405439,CC[C@@H](C)[C@@H](C(=O)N1CCCCC1)N1C(=O)c2ccccc2C1=O
CHEMBL26915,0,12589.25,nM,CHEMBL364,CHEMBL1267250,COc1ccc(-n2nc(C(F)(F)F)cc2-c2ccc(Cl)cc2)cc1
CHEMBL1834707,1,4.0,nM,CHEMBL364,CHEMBL1837547,COc1ccc(Oc2ccc3c(NCCCNCc4ccco4)ccnc3c2)cc1
CHEMBL1215764,1,272.0,nM,CHEMBL364,CHEMBL1219697,CCCC(C)CN(NC(=O)c1ccc(CN2CCN(C)CC2)cc1)c1nc(C#N)ncc1Br
CHEMBL525154,1,762.0,nM,CHEMBL364,CHEMBL1054503,CC(C)CCN(Cc1cncn1Cc1cccc(Cl)c1)C(=O)c1cncc(-c2ccccc2)c1
CHEMBL3589916,1,43.5,nM,CHEMBL364,CHEMBL3592467,C=C[C@H]1CN2CC[C@H]1C[C@H]2[C@H](O)c1cc(CC[C@@H](C)[C@H]2CC[C@H]3[C@@H]4[C@H](OC(C)=O)C[C@@H]5C[C@H](OC(C)=O)CC[C@]5(C)[C@H]4C[C@H](OC(C)=O)[C@]23C)nc2ccc(OC)cc12
CHEMBL4090258,0,10000.0,nM,CHEMBL364,CHEMBL3996774,CS(=O)(=O)N1CCN(CCNc2cc(-c3ccc(C(F)(F)F)cc3)c(C#N)c3nc4ccccc4n23)CC1
CHEMBL587938,1,786.1,nM,CHEMBL364,CHEMBL1054503,Cc1csc2nc(-c3ccccn3)nc(Nc3ccncn3)c12.O=C(O)C(F)(F)F
CHEMBL588580,1,663.74,nM,CHEMBL364,CHEMBL1054503,O=C(O)C(F)(F)F.O=S(=O)(NCCN1CCCC1)c1ccc(-c2ccc(CNC3Cc4ccccc4C3)cc2)cc1
CHEMBL243890,1,5.48,nM,CHEMBL364,CHEMBL895775,CC(=O)O[C@H]1C[C@H]2[C@@H]([C@H](OC(C)=O)C[C@@H]3CC4(CC[C@@]32C)OOC2(CCC(C)CC2)OO4)[C@@H]2CC[C@H]([C@H](C)CCC(=O)Nc3ccccc3)[C@@]12C
CHEMBL3220275,1,10.0,nM,CHEMBL364,CHEMBL3223825,CCN1/C(=C/C=C/c2oc3ccc(C)cc3[n+]2C)Sc2ccc(F)cc21.[Cl-]
CHEMBL546865,1,772.03,nM,CHEMBL364,CHEMBL1054503,Cc1cc(O)c(-c2cc(C(=O)Nc3cccnc3)[nH]n2)cc1C
CHEMBL530823,1,277.46,nM,CHEMBL364,CHEMBL1054503,CN(C)CCC=C1c2ccccc2Sc2c(O)cc(Cl)cc21.O=C(O)/C=C\C(=O)O
CHEMBL549279,1,500.13,nM,CHEMBL364,CHEMBL1054503,COc1cc2c(cc1C(F)(F)F)N(C(=O)Nc1cc(F)cc(-c3cncnc3)c1)CC2
CHEMBL4533385,1,4.3,nM,CHEMBL364,CHEMBL4338835,CCCCCCCCCCCC[n+]1c2c(n(CC(C)C)c1C)C(=O)c1ccccc1C2=O.[Br-]
CHEMBL533868,1,866.34,nM,CHEMBL364,CHEMBL1054503,O=C(/C=C/c1ccc(Cl)c(Cl)c1)NCCCCCN1CCCN(C(=O)Nc2cccc(C(F)(F)F)c2)CC1
CHEMBL525696,1,825.97,nM,CHEMBL364,CHEMBL1054503,O=C(Nc1ccc(-c2cccc(CN3CCC(O)CC3)c2)cc1)c1cccc(Cl)c1.O=C(O)C(F)(F)F
CHEMBL799,0,12589.25,nM,CHEMBL364,CHEMBL1267245,O=C1CCc2cc(OCCCCc3nnnn3C3CCCCC3)ccc2N1
CHEMBL2435703,1,105.0,nM,CHEMBL364,CHEMBL2439232,O=c1c(N2CCC(Nc3ccnc4cc(Cl)ccc34)CC2)c(N2CCC(Nc3ccnc4cc(Cl)ccc34)CC2)c1=O
CHEMBL4461581,1,6.1,nM,CHEMBL364,CHEMBL4327289,COc1ccc(CCN2CCC(Nc3nc(NCc4ccc(F)cc4)nc4cc(OC)c(OC)cc34)CC2)cc1
CHEMBL4086113,1,17.0,nM,CHEMBL364,CHEMBL4016437,Cc1[nH]nc2c1C(c1cc(N3CCC(CCC(=O)O)CC3)cc(C(F)(F)F)c1)(C(C)C)C(C#N)=C(N)O2
CHEMBL4450329,1,320.0,nM,CHEMBL364,CHEMBL4369742,CCN(CCNc1nc2ccccc2[nH]1)Cc1cc(OC)ccc1O
CHEMBL1520524,0,10000.0,nM,CHEMBL364,CHEMBL3062603,O=C(Nc1ccc([N+](=O)[O-])cc1)c1ccccc1
CHEMBL598059,0,12500.0,nM,CHEMBL364,CHEMBL1040691,CCN(CC)CCCNCC(=O)N1c2ccccc2Sc2ccccc21.O=CO.O=CO
CHEMBL2042181,0,10800.0,nM,CHEMBL364,CHEMBL2045262,COc1ccc(/C=C/C(=O)N[C@H](CC(C)C)C(=O)N[C@H](CCc2ccccc2)C(=O)Nc2ccnc3cc(Cl)ccc23)cc1
CHEMBL4534804,1,139.0,nM,CHEMBL364,CHEMBL4426091,COC(=O)c1c[nH]c2cc(OCCc3ccccc3)ccc2c1=O
CHEMBL535277,1,910.24,nM,CHEMBL364,CHEMBL1054503,N#Cc1cc(C(=O)c2cc(Br)ccc2O)cn(C2CCCCC2)c1=O
CHEMBL3603992,0,16000.0,nM,CHEMBL364,CHEMBL3607903,CCN1C(=O)N(CCC(C)C)C2(CCN(Cc3cccc(OC)c3)CC2)C1=O
CHEMBL532003,1,277.89,nM,CHEMBL364,CHEMBL1054503,COc1cc2nc(N3CCC(CNC(=O)c4ccc(-c5ccc(C(=O)N(C)C)cc5O)cc4)CC3)nc(N)c2cc1OC
CHEMBL527692,1,383.02,nM,CHEMBL364,CHEMBL1054503,Cc1cc(NC2CCN(Cc3ccccc3)CC2)nc(NCCCCc2ccccc2)n1
CHEMBL533787,1,270.42,nM,CHEMBL364,CHEMBL1054503,COc1ccc2[nH]cc(C3=CCN(CC4CC4C(=O)c4ccccc4)CC3)c2n1
CHEMBL460556,1,276.0,nM,CHEMBL364,CHEMBL1018964,O=C(NCCCNc1ccnc2cc(Cl)ccc12)c1c(F)c(F)c(F)c(F)c1F
CHEMBL602985,1,329.0,nM,CHEMBL364,CHEMBL1040692,O=C1N=C(N2CCOCC2)S/C1=C/c1cccc2ccccc12
CHEMBL1214987,1,721.0,nM,CHEMBL364,CHEMBL1219697,CN1CCN(Cc2ccc(C(=O)NN(Cc3ccco3)c3nc(C#N)ncc3Br)cc2)CC1
CHEMBL3422286,1,2.2,nM,CHEMBL364,CHEMBL3423648,COc1ccc2nc3cc(Cl)ccc3c(N/C(=N/CCCN(C)C)C(C)C)c2n1
CHEMBL2030041,1,39.0,nM,CHEMBL364,CHEMBL2033107,COc1cc2[nH]c(-c3ccc(Cc4ccc(OC(F)(F)F)cc4)cc3)cc(=O)c2cc1F
CHEMBL4070252,1,43.0,nM,CHEMBL364,CHEMBL4058995,COC(=O)c1c[nH]c2cc(N3CCN(c4ccc(OC)cc4)CC3)c(OC)cc2c1=O
CHEMBL5413219,1,820.0,nM,CHEMBL364,CHEMBL5345238,CN(CCCN1CCOCC1)c1ccnc2cc(C(F)(F)F)ccc12
CHEMBL578264,1,277.7,nM,CHEMBL364,CHEMBL1040692,CCN(CC)S(=O)(=O)c1cc(S(=O)(=O)c2ccc(Cl)c(S(=O)(=O)N(CC)CC)c2)ccc1Cl
CHEMBL548623,1,293.69,nM,CHEMBL364,CHEMBL1054503,CCc1nc2nc(C)cc(Nc3cc(C)cc(C)c3)n2n1
CHEMBL549262,1,816.82,nM,CHEMBL364,CHEMBL1054503,COc1ccc(NC(=O)c2ccc(Br)c(C)c2)cc1N1CCN(CCCCc2ccccc2)CC1.O=C(O)C(=O)O
CHEMBL1682450,1,28.1,nM,CHEMBL364,CHEMBL1687071,CC[C@H]1OC(=O)[C@H](C)[C@@H](O[C@H]2C[C@@](C)(OC)[C@@H](O)[C@H](C)O2)[C@H](C)[C@@H](O[C@@H]2O[C@H](C)C[C@H](N(C)C)[C@H]2O)[C@](C)(O)C[C@@H](C)CN(CCCNC(=O)Nc2ccc3c(c2)OCCCO3)[C@H](C)[C@@H](O)[C@]1(C)O
CHEMBL6170723,0,100000.0,nM,CHEMBL364,CHEMBL6157740,CN(C)c1ccc(C(=O)N(CC(=O)NCc2ccccc2)Cc2ccc(C(=O)NCCSSCCNC(=O)c3ccc(CN(CC(=O)NCc4ccccc4)C(=O)c4ccc(N(C)C)cc4)cc3)cc2)cc1
CHEMBL546991,1,174.96,nM,CHEMBL364,CHEMBL1054503,O=C(/C=C/c1ccc(Cl)c(Cl)c1)N1CCC(CN2CCC(c3c(-c4ccc(F)cc4)[nH]c4ccccc34)CC2)CC1
CHEMBL4449400,0,10000.0,nM,CHEMBL364,CHEMBL4412019,COc1ccc(NC(=O)Cn2nnc(-c3ccccc3NS(=O)(=O)c3ccc(NC(C)=O)cc3)n2)cc1
CHEMBL5208117,1,320.0,nM,CHEMBL364,CHEMBL5107885,Cc1cccc(NC(=O)Nc2cccc(Nc3nccc(Nc4ccc5cn[nH]c5c4)n3)c2)c1
CHEMBL549382,1,367.0,nM,CHEMBL364,CHEMBL1055852,CC(C)NC(=N)c1cccc(OCc2cccc3c(COc4cccc(C(=N)NC(C)C)c4)cccc23)c1
CHEMBL5591009,0,37200.0,nM,CHEMBL364,CHEMBL5581666,O=C(NC1CC1)c1ccc(N2CCN(S(=O)(=O)c3ccccc3)CC2)nc1
CHEMBL1950990,0,32000.0,nM,CHEMBL364,CHEMBL1953560,COC[C@@H]1Cc2c(n(Cc3ccccc3)c3ccccc23)[C@H]2CCCC(=O)N12
CHEMBL3264505,1,78.0,nM,CHEMBL364,CHEMBL3267980,CC(=O)O[C@H]1C[C@H]2[C@@H]([C@H](OC(C)=O)C[C@@H]3C[C@H](N)CC[C@@]32C)[C@@H]2CC[C@H]([C@H](C)CCCN(CCC[C@@H](C)[C@H]3CC[C@H]4[C@@H]5[C@H](OC(C)=O)C[C@@H]6C[C@H](N)CC[C@]6(C)[C@H]5C[C@H](OC(C)=O)[C@]34C)CCNc3ccnc4cc(Cl)ccc34)[C@@]12C
CHEMBL5405218,1,700.0,nM,CHEMBL364,CHEMBL5339215,CCC(C)C(c1nc2ccccc2n1Cc1c[nH]nn1)N1C(=O)c2ccccc2C1=O
CHEMBL547428,1,828.76,nM,CHEMBL364,CHEMBL1054503,O=C(CCNc1ccnc(NCCc2ccc(F)cc2)n1)Nc1ccccc1.O=C(O)C(F)(F)F
CHEMBL528666,1,995.62,nM,CHEMBL364,CHEMBL1054503,O=C(Nc1ccc(CN2CCCCC2)cc1)c1ccc(COc2ccc([N+](=O)[O-])cc2)o1
CHEMBL3216349,1,38.0,nM,CHEMBL364,CHEMBL2399337,Cl.Cl.N=C(N)c1cccc(-c2cccc(-c3cccc(C(=N)N)c3)c2)c1
CHEMBL605713,0,15000.0,nM,CHEMBL364,CHEMBL730079,Cc1ccc(CN2CCN(Cc3ccc(OCCO)cc3)CC2CCO)o1
CHEMBL2420340,0,12000.0,nM,CHEMBL364,CHEMBL2424396,O=c1ccn([C@H]2C[C@H](O)[C@@H](CNC(c3ccccc3)c3ccccc3)O2)c(=O)[nH]1
CHEMBL89861,1,26.0,nM,CHEMBL364,CHEMBL764525,O=[N+]([O-])c1cc(C(F)(F)F)ccc1S(=O)(=O)NCCCN1CCN(CCCNc2ccnc3cc(Cl)ccc23)CC1
CHEMBL2023604,1,63.1,nM,CHEMBL364,CHEMBL2025605,CCOC(=O)c1c(C)nc(NCCCNc2ccnc3cc(Cl)ccc23)nc1C
CHEMBL211556,1,836.25,nM,CHEMBL364,CHEMBL1054503,CC(C)C[C@@H]1C(=O)N[C@H](C2Cc3ccccc3C2)C(=O)N1[C@@H](C(=O)O)c1ccc(F)cc1F
CHEMBL270500,0,12000.0,nM,CHEMBL364,CHEMBL933420,c1cc(N2CCCCC2)ccc1NC1=NCCN1
CHEMBL588710,1,100.2,nM,CHEMBL364,CHEMBL1040691,CN(C)CCNc1ncnc2c1[nH]c1ccc(Br)cc12
CHEMBL587350,1,739.95,nM,CHEMBL364,CHEMBL1054503,CC(C)NCc1ccc(-c2cccc(NC(=O)c3ccc(C#N)cc3)c2)cc1.O=C(O)C(F)(F)F
CHEMBL410475,0,10000.0,nM,CHEMBL364,CHEMBL934478,Clc1ccc(C(c2ccccc2)(c2ccc(CN3CCCC3)cc2)N2CCNCC2)cc1
CHEMBL1782670,0,44560.0,nM,CHEMBL364,CHEMBL1785684,O=C(/C=C/c1cc2ccccc2nc1Cl)c1ccc(Br)cc1
CHEMBL580062,1,26.73,nM,CHEMBL364,CHEMBL1040692,O=C1CSC(=Nc2ccc(F)c(Cl)c2)N1c1ccc(F)c(Cl)c1
CHEMBL2178500,0,64000.0,nM,CHEMBL364,CHEMBL2183637,Cc1cn([C@@H]2C[C@H](O)[C@@H](CNC(=O)NCc3ccccc3)O2)c(=O)[nH]c1=O
CHEMBL598287,1,88.6,nM,CHEMBL364,CHEMBL1040692,O=C1c2ccccc2C(=O)c2c1ccc1nonc21
CHEMBL528164,1,716.72,nM,CHEMBL364,CHEMBL1054503,COc1ccc(CC(C)NCC(O)c2ccc(Cl)c(Cl)c2)cc1
CHEMBL4060998,1,34.0,nM,CHEMBL364,CHEMBL4048940,Cc1[nH]c(CO)c(-c2ccc(-c3ccc(OC(F)(F)F)cc3)nc2)c(=O)c1Cl
CHEMBL1851741,1,131.0,nM,CHEMBL364,CHEMBL3599168,O=C(NCCCNCCCCCCCNCCCNC(=O)NC(c1ccccc1)c1ccccc1)NC(c1ccccc1)c1ccccc1
CHEMBL4562883,1,350.0,nM,CHEMBL364,CHEMBL4427276,CC(C)c1sc(N2CCN(C)CC2)nc1C(=O)Nc1cccc(Cl)n1
CHEMBL55221,0,200000.0,nM,CHEMBL364,CHEMBL1217000,O=P(O)(O)C(O)(C1CCCCC1)P(=O)(O)O
CHEMBL535757,1,875.99,nM,CHEMBL364,CHEMBL1054503,CN1CCN(CCCN(Cc2csc(-c3ccc(CNCc4ccccc4)cc3)n2)S(=O)(=O)c2ccccc2Cl)CC1.O=C(O)C(F)(F)F
CHEMBL238714,1,3.0,nM,CHEMBL364,CHEMBL900417,CC(C)NC(=N)c1ccc2oc(CCc3cc4cc(C(=N)NC(C)C)ccc4o3)cc2c1
CHEMBL2030322,1,120.0,nM,CHEMBL364,CHEMBL2033124,Cc1c(-c2ccc(-c3ccccc3F)nc2)[nH]c2ccccc2c1=O
CHEMBL580015,1,850.51,nM,CHEMBL364,CHEMBL1054503,Nc1ncc(-c2ccsc2)cc1-c1nc2ccccc2[nH]1
CHEMBL5193394,1,310.0,nM,CHEMBL364,CHEMBL5160032,COc1cc(F)ccc1-c1cnc2sc(N3CCC(CN)(S(C)(=O)=O)CC3)nn12
CHEMBL4281731,0,50640.0,nM,CHEMBL364,CHEMBL4275900,COc1cc(NC(C)CCCNC(=O)c2c(C)[n+]([O-])c3ccc(C)cc3[n+]2[O-])c2ncccc2c1
CHEMBL1214516,0,25000.0,nM,CHEMBL364,CHEMBL1217446,CC[C@@H](C(=O)C[C@@H](C)C1=C(O)C(=O)[C@@H]2[C@@H]3CC[C@H]4C[C@@H](O[C@@H]5O[C@H](C(=O)OC)[C@@H](O)[C@H](O)[C@H]5O[C@@H]5O[C@H](CO)[C@@H](O)[C@H](O)[C@H]5O)CC[C@]4(C)[C@H]3CC[C@]12C)C(C)C
CHEMBL3827261,1,877.0,nM,CHEMBL364,CHEMBL3829073,Cl.N=C(N)c1ccc(Nc2nc3cc(Cl)ccc3[nH]2)cc1
CHEMBL586949,1,915.1,nM,CHEMBL364,CHEMBL1054503,CC(CNC(=O)[C@H]1CNCCN1C(=O)CCCc1ccccc1)c1ccccc1.O=C(O)C(F)(F)F
CHEMBL581304,1,766.57,nM,CHEMBL364,CHEMBL1054503,O=C(NCC1CCC(CNCCCc2ccccc2)CC1)Nc1ccc(Cl)c(Cl)c1
CHEMBL537082,1,385.19,nM,CHEMBL364,CHEMBL1054503,Cc1[nH]c(C)c(-c2ccc(Oc3ccc(Cl)cc3)cc2)c(=O)c1C
CHEMBL585088,1,397.0,nM,CHEMBL364,CHEMBL1040691,CCN1CCN(c2cc(C)c3cc(NC(=O)/C=C/c4cc(OC)ccc4OC)ccc3n2)CC1
CHEMBL587135,1,728.83,nM,CHEMBL364,CHEMBL1054503,Cc1ccc2nc(-c3ccc(C(=O)NC4CCN(Cc5ccccc5)CC4)cc3)[nH]c2c1C
CHEMBL602785,1,209.7,nM,CHEMBL364,CHEMBL1040691,CCC[n+]1cccc2ccc3cccnc3c21
CHEMBL5176785,0,16700.0,nM,CHEMBL364,CHEMBL5121283,CC[C@@H]1C2CCN(C)C1c1c([nH]c3ccc(OC)cc13)C2=O
CHEMBL389849,0,11200.0,nM,CHEMBL364,CHEMBL914256,COC1=C(C)C(=O)C2=C(CCc3c(O)cccc3O2)C1=O
CHEMBL595511,0,16000.0,nM,CHEMBL364,CHEMBL1067840,CC1CCN(C(=O)Nc2ccc(NC(=O)C(c3ccccc3)N3CCN(C)CC3)c(C(=O)c3ccccc3)c2)CC1
CHEMBL586278,1,503.87,nM,CHEMBL364,CHEMBL1054503,CC(C)C(=O)Nc1c(F)cc(F)cc1CCc1ccc(O)cc1
CHEMBL219398,1,429.0,nM,CHEMBL364,CHEMBL910654,O=C1c2ccccc2SCN1CCCNc1ccnc2cc(Cl)ccc12
CHEMBL547792,1,747.76,nM,CHEMBL364,CHEMBL1054503,O=C(N[C@H]1CCN(Cc2ccc(OCCN3CCNCC3)c3ccccc23)C1)c1ccc(Cl)c(Cl)c1.O=C(O)C(F)(F)F
CHEMBL548744,1,158.64,nM,CHEMBL364,CHEMBL1054503,COc1ccc2nccc([C@@H](O)CN3CCC(NCCOc4cccc(C(F)(F)F)c4)CC3)c2c1.O=C(O)C(=O)O
CHEMBL107040,1,2.8,nM,CHEMBL364,CHEMBL761144,CC1(C)[C@H](n2cnc3ccccc3c2=O)C(=O)C[C@H]2[C@@H](O)CCCN21
CHEMBL576595,1,20.0,nM,CHEMBL364,CHEMBL1047861,COc1ccc2c(c1)C(=O)C(c1ccc(OC(F)(F)F)cc1)=[N+]2[O-]
CHEMBL4166227,1,50.0,nM,CHEMBL364,CHEMBL4146076,Clc1cccc2c1-c1ccccc1[I+]2.O=S(=O)([O-])C(F)(F)F
CHEMBL602375,1,332.0,nM,CHEMBL364,CHEMBL1040692,C/C=C/C[C@@H](C)C(O)[C@H]1C(=O)N[C@@H](CC)C(=O)N(C)CC(=O)N(C)[C@@H](CC(C)C)C(=O)N[C@@H](C(C)C)C(=O)N(C)[C@@H](CC(C)C)C(=O)N[C@@H](C)C(=O)N[C@H](C)C(=O)N(C)[C@@H](CC(C)C)C(=O)N(C)[C@@H](CC(C)C)C(=O)N(C)[C@@H](C(C)C)C(=O)N1C
CHEMBL534613,1,903.45,nM,CHEMBL364,CHEMBL1054503,COc1ccc(NC(=O)/C=C/c2ccccc2Cl)cc1OCCN1CCC(Cc2cc3ccccc3[nH]2)CC1.Cl
CHEMBL580674,1,909.8,nM,CHEMBL364,CHEMBL1054503,O=C(NC1CC1)c1ccc2cc(C(=O)N3Cc4ccccc4C(c4ccccc4)C3)ccc2c1
CHEMBL1928400,0,36030.0,nM,CHEMBL364,CHEMBL1932134,COc1ccc(CCNC(=O)c2cc3c([nH]c4ccccc43)c(C(C)=O)n2)cc1
CHEMBL4084677,1,39.0,nM,CHEMBL364,CHEMBL3994516,CCCNC(=O)N1[C@H](C#N)[C@H](c2ccc(-c3ccc(C(F)(F)F)cc3)cc2)[C@H]1CO
CHEMBL4904156,0,10000.0,nM,CHEMBL364,CHEMBL4888491,COc1nc(NC[C@H]2CCCN2C(C)C)ncc1F
CHEMBL3485197,1,989.08,nM,CHEMBL364,CHEMBL4649945,CNc1cc(C)nc(N2C[C@@H](C(=O)O)[C@H](C3CC3)C2)n1
CHEMBL294191,0,200000.0,nM,CHEMBL364,CHEMBL769481,O=P(O)(O)C(CNc1ccncc1)P(=O)(O)O
CHEMBL546571,1,894.98,nM,CHEMBL364,CHEMBL1054503,NC(Cc1cccc(I)c1)C(=O)NCC1CCCO1.O=C(O)C(F)(F)F
CHEMBL548781,1,799.88,nM,CHEMBL364,CHEMBL1054503,O=C(O)C(F)(F)F.c1cc(CN2CCc3ccccc3CC2)cc(-c2c[nH]c3nc(NC4CCCC4)ncc23)c1
CHEMBL489518,0,200000.0,nM,CHEMBL364,CHEMBL1034194,C/C=C/c1cc(O)c(OC)c(OC)c1
CHEMBL1076009,1,4.21,nM,CHEMBL364,CHEMBL1115717,COc1ccc2nc3cc(Cl)ccc3c(Nc3ccc(Nc4nc(NCCCN(C)C)nc(Nc5ccccc5)n4)cc3)c2c1
CHEMBL586887,1,742.94,nM,CHEMBL364,CHEMBL1054503,O=C(Nc1ccc(-c2nc3ccccc3[nH]2)cc1)c1cccc(S(=O)(=O)N2CCCC2)c1
CHEMBL2334389,1,24.0,nM,CHEMBL364,CHEMBL2342742,CCCN(CCC)C(=O)c1cccc(C(=O)N[C@@H](Cc2ccccc2)[C@H](O)CNC(C)(C)C)c1
CHEMBL5557166,1,5.9,nM,CHEMBL364,CHEMBL5512715,C[C@H]1[C@H](OCc2cn(-c3ccnc4cc(Cl)ccc34)nn2)O[C@@H]2O[C@@]3(C)CC[C@H]4[C@H](C)CC[C@@H]1[C@@]24OO3
CHEMBL5427012,1,2.7,nM,CHEMBL364,CHEMBL5364140,CCCN1CCCCc2cccc(c2)C[C@@H]([C@H](O)CNC(C)(C)c2cccc(OC)c2)NC(=O)c2cccc(c2)C1=O
CHEMBL3422025,1,17.6,nM,CHEMBL364,CHEMBL3423648,CCN(CC)CCC/N=C(\C)Nc1c2ccc(Cl)cc2nc2ccc(OC)nc12
CHEMBL5200014,0,12500.0,nM,CHEMBL364,CHEMBL5106005,CC(C)(C)Nc1nc2nc(-c3ccccc3)sc2c(=O)[nH]1
CHEMBL2431814,1,30.0,nM,CHEMBL364,CHEMBL2433320,COc1ccc2c(=O)c(CCCCCC(F)(F)F)c(C)[nH]c2c1
CHEMBL454188,1,121.0,nM,CHEMBL364,CHEMBL1009028,C/C=C1\CN2CC[C@]34c5ccccc5N5[C@@H]6O[C@H]([C@H]([C@H]53)[C@H]1C[C@H]24)N1c2ccccc2[C@]23CCN4C/C(=C/O)[C@H](C[C@H]42)[C@H]6[C@H]13
CHEMBL531939,1,44.83,nM,CHEMBL364,CHEMBL1054503,CCOc1cc(Cc2cnc(N)nc2N)cc(OCC)c1OCCCCC(=O)OC
CHEMBL528652,1,859.41,nM,CHEMBL364,CHEMBL1054503,COc1ccc2nc3cc(Cl)ccc3c(Nc3ccc(Oc4ccc(Nc5c6ccc(Cl)cc6nc6ccc(OC)cc56)cc4)cc3)c2c1.Cl
CHEMBL587381,1,411.15,nM,CHEMBL364,CHEMBL1054503,O=C(Nc1cccc(CN2CCN(Cc3cccc(O)c3)CC2)c1)c1ccc(Cl)c(Cl)c1.O=C(O)C(F)(F)F
CHEMBL3343730,0,10000.0,nM,CHEMBL364,CHEMBL3372310,Cc1ccc(-c2ccc(C3(C)CC(S(=O)(=O)c4ccc(F)cc4)=C(c4ccc(/C(N)=N\O)cc4)O3)cc2)cc1
CHEMBL6145429,0,80000.0,nM,CHEMBL364,CHEMBL6085555,CC(C)C(O)c1cc(CNC(=O)[C@H](O)C(C)(C)CO)no1
CHEMBL4850381,1,320.0,nM,CHEMBL364,CHEMBL6087751,Oc1ccc(-c2cc(-c3ccc(O)cc3)nc(NCCCCNc3ccnc4cc(Cl)ccc34)n2)cc1
CHEMBL603619,1,15.0,nM,CHEMBL364,CHEMBL3268861,NCCCCCCNc1nc2ccccc2c2[nH]c3ccccc3c12
CHEMBL556,0,28000.0,nM,CHEMBL364,CHEMBL2339779,CC(=O)N(O)CCCCCNC(=O)CCC(=O)N(O)CCCCCNC(=O)CCC(=O)N(O)CCCCCN
CHEMBL6165915,1,672.0,nM,CHEMBL364,CHEMBL6138679,Cc1ccc(-c2cnc(C(=O)N(C)c3ccc(Cl)cc3)o2)cc1
CHEMBL3354456,1,410.0,nM,CHEMBL364,CHEMBL3376035,O=c1c(O)c(-c2ccc(O)c(O)c2)oc2c(CNCc3ccc(F)cc3)c(O)cc(O)c12
CHEMBL3394318,1,1000.0,nM,CHEMBL364,CHEMBL3396534,CCOC(=O)[C@H](Cc1ccccc1)NP(=O)(CCOCN(CCn1cnc2c(=O)[nH]cnc21)CCP(=O)(N[C@@H](Cc1ccccc1)C(=O)OCC)N[C@@H](Cc1ccccc1)C(=O)OCC)N[C@@H](Cc1ccccc1)C(=O)OCC
CHEMBL4066745,0,15000.0,nM,CHEMBL364,CHEMBL3999123,C[C@@H]1CN(C(=O)c2cc3ccccc3s2)C[C@H](C)N1
CHEMBL549175,1,472.21,nM,CHEMBL364,CHEMBL1054503,CC(C)c1ccc2c(c1)C(=O)c1ccc(C(=O)O)cc1S2(=O)=O
CHEMBL535090,1,236.22,nM,CHEMBL364,CHEMBL1054503,O=C(O)C(F)(F)F.c1cc(CN2CCN(CCN3CCOCC3)CC2)cc(-c2cccc(-c3nc4ccccc4[nH]3)c2)c1
CHEMBL529992,1,150.45,nM,CHEMBL364,CHEMBL1054503,C=CCOC(=O)N1CCC(CNCc2ccc(-c3ccc(-c4nc5cc(C(F)(F)F)ccc5[nH]4)cc3)cc2)C1.O=C(O)C(F)(F)F
CHEMBL3137625,1,16.68,nM,CHEMBL364,CHEMBL3137666,N#Cc1ccc(-c2nnc3cncc(OCC(OC(F)F)c4ccc(F)c(F)c4)n23)cc1
CHEMBL59081,1,344.0,nM,CHEMBL364,CHEMBL4180223,COc1ccc(CCN2CCC(Nc3nc4ccccc4n3Cc3ccccc3)CC2)cc1
CHEMBL3403292,1,13.0,nM,CHEMBL364,CHEMBL3405931,Cc1ccc(-c2ccc(CNCCCNc3ccnc4cc(Cl)ccc34)s2)cc1
CHEMBL559550,1,282.0,nM,CHEMBL364,CHEMBL1058990,N=C(N)c1ccc2cc(-c3cccc(OCCCCCOc4ccccc4)c3)oc2c1
CHEMBL4782523,1,748.8,nM,CHEMBL364,CHEMBL4732693,COc1cccc(C(c2ccc(C(F)(F)F)cc2)N2CCN(c3ncnc4sc5c(c34)CCCC5)CC2)c1O
CHEMBL3797564,1,88.0,nM,CHEMBL364,CHEMBL3800920,COc1cccc(-n2c(=O)n(C)c3cnc4ccc(-c5ccc(N)nc5)cc4c32)c1
CHEMBL460849,0,10400.0,nM,CHEMBL364,CHEMBL1030595,Cc1nc(-c2ccccn2)nc(NCCS(=O)(=O)c2ccccc2)c1Cl
CHEMBL3099044,1,165.0,nM,CHEMBL364,CHEMBL3100671,OC(CN1CCN(Cc2ccccc2)CC1)Cn1c2ccccc2c2cc(Cl)ccc21
CHEMBL531195,1,580.56,nM,CHEMBL364,CHEMBL1054503,Cc1cn(CC(=O)Nc2cccc(-c3cccc(-c4nc5cccc(C)c5[nH]4)c3)c2)c(=O)[nH]c1=O
CHEMBL579923,1,173.17,nM,CHEMBL364,CHEMBL1054503,COc1cccc(C(=O)NCc2nnc(S)n2-c2ccc(Cl)c(Cl)c2)c1
CHEMBL535910,1,847.58,nM,CHEMBL364,CHEMBL1054503,COc1cc2c(c(Cl)c1OC)CCN(Cc1ccccc1)CC2c1ccc(C(N)=O)cc1
CHEMBL3416744,0,52000.0,nM,CHEMBL364,CHEMBL3419744,Nc1ccc(Nc2ccc([N+](=O)[O-])cc2C(=O)O)cc1
CHEMBL532280,1,855.18,nM,CHEMBL364,CHEMBL1054503,Oc1cccc(-c2nc(-c3ccccc3)c(-c3ccc(Oc4ccc(-c5[nH]c(-c6cccc(O)c6)nc5-c5ccccc5)cc4)cc3)[nH]2)c1
CHEMBL583366,1,590.0,nM,CHEMBL364,CHEMBL1040691,COC(=O)[C@@H]1C[C@@H](NC(=O)c2ccc(OC)cc2OC)CN1CC(c1ccccc1)c1ccccc1
CHEMBL537750,1,738.44,nM,CHEMBL364,CHEMBL1054503,O=C(C=Cc1ccc(-c2ccccc2)cc1)NC1CCC(CN2CCC(c3c[nH]c4ccccc34)CC2)CC1
CHEMBL546546,1,926.16,nM,CHEMBL364,CHEMBL1054503,CCOC(=O)c1ccc(NC(=O)N(Cc2ccc(-c3ccc(CN4CCNCC4)cc3)cc2)Cc2cccnc2)cc1.O=C(O)C(F)(F)F
CHEMBL527970,1,798.35,nM,CHEMBL364,CHEMBL1054503,COc1ccc(-c2ccc(CNC3Cc4ccccc4C3)cc2)cc1S(=O)(=O)NCCN1CCCC1.O=C(O)C(F)(F)F
CHEMBL6166233,0,17000.0,nM,CHEMBL364,CHEMBL6121869,O=C(Nc1cccc(Cn2ccnc2)c1)Nc1cccc(S(=O)(=O)N2CCCC2)c1
CHEMBL3416379,1,36.4,nM,CHEMBL364,CHEMBL3420879,Cc1ccc(-c2nn(-c3ccc(Br)cc3)cc2/C=N/N=C2/SCC(=O)N2c2ccccc2)cc1
CHEMBL548818,1,182.24,nM,CHEMBL364,CHEMBL1054503,O=C(NC1CCC(CN2CCC(c3c[nH]c4ccccc34)CC2)CC1)c1cnn(-c2ccccc2)c1-c1ccccc1Cl
CHEMBL578955,1,251.9,nM,CHEMBL364,CHEMBL1040691,CCCN1CCC(N2C[C@@H](NCc3ccc4c(c3)c3ccccc3n4CC)C[C@H]2C(=O)NCC)CC1
CHEMBL6162299,1,110.0,nM,CHEMBL364,CHEMBL6093680,O=C(NC1CC1)c1ccc(CN(Cc2ccc(C(F)(F)F)cc2)C2CC2)cc1
CHEMBL545809,1,872.28,nM,CHEMBL364,CHEMBL1054503,Cc1cccc2nc(-c3ccc(-c4cccc(NC(=O)c5cnn6cccnc56)c4)cc3)[nH]c12
CHEMBL1800623,1,23.0,nM,CHEMBL364,CHEMBL1804019,CCCc1cc(N2CCN(Cc3ccc(F)cc3)CC2)n2c(nc3ccccc32)c1C#N
CHEMBL5432844,1,32.0,nM,CHEMBL364,CHEMBL5329400,Cc1cc(NCCCCCCNc2ccnc3cc(Cl)ccc23)nc(Nc2ccc(C(=O)N3CCCCC3)cc2)n1
CHEMBL2402792,1,13.09,nM,CHEMBL364,CHEMBL2403958,Fc1ccc(CNCCCNc2ccnc3cc(Cl)ccc23)cc1
CHEMBL4868125,1,580.0,nM,CHEMBL364,CHEMBL4812658,Cc1c(Cc2ccc(C(F)(F)F)nc2F)c[nH]c1C(=O)NC(C)c1nc[nH]n1
CHEMBL3221880,1,3.9,nM,CHEMBL364,CHEMBL3224328,C[C@@H]1CC[C@H]2[C@@H](C)C(Oc3ccc(-c4cccc5ccccc45)cc3)O[C@@H]3O[C@@]4(C)CC[C@@H]1[C@]32OO4
CHEMBL3134088,1,173.0,nM,CHEMBL364,CHEMBL3135040,CCS(=O)(=O)Nc1ccc2c(c1)/C(=C/Nc1ccc(CN3CCCCC3)cc1)C(=O)N2
CHEMBL587071,1,698.71,nM,CHEMBL364,CHEMBL1054503,C[C@@H](N/C(=N\c1ccc(-c2ccccc2)cc1)Nc1ccc(C#N)cc1O)c1ccc(Br)cc1
CHEMBL6074601,1,4.8,nM,CHEMBL364,CHEMBL6073643,CS(=N)(=O)C1CN(C(=O)O[C@@H]2CCC[C@]3(C2)OOC2(O3)C3CC4CC(C3)CC2C4)C1
CHEMBL5287488,0,352000.0,nM,CHEMBL364,CHEMBL5256987,O=C(OCCCOC(=O)c1ccccc1)c1ccccc1
CHEMBL4761626,1,400.0,nM,CHEMBL364,CHEMBL4711932,Cc1cc(Nc2ccc(S(=O)(=O)Nc3ccc(Cl)cc3)cc2)n2nc(C(F)(F)F)nc2n1.Cl
CHEMBL533087,1,437.64,nM,CHEMBL364,CHEMBL1054503,Cl.Nc1c2c(nc3ccc(NC(=O)CCCCCc4ccccc4)cc13)CCCC2
CHEMBL529505,1,909.16,nM,CHEMBL364,CHEMBL1054503,COc1ccc(C(F)(F)F)cc1N1CCN(CCCCNC(=O)c2ccc(NC(=O)c3ccc(Cl)cc3)cc2)CC1
CHEMBL536158,1,760.96,nM,CHEMBL364,CHEMBL1054503,Cc1cc(N[C@@H](Cc2ccccc2)C(=O)Nc2ccccc2)nc(NCC2CCCCC2)n1.O=C(O)C(F)(F)F
CHEMBL529556,1,177.84,nM,CHEMBL364,CHEMBL1054503,CC(Cc1ccc(C(=O)OC(c2ccccc2)c2ccccc2)cc1)NCC(O)c1ccccc1.Cl
CHEMBL602228,1,223.3,nM,CHEMBL364,CHEMBL1040692,COc1ccc2c(c1OC)C(=O)N1c3ccccc3N=C(c3ccc(I)cc3)CC21
CHEMBL533504,1,792.92,nM,CHEMBL364,CHEMBL1054503,O=C(Nc1ccccc1-c1ccccc1)C1CCCN1C(=O)Nc1ccc(Cl)cc1
CHEMBL532107,1,674.54,nM,CHEMBL364,CHEMBL1054503,O=C(NC1CCN(c2ccc(F)cc2[N+](=O)[O-])CC1)c1cccs1
CHEMBL3483329,1,314.42,nM,CHEMBL364,CHEMBL4649964,Cc1ccccc1N1CCCN(CC2(O)CCCNC2)CC1
CHEMBL578318,1,13.66,nM,CHEMBL364,CHEMBL1040692,O=C(NCCCCNc1ccnc2cc(Cl)ccc12)c1ccccc1Cl
CHEMBL528517,1,797.11,nM,CHEMBL364,CHEMBL1054503,Cc1cc(Nc2c(C(N)=O)cnc3cc(-c4ccoc4)ccc23)ccc1N1CCN(C)CC1.Cl
CHEMBL5411692,0,63095.73,nM,CHEMBL364,CHEMBL5351802,CC(C)c1n[nH]c2c(=O)[nH]c(-c3ccc(F)cc3)nc12
CHEMBL214434,1,8.5,nM,CHEMBL364,CHEMBL869193,O=S(=O)(NCCCN1CCN(CCCNc2ccnc3cc(Cl)ccc23)CC1)c1cccc2ccccc12
CHEMBL545976,1,380.29,nM,CHEMBL364,CHEMBL1054503,CN(C)Cc1ccc(-c2ccc3ccnc(N)c3c2)cc1
CHEMBL148333,0,74000.0,nM,CHEMBL364,CHEMBL923067,CNCCNS(=O)(=O)c1cccc2cnccc12
CHEMBL1289883,0,20000.0,nM,CHEMBL364,CHEMBL1291252,C#CCOc1ccc(C(=O)/C=C/c2ccc(F)cc2F)cc1OC
CHEMBL607833,1,158.0,nM,CHEMBL364,CHEMBL1046014,CC(C)C(=O)Nc1cccc2c1[nH]c1c(C3=C[C@@]4(O)CC/C=C\CCCCN5CC[C@@H]3[C@]3(C[C@@H]6/C=C\CCCCN6[C@H]34)C5)nccc12
CHEMBL5412274,1,0.8,nM,CHEMBL364,CHEMBL5364140,CCCN1CCOc2cccc(c2)C[C@@H]([C@H](O)CNC(C)(C)c2cccc(OC)c2)NC(=O)c2cccc(c2)C1=O
CHEMBL530306,1,114.06,nM,CHEMBL364,CHEMBL1054503,Cc1cccc2nc(-c3ccc(-c4ccc(NC(=O)Nc5cccc(C#N)c5)cc4)cc3)[nH]c12
CHEMBL69157,1,60.0,nM,CHEMBL364,CHEMBL762026,CCS(=O)(=O)c1ccc(-c2ccc(/C=C/C(=O)Nc3ccc(NC(=O)Cc4ccc(C)cc4)c(C(=O)c4ccccc4)c3)o2)cc1
CHEMBL578315,1,136.5,nM,CHEMBL364,CHEMBL1040692,CCOc1cc(C2CC(=O)NC3=C2C(=O)CC(C)(C)C3)ccc1OC(C)C
CHEMBL1257030,0,15570.0,nM,CHEMBL364,CHEMBL3392944,O=C(O)c1nn(Cc2ccc(Cl)cc2Cl)c2ccccc12
CHEMBL5558306,1,640.0,nM,CHEMBL364,CHEMBL5506806,Cc1cc(NCCCNc2ccnc3cc(Cl)ccc23)n2nc(C)nc2n1
CHEMBL591146,0,15000.0,nM,CHEMBL364,CHEMBL730080,COc1ccc2cc3cc(C(=O)Nc4ccccc4N4CCN(C)CC4)sc3nc2c1
CHEMBL1682597,1,86.3,nM,CHEMBL364,CHEMBL1687072,CC[C@H]1OC(=O)[C@H](C)[C@@H](O[C@H]2C[C@@](C)(OC)[C@@H](O)[C@H](C)O2)[C@H](C)[C@@H](O[C@@H]2O[C@H](C)C[C@H](N(C)C)[C@H]2O)[C@](C)(O)C[C@@H](C)CN(CCCNC(=S)Nc2c(F)cccc2F)[C@H](C)[C@@H](O)[C@]1(C)O
CHEMBL66988,1,67.0,nM,CHEMBL364,CHEMBL762026,CC(=O)c1ccc(-c2ccc(/C=C/C(=O)Nc3ccc(NC(=O)Cc4ccc(C)cc4)c(C(=O)c4ccccc4)c3)o2)cc1
CHEMBL5420630,0,30000.0,nM,CHEMBL364,CHEMBL5389264,COc1ccc2c(c1OC)C(=O)c1ccc(/C=C(/C)CC(=O)NCC(=O)O)c(O)c1C2=O
CHEMBL2058828,1,24.0,nM,CHEMBL364,CHEMBL2060799,C[C@H]1c2nc(-c3ccc(F)cc3)c(Nc3ccc(F)c(Cl)c3)n2CCN1C(=O)CN
CHEMBL402961,1,140.0,nM,CHEMBL364,CHEMBL932084,Fc1ccccc1-[n+]1nc(-c2ccc(OCc3ccccc3)cc2)nn1-c1ccccc1.[Cl-]
CHEMBL592800,0,15000.0,nM,CHEMBL364,CHEMBL730079,CC(C)Cc1cc(C(=O)NCC2Cc3cc(Cl)cc(-c4ccncc4)c3O2)no1
CHEMBL4632610,1,45.0,nM,CHEMBL364,CHEMBL4606260,COc1cc2[nH]c3ccc(Nc4ccc(OC(F)(F)F)cc4)cc3c(=O)c2cc1F
CHEMBL579335,1,391.0,nM,CHEMBL364,CHEMBL1040692,CN(CCCNc1ccnc2cc(Cl)ccc12)C(=O)c1ccccc1
CHEMBL587042,1,676.2,nM,CHEMBL364,CHEMBL1054503,OC(CNc1ccnc(Nc2ccc(Cl)cc2)n1)c1cccc(C(F)(F)F)c1
CHEMBL5558476,0,42610.0,nM,CHEMBL364,CHEMBL5512747,Clc1ccc2c(Nc3nc[nH]n3)cccc2c1
CHEMBL533276,1,689.13,nM,CHEMBL364,CHEMBL1054503,CCOc1c(Br)cc(Cl)cc1CNCCCNc1nc2ccccc2[nH]1.Cl
CHEMBL5082637,1,4.54,nM,CHEMBL364,CHEMBL5048694,Cl.Cn1cc(CN2CC3(CCN(c4ncc(C(=O)NO)cn4)C3)C2)c2ccccc21
CHEMBL77030,0,10000.0,nM,CHEMBL364,CHEMBL1267250,N#C/C(=C\c1ccc(O)c(O)c1)C(N)=S
CHEMBL2181502,0,10576.0,nM,CHEMBL364,CHEMBL2188966,COc1ccc(-c2cc(-c3ccc(C(F)(F)F)cc3)cnc2N)cn1
CHEMBL530276,1,976.96,nM,CHEMBL364,CHEMBL1054503,NS(=O)(=O)NCCCN1CCN(c2ccccc2)CC1
CHEMBL528382,1,301.5,nM,CHEMBL364,CHEMBL1040691,C(=NNc1nc2ccccc2[nH]1)c1cccc(Oc2ccccc2)c1
CHEMBL1237278,1,761.0,nM,CHEMBL364,CHEMBL1054503,COc1ccc(Nc2nc(N/N=C/c3ccc(-c4ccc([N+](=O)[O-])cc4)o3)nc(Nc3ccccc3)n2)cc1
CHEMBL5170272,1,1000.0,nM,CHEMBL364,CHEMBL5131158,C[C@H](NC(=O)c1cc(F)cc(CN2C(=N)NC(c3ccccc3)CC2=O)c1)c1ccccc1
CHEMBL578464,1,372.0,nM,CHEMBL364,CHEMBL1040692,O=C1N(Cc2cc3ccccc3s2)CC2CN(Cc3ccccc3)CCN12
CHEMBL602403,1,49.2,nM,CHEMBL364,CHEMBL1040692,CCOC(=O)C1=C(C)NC2=C(C(=O)CC(c3ccc(OC)c(OC)c3)C2)C1c1ccccc1OC
CHEMBL534188,1,895.15,nM,CHEMBL364,CHEMBL1054503,O=C(/C=C/c1ccc(Cl)c(Cl)c1)NCCCCCN1CCCC(C(=O)Nc2cccc(Cl)c2)C1
CHEMBL2178475,1,290.0,nM,CHEMBL364,CHEMBL2183637,Cc1cn([C@@H]2C[C@H](O)[C@@H](CNC(=O)Nc3ccc(-c4ccccc4)cc3)O2)c(=O)[nH]c1=O
CHEMBL3344519,1,568.0,nM,CHEMBL364,CHEMBL3390785,CN1CCN(CCNc2nc3ccc(Cl)cc3c3c2C(=O)c2ccccc2-3)CC1
CHEMBL526070,1,890.18,nM,CHEMBL364,CHEMBL1054503,CC(=O)c1c[nH]c(C(=O)Nc2ccc(-c3cn4ccccc4n3)cc2)c1
CHEMBL535484,1,535.02,nM,CHEMBL364,CHEMBL1054503,CCCCCCN(CCCCCC)CCCCNc1c2ccc(Cl)cc2nc2ccc(OC)cc12.Cl
CHEMBL489790,0,50000.0,nM,CHEMBL364,CHEMBL993493,CCN(CC)C(=S)SNc1ccc(S(N)(=O)=O)cc1
CHEMBL2030329,1,67.0,nM,CHEMBL364,CHEMBL2033124,Cc1c(-c2ccc(Cc3ccc(C(F)(F)F)nc3)cc2F)[nH]c2ccccc2c1=O
CHEMBL468758,1,40.0,nM,CHEMBL364,CHEMBL989656,Cc1[nH]c(C)c(-c2ccc(Oc3ccc(F)cc3)cc2)c(=O)c1Br
CHEMBL3486836,1,553.33,nM,CHEMBL364,CHEMBL4649964,CC(C)(C)n1cc(C2=CCN(CCc3ccccc3)CC2)cn1
CHEMBL524427,1,134.21,nM,CHEMBL364,CHEMBL1054503,CCOc1ccc(N(CC)S(=O)(=O)c2cc(Br)cc3c2N(C(=O)C2CC2)CC3)cc1
CHEMBL581184,1,788.0,nM,CHEMBL364,CHEMBL1054503,CCC(C)NCCC(c1ccccc1)c1ccccc1O.Cl
CHEMBL528172,1,248.13,nM,CHEMBL364,CHEMBL1054503,COc1cc(NC2CCCC(NCc3cn(S(=O)(=O)c4ccccc4)c4ccccc34)C2)nc2ccccc12
CHEMBL5206605,1,50.0,nM,CHEMBL364,CHEMBL5113962,CNCCCCNCCCNC(=O)c1c(C)oc2c1C(=O)c1ccccc1C2=O
CHEMBL600293,1,406.0,nM,CHEMBL364,CHEMBL1040692,CCCOc1ccc(NC(=O)c2ccco2)cc1
CHEMBL227031,1,11.6,nM,CHEMBL364,CHEMBL916650,COc1c(C(=N)N)cccc1-c1cc(-c2ccc(C(=N)N)cc2)no1
CHEMBL1916915,0,50000.0,nM,CHEMBL364,CHEMBL1917971,CCCNc1nnc(SCc2cscn2)s1
CHEMBL3217188,1,26.0,nM,CHEMBL364,CHEMBL1832685,Cl.Cl.O=C(NCCCNCCCCCCNCCCNC(=O)Nc1ccccc1)Nc1ccccc1
CHEMBL1231795,1,16.8,nM,CHEMBL364,CHEMBL4327289,COc1cc2c(NC3CCN(C(C)C)CC3)nc(C3CCCCC3)nc2cc1OCCCN1CCCC1
CHEMBL5265807,0,169000.0,nM,CHEMBL364,CHEMBL5260403,COc1ccc(-c2cn(CCc3cn(Cc4cnc(C)nc4N)nn3)nn2)cc1
CHEMBL530669,1,253.02,nM,CHEMBL364,CHEMBL1054503,Cc1[nH]c2ccccc2c1C1=CCN(CCCCCC23CCCc4cccc(c42)NC3=O)CC1
CHEMBL2062223,1,812.88,nM,CHEMBL364,CHEMBL1054503,CCNC(C)(C)CN(Cc1ccc(-c2ccc(C(F)(F)F)cc2)cc1)C(=O)Cn1c(CCc2cccc(F)c2F)nc(=O)c2ccccc21.O=C(O)C(O)C(O)C(=O)O
CHEMBL531150,1,7.23,nM,CHEMBL364,CHEMBL1040692,CC(C=NNC(N)=S)=NNC(N)=S
CHEMBL602225,1,914.0,nM,CHEMBL364,CHEMBL1040692,Cc1ccccc1CNC(=O)c1oc2c(c1C)-c1[nH]ncc1CC2
CHEMBL604326,1,666.0,nM,CHEMBL364,CHEMBL1040691,CCOC(=O)c1ccc(NC(=O)c2ccc(S(=O)(=O)N3CC(C)CC(C)C3)cc2)cc1
CHEMBL527713,1,923.87,nM,CHEMBL364,CHEMBL1054503,COc1cccc(NC(=O)c2nc(N3CCN(c4ccncc4)CC3)ccc2Cl)c1.O=C(O)C(F)(F)F
CHEMBL1985544,1,22.0,nM,CHEMBL364,CHEMBL3374657,Cc1noc(C)c1NC(=O)Nc1ccc2c(c1)C(=O)N(C(C)C)C[C@@H](C)[C@H](CN(C)S(=O)(=O)c1ccc(F)cc1)OCCCC[C@H](C)O2
CHEMBL536664,1,791.37,nM,CHEMBL364,CHEMBL1054503,CO/C(=C\C=C\c1cc2cc(Cl)c(Cl)cc2[nH]1)C(=O)NCCCN1CCCC[C@H]1C
CHEMBL5557730,1,20.0,nM,CHEMBL364,CHEMBL5501238,O=C(CNc1ccc(Cl)c(S(=O)(=O)N2CCOCC2)c1)Nc1ccc(F)c(Cl)c1
CHEMBL529398,1,82.32,nM,CHEMBL364,CHEMBL1054503,CCCCCCCCNCC(O)c1cc(-c2ccc(Cl)cc2)nc2cc(C)ccc12
CHEMBL581741,1,697.63,nM,CHEMBL364,CHEMBL1054503,Cc1ccc(C)c(C=CC(=O)NC2CCC(CN3CCC(c4c[nH]c5ccccc45)CC3)CC2)c1
CHEMBL3234093,1,76.0,nM,CHEMBL364,CHEMBL3241686,CS(=O)(=O)Nc1cccc(-c2ccc3ncc(-c4cncnc4)n3n2)c1
CHEMBL557135,1,604.69,nM,CHEMBL364,CHEMBL1054503,CC(=O)Oc1c(C2C=CCCC2)c(OC(C)=O)c2ccccc2c1OC(C)=O
CHEMBL5196663,0,38100.0,nM,CHEMBL364,CHEMBL5097881,Cc1cccc(C2NCCc3c2[nH]c2ccccc32)c1
CHEMBL602564,1,27.98,nM,CHEMBL364,CHEMBL1040692,CC(C)c1cccc(C(C)C)c1NC(=O)N(Cc1ccccc1)C(C)c1nc2ccccc2c(=O)n1-c1ccc(Br)cc1
CHEMBL4576294,1,29.0,nM,CHEMBL364,CHEMBL4429066,COc1ccc(NC(=O)[C@H]2c3ccccc3C(=O)N(CC(C)C)[C@@H]2c2cccs2)cc1C#N
CHEMBL528889,1,824.9,nM,CHEMBL364,CHEMBL1054503,COc1cccc(COCC(O)CN(CCc2ccccn2)C(=O)c2ccccc2F)c1
CHEMBL4531948,1,22.0,nM,CHEMBL364,CHEMBL4481277,CCCSc1nncc(-c2cnnc(SC)n2)n1
CHEMBL546630,1,882.06,nM,CHEMBL364,CHEMBL1054503,COc1c(C2CCN(CCCCNC(=O)c3cc(-c4ccc(Cl)cc4)oc3C)CC2)ccc2c1CCCC2
CHEMBL404600,1,197.0,nM,CHEMBL364,CHEMBL934468,COc1cccc(/C=N/Nc2cc(C)nc3cc4c(cc23)OCO4)c1
CHEMBL3819537,1,130.0,nM,CHEMBL364,CHEMBL3820736,Cc1cc(N2CCN(c3ccnc4cc(Cl)ccc34)CC2)nc(NC2CCCCC2)n1
CHEMBL586563,1,31.8,nM,CHEMBL364,CHEMBL1040692,CC1(C)C2CCC1(C)C(NCc1ccccc1O)C2
CHEMBL531832,1,857.97,nM,CHEMBL364,CHEMBL1054503,CCCOc1ccc(-c2nonc2NC(=O)c2ccccc2OC)cc1OCCC
CHEMBL546153,1,249.05,nM,CHEMBL364,CHEMBL1054503,COC(=O)Nc1cc(C(F)(F)F)ccc1N1CCC(CNS(=O)(=O)c2ccc(OC)cc2)CC1
CHEMBL533752,1,633.83,nM,CHEMBL364,CHEMBL1054503,CCC(CC)(Cc1ccccc1)NC(=O)[C@H](CC1CCCCC1)Nc1ccc(C#N)c2ccccc12.O=C(O)C(F)(F)F
CHEMBL3823147,0,15000.0,nM,CHEMBL364,CHEMBL3826384,CC(=O)c1ccccc1Oc1nc(C)nc2ccccc12
CHEMBL582025,1,992.46,nM,CHEMBL364,CHEMBL1054503,COc1ccc(C[C@@H](C)NC[C@H](O)c2cccc(Cl)c2)cc1F
CHEMBL4761788,1,810.0,nM,CHEMBL364,CHEMBL4738392,CC(C(=O)N1C[C@H]2CCC[C@H]2C1)N1CCN(S(=O)(=O)c2ccc(C(C)(C)C)cc2)CC1
CHEMBL588490,1,174.22,nM,CHEMBL364,CHEMBL1054503,COc1cc(NC(=O)/C=C/c2ccccc2Cl)cc(OCCN2CCC(O)(c3ccccc3)CC2)c1.O=C(O)C(=O)O
CHEMBL397654,1,23.0,nM,CHEMBL364,CHEMBL887250,CNC(=N)Nc1ccc(-c2ccc(-c3ccc(NC(=N)NC)cc3)s2)cc1
CHEMBL529734,1,744.44,nM,CHEMBL364,CHEMBL1054503,O=C(CC(=O)C(F)(F)F)c1ccc2c(c1)OCO2
CHEMBL5309086,1,661.0,nM,CHEMBL364,CHEMBL4888488,CC(C)CCOc1ccc2[nH]c(-c3cc(N4CCC[C@@H]4CS(C)(=O)=O)ccn3)cc2c1
CHEMBL584645,1,33.7,nM,CHEMBL364,CHEMBL1040692,COc1cc(OC)c(Br)c(-n2c(C(C)N(CCC(C)C)C(=O)c3ccccc3C)nc3ccccc3c2=O)c1
CHEMBL3416975,1,500.0,nM,CHEMBL364,CHEMBL3419389,CC(C)Nc1nc2cc(-c3ccc(F)cc3)sc2c(=O)[nH]1
CHEMBL3612362,0,10550.0,nM,CHEMBL364,CHEMBL4730176,[C-]#[N+]c1ccccc1/C=C(\CC)c1ccccc1
CHEMBL530763,1,575.03,nM,CHEMBL364,CHEMBL1054503,FC(F)(F)c1cccc(CNC2CCN(CC3CCCCC3)CC2)c1.O=C(O)C(F)(F)F
CHEMBL2338116,0,100000.0,nM,CHEMBL364,CHEMBL2341234,CC(C)(C)OC(=O)N[C@H](CCCNC(=O)OCc1ccccc1)C(=O)N[C@H](/C=C/C=C/C(=O)N1CCCC1)Cc1ccccc1
CHEMBL4763231,1,11.0,nM,CHEMBL364,CHEMBL4719469,CC(C)(C)N1CCN(C(=O)c2ccc(-c3cnc(N)c(-c4ccc(C(F)(F)F)cc4)n3)cc2)CC1
CHEMBL275311,0,15848.93,nM,CHEMBL364,CHEMBL1267251,C/C(=C\c1ccc(C(=O)O)cc1)c1ccc2c(c1)C(C)(C)CCC2(C)C
CHEMBL588052,1,768.0,nM,CHEMBL364,CHEMBL1054503,O=C(O)C(F)(F)F.c1cc(-c2ccc(CNC3CCOCC3)cc2)cc(-c2nc3ccccc3[nH]2)c1
CHEMBL3326632,1,160.0,nM,CHEMBL364,CHEMBL3372011,COc1ccc(O[C@H]([C@H](Oc2ccc(OC)cc2)c2cnc3cc(C)nn3c2)[C@@H](COC(c2ccccc2)(c2ccccc2)c2ccccc2)OS(C)(=O)=O)cc1
CHEMBL545894,1,752.33,nM,CHEMBL364,CHEMBL1054503,O=C(NCCN1CCOCC1)c1ccc(O)c(-c2cccc(C(F)(F)F)c2)c1
CHEMBL5085335,1,264.0,nM,CHEMBL364,CHEMBL5038389,Cc1cccc2c1[nH]c1c(-c3ccc(Cl)c(Cl)c3)nc(C(=O)NCCN(C)C)cc12.Cl
CHEMBL579587,1,173.71,nM,CHEMBL364,CHEMBL1054503,Fc1ccc2[nH]cc(CCNCc3ccc(-c4cccc(-c5nc6ccccc6[nH]5)c4)cc3)c2c1.O=C(O)C(F)(F)F
CHEMBL536003,1,240.68,nM,CHEMBL364,CHEMBL1054503,COc1ccc(CC(=O)NC2CCN(c3ccnc4cc(Cl)ccc34)C2)cc1.O=C(O)C(F)(F)F
CHEMBL5532043,1,130.0,nM,CHEMBL364,CHEMBL5525719,O[C@H]1CNCC[C@H]1Nc1ccnc2ccc(-c3ccc(C(F)(F)F)nc3)nc12
CHEMBL3410468,1,70.0,nM,CHEMBL364,CHEMBL3411606,CN(OC(=O)C(C)(C)C)C(=O)CCC(c1ccc(F)c(F)c1)P(=O)(OCOC(=O)OC(C)(C)C)OCOC(=O)OC(C)(C)C
CHEMBL588186,1,545.11,nM,CHEMBL364,CHEMBL1054503,CCCCCN1C(=O)N(c2ccc(Cl)c(Cl)c2)C(N(O)C(=O)Nc2ccc(Cl)c(Cl)c2)C1(C)C
CHEMBL532168,1,713.69,nM,CHEMBL364,CHEMBL1054503,CCCCCCCC1CC(CC(=O)Nc2ccnc3ccc(OC)cc23)CN1C(=O)OC(C)(C)C
CHEMBL581316,1,825.68,nM,CHEMBL364,CHEMBL1054503,CCOc1ccc(C2CCN(CCN3CCC(NC(=O)c4ccc(-c5ccc(C(F)(F)F)cc5)cc4)CC3)CC2)c(OCC2CC2)c1
CHEMBL548862,1,3.2,nM,CHEMBL364,CHEMBL1054503,Nc1nc(N)c2c(ccc3c2ccn3Cc2cc3c(cc2Cl)OCO3)n1
CHEMBL6152714,0,10000.0,nM,CHEMBL364,CHEMBL6119912,CCn1cc(-c2ccc3ccn(CC(=O)Nc4ccccc4Cl)c3c2)cn1
CHEMBL584490,1,61.6,nM,CHEMBL364,CHEMBL1040691,CCN(CC)CCNC(=O)c1cc(-c2cc3ccccc3s2)cc(-n2cnnn2)c1
CHEMBL2338354,0,400000.0,nM,CHEMBL364,CHEMBL2344600,CCn1cc[n+](CC(O)(P(=O)([O-])O)P(=O)(O)O)c1
CHEMBL547194,1,266.64,nM,CHEMBL364,CHEMBL1054503,O=C(Nc1ccc(-c2nc3ccccc3[nH]2)cc1)c1ccc(-c2cccc([N+](=O)[O-])c2)o1
CHEMBL535419,1,441.39,nM,CHEMBL364,CHEMBL1054503,CC(=O)Nc1ccc2[nH]cc(C3CCN(CC4CCC(NC(=O)/C=C/c5ccc(Cl)c(Cl)c5)CC4)CC3)c2c1
CHEMBL3038032,1,6.0,nM,CHEMBL364,CHEMBL762020,CC1=C(C(F)(F)F)O[C@@H]2O[C@]3(C)CC[C@H]4[C@H](C)CC[C@@H]1[C@@]24OO3
CHEMBL579736,1,376.4,nM,CHEMBL364,CHEMBL1054503,NC(=O)c1ccccc1OCC(=O)Nc1cccc(-c2cccc(-c3nc4ccccc4[nH]3)c2)c1
CHEMBL1682610,1,330.4,nM,CHEMBL364,CHEMBL1687070,CC[C@H]1OC(=O)[C@H](C)[C@@H](O[C@H]2C[C@@](C)(OC)[C@@H](O)[C@H](C)O2)[C@H](C)[C@@H](O[C@@H]2O[C@H](C)C[C@H](N(C)C)[C@H]2O)[C@](C)(O)C[C@@H](C)CN(CCCNC(=S)Nc2ccsc2C(=O)OC)[C@H](C)[C@@H](O)[C@]1(C)O
CHEMBL1917533,1,26.5,nM,CHEMBL364,CHEMBL1921071,Cl.Cl.N=C(N)Nc1ccc(Oc2ccc(Oc3ccc(NC(=N)N)cc3)cc2)cc1
CHEMBL537720,1,845.17,nM,CHEMBL364,CHEMBL1054503,CCOC(=O)c1ccc(N2CCN(CCCNC(=O)/C(=C/C=C/c3cc4cc(Cl)c(Cl)cc4[nH]3)OC)CC2)cc1
CHEMBL599921,1,21.76,nM,CHEMBL364,CHEMBL1040691,COC(=O)C1=C(C)NC(=Cc2cc(C)n(-c3ccccc3C(F)(F)F)c2C)C1=O
CHEMBL4098227,1,848.0,nM,CHEMBL364,CHEMBL4039510,Cc1c(Oc2cnc(C(=O)N[C@H](C)CO)cn2)ccc2c1B(O)OC2
CHEMBL530198,1,858.6,nM,CHEMBL364,CHEMBL1054503,COCCN1CCN(Cc2ccc(-c3ccc(-c4nc5cccc(C)c5[nH]4)s3)cc2)CC1.O=C(O)C(F)(F)F
CHEMBL530587,1,809.16,nM,CHEMBL364,CHEMBL1054503,CN(C)CCNCc1cccc(-c2ccc3c(Nc4ccc(F)cc4Cl)ccnc3c2)c1
CHEMBL1256192,0,15848.93,nM,CHEMBL364,CHEMBL1267250,Cl.c1ccc2c(N3CCNCC3)cccc2c1
CHEMBL2029747,1,201.0,nM,CHEMBL364,CHEMBL2032995,CC[C@H]1OC(=O)[C@H](C)[C@@H](O)[C@H](C)[C@@H](O[C@@H]2O[C@H](C)C[C@H](N(C)C)[C@H]2O)[C@](C)(O)C[C@@H](C)CN(CCCNCc2cnc3ccccc3c2)[C@H](C)[C@@H](O)[C@]1(C)O
CHEMBL547508,1,760.1,nM,CHEMBL364,CHEMBL1054503,Cc1cccc(C)c1/N=C1\NC(=S)N(c2cccc(Cl)c2)C12CCC(C(C)(C)C)CC2
CHEMBL84824,1,55.0,nM,CHEMBL364,CHEMBL766358,CC1(O)CCC2CC1OO[C@@]2(C)CS(=O)(=O)c1ccccc1
CHEMBL5584115,1,64.0,nM,CHEMBL364,CHEMBL5579294,CN1C(=O)c2ccc(-c3cnn(C)c3)cc2N2C(=O)CCC12C(=O)Nc1cccc(F)c1
CHEMBL528410,1,952.41,nM,CHEMBL364,CHEMBL1054503,CCCCCCCN1CC[C@@H](CCCc2ccnc3ccc(OCCCCN/C(N)=N/O)cc23)[C@@H](CC)C1.O=C(O)C(=O)O
CHEMBL4793038,1,9.0,nM,CHEMBL364,CHEMBL5345234,COc1cc(/C=N/Nc2ccnc3cc(Cl)ccc23)ccc1O
CHEMBL3409901,0,10000.0,nM,CHEMBL364,CHEMBL3413867,CC(C)C[C@H](NC(=O)[C@H](CC(C)C)NC(=O)N1CCOCC1)C(=O)N[C@@H](Cc1c[nH]c2ccccc12)C(=O)N1CCC[C@H]1COc1ccc(F)cc1
CHEMBL527250,1,705.45,nM,CHEMBL364,CHEMBL1054503,Cc1cc(=NN=Cc2ccccc2Cl)c2cccc(C)c2[nH]1
CHEMBL530617,1,762.86,nM,CHEMBL364,CHEMBL1054503,CCOc1ccc2[nH]c(C)cc(=NN=Cc3ccc(Cl)cc3)c2c1
CHEMBL606231,0,12500.0,nM,CHEMBL364,CHEMBL1040692,O=C(c1cnsn1)N1CCCC(COc2cccc(CN3CCC(Cc4ccccc4)CC3)c2)C1
CHEMBL245611,0,64000.0,nM,CHEMBL364,CHEMBL1776684,O=C1[C@H]2Cc3c([nH]c4ccccc34)[C@@H](c3ccc4c(c3)OCO4)N2C(=O)CN1c1ccccc1
CHEMBL524750,1,917.58,nM,CHEMBL364,CHEMBL1054503,O=C(NCCN1CCCC1)N1CCCN(c2ncnc3cc(-c4ccc(Cl)cc4)sc23)CC1.O=C(O)C(F)(F)F
CHEMBL588826,1,354.32,nM,CHEMBL364,CHEMBL1054503,COC(=O)c1cccc(CNCc2cccc(-c3ccc(-c4nc5ccccc5[nH]4)cc3)c2)c1.O=C(O)C(F)(F)F
CHEMBL3144830,0,15000.0,nM,CHEMBL364,CHEMBL730079,CCOC(=O)c1ccc(-n2[nH]c(-c3ccccc3)cc2=O)cc1
CHEMBL2333008,1,35.0,nM,CHEMBL364,CHEMBL2345691,O=C1/C(=C/c2ccco2)SC(=S)N1CCCCNc1ccnc2cc(Cl)ccc12
CHEMBL533569,1,521.88,nM,CHEMBL364,CHEMBL1054503,CN1CCCc2ccc(NC(=O)C=Cc3ccc(-c4ccc(F)cc4F)o3)cc2C1.O=C(O)C(F)(F)F
CHEMBL597548,1,934.91,nM,CHEMBL364,CHEMBL1054503,O=C(Nc1ccc(-c2ccccc2)cc1)Nc1cccc(OCCN2CCCC2)c1.O=C(O)C(F)(F)F
CHEMBL4992948,0,10000.0,nM,CHEMBL364,CHEMBL4888491,COc1c2c(cc3c1[C@@H](C#CCOc1ccccc1)[N+](C)(C)CC3)OCO2
CHEMBL5409103,0,31000.0,nM,CHEMBL364,CHEMBL5372014,CC(C)C1=CC[C@]23[C@@H]([C@H](C)CC[C@@]2(C)[C@H](C)CC[C@H]3O)[C@H]1c1c[nH]c2ccccc12
CHEMBL3468812,1,247.37,nM,CHEMBL364,CHEMBL4649964,Cc1ccc(CNC(CN2CCN(C)CC2)c2ccccc2)cc1
CHEMBL580608,1,308.12,nM,CHEMBL364,CHEMBL1054503,O=C(NC1CCN(Cc2ccccc2)CC1)c1ccc(-c2nc3cc(Cl)c(Cl)cc3[nH]2)s1
CHEMBL505348,0,50000.0,nM,CHEMBL364,CHEMBL978458,O[C@@H]1[C@@H](O)[C@@H](O)CO[C@H]1O
CHEMBL527576,1,859.22,nM,CHEMBL364,CHEMBL1054503,COc1ccc(CC2(CO)CCN(Cc3ccc(O)c(Cl)c3)CC2)cc1
CHEMBL590640,0,15000.0,nM,CHEMBL364,CHEMBL730079,CCCCNC(=S)NCCc1c(C)[nH]c2ccccc12
CHEMBL1668541,0,80900.0,nM,CHEMBL364,CHEMBL1670564,CCN(CC)CC(Cn1cncn1)NCc1ccc(OC)cc1
CHEMBL470650,0,20000.0,nM,CHEMBL364,CHEMBL1776446,COc1cc(C)c2c(=O)c3c(O)cc(OC)cc3oc2c1
CHEMBL2262111,0,69400.0,nM,CHEMBL364,CHEMBL3054870,COc1ccc(C2C=C(c3cc(OC)ccc3OC)NC(=S)N2)cc1
CHEMBL526995,1,849.37,nM,CHEMBL364,CHEMBL1054503,COc1ccc(NC(=O)c2ccc(NC(=O)c3ccc(Cl)cc3)cc2)cc1N1CCN(C)CC1
CHEMBL2146534,1,151.9,nM,CHEMBL364,CHEMBL2150333,Clc1ccc2c(NCc3ncc[nH]3)ccnc2c1
CHEMBL3818006,1,6.0,nM,CHEMBL364,CHEMBL3820733,Cc1cc(N2CCCCC2)nc(NCCNc2ccnc3cc(Cl)ccc23)n1
CHEMBL528072,1,197.49,nM,CHEMBL364,CHEMBL1054503,CCNc1cc(C(=O)NC(Cc2ccccc2)C(O)CNC(C)(C)CCCC(C)C)c(F)c(N2CCCS2(=O)=O)c1.O=CO
CHEMBL581504,1,315.23,nM,CHEMBL364,CHEMBL1054503,CS(=O)(=O)c1ccc(CNCc2ccc(-c3cccc(-c4nc5cc(F)ccc5[nH]4)c3)cc2)cc1.O=C(O)C(F)(F)F
CHEMBL3462177,1,41.16,nM,CHEMBL364,CHEMBL4649945,CC(=O)N1Cc2ccccc2CC1C(=O)Nc1cc(C)ccn1
CHEMBL5429679,1,260.0,nM,CHEMBL364,CHEMBL5345199,CCN(CC)c1ccc2c(c1)C(=O)N(CCC(=O)NCCCCNc1ccnc3cc(Cl)ccc13)C2=O
CHEMBL2368245,1,3.24,nM,CHEMBL364,CHEMBL763542,Cc1ccc(O[C@H]2O[C@@H]3O[C@]4(C)CC[C@H]5[C@H](C)CC[C@@H]([C@H]2C)[C@@]35OO4)cc1
CHEMBL588447,1,700.57,nM,CHEMBL364,CHEMBL1054503,Cc1ccc(NC(=O)c2ccc(NCCCN(C)Cc3ccccc3)c([N+](=O)[O-])c2)cc1F
CHEMBL602352,0,15000.0,nM,CHEMBL364,CHEMBL730080,O=C(COc1ccc(Cl)cc1)N1CCN(Cc2cccc([N+](=O)[O-])c2)CC1.O=C(O)C(=O)O
CHEMBL591633,0,15000.0,nM,CHEMBL364,CHEMBL730079,CCOC(=O)c1ccc2nc(C)c(CN3CCN(C(c4ccccc4)c4ccccc4)CC3)c(O)c2c1
CHEMBL3474309,1,380.73,nM,CHEMBL364,CHEMBL4649964,Clc1ccccc1C1(c2ccnc(C3CCCC3)n2)CCNCC1
CHEMBL536211,1,941.27,nM,CHEMBL364,CHEMBL1054503,Cc1noc(C)c1-c1ccc2c(Nc3ccccc3C(C)(C)C)c(C(=O)NCc3cccc4ccccc34)cnc2c1.Cl
CHEMBL547955,1,683.8,nM,CHEMBL364,CHEMBL1054503,Cl.N#Cc1ccc2c(c1)CCN(CCC1CCC(NC(=O)c3ccc(-c4ccccc4)s3)CC1)CC2
CHEMBL1802700,1,67.7,nM,CHEMBL364,CHEMBL1804794,O=c1c2c([nH]c3cc(F)ccc13)CCCC2
CHEMBL284604,1,410.0,nM,CHEMBL364,CHEMBL760655,C=CCO[C@H](c1ccnc2ccc(OC)cc12)[C@@H]1C[C@@H]2CC[N@@+]1(Cc1cc(C(C)(C)C)c(OC)c(C(C)(C)C)c1)C[C@@H]2C=C.[Br-]
CHEMBL537305,1,687.18,nM,CHEMBL364,CHEMBL1054503,O=C(C=Cc1ccccc1Br)NC1CCC(CN2CCC(c3c[nH]c4ccccc34)CC2)CC1
CHEMBL3233045,0,100000.0,nM,CHEMBL364,CHEMBL3241120,COc1ccc(-c2ccc3ncc(C(=O)NCc4ccc(C(F)(F)F)cc4)c(=O)n3c2)cc1
CHEMBL2105642,0,50000.0,nM,CHEMBL364,CHEMBL2092593,COc1ccc2[n-]c([S@@+]([O-])Cc3ncc(C)c(OC)c3C)nc2c1.[K+]
CHEMBL588872,1,145.96,nM,CHEMBL364,CHEMBL1054503,O=C(O)C(F)(F)F.c1cc(CNCCc2ccncc2)cc(-c2ccc(-c3nc4ccccc4[nH]3)cc2)c1
CHEMBL484,0,250000.0,nM,CHEMBL364,CHEMBL4377153,Nc1ncnc2c1ncn2CCOCP(=O)(O)O
CHEMBL6171294,0,18000.0,nM,CHEMBL364,CHEMBL6121869,O=C(Nc1ccc([N+](=O)[O-])cc1)Nc1cc(S(=O)(=O)N2CCCC2)ccc1N1CCCC1
CHEMBL6188764,1,370.0,nM,CHEMBL364,CHEMBL6179700,O=C(NCc1cn(-c2ccccc2)nn1)c1cc2c([nH]c3ccccc32)c(-c2ccc(C(F)(F)F)cc2)n1
CHEMBL139835,0,12589.25,nM,CHEMBL364,CHEMBL1267247,CC(=O)O[C@]1(C(C)=O)CC[C@H]2[C@@H]3C=C(Cl)C4=CC(=O)[C@@H]5C[C@@H]5[C@]4(C)[C@H]3CC[C@@]21C
CHEMBL601945,0,15000.0,nM,CHEMBL364,CHEMBL730079,COc1ccc(-c2nn(C)c3sc(C(=O)Nc4cccc(Cl)c4)cc23)cc1OC
CHEMBL3125599,1,2.3,nM,CHEMBL364,CHEMBL3132228,COc1cc(CCCOC(=O)CCC(=O)O[C@@H]2O[C@@H]3O[C@@]4(C)CC[C@H]5[C@H](C)CC[C@@H]([C@H]2C)[C@@]35OO4)cc2cc(-c3ccc4c(c3)OCO4)oc12
CHEMBL4633791,1,0.3,nM,CHEMBL364,CHEMBL4616744,CCC(=O)OC1O[C@@H]2O[C@]3(C)CC[C@H]4[C@H](C)CC[C@@H]([C@H]1C)[C@@]24OO3
CHEMBL547039,1,532.86,nM,CHEMBL364,CHEMBL1054503,CN(C)/C(=N/C(=N)Nc1ccc(Cl)cc1)NCCCCCCN/C(=N\C(=N)Nc1ccc(Cl)cc1)N(C)C
CHEMBL1214173,0,543000.0,nM,CHEMBL364,CHEMBL1217341,Cn1cc[n+](C)c1.[I-]
CHEMBL524556,1,223.35,nM,CHEMBL364,CHEMBL1054503,Cc1c(CN2CCCCC2)cccc1OCCCNc1nc(NCCc2ccc(O)cc2)nc(N2CCNCC2)n1.O=C(O)C(F)(F)F
CHEMBL4779025,1,136.9,nM,CHEMBL364,CHEMBL4671338,Clc1ccc2nc(/C=C/c3ccncc3)cc(NCCN3CCOCC3)c2c1
CHEMBL570383,0,12589.25,nM,CHEMBL364,CHEMBL1267251,NCCCCCCCCCCN
CHEMBL387813,1,310.0,nM,CHEMBL364,CHEMBL905874,C/C(=N\O)NCCCCCCCCCCCCN/C(C)=N/O
CHEMBL534172,1,661.0,nM,CHEMBL364,CHEMBL1040692,CC(=O)Nc1c(C)cc(Cl)cc1Cl
CHEMBL2334006,1,162.0,nM,CHEMBL364,CHEMBL2342742,CC(=O)N1CCN(c2ccc(C(=O)N[C@@H](Cc3ccccc3)[C@H](O)CNC(C)(C)c3ccccc3)cc2)CC1
CHEMBL3084847,1,73.24,nM,CHEMBL364,CHEMBL765668,COC(=O)CCC(C)C1CC[C@H]2[C@@H]3[C@H](OC(C)=O)C[C@@H]4CC5(CC[C@]4(C)[C@H]3C[C@H](OC(C)=O)[C@]12C)OOC1(CC(C)CCC1C(C)C)OO5
CHEMBL582361,1,985.02,nM,CHEMBL364,CHEMBL1054503,Cc1cc(NC2CCCC2)nc(Nc2ccccc2)n1
CHEMBL598368,1,747.94,nM,CHEMBL364,CHEMBL1054503,COc1ccc(OCC(O)CN(Cc2ccccc2OC)C(=O)Nc2ccc(Br)cc2)cc1
CHEMBL535324,1,514.33,nM,CHEMBL364,CHEMBL1054503,Cl.Oc1ccc2c(c1NCC1CCCCC1)CCCC2
CHEMBL579143,1,269.8,nM,CHEMBL364,CHEMBL1040692,CN(Cc1ccsc1)C(=O)CCc1nnc(CCCc2ccccc2)o1
CHEMBL598682,1,919.0,nM,CHEMBL364,CHEMBL1040691,O=C(COC(=O)c1ccc2c(c1)C(=O)N(c1ccc3ccccc3c1)C2=O)c1ccc(Br)cc1
CHEMBL3288923,1,35.0,nM,CHEMBL364,CHEMBL3291900,CC(=O)N(C)c1nc(C(=N)Nc2ccc(-c3ccc(-c4ccc(NC(=N)c5csc(N(C)C(C)=O)n5)cc4OC(C)C)o3)c(OC(C)C)c2)cs1.Cl
CHEMBL547568,1,831.43,nM,CHEMBL364,CHEMBL1054503,CC(=O)Nc1ccc(CN2CCN(C(c3ccc(F)cc3)c3ccc(F)cc3)CC2)cc1
CHEMBL1198918,1,715.0,nM,CHEMBL364,CHEMBL3599170,S=C(NCCCNCCCNCCCNC(=S)NCC(c1ccccc1)c1ccccc1)NCC(c1ccccc1)c1ccccc1
CHEMBL527959,1,728.18,nM,CHEMBL364,CHEMBL1054503,COc1ccc2nccc([C@@H](O)CN3CCC(NC(=O)/C=C/c4ccc5cc(C)[nH]c5c4)CC3)c2c1
CHEMBL4438847,1,2.5,nM,CHEMBL364,CHEMBL4391969,CCCN(CCC)CCOc1ccc2c(=O)c3ccc(Cl)cc3[nH]c2c1
CHEMBL4281113,1,570.0,nM,CHEMBL364,CHEMBL4262302,COc1cc2nc(N3CCN(C)CC3)nc(Nc3ccccc3)c2cc1OC
CHEMBL6102181,1,9.1,nM,CHEMBL364,CHEMBL6073643,N=S(=O)(CCNC(=O)O[C@H]1CCC[C@@]2(C1)OOC1(O2)C2CC3CC(C2)CC1C3)C1CC1
CHEMBL3215927,1,177.0,nM,CHEMBL364,CHEMBL2422960,COc1cc(C(=N)N)cc(OC)c1OCc1ccc(C(=N)N)cc1.Cl.Cl
CHEMBL531896,1,767.2,nM,CHEMBL364,CHEMBL1054503,CCN(c1ccccc1)S(=O)(=O)c1ccc(NC(=O)c2cc(-c3cc(C)ccc3O)n[nH]2)cc1
CHEMBL406401,1,7.5,nM,CHEMBL364,CHEMBL931166,CC1=C(CCCCCC(=O)N(CCNc2ccnc3cc(Cl)ccc23)C(C)C)C(=O)c2ccccc2C1=O
CHEMBL521328,1,120.0,nM,CHEMBL364,CHEMBL1006270,CCN(CC)CCCC(C)Nc1c2cc(Cl)ccc2nc2[nH]c3ccccc3c12
CHEMBL529069,1,819.78,nM,CHEMBL364,CHEMBL1054503,C/N=C(/Nc1c(Cl)cccc1Cl)N(C)C.O=C(O)/C=C/C(=O)O
CHEMBL578297,1,178.9,nM,CHEMBL364,CHEMBL1040692,CC(NCCCN(C)C)c1cc(C(C)(C)C)cc2c1CCC2(C)C
CHEMBL339050,1,309.44,nM,CHEMBL364,CHEMBL1054503,N=C(Nc1nc(-c2ccccn2)cc2ccccc12)c1cccc(Cl)c1
CHEMBL1643381,1,14.1,nM,CHEMBL364,CHEMBL1647318,Cl.N=C(N)c1ccc(C#Cc2ccc(-c3ccc(C(=N)N)o3)o2)cc1
CHEMBL3600960,1,51.0,nM,CHEMBL364,CHEMBL3602225,Cc1ccc2c(c1)/C(=N/NC(N)=S)C(=O)N2CCNc1ccnc2cc(Cl)ccc12
CHEMBL4640614,1,142.0,nM,CHEMBL364,CHEMBL4610152,COc1ccc2cc3[n+](cc2c1OCc1cn(-c2ccc(S(=O)(=O)Nc4ccc([N+](=O)[O-])cc4)cc2)nn1)CCc1cc2c(cc1-3)OCO2.[Cl-]
CHEMBL1171021,0,94400.0,nM,CHEMBL364,CHEMBL1175445,COC[C@@H]1CC[C@]2(C)C(C)=CC(=O)C[C@H]2[C@]1(C)CCC1=CCOC1=O
CHEMBL363162,1,330.0,nM,CHEMBL364,CHEMBL4272724,Clc1ccc(C(c2c[nH]cc2-c2cccc3ccccc23)n2ccnc2)c(Cl)c1
CHEMBL548515,1,938.25,nM,CHEMBL364,CHEMBL1054503,O=C(Nc1ccc(OC2CCN(Cc3ccc(F)cc3)C2)c(Cl)c1)c1ccoc1.O=C(O)C(F)(F)F
CHEMBL3238452,0,15400.0,nM,CHEMBL364,CHEMBL3242157,CCOC(=O)c1cn(CC)c2ccc3nc(-c4ccccc4)c(-c4ccccc4)nc3c2c1=O
CHEMBL1215567,1,65.0,nM,CHEMBL364,CHEMBL1219697,CC(C)CN(NC(=O)Cc1ccc(OCCN2CCOCC2)cc1)c1nc(C#N)ncc1Br
CHEMBL528901,1,55.13,nM,CHEMBL364,CHEMBL1054503,O=C(Nc1cccc(-c2cccc(-c3nc4ccccc4[nH]3)c2)c1)Nc1ccc(F)c(F)c1F
CHEMBL601590,1,805.0,nM,CHEMBL364,CHEMBL1040691,COc1ccc(-c2cnc3ccc(NCc4cccc(Cl)c4)nn23)cn1
CHEMBL524736,1,131.45,nM,CHEMBL364,CHEMBL1054503,CCCCCc1ccc(N2C(N)=NC(N)=NC2(C)C)cc1.Cl
CHEMBL3104738,0,45000.0,nM,CHEMBL364,CHEMBL3107617,C/C=C/C(=O)OCc1cc(O)c2c(c1)C(=O)c1cccc(O)c1C2=O
CHEMBL271787,0,18770.0,nM,CHEMBL364,CHEMBL929920,CC(=O)O[C@H]1CC[C@]2(C)[C@H]3CC=C4[C@@H]5[C@@H](C)[C@H](C)CC[C@]5(C(=O)NCCCN5CCN(CCCN(CC(C)C)CC(C)C)CC5)CC[C@@]4(C)[C@]3(C)CC[C@H]2C1(C)C
CHEMBL533942,1,320.63,nM,CHEMBL364,CHEMBL1054503,CC1Cc2ccccc2N1CC(=O)Nc1cc(C(F)(F)F)ccc1-n1cncn1
CHEMBL582755,1,724.06,nM,CHEMBL364,CHEMBL1054503,CN1CCc2ccc(NC(=O)Nc3ccc(Cl)c(Cl)c3)cc2C1
CHEMBL527941,1,943.55,nM,CHEMBL364,CHEMBL1054503,Cc1ccc(NC(=O)c2ccc3ncccc3c2)cc1OC1CCN(Cc2ccc(F)cc2)CC1.O=C(O)C(F)(F)F
CHEMBL473137,0,49900.0,nM,CHEMBL364,CHEMBL944270,O=S(=O)(Nc1cccc(Cl)c1)c1ccccc1
CHEMBL3355635,1,2.0,nM,CHEMBL364,CHEMBL3381289,CS(=O)(=O)c1ccc(-c2cnc3ccc(-c4cccc(S(=O)(=O)C5CC5)c4)nn23)cn1
CHEMBL3906094,0,80000.0,nM,CHEMBL364,CHEMBL3869495,c1ccc2cc(OCc3cn(CCN4CCOCC4)nn3)ccc2c1
CHEMBL548006,1,865.87,nM,CHEMBL364,CHEMBL1054503,Cc1ccccc1-c1nc2c(CN3CCC(O)(c4ccccc4)CC3)c(O)ccc2[nH]1
CHEMBL531984,1,822.12,nM,CHEMBL364,CHEMBL1054503,O=C(/C=C/c1ccc(Cl)c(Cl)c1)NCCCCCN1CCC(CCNC(=O)c2snnc2-c2ccccc2)CC1
CHEMBL1818626,1,390.0,nM,CHEMBL364,CHEMBL1820553,CCC(CC)CC1(C)C[C@]2(C)CCO[C@@H]2OO1
CHEMBL547367,1,4.0,nM,CHEMBL364,CHEMBL4048940,Cc1[nH]c(C)c(-c2ccc(OCc3cccc(C(F)(F)F)c3)nc2)c(=O)c1Br
CHEMBL3482522,1,742.59,nM,CHEMBL364,CHEMBL4649964,c1ccc(C2CN(C3CC3)CC3(CCN(Cc4cscn4)CC3)C2)cc1
CHEMBL534317,1,900.42,nM,CHEMBL364,CHEMBL1054503,Cl.O=C(/C=C/c1ccccc1F)NC1CCC(CCN2CCc3ccc(-c4cccnc4)cc3CC2)CC1
CHEMBL533489,1,324.22,nM,CHEMBL364,CHEMBL1054503,CN1CCC(NCc2ccc(-c3cccc(S(=O)(=O)NCc4ccccc4)c3)cc2)CC1.O=C(O)C(F)(F)F
CHEMBL578448,0,100000.0,nM,CHEMBL364,CHEMBL1250634,[N-]=[N+]=N[C@H]1C[C@H](n2cnc3c(O)nc(N)nc32)O[C@@H]1CO
CHEMBL1290485,1,14.0,nM,CHEMBL364,CHEMBL1293135,COc1cc(/C=C/C(=O)N[C@@H](CCCCCC(=O)NO)C(=O)Nc2cccc3cccnc23)cc(OC)c1O
CHEMBL531315,1,234.49,nM,CHEMBL364,CHEMBL1054503,O=C(O)C(F)(F)F.O=S(=O)(NCCN1CCCC1)c1cccc(-c2ccc(CNCc3ccc(F)cc3)cc2)c1
CHEMBL601114,1,660.0,nM,CHEMBL364,CHEMBL1040691,c1ccc(CC[n+]2cc(-c3ccccc3)n3c2CCC3)cc1
CHEMBL217104,1,878.34,nM,CHEMBL364,CHEMBL1054503,Cc1cc(C)c2ncc(C(=O)O)c(O)c2c1
CHEMBL504695,1,228.99,nM,CHEMBL364,CHEMBL1054503,CCCCCCCCc1c(C)[nH]c(C)c(Cl)c1=O
CHEMBL599101,1,580.0,nM,CHEMBL364,CHEMBL1040692,CCCN(CCC)[P+](C)(N(CCC)CCC)N(CCC)CCC.[I-]
CHEMBL4079700,1,150.0,nM,CHEMBL364,CHEMBL3996774,CCNCCNc1cc(-c2ccc(C(F)(F)F)cc2)c(C#N)c2nc3cccc(Br)c3n12
CHEMBL3038035,1,2.4,nM,CHEMBL364,CHEMBL762020,C[C@@H]1CC[C@H]2C(COCCO)=C(C(F)(F)F)O[C@@H]3O[C@]4(C)CC[C@@H]1[C@]32OO4
CHEMBL94281,1,638.0,nM,CHEMBL364,CHEMBL754546,CC(C)C1N=C(N)N=C(N)N1c1ccc(Br)cc1
CHEMBL4071316,1,400.0,nM,CHEMBL364,CHEMBL3996773,CCN(CC)CCCC(C)Nc1cc(-c2ccc(C(F)(F)F)cc2)c(C#N)c2nc3ccccc3n12
CHEMBL202721,1,648.07,nM,CHEMBL364,CHEMBL1054503,COc1cc2c(Nc3ccc(NC(=O)c4ccccc4)cc3)ncnc2cc1OCCCN1CCOCC1
CHEMBL209920,1,7.2,nM,CHEMBL364,CHEMBL866010,CCCN(CCCCNc1ccnc2cc(Cl)ccc12)Cc1cccs1
CHEMBL525337,1,779.96,nM,CHEMBL364,CHEMBL1054503,CCN1CCc2nc3ccccc3c(C(=O)Nc3ccc(C#N)cc3)c2C1
CHEMBL3764832,0,12500.0,nM,CHEMBL364,CHEMBL3766049,CCOC(=O)c1sc(N=[N+]=[N-])c(C#N)c1-c1ccc(Cl)cc1
CHEMBL548348,1,247.8,nM,CHEMBL364,CHEMBL1040692,Cc1cc(Nc2ccccc2)nc(Nc2ccccc2)n1
CHEMBL534423,1,80.3,nM,CHEMBL364,CHEMBL1054503,CC(=NNC(S)=Nc1ccccc1Cl)c1ccccn1
CHEMBL94855,1,278.9,nM,CHEMBL364,CHEMBL761303,Nc1cc(CO)cc(Nc2ccnc3cc(Cl)ccc23)c1
CHEMBL4583654,1,943.0,nM,CHEMBL364,CHEMBL4429066,COc1ccccc1NC(=O)[C@H]1c2ccccc2C(=O)N(CC(C)C)[C@@H]1c1cccs1
CHEMBL282489,0,10000.0,nM,CHEMBL364,CHEMBL1267250,CC[C@@H]1Cc2cc(O)ccc2C2=C1c1ccc(O)cc1C[C@H]2CC
CHEMBL2322503,1,98.1,nM,CHEMBL364,CHEMBL2327114,Cn1c2nc3ccccc3c-2c(NCCCCCCN)c2ccccc21
CHEMBL4590295,0,50000.0,nM,CHEMBL364,CHEMBL4478731,O=C(c1cncc(-c2cc(N3CCC(N4CCOCC4)CC3)nc(-c3ccncc3)n2)c1)N1CCOCC1
CHEMBL4105471,0,10000.0,nM,CHEMBL364,CHEMBL4003562,Fc1ccc(-c2ccc(CN3CCOCC3)o2)cc1Cl
CHEMBL601338,0,12500.0,nM,CHEMBL364,CHEMBL1040691,Brc1ccc2[nH]c3nc4ccccc4nc3c2c1
CHEMBL1835174,0,50000.0,nM,CHEMBL364,CHEMBL1838231,CCOP(=O)(NC(C)C)Oc1cccc(C(F)(F)F)c1
CHEMBL3221772,0,12730.0,nM,CHEMBL364,CHEMBL3227335,O=c1c(Cl)c(Cl)cnn1CC1CN1Cc1cnc2ccccc2c1
CHEMBL523363,0,30000.0,nM,CHEMBL364,CHEMBL996343,N#Cc1nc(NCc2ccccc2)c2c(n1)N(Cc1cccc(C(F)(F)F)c1)CN2
CHEMBL602741,0,15000.0,nM,CHEMBL364,CHEMBL730080,CCc1ccc(CN2CCC(n3nccc3NC(=O)Nc3ccccc3C)CC2)cc1
CHEMBL593486,1,391.0,nM,CHEMBL364,CHEMBL1040692,CC1CN(C(=O)C(Cc2c[nH]c3ccccc23)NC(=O)C(c2ccccc2)c2ccccc2)CCN1C(=O)NCc1ccccc1
CHEMBL1923940,1,6.0,nM,CHEMBL364,CHEMBL1924129,C[n+]1ccn(CCCCCCCCCCCCn2cc[n+](C)c2)c1.[I-].[I-]
CHEMBL586431,1,826.99,nM,CHEMBL364,CHEMBL1054503,CC(Cc1ccc(SC(C)C)cc1)NCC(O)c1cccc(Cl)c1.Cl
CHEMBL547056,1,305.12,nM,CHEMBL364,CHEMBL1054503,COc1cc(C(F)(F)F)c2cc(CNCCCNc3nc4ccccc4[nH]3)[nH]c2c1
CHEMBL3236250,0,100000.0,nM,CHEMBL364,CHEMBL3241120,NC(=O)[C@H](Cc1ccccc1)NC(=O)Nc1cnc2ccccn2c1=O
CHEMBL3476892,1,67.44,nM,CHEMBL364,CHEMBL4649945,C(=C\c1ccc(CN2CCCC2)cn1)/c1ccccc1
CHEMBL601784,1,831.0,nM,CHEMBL364,CHEMBL1040692,COc1cc(NC(C)CCCN(Cc2ccc(OC)c(OC)c2)C(=O)c2ccccc2C)c2ncccc2c1
CHEMBL533781,1,919.48,nM,CHEMBL364,CHEMBL1054503,O=[N+]([O-])c1ccc(N/C(=N\c2ccccc2Br)NC2CCCc3ccccc32)c(O)c1
CHEMBL5543031,1,900.0,nM,CHEMBL364,CHEMBL5530915,CN1CCC(c2[nH]c(-c3ccc(F)cc3)c(-c3ccncc3)c2C#N)CC1.Cl.Cl
CHEMBL5647059,0,12500.0,nM,CHEMBL364,CHEMBL5637580,Cc1ccc(-c2cc3nc(NC(C)(C)C)n(-c4ccccc4)c(=O)c3s2)cc1
CHEMBL3581496,0,10000.0,nM,CHEMBL364,CHEMBL3584880,OB1OCc2ccc(Oc3cnc(-c4nnn[nH]4)cn3)cc21
CHEMBL588062,1,745.01,nM,CHEMBL364,CHEMBL1054503,Cc1c(Cl)ccc2sc(N3CCN(C(=O)c4ccc([N+](=O)[O-])o4)CC3)nc12
CHEMBL2048893,0,15015.0,nM,CHEMBL364,CHEMBL2049756,CCCNCc1ccc(OCCCCCC(=O)OCC)cc1
CHEMBL587209,1,843.68,nM,CHEMBL364,CHEMBL1054503,COc1cccc(C(=O)NCCc2cccc(Cl)c2)c1Oc1ccccc1
CHEMBL236530,1,3.3,nM,CHEMBL364,CHEMBL902564,CC[N+](CC)(CC)CCOCCCCCCCCCCCCOCC[N+](CC)(CC)CC.[Br-].[Br-]
CHEMBL529977,1,952.41,nM,CHEMBL364,CHEMBL1054503,CN1CCN(CCCN(Cc2cccc(-c3cccc(CNCc4ccc5c(c4)OCO5)c3)c2)C(=O)CCC2CCCC2)CC1.O=C(O)C(F)(F)F
CHEMBL1170121,1,60.0,nM,CHEMBL364,CHEMBL1173896,CC(C)Oc1nc(Nc2ccc(OC(F)(F)F)cc2)cc(Nc2nccn2-c2cccc(C(F)(F)F)c2)n1
CHEMBL3736212,1,89.0,nM,CHEMBL364,CHEMBL3737587,Fc1cccc(COc2ccc(Nc3ncnc4sc(-c5ccc(CN6CCOCC6)cc5)cc34)cc2Cl)c1
CHEMBL526026,1,948.12,nM,CHEMBL364,CHEMBL1054503,COc1ccc(C(=O)N2CCc3cc4nccc(N5CCN6CCC[C@H]6C5)c4cc32)cc1
CHEMBL547641,1,309.7,nM,CHEMBL364,CHEMBL1054503,CN1CCN(Cc2nc(-c3ccc4c(Nc5ccc(Oc6ccccc6)cc5)ccnc4c3)cs2)CC1
CHEMBL587467,1,238.05,nM,CHEMBL364,CHEMBL1054503,O=C(Nc1cccc(-c2cccc(-c3nc4cc(C(F)(F)F)ccc4[nH]3)c2)c1)c1csnn1
CHEMBL535990,1,922.66,nM,CHEMBL364,CHEMBL1054503,COCCCNC(=O)c1ccc(O)c(-c2cc(Cl)cc(Cl)c2)c1
CHEMBL548791,1,226.85,nM,CHEMBL364,CHEMBL1054503,COc1ccc2nccc(N3CCC(CCNCc4ccc5c(n4)NC(=O)CS5)CC3)c2n1.Cl
CHEMBL534050,1,562.56,nM,CHEMBL364,CHEMBL1054503,Cn1c(C2CC3CCC(C2)N3CC2CCC(NC(=O)/C=C/c3ccc(Cl)c(Cl)c3)CC2)nc2ccccc21
CHEMBL607520,1,15.59,nM,CHEMBL364,CHEMBL1040692,COc1ccccc1NC(=O)N(Cc1ccccc1)C(C)c1nc2ccccc2c(=O)n1-c1cc(C)ccc1OC
CHEMBL547863,1,705.97,nM,CHEMBL364,CHEMBL1054503,COc1ccccc1N1CCN(c2cccc3c2nc(-c2cncc(C#N)c2)n3CCNCc2ccccc2)CC1.O=C(O)C(F)(F)F
CHEMBL498761,1,197.86,nM,CHEMBL364,CHEMBL1002006,CC(C)(C)OC(=O)N1CCC2(CC1)COC1(OO2)C2CC3CC(C2)CC1C3
CHEMBL1212959,0,39000.0,nM,CHEMBL364,CHEMBL1219011,COc1c(-c2ccc(C(F)(F)F)cc2)oc2ccc(NC(C)=O)cc2c1=O
CHEMBL218854,1,13.0,nM,CHEMBL364,CHEMBL910654,O=C1c2ccccc2SC(c2ccc(Cl)cc2)N1CCNc1ccnc2cc(Cl)ccc12
CHEMBL546936,1,880.26,nM,CHEMBL364,CHEMBL1054503,Cc1c(CC(=O)NCCC2CCN(CCCCCNC(=O)/C=C/c3ccc(Cl)c(Cl)c3)CC2)sc2ccc(Cl)cc12
CHEMBL536116,1,743.69,nM,CHEMBL364,CHEMBL1054503,CS(=O)(=O)CCNCc1ccc(-c2ccc3c(Nc4ccc(F)cc4Cl)ccnc3c2)o1
CHEMBL1209499,1,460.0,nM,CHEMBL364,CHEMBL1212090,CCN(CCN)c1cc(C)c(OCC(=O)N[C@@H](Cc2ccccc2)[C@H](O)C(=O)N2CSC(C)(C)[C@H]2C(=O)N[C@H]2c3ccccc3C[C@H]2O)c(C)c1
CHEMBL528838,1,223.52,nM,CHEMBL364,CHEMBL1054503,CCC(CC(C)C(=O)O)=C(c1ccccc1)c1ccccc1
CHEMBL546557,1,789.3,nM,CHEMBL364,CHEMBL1054503,CC(C)n1ncc2c(C(=O)N3CCCCCC3)cc(-c3ccccc3)nc21
CHEMBL3596399,0,31000.0,nM,CHEMBL364,CHEMBL3598574,Cn1cc(-c2cccc(F)c2)c2c(N)ncnc21
CHEMBL1237258,1,728.01,nM,CHEMBL364,CHEMBL1054503,Cc1cc(N/N=C/c2cccc([N+](=O)[O-])c2)c2ccccc2n1
CHEMBL6166054,1,15.0,nM,CHEMBL364,CHEMBL6089898,Cn1nc2c(=O)n(C3CC3)ncc2c1[C@](O)(c1cnc(C(F)(F)F)c(Cl)c1)C1CC1
CHEMBL4640096,1,590.0,nM,CHEMBL364,CHEMBL4610150,CC(=O)c1ccc(OCc2cn(CCCNc3ccnc4cc(Cl)ccc34)nn2)cc1
CHEMBL1256853,0,15848.93,nM,CHEMBL364,CHEMBL1267249,CN(C(=O)Cc1ccc(Cl)c(Cl)c1)C(c1cccc(OCC(=O)O)c1)N1CCCC1.Cl
CHEMBL5187866,1,480.0,nM,CHEMBL364,CHEMBL5150533,COc1ccc(C(F)(F)F)cc1CN(C1CC1)C(c1cccnc1)c1nnnn1-c1ccccc1C
CHEMBL4435310,0,54800.0,nM,CHEMBL364,CHEMBL4321503,CCC(C)CC(=O)OCCC(C)CC[C@@H]1[C@@]2(C)CCCC(C)(C)[C@@H]2CC[C@@]1(C)O
CHEMBL4163803,0,76700.0,nM,CHEMBL364,CHEMBL4142950,Cc1ccc(N2C(=O)[C@H](Oc3cccc(-c4nc5ccccc5s4)c3)[C@@H]2c2ccc(Cl)cc2)cc1
CHEMBL2207906,0,10060.0,nM,CHEMBL364,CHEMBL4143004,Cc1cc(C)c(Nc2nc(NCCCCCCCCCCNc3nc(Nc4ccc(C#N)cc4)nc(Nc4c(C)cc(C)cc4C)n3)nc(Nc3ccc(C#N)cc3)n2)c(C)c1
CHEMBL3219630,1,4.57,nM,CHEMBL364,CHEMBL3223784,CCOC(=O)c1c[nH]c2cc(Cc3ccccc3)ccc2c1=O
CHEMBL3884615,0,14900.0,nM,CHEMBL364,CHEMBL4148161,COc1cc(NC(C)CCCNC(=O)NNC(=O)Nc2cccc(Cl)c2)c2ncccc2c1
CHEMBL579835,1,659.15,nM,CHEMBL364,CHEMBL1054503,O=C(/C=C/c1ccc(Cl)c(Cl)c1)NC1CCN(CCCNC(=O)c2cccc(Cl)c2)CC1.O=C(O)C(F)(F)F
CHEMBL598078,1,941.0,nM,CHEMBL364,CHEMBL1040692,COc1ccc(C2C(C(=O)Nc3cnc4ccccc4c3)c3ccccc3C(=O)N2Cc2ccc(F)cc2)cc1
CHEMBL3115725,0,152800.0,nM,CHEMBL364,CHEMBL3119713,Clc1ccc2c(-n3cc(CN4CCCCC4)nn3)ccnc2c1
CHEMBL4086151,0,100000.0,nM,CHEMBL364,CHEMBL4042877,CCCCCCCCCCCCCCCCNC(=O)/C(CCC=C(C)C)=C1\[C@@H](OC(C)=O)C[C@@]2(C)[C@H]1C[C@@H](O)[C@H]1[C@@]3(C)CC[C@@H](O)[C@@H](C)[C@@H]3CC[C@@]12C
CHEMBL527219,1,745.02,nM,CHEMBL364,CHEMBL1054503,O=C(Nc1cccc(Cl)c1Cl)Nc1ccnc2ccccc12
CHEMBL603020,1,114.2,nM,CHEMBL364,CHEMBL1040691,c1ccc(Nc2nc(NCC3CCCO3)c3ccccc3n2)cc1
CHEMBL252753,1,430.0,nM,CHEMBL364,CHEMBL3603055,CC1=CC2Cc3nc4cc(Cl)ccc4c(NCCCN(C)CCCNc4c5c(nc6ccccc46)CCCC5)c3C(C1)C2
CHEMBL3264500,1,138.49,nM,CHEMBL364,CHEMBL3267981,CC(=O)O[C@H]1C[C@H]2[C@@H]([C@H](OC(C)=O)C[C@@H]3C[C@H](N)CC[C@@]32C)[C@@H]2CC[C@H]([C@H](C)CCCNCCCNc3ccnc4cc(Cl)ccc34)[C@@]12C
CHEMBL4446158,0,19000.0,nM,CHEMBL364,CHEMBL4321528,CC(=O)O[C@]12CCC(=O)OC(C)(C)[C@@H]1CCC1=C2CC[C@]2(C)[C@@H]([C@H](C)[C@@H]3CC=C(C)C(=O)O3)CC[C@@]12C
CHEMBL529483,1,829.7,nM,CHEMBL364,CHEMBL1054503,COc1cc(N(Cc2ccc(F)cc2)C(=O)c2ccc(-c3ccccc3)cc2)ccc1OCCN1CCCC1.Cl
CHEMBL524581,1,217.81,nM,CHEMBL364,CHEMBL1054503,O=C(Nc1ccc(F)cc1)NC1CCN(c2ccnc3cc(Cl)ccc23)C1.O=C(O)C(F)(F)F
CHEMBL4483518,0,11300.0,nM,CHEMBL364,CHEMBL4482217,CC(=O)c1c(O)c(Cc2c(O)c(C)c(C)oc2=O)c(O)c2c1OC(C)(C)C=C2
CHEMBL4084728,1,1.8,nM,CHEMBL364,CHEMBL4058995,COC(=O)c1c[nH]c2cc(CN3CCN(c4ccc(F)cc4)CC3)ccc2c1=O
CHEMBL1775015,0,20000.0,nM,CHEMBL364,CHEMBL1776446,CC(C)=CCCC(C)C1CC=C(C)C(O)C1O
CHEMBL3137658,1,609.5,nM,CHEMBL364,CHEMBL3137666,Fc1ccc([C@H]2[C@@H](Oc3cncc4nnc(-c5ccc(OC(F)F)cc5)n34)CN2C2CC2)cc1F
CHEMBL528727,1,977.76,nM,CHEMBL364,CHEMBL1054503,Nc1c(Cl)cc(C(O)CNCCCCCOCCc2ccccc2)cc1C(F)(F)F
CHEMBL536696,1,148.45,nM,CHEMBL364,CHEMBL1054503,CCCCN(CCCC)CCCCNc1c2ccccc2nc2ccccc12.Cl
CHEMBL1215383,0,11300.0,nM,CHEMBL364,CHEMBL1219011,CC(=O)Nc1ccc(O)c(C(=O)/C=C/c2cccc(C(F)(F)F)c2)c1
CHEMBL585665,1,1.231,nM,CHEMBL364,CHEMBL1040691,CNC1=C(N(Cc2ccc(Cl)c(Cl)c2)C(C)=O)C(=O)c2ccccc2C1=O
CHEMBL1682599,1,77.0,nM,CHEMBL364,CHEMBL1687072,CC[C@H]1OC(=O)[C@H](C)[C@@H](O[C@H]2C[C@@](C)(OC)[C@@H](O)[C@H](C)O2)[C@H](C)[C@@H](O[C@@H]2O[C@H](C)C[C@H](N(C)C)[C@H]2O)[C@](C)(O)C[C@@H](C)CN(CCCNC(=S)Nc2ccc(OC)cc2)[C@H](C)[C@@H](O)[C@]1(C)O
CHEMBL4784227,1,320.0,nM,CHEMBL364,CHEMBL4680973,Cc1ccc(-c2cc(C(=O)NCCN3CCCCC3)c3cc(Cl)ccc3n2)cc1
CHEMBL4534852,1,600.0,nM,CHEMBL364,CHEMBL4385223,CC1=C2C[C@@H]3C(C)(C)OC4=C(C(C)C)C(=O)[C@]5(CC[C@H]6C(C)(C)CCC[C@]67C[C@]25[C@@]43O7)CC1=O
CHEMBL504183,0,36100.0,nM,CHEMBL364,CHEMBL1018030,N#C/C=C/CNC(=O)CN1C(=O)[C@@H](COC(=O)Nc2ccc(Cl)cc2C(F)(F)F)N=C(c2ccccc2)c2ccccc21
CHEMBL3604109,1,410.0,nM,CHEMBL364,CHEMBL3607903,CCN1C(=O)N(CCC(C)C)C2(CCN(Cc3c(O)cccc3Cl)CC2)C1=O
CHEMBL461073,0,500000.0,nM,CHEMBL364,CHEMBL969049,C=C(C)[C@@H]1CC[C@]2(C)CC[C@]3(C)[C@H](CC[C@@H]4[C@@]5(C)CC[C@H](OC(=O)C(O)COC(O)CCCCCCCCCCCCCCCCCC)C(C)(C)[C@@H]5CC[C@]43C)[C@@H]12
CHEMBL3216850,1,0.4,nM,CHEMBL364,CHEMBL3108258,Cl.Cl.N=C(N)c1ccc(-c2cc(-c3ccc(C(=N)N)nc3)no2)cc1
CHEMBL597469,1,519.0,nM,CHEMBL364,CHEMBL1040692,O=C1C=C(Nc2cccc(C(F)(F)F)c2)C(=O)c2ccccc21
CHEMBL3407513,0,50000.0,nM,CHEMBL364,CHEMBL3411089,C1=CCN(c2ccc3ncccc3c2)C1
CHEMBL4554126,0,18100.0,nM,CHEMBL364,CHEMBL4482217,CCc1oc(=O)c(Cc2c(O)c(C)c(C)oc2=O)c(O)c1C
CHEMBL547689,1,782.29,nM,CHEMBL364,CHEMBL1054503,CC1CCc2c(C(=O)N3CCc4ccccc4C3)csc2C1
CHEMBL169900,1,285.0,nM,CHEMBL364,CHEMBL3419248,[C-]#[N+][C@@]1(C)CC[C@H]2[C@H]3[C@H]4C(=CC[C@@H]31)CC(C)(C)C[C@@H]4C[C@@H]2C
CHEMBL15192,0,20500.0,nM,CHEMBL364,CHEMBL5113925,CC1(C)CCC2=C(O1)c1ccccc1C(=O)C2=O
CHEMBL484086,0,140000.0,nM,CHEMBL364,CHEMBL966138,COc1cc2c(cc1OC)[C@@H](c1ccc3c(c1)OCO3)[C@H](C)[C@H](C)C2=O
CHEMBL532726,1,240.86,nM,CHEMBL364,CHEMBL1054503,O=C(/C=C/c1ccc(Cl)c(Cl)c1)NC1CCC(CN2CCC(c3nc4cc(O)ccc4[nH]3)CC2)CC1
CHEMBL602160,1,359.0,nM,CHEMBL364,CHEMBL1040691,Cc1ccccc1Oc1cc(NC(=O)c2cc3n(n2)C(C(F)(F)F)CC(c2ccccc2)N3)cc(Oc2ccccc2C)c1
CHEMBL463904,0,76300.0,nM,CHEMBL364,CHEMBL1017630,CC1(C)CCC[C@@]2(C)[C@H]1CC[C@@]1(CO1)[C@@H]2C/C=C(/C=O)CC=O
CHEMBL537762,1,172.94,nM,CHEMBL364,CHEMBL1054503,COc1ccc(C(=O)N[C@@H](CC(C)C)C(=O)N[C@H](/C=N/NC(=O)c2ccccc2)CCc2ccccc2)cc1OCCN1CCOCC1
CHEMBL581179,1,306.74,nM,CHEMBL364,CHEMBL1054503,COc1ccc2nccc([C@@H](O)CN3CCC(NC(=O)C(=O)c4c[nH]c5c(C)cccc45)CC3)c2c1
CHEMBL585040,1,843.0,nM,CHEMBL364,CHEMBL1040691,CC1CCC(Nc2ccnc3cc(Cl)ccc23)CC1
CHEMBL3354447,1,69.0,nM,CHEMBL364,CHEMBL3376035,O=c1c(O)c(-c2ccc(O)c(O)c2)oc2c(CNCCc3cccc(F)c3)c(O)cc(O)c12
CHEMBL2322212,1,38.1,nM,CHEMBL364,CHEMBL2327114,Cn1c2nc3ccccc3c-2c(NCCCN2C(=O)CCSC2c2ccc(F)cc2)c2ccccc21
CHEMBL533269,1,0.0,nM,CHEMBL364,CHEMBL2114018,Cc1cc(C(=O)OCC(=O)Nc2c(C)n(C)n(-c3ccccc3)c2=O)c(C)n1-c1ccc(F)cc1
CHEMBL535500,1,621.05,nM,CHEMBL364,CHEMBL1054503,Cc1cc(=NN=Cc2ccccn2)c2cc(C(F)(F)F)ccc2[nH]1
CHEMBL2058838,1,2.0,nM,CHEMBL364,CHEMBL2060798,Cc1ccc(Nc2c(-c3ccc(F)cc3)nc3n2CCN(C(=O)C(C)(C)N)C3(C)C)cc1
CHEMBL578540,1,297.7,nM,CHEMBL364,CHEMBL1040692,CC1CCCCN1CCCNCc1ccc(OCc2ccccc2)cc1
CHEMBL585770,1,350.0,nM,CHEMBL364,CHEMBL1040692,O=C(NC(Cc1ccccc1)c1nnc(SCc2ccc(F)cc2)n1-c1ccc(Cl)cc1Cl)C1CCCCC1
CHEMBL4290643,0,104600.0,nM,CHEMBL364,CHEMBL4254764,CC(C)=CCC1=C(OCc2cn(-c3ccc(S(N)(=O)=O)cc3)nn2)C(=O)c2ccccc2C1=O
CHEMBL529747,1,956.7,nM,CHEMBL364,CHEMBL1054503,Cc1cc(C)n(Cc2ccc(C(=O)NCC3CCCCC3)cc2)n1
CHEMBL1928649,0,34200.0,nM,CHEMBL364,CHEMBL1930546,CC(C)C[C@H](NC(=O)OC(C)(C)C)C(=O)NNC(=O)/C=C/S(C)(=O)=O
CHEMBL529459,1,988.39,nM,CHEMBL364,CHEMBL1054503,CCc1ccc(S(=O)(=O)Nc2ccc(CCN3CCC(N4CCCCC4)CC3)cc2)cc1
CHEMBL5397207,1,800.0,nM,CHEMBL364,CHEMBL5320285,CN1C(=O)c2ccccc2N2C(=O)CCC12C(=O)Nc1cccc(OC(F)(F)F)c1
CHEMBL3828742,1,80.0,nM,CHEMBL364,CHEMBL3830115,COc1cc(O)c(-c2c(C)cc(O)c3c(OC)cccc23)c2c1[C@@H](C)N(C)[C@@H](C)C2
CHEMBL581873,1,62.0,nM,CHEMBL364,CHEMBL1040691,CCCCN1Cc2ccc(C(N)=O)cc2N=C1C1CC1
CHEMBL3581818,1,320.0,nM,CHEMBL364,CHEMBL3584387,O=C(NCCCNc1nc2ccccc2[nH]1)c1cc(F)cc(F)c1
CHEMBL579504,1,297.93,nM,CHEMBL364,CHEMBL1054503,O=C(Nc1ccccc1)c1ccc(N2CCC(COc3cccc(C(F)(F)F)c3)CC2)nc1
CHEMBL548075,1,874.77,nM,CHEMBL364,CHEMBL1054503,Fc1cccc(COc2ccc(Nc3ncnc4sc(C#CCNC5CCC5)cc34)cc2Cl)c1
CHEMBL3408746,0,45000.0,nM,CHEMBL364,CHEMBL3411089,O=C1CCCN1c1ccc2ncccc2c1
CHEMBL602765,1,450.0,nM,CHEMBL364,CHEMBL1040691,COc1cc(C(=O)NC2CC3CCC(C2)N3C2CC2)cc(OC)c1OC
CHEMBL3181787,0,15000.0,nM,CHEMBL364,CHEMBL3999124,O=C(Nc1ccccn1)c1sc2ccccc2c1Cl
CHEMBL591891,0,15000.0,nM,CHEMBL364,CHEMBL730080,CCCc1cc(O)nc(-n2nc(C)cc2NC(=O)c2cc(Cl)ccc2Cl)n1
CHEMBL313721,1,510.0,nM,CHEMBL364,CHEMBL761151,O=C(CCC[C@H]1OO[C@H](CCCC(=O)c2ccc(F)cc2)OO1)c1ccc(F)cc1
CHEMBL529532,1,702.55,nM,CHEMBL364,CHEMBL1054503,Cc1cc(N(C)C2CCN(CC3CCCCC3)C2)nc(Nc2ccc(Br)cc2)n1
CHEMBL5027096,0,11000.0,nM,CHEMBL364,CHEMBL4888489,CCn1cc(-c2nc(-c3ccccc3C)no2)c(=O)c2cc(F)c(N3CCCCC3)cc21
CHEMBL1223569,0,35800.0,nM,CHEMBL364,CHEMBL1225898,S=C(N/N=C/c1ccco1)N1CCCCCC1
CHEMBL533007,1,118.64,nM,CHEMBL364,CHEMBL1054503,CC[C@H]1CN2CC[C@H]1C[C@@H]2[C@@H](O)c1ccnc2ccc(OC)cc12.Cl
CHEMBL2049208,0,15015.0,nM,CHEMBL364,CHEMBL2049756,CCOC(=O)CCCCCOc1cccc(CN(C(=O)c2ccc(-c3cccc(S(C)(=O)=O)c3)cc2)C(C)C)c1
CHEMBL515650,0,10000.0,nM,CHEMBL364,CHEMBL941604,OC[C@H]1O[C@@H](n2cnc3c(Nc4ccccc4)nc(NCCc4cnc[nH]4)nc32)[C@H](O)[C@@H]1O
CHEMBL2049201,0,15015.0,nM,CHEMBL364,CHEMBL2049756,CCOC(=O)CCCCCOc1cccc(CN(C(=O)c2ccc(-c3cc(OC)ccc3F)cc2)C(C)C)c1
CHEMBL600354,1,15.2,nM,CHEMBL364,CHEMBL1040692,Oc1ccc(-c2ccnc3cc(Cl)ccc23)cc1CNC1CCCCC1
CHEMBL523408,1,174.23,nM,CHEMBL364,CHEMBL1002006,O=C(OCC1c2ccccc2-c2ccccc21)N1CCC2(CC1)COC1(OO2)C2CC3CC(C2)CC1C3
CHEMBL600559,1,688.0,nM,CHEMBL364,CHEMBL1040691,COc1ccc2c(c1)sc1nc(C)c(C)c(C)[n+]12
CHEMBL531614,1,593.56,nM,CHEMBL364,CHEMBL1054503,Cc1nnsc1C(=O)Nc1ccc(-c2ccc(-c3nc4cccc(C)c4[nH]3)s2)cc1
CHEMBL445477,1,305.0,nM,CHEMBL364,CHEMBL975629,COc1ccc2cc1Oc1ccc(cc1)C[C@@H]1c3cc(c(OC)cc3CCN1C)Oc1c(OC)c(OC)cc3c1[C@@H](C2)N(C)CC3
CHEMBL4927115,1,758.6,nM,CHEMBL364,CHEMBL4888488,O=c1nc2n(nc1-c1ccccc1)C1(CCC1)Nc1ccccc1-2
CHEMBL581256,1,190.9,nM,CHEMBL364,CHEMBL1040692,O=C1NC(=S)N/C1=C/c1cccc(Oc2ccccc2)c1
CHEMBL601623,0,15000.0,nM,CHEMBL364,CHEMBL730079,CC(=O)C1=C(c2ccc(Br)cc2)N(C(C)=O)n2cnnc2S1
CHEMBL535230,1,658.9,nM,CHEMBL364,CHEMBL1054503,N#CCCN1CCN(Cc2ccc(-c3ccc(-c4nc5cc(F)ccc5[nH]4)s3)cc2)CC1.O=C(O)C(F)(F)F
CHEMBL4277624,0,20000.0,nM,CHEMBL364,CHEMBL4262319,CC(=O)[C@@]12O[C@@H]1C[C@H]1[C@H]3CC=C4[C@@H](CC[C@@H](O)C4(C)C)[C@]3(C)C(=O)C[C@@]12C
CHEMBL3417433,1,173.2,nM,CHEMBL364,CHEMBL3419629,CC(=O)c1ccc(OCC(=O)NCCCNc2ccnc3cc(Cl)ccc23)cc1
CHEMBL601985,1,600.0,nM,CHEMBL364,CHEMBL1040692,CCOC(=O)C1=C(N)OC2=C(C(=O)CC(c3ccccc3)C2)C1c1ccc(Cl)cc1Cl
CHEMBL5289043,1,138.0,nM,CHEMBL364,CHEMBL5242750,COc1cc(O)c(-c2cc(-c3cc(-c4c(O)cc5c(c4OC)[C@H](C)N[C@H](C)C5)c4cc(C)cc(OC)c4c3O)c(O)c3c(OC)cc(C)cc23)c2c1[C@@H](C)N[C@H](C)C2
CHEMBL3604004,1,840.0,nM,CHEMBL364,CHEMBL3607903,CC(C)CCN1C(=O)N(Cc2cccnc2)C(=O)C12CCN(Cc1cc(Cl)ccc1O)CC2
CHEMBL532009,1,76.61,nM,CHEMBL364,CHEMBL1054503,CN1CCN(c2ccnc3ccc(NC(=O)Nc4ccc5ccccc5c4)cc23)CC1.Cl
CHEMBL535940,1,830.43,nM,CHEMBL364,CHEMBL1054503,CC[C@H](NC(=O)c1ccc(NC(=O)OC(C)(C)C)cc1)C(=O)N[C@@H](CO)C(=O)NCCCCc1ccccc1
CHEMBL1668534,0,214110.0,nM,CHEMBL364,CHEMBL1670563,CCN(CC)CC(Cn1cnc2c(N)ncnc21)NCc1ccccc1
CHEMBL3338914,1,300.0,nM,CHEMBL364,CHEMBL3382422,CC(C)(C)c1ccc2c(c1)[C@H]1O[C@H](COCc3ccccc3)[C@@H](OCc3ccccc3)[C@H](OCc3ccccc3)[C@H]1C[S@+]2[O-]
CHEMBL4763277,1,220.0,nM,CHEMBL364,CHEMBL4704380,Fc1ccc(-c2nc3c(N4CCN5CCCC5C4)nccc3[nH]2)cc1F
CHEMBL586788,1,8.37,nM,CHEMBL364,CHEMBL1040692,Cc1ccn2c(NC(C)(C)CC(C)(C)C)c(-c3ccccc3OC(=O)c3cccc(F)c3)nc2c1
CHEMBL5271497,1,58.0,nM,CHEMBL364,CHEMBL5246822,C[C@H]1C(=O)O[C@@H]2O[C@]3(C)CC[C@H]4N(Cc5ccccc5)CC[C@@H]1[C@@]24OO3
CHEMBL528524,1,246.94,nM,CHEMBL364,CHEMBL1054503,O=C(Cc1cccs1)NC(CCCN1CCC(Oc2cccc(Cl)c2)CC1)c1ccc(Cl)c(Cl)c1
CHEMBL600163,1,387.0,nM,CHEMBL364,CHEMBL1040691,CCC1CCCCN1C(=O)C1CC(=O)N(c2ccc(OC)cc2)C1c1ccc(OC)cc1
CHEMBL545836,1,3.2,nM,CHEMBL364,CHEMBL1054503,Br.CCC(ON1C(N)=NC(N)=NC1(C)C)c1ccc(Cl)cc1
CHEMBL4288283,1,310.0,nM,CHEMBL364,CHEMBL4269150,O=C(Nc1ccc(-c2nc3ccccc3[nH]2)cc1)c1cc([N+](=O)[O-])cc([N+](=O)[O-])c1
CHEMBL1802298,1,390.0,nM,CHEMBL364,CHEMBL1805579,CO[C@H]1C/C=C/c2nc(co2)-c2nc(co2)-c2nc(co2)[C@H](OC)[C@@H](C)[C@@H](O)C[C@@H](C)C[C@H](O)CC(=O)O[C@@H](C[C@H](OC)[C@@H](C)CCC(=O)/C(C)=C/[C@H](C)/C=C/N(C)C=O)[C@@H]1C
CHEMBL93621,0,11000.0,nM,CHEMBL364,CHEMBL4272724,Clc1ccc(C(c2c[nH]cc2-c2ccc(-c3ccccc3)cc2)n2ccnc2)c(Cl)c1
CHEMBL4225974,0,18900.0,nM,CHEMBL364,CHEMBL4222717,CC(=O)O.N=C(N)c1ccc(-c2ccc(-c3ccccc3)s2)cc1
CHEMBL588672,1,692.69,nM,CHEMBL364,CHEMBL1054503,O=C(CCc1c[nH]cn1)Nc1ccc(-c2ccc(-c3nc4cc(F)ccc4[nH]3)cc2)cc1
CHEMBL2089263,0,100000.0,nM,CHEMBL364,CHEMBL2089999,Cc1nc(NC2=NCCC(=O)N2)nc2ccccc12
CHEMBL5271689,0,69000.0,nM,CHEMBL364,CHEMBL5260403,COc1ccc(-c2cn(CCCCc3cn(Cc4cnc(C)nc4N)nn3)nn2)cc1
CHEMBL5434386,1,420.0,nM,CHEMBL364,CHEMBL5320285,CCN1C(=O)c2ccccc2N2C(=O)CCC12C(=O)Nc1cccc(Cl)c1
CHEMBL4571014,1,21.0,nM,CHEMBL364,CHEMBL4310136,O=C(c1ccnc(Nc2nc3cnc(Nc4ccc(F)c(F)c4)cc3[nH]2)c1)N1CCC(F)(F)CC1
CHEMBL600357,1,26.73,nM,CHEMBL364,CHEMBL1040692,O=[N+]([O-])c1ccc(-n2ncc(-c3nc(-c4ccc(Cl)cc4)no3)c2C(F)(F)F)cc1
CHEMBL527553,1,958.11,nM,CHEMBL364,CHEMBL1054503,OC(CNc1cccc(Cl)c1)Cn1c2ccc(Cl)cc2c2cc(Cl)ccc21
CHEMBL600979,0,15000.0,nM,CHEMBL364,CHEMBL730080,COc1ccc(NC(=O)Cn2ncc3c(=O)oc4ccc(C)cc4c32)cc1
CHEMBL546179,1,794.77,nM,CHEMBL364,CHEMBL1054503,O=C(NC1CCCCN(Cc2ccccc2O)C1)c1cccc(C(F)(F)F)c1.O=C(O)C(F)(F)F
CHEMBL6161094,1,22.0,nM,CHEMBL364,CHEMBL6089898,CCn1cc(C)c2c([C@H](O)c3ccc(C(F)(F)F)nc3)n(C)nc2c1=O
CHEMBL3478771,1,789.29,nM,CHEMBL364,CHEMBL4649964,CC(C)c1nccc(C2(c3ccccc3Cl)CCNCC2)n1
CHEMBL1928655,0,10000.0,nM,CHEMBL364,CHEMBL1930546,CC(C)C[C@H](NC(=O)OCc1ccccc1)C(=O)NN(CCc1ccccc1)C(=O)/C=C/S(=O)(=O)c1ccccc1
CHEMBL1093941,0,100000.0,nM,CHEMBL364,CHEMBL1112571,COc1ccc(/C=C/C(=O)c2ccccc2OCC2=CN(CC(O)COC3=C(C)C(=O)SC3C)NN2)c(OC)c1OC
CHEMBL548978,1,139.97,nM,CHEMBL364,CHEMBL1054503,O=C(O)C(F)(F)F.c1cc(CN2CCC(CCN3CCCCC3)CC2)cc(-c2cccc(-c3nc4ccccc4[nH]3)c2)c1
CHEMBL547479,1,807.84,nM,CHEMBL364,CHEMBL1054503,Cc1ccc(-c2cnc(N)c3cc(-c4ccnc(N)n4)ccc23)cc1
CHEMBL3588897,1,50.0,nM,CHEMBL364,CHEMBL3593053,O=C(O)c1cc(O)c(O)c(=O)c(O)c1
CHEMBL299988,0,130000.0,nM,CHEMBL364,CHEMBL5150360,CCCCCC(O)(P(=O)(O)O)P(=O)(O)O
CHEMBL176726,1,240.0,nM,CHEMBL364,CHEMBL760657,CO[C@H]1O[C@@]2(C)OOC13CCCC[C@@H]3CC2Cc1ccc(COCc2ccc(F)cc2)cc1
CHEMBL590696,0,15000.0,nM,CHEMBL364,CHEMBL730080,COc1ccc(-n2c(=O)c3c4c(sc3n3c(SCc5ccccc5)nnc23)COC(C)(C)C4)cc1
CHEMBL333634,1,270.0,nM,CHEMBL364,CHEMBL1805139,O=C1CC(c2ccc(C(F)(F)F)cc2)Cc2c1c(=O)c1cc(Cl)ccc1n2O
CHEMBL533739,1,601.75,nM,CHEMBL364,CHEMBL1054503,Cc1cccc2nc(-c3cccc(-c4cccc(CNCC5CCCO5)c4)c3)[nH]c12.O=C(O)C(F)(F)F
CHEMBL4642330,1,860.0,nM,CHEMBL364,CHEMBL4614043,CCOC(=O)C1Cc2c([nH]c3ccccc23)CN1Cc1cn(CCNc2ccnc3cc(Cl)ccc23)nn1
CHEMBL531582,1,201.7,nM,CHEMBL364,CHEMBL1054503,O=C(O)C(F)(F)F.c1cncc(CCNCc2cccc(-c3ccc(-c4nc5ccccc5[nH]4)s3)c2)c1
CHEMBL3215793,1,9.0,nM,CHEMBL364,CHEMBL1046935,Cl.Cl.Oc1ccc(C2=NCCN2)cc1-c1cn(-c2ccc(C3=NCCN3)cc2)nn1
CHEMBL4089559,1,501.0,nM,CHEMBL364,CHEMBL4056501,CC(C)CCCCCc1cc(=O)c2ccccc2[nH]1
CHEMBL578509,0,12500.0,nM,CHEMBL364,CHEMBL1040691,COC(CNC(=O)c1c[nH]c2ccc(S(=O)(=O)N3CCN(C)CC3)cc2c1=O)OC
CHEMBL2086451,1,7.0,nM,CHEMBL364,CHEMBL2090888,COc1cc([C@H](O)[C@@H](C)Oc2c(OC)cc(-c3ccccc3)cc2OC)cc(OC)c1OC
CHEMBL601820,1,233.3,nM,CHEMBL364,CHEMBL1040692,CC(=O)N(C1=C(N2CCC(C)CC2)C(=O)c2ccccc2C1=O)c1cccc(F)c1
CHEMBL3215805,1,727.0,nM,CHEMBL364,CHEMBL1107039,C[C@H]1[C@@H](CC(=O)NCCCCNCCCN)O[C@@H]2O[C@@]3(C)CC[C@H]4[C@H](C)CC[C@@H]1[C@@]24OO3.Cl.Cl
CHEMBL5566294,0,10000.0,nM,CHEMBL364,CHEMBL5506805,Cc1cc(N2CCN(c3ccnc4cc(Cl)ccc34)CC2)n2nc(C)nc2n1
CHEMBL3404019,0,10000.0,nM,CHEMBL364,CHEMBL3406688,O=C(O)[C@@H]1Cc2c([nH]c3ccccc23)[C@@H](c2ccccc2)N1
CHEMBL2314637,1,2.1,nM,CHEMBL364,CHEMBL2319042,COCCc1sc[n+](CCCCc2ccc(CCCC[n+]3csc(CCOC)c3C)c3ccccc23)c1C.[Cl-].[Cl-]
CHEMBL4449532,1,1.5,nM,CHEMBL364,CHEMBL4331649,CCCN(CCC)C(=O)c1cc(F)cc(C(=O)N[C@@H](Cc2ccccc2)[C@H](O)CNC(C)(C)c2cccc(OC)c2)c1
CHEMBL379731,0,37000.0,nM,CHEMBL364,CHEMBL870927,CC(C)(C)[Si](C)(C)O
CHEMBL239942,1,3.0,nM,CHEMBL364,CHEMBL902564,C(CCCCCCNC1=NCCCC1)CCCCCNC1=NCCCC1
CHEMBL594069,1,300.0,nM,CHEMBL364,CHEMBL1069990,Cc1cc(NC2CCN(Cc3ccccc3)CC2)nc(N2CCCN(C)CC2)n1
CHEMBL580967,1,512.32,nM,CHEMBL364,CHEMBL1054503,CCCCN1CCN(CCCNc2c3ccccc3nc3ccccc23)CC1.Cl
CHEMBL2334057,1,9.8,nM,CHEMBL364,CHEMBL2342742,Cc1cc(Nc2ccc(C(=O)N[C@@H](Cc3ccccc3)[C@H](O)CN[C@H](C)c3ccccc3)cc2)ccn1
CHEMBL1852704,1,211.0,nM,CHEMBL364,CHEMBL3599168,S=C(NCCCNCCCCCCNCCCNC(=S)NC(c1ccccc1)c1ccccc1)NC(c1ccccc1)c1ccccc1
CHEMBL3216427,1,10.0,nM,CHEMBL364,CHEMBL961733,Cl.Cl.c1cc(C2=NCCN2)ccc1OCCCOc1ccc(C2=NCCN2)cc1
CHEMBL528966,1,49.0,nM,CHEMBL364,CHEMBL2045642,COc1cc(-c2cc(-c3ccc(S(C)(=O)=O)cc3)cnc2N)ccc1O
CHEMBL547453,1,725.84,nM,CHEMBL364,CHEMBL1054503,CCC[C@@H]1CCN[C@H]([C@H](O)c2ccnc3ccc(OC)cc23)C1.Cl
CHEMBL588231,1,658.24,nM,CHEMBL364,CHEMBL1054503,O=C(N[C@H]1CCN(CCc2ccc(O[C@H]3CCNC3)c(Br)c2)C1)c1ccc(Cl)c(Cl)c1.O=C(O)C(F)(F)F
CHEMBL180239,1,450.0,nM,CHEMBL364,CHEMBL923045,COc1cc(/C=C/c2cc(/C=C/c3ccc(O)c(OC)c3)[nH]n2)ccc1O
CHEMBL5590475,1,38.5,nM,CHEMBL364,CHEMBL5581513,CCOC(=O)C1=C(C)NC2=C(C(=O)OC(c3ccc(OC)c(OC)c3)C2)C1c1ccccc1C
CHEMBL4125997,1,142.0,nM,CHEMBL364,CHEMBL4124881,[Br-].[Br-].c1ccc2c(c1)c(N1CCCCCC1)cc[n+]2Cc1ccc(OCCOc2ccc(C[n+]3ccc(N4CCCCCC4)c4ccccc43)cc2)cc1
CHEMBL2049059,0,15015.0,nM,CHEMBL364,CHEMBL2049756,COc1ccc(F)c(-c2ccc(C(=O)N(Cc3cccc(OCCCCCC(=O)O)c3)C(C)C)cc2)c1
CHEMBL4647787,0,10000.0,nM,CHEMBL364,CHEMBL4604482,c1ccc2c(c1)[nH]c1c([C@H]3CC[C@H]3c3nccc4c3[nH]c3ccccc34)nccc12
CHEMBL589683,0,15000.0,nM,CHEMBL364,CHEMBL730079,Cc1ccc2oc(-c3cccc(NC(=O)C(Cl)(Cl)Cl)c3C)nc2c1
CHEMBL497128,1,620.0,nM,CHEMBL364,CHEMBL958109,CN(C)CCOC(=O)CCCC(=O)Oc1cc(Cl)ccc1Oc1ccc(Cl)cc1Cl
CHEMBL1929349,0,42940.0,nM,CHEMBL364,CHEMBL1932231,CN1CCN(CC(O)COc2ccc3ccccc3c2)CC1
CHEMBL536834,1,744.96,nM,CHEMBL364,CHEMBL1054503,Cc1ccccc1C(=O)NC(NC(=S)Nc1ccc([N+](=O)[O-])cc1)C(Cl)(Cl)Cl
CHEMBL582732,1,298.1,nM,CHEMBL364,CHEMBL1040691,Cc1ccc(C)c(Nc2nc(NCc3ccco3)c3ccccc3n2)c1.Cl
CHEMBL547005,1,624.47,nM,CHEMBL364,CHEMBL1054503,CN(C)CCNC(=O)c1ccc2c(c1)n(C1CCN(S(=O)(=O)c3ccc(-c4ccccc4)cc3)CC1)c(=O)n2CC1CCCCC1
CHEMBL580577,1,36.7,nM,CHEMBL364,CHEMBL1040692,CCOc1ccc(NC(=O)C2c3ccccc3C(=O)N(CC(C)C)C2c2cccs2)cc1
CHEMBL4249272,1,53.0,nM,CHEMBL364,CHEMBL4231440,Brc1ccc2cc(CNCC3CCNCC3)sc2c1
CHEMBL532774,1,199.0,nM,CHEMBL364,CHEMBL1054503,CCOC(=O)c1ccc(NC(=O)Nc2ccc(-c3ccc(-c4nc5cccc(C)c5[nH]4)s3)cc2)cc1
CHEMBL204953,0,43290.0,nM,CHEMBL364,CHEMBL859294,O=C(O)CCCN1CSC(=S)N(CCCCCCN2CN(CCCC(=O)O)CSC2=S)C1
CHEMBL2113966,0,40000.0,nM,CHEMBL364,CHEMBL2114000,O=S(=O)(Nc1ncnc2sc(-c3ccccc3)cc12)c1ccccc1
CHEMBL3120268,1,61.0,nM,CHEMBL364,CHEMBL3123464,CC(C)Nc1nc(NCc2ccccc2)c2sc(-c3ccccc3)cc2n1
CHEMBL602121,0,15000.0,nM,CHEMBL364,CHEMBL730080,COc1ccc(Nc2cc(C)nc(Nc3ccc(NS(=O)(=O)c4ccc(C)cc4)cc3)n2)cc1
CHEMBL1682601,1,219.8,nM,CHEMBL364,CHEMBL1687070,CC[C@H]1OC(=O)[C@H](C)[C@@H](O[C@H]2C[C@@](C)(OC)[C@@H](O)[C@H](C)O2)[C@H](C)[C@@H](O[C@@H]2O[C@H](C)C[C@H](N(C)C)[C@H]2O)[C@](C)(O)C[C@@H](C)CN(CCCNC(=O)Nc2cc(F)cc3c2OCOC3)[C@H](C)[C@@H](O)[C@]1(C)O
CHEMBL531384,1,711.27,nM,CHEMBL364,CHEMBL1054503,O=C(NCC1CCC(C(=O)NCc2cccc(C(F)(F)F)c2)CC1)c1ccc(O)c(-c2ccc(Cl)c(Cl)c2)c1
CHEMBL5183292,1,459.0,nM,CHEMBL364,CHEMBL5097888,CCCc1cccc(-[n+]2ccc3c(c2)[nH]c2ccc(Br)cc23)c1.[Br-]
CHEMBL527868,1,759.03,nM,CHEMBL364,CHEMBL1054503,C[C@H](NC(=O)c1c(CN2CCC(N3CCCCC3)CC2)c(-c2ccccc2)nc2cc(O)ccc12)C1CCCCC1
CHEMBL6149745,1,190.0,nM,CHEMBL364,CHEMBL6093680,Cc1cc(C)cc(CN(Cc2ccc(C(=O)NC3CC3)cc2)C2CC2)c1
CHEMBL586091,1,990.84,nM,CHEMBL364,CHEMBL1054503,COc1cc2c(cc1O)[C@@H]1[C@H](O)[C@@H](O)C=C3CCN(C2)[C@H]31
CHEMBL1256717,0,12589.25,nM,CHEMBL364,CHEMBL1267246,Cc1cc(C)c(NC(=O)C[C@H](CC(=O)O)c2cccc3ccccc23)c(C(=O)N2CCC3(CCCC3)CC2)c1
CHEMBL239944,1,2.2,nM,CHEMBL364,CHEMBL902564,C(CCCCCCNC1=NCCCCC1)CCCCCNC1=NCCCCC1
CHEMBL586087,1,220.49,nM,CHEMBL364,CHEMBL1054503,O=C(Nc1ccc(Cl)cc1)Nc1cccc(-c2cccc(-c3nc4cc(F)ccc4[nH]3)c2)c1
CHEMBL4076513,1,15.9,nM,CHEMBL364,CHEMBL4039511,CCCC1(O)CN(C(=O)c2cnc(Oc3ccc4c(c3C)B(O)OC4)cn2)C1
CHEMBL516260,1,610.0,nM,CHEMBL364,CHEMBL955148,Fc1ccc(Cn2c(N3CCN(c4ccnc5cc(Cl)ccc45)CC3)nc3ccccc32)cc1
CHEMBL530486,1,840.15,nM,CHEMBL364,CHEMBL1054503,Cc1ccc2[nH]c(C)cc(=NN=CC=Cc3ccccc3)c2c1
CHEMBL582293,1,191.4,nM,CHEMBL364,CHEMBL1040692,CC(=O)N(C1=C(N2CCOCC2)C(=O)c2ccccc2C1=O)c1ccc(Cl)c(Cl)c1
CHEMBL548733,1,978.1,nM,CHEMBL364,CHEMBL1054503,CC(C)(C)c1cc(C(=O)N2CCN(c3ccc(C(F)(F)F)cn3)CC2)n(Cc2ccc(F)cc2)n1
CHEMBL579464,1,775.68,nM,CHEMBL364,CHEMBL1054503,CCCCN(CCCC)CCCCCCNc1c2ccccc2nc2ccccc12.Cl
CHEMBL3137619,1,320.0,nM,CHEMBL364,CHEMBL3137666,Fc1ccc(CCCc2cncc3nnc(-c4ccc(OC(F)F)cc4)n23)cc1F
CHEMBL4642400,1,490.0,nM,CHEMBL364,CHEMBL4614043,CCOC(=O)C1Cc2c([nH]c3ccccc23)CN1Cc1cn(CCCNc2ccnc3cc(Cl)ccc23)nn1
CHEMBL531307,1,402.4,nM,CHEMBL364,CHEMBL1054503,FC(F)(F)c1cccc(CNCC2CCN(CC3CCCCC3)CC2)c1.O=C(O)C(F)(F)F
CHEMBL3466676,1,507.21,nM,CHEMBL364,CHEMBL4649964,Cc1n[nH]cc1CNC1(c2ccc(F)cc2)CCCC1
CHEMBL2368836,1,13.3,nM,CHEMBL364,CHEMBL762011,C[C@H]1[C@@H](OCc2cccc(CN3CCN(c4ccc(Cl)cc4)CC3)c2)O[C@@H]2O[C@]3(C)CC[C@H]4[C@H](C)CC[C@@H]1[C@@]24OO3
CHEMBL537758,1,990.66,nM,CHEMBL364,CHEMBL1054503,O=C(NCCCCCN1CCC(c2c[nH]c3ccccc23)CC1)Nc1ccc(I)cc1
CHEMBL5432902,0,183200.0,nM,CHEMBL364,CHEMBL5366812,C=CC(=O)Nc1ccc(N2CCN(C)CC2)nc1OC
CHEMBL1802542,1,840.0,nM,CHEMBL364,CHEMBL1803233,CN(C)CCNc1cc(-c2cccc(F)c2)c(C#N)c2nc3ccccc3n12
CHEMBL1376695,0,18000.0,nM,CHEMBL364,CHEMBL1947428,COc1cc(CCc2ccc3c(c2)OCO3)oc(=O)c1
CHEMBL4537137,1,10.1,nM,CHEMBL364,CHEMBL4327288,COc1cc2c(NC3CCN(Cc4ccccc4)CC3)nc(N3CCN(c4ccccc4)CC3)nc2cc1O
CHEMBL532349,1,240.39,nM,CHEMBL364,CHEMBL1054503,Cc1cc(=NN=Cc2cccc(Cl)c2)c2ccc(F)cc2[nH]1
CHEMBL2146538,1,399.0,nM,CHEMBL364,CHEMBL2150333,Clc1ccc2c(NCc3ncc(CN4CCCC4)[nH]3)ccnc2c1
CHEMBL587773,1,95.72,nM,CHEMBL364,CHEMBL1054503,COc1ccccc1NC(=O)Nc1cccc(-c2cccc(-c3nc4cccc(C)c4[nH]3)c2)c1
CHEMBL536191,1,958.0,nM,CHEMBL364,CHEMBL1054503,NC(=O)c1ccccc1Nc1nc(Nc2cc[nH]n2)ncc1Cl
CHEMBL4960253,0,10000.0,nM,CHEMBL364,CHEMBL4888491,NC(=O)C(NC(=O)c1cccc(Cl)c1)C(N)=O
CHEMBL528651,1,709.07,nM,CHEMBL364,CHEMBL1054503,Cc1cc(-c2cccc3c(C(=O)N4CCc5cc6nccc(N7CCN8CCC[C@H]8C7)c6cc54)cccc23)cc(C)n1.Cl
CHEMBL532032,1,234.81,nM,CHEMBL364,CHEMBL1054503,CCCCc1ccc(Cc2cnc3nc(N)nc(N)c3c2C)cc1
CHEMBL3410326,1,9.0,nM,CHEMBL364,CHEMBL3411606,CCCCOC(=O)OCOP(=O)(OCOC(=O)OCCCC)C(CCC(=O)NO)c1ccc(F)c(F)c1
CHEMBL5632239,0,18330.0,nM,CHEMBL364,CHEMBL5627861,COC(=O)C[C@H](OC(C)=O)[C@]1(C)[C@H]2CC[C@@]3(C)[C@H](c4ccoc4)OC(=O)[C@H]4O[C@]43[C@]2(C)[C@H](OC(C)=O)C[C@H]1C(C)(C)O
CHEMBL4461884,1,96.0,nM,CHEMBL364,CHEMBL4315232,COc1cc2nc(Nc3ccc(NC(=O)CCCCCCC(=O)NO)cc3)nc(NC3CCN(Cc4ccccc4Cl)CC3)c2cc1OC
CHEMBL3819493,1,6.0,nM,CHEMBL364,CHEMBL3820733,Clc1ccc2c(NCCCNc3nc(Cl)cc(Cl)n3)ccnc2c1
CHEMBL601197,0,15000.0,nM,CHEMBL364,CHEMBL730079,CC(=O)C1=C(C)NC(SCC(=O)c2cccc([N+](=O)[O-])c2)=C(C#N)C1c1ccc(Cl)cc1
CHEMBL1915273,1,0.55,nM,CHEMBL364,CHEMBL1920513,CC(=O)C[C@]1(O)c2ccccc2-[n+]2ccc3c([nH]c4ccccc43)c21.[Cl-]
CHEMBL586932,1,271.67,nM,CHEMBL364,CHEMBL1054503,CCOCCCNc1ncc(-c2ccsc2)c(-c2nc(C)cs2)n1
CHEMBL548022,1,151.0,nM,CHEMBL364,CHEMBL1054503,COc1cc2nc(NCc3ccccc3)nc(NCc3ccccc3)c2cc1OC
CHEMBL580000,1,754.08,nM,CHEMBL364,CHEMBL1054503,Cc1ccc(NC(=O)Nc2ccc(S(=O)(=O)c3ccc(NC(=O)Nc4ccc(C)c(Cl)c4)cc3)cc2)cc1Cl
CHEMBL548840,1,191.77,nM,CHEMBL364,CHEMBL1054503,Cc1cccc2nc(-c3cccc(-c4cccc(CNCCNC(=O)c5ccnn5C)c4)c3)[nH]c12.O=C(O)C(F)(F)F
CHEMBL531911,1,938.36,nM,CHEMBL364,CHEMBL1054503,COC(=O)Cn1c2ccccc2c2c(N)c(C(=O)OC)c(C)nc21
CHEMBL587547,1,281.86,nM,CHEMBL364,CHEMBL1054503,Cc1cc(C(=O)Nc2ccc3c(c2)CCN3C2CCN(Cc3cc(F)cc(F)c3F)C2)no1
CHEMBL4483747,0,200000.0,nM,CHEMBL364,CHEMBL4312172,CC(C)=CCC/C(C)=C/Cn1cc(CSc2ccccc2C(=O)O)nn1
CHEMBL6190062,0,22290.0,nM,CHEMBL364,CHEMBL6178060,Oc1cc(Cl)c(NCc2cn(CCOc3cc(Cl)ccc3Oc3ccc(Cl)cc3Cl)nn2)cc1Oc1ccc(Cl)cc1Cl
CHEMBL2368854,1,4.22,nM,CHEMBL364,CHEMBL762011,C[C@H]1[C@@H](CCN2CCN(Cc3ccccc3)CC2)O[C@@H]2O[C@]3(C)CC[C@H]4[C@H](C)CC[C@@H]1[C@@]24OO3
CHEMBL580567,1,766.56,nM,CHEMBL364,CHEMBL1054503,CN(Cc1ccccc1)C(=O)c1nn(CCCN2CCC(N3CCCC3)CC2)cc1-c1ccc(Cl)c(Cl)c1
CHEMBL581147,1,877.51,nM,CHEMBL364,CHEMBL1054503,Cc1cc(OCCCn2ccnc2)ccc1-c1csc(/N=C(\N)NCc2ccccc2)n1
CHEMBL3084788,1,572.0,nM,CHEMBL364,CHEMBL1285767,CCOC[C@@]1([C@H](CCc2ccccc2)NC(=O)[C@H](CC(C)C)NC(=O)OCc2ccccc2)OOC2(O1)C1CC3CC(C1)CC2C3
CHEMBL2062288,1,890.2,nM,CHEMBL364,CHEMBL1054503,CCN(CC)CCN(Cc1ccc(-c2ccc(C(F)(F)F)cc2)cc1)C(=O)Cn1c(CCc2ccc(F)c(F)c2)cc(=O)c2ccccc21.O=C(O)C(O)C(O)C(=O)O
CHEMBL407777,1,15.2,nM,CHEMBL364,CHEMBL933420,N=C(N)Nc1ccc(N2CCN(c3ccc(NC(=N)N)cc3)CC2)cc1
CHEMBL4097470,0,10000.0,nM,CHEMBL364,CHEMBL3996774,N#Cc1c(-c2ccc(C(F)(F)F)cc2)cc(NC2CCC(O)CC2)n2c1nc1ccccc12
CHEMBL5027626,0,10000.0,nM,CHEMBL364,CHEMBL4888491,O=C(COc1ccccc1)Nc1ccc2c(c1)C(O)=Nc1cccnc1O2
CHEMBL37611,1,580.0,nM,CHEMBL364,CHEMBL760050,N[C@@H](Cc1ccccc1)C(=O)Nc1ccc(NC(=O)/C=C/c2ccc(-c3ccc([N+](=O)[O-])cc3)o2)cc1C(=O)c1ccccc1
CHEMBL401243,0,260000.0,nM,CHEMBL364,CHEMBL896356,Clc1ccc2/c(=N/CCCN3CCN(CCCNCc4ccc(CN5CCCC5)cc4)CC3)cc[nH]c2c1
CHEMBL3216216,1,98.0,nM,CHEMBL364,CHEMBL961733,Cl.Cl.N=C(N)c1ccc(S(=O)(=O)CCCCCS(=O)(=O)c2ccc(C(=N)N)cc2)cc1
CHEMBL4928718,0,10000.0,nM,CHEMBL364,CHEMBL4888491,O=C1NC(=O)c2ccc3c4c(ccc1c24)C(=O)N(c1ccccc1)C3=O
CHEMBL2262206,0,11190.0,nM,CHEMBL364,CHEMBL3054147,COc1ccc(CN(CCc2ccc(Br)cc2)Cc2ccccc2)cc1O
CHEMBL3109536,1,512.0,nM,CHEMBL364,CHEMBL3110821,COc1ccc(C2(c3ccc(OC)cc3)NC(=N)N(CCCc3ccccc3)C2=O)cc1
CHEMBL528742,1,591.38,nM,CHEMBL364,CHEMBL1054503,CC[C@H](C)CNC(=O)c1cncc(-c2cccc(CNC3Cc4ccccc4C3)c2)c1.O=C(O)C(F)(F)F
CHEMBL3547034,1,40.0,nM,CHEMBL364,CHEMBL3599168,S=C(NCCCNCCCCCNCCCNC(=S)NCC(c1ccccc1)c1ccccc1)NCC(c1ccccc1)c1ccccc1
CHEMBL4074246,1,430.0,nM,CHEMBL364,CHEMBL3996773,CCNCCNc1cc(-c2ccc(Cl)cc2)c(C#N)c2nc3ccccc3n12
CHEMBL528757,1,395.61,nM,CHEMBL364,CHEMBL1054503,COc1cc(NC(=O)Nc2cc(C)nc3ccccc23)cc(OC)c1
CHEMBL547473,1,162.77,nM,CHEMBL364,CHEMBL1054503,CC[C@H]1CN2CC[C@H]1C[C@H]2[C@H](O)c1cc(-c2cccc(C)c2)nc2ccc(OC)cc12.Cl
CHEMBL4174971,1,27.0,nM,CHEMBL364,CHEMBL4142697,CC1(C)CC(=[N+]2CCCC2)C=CN1Cc1ccc(Cl)cc1.[Cl-]
CHEMBL530045,1,660.7,nM,CHEMBL364,CHEMBL1054503,Cc1[nH]c(C)c(-c2ccc(-c3ccccc3)nc2)c(=O)c1Br
CHEMBL3287986,1,200.0,nM,CHEMBL364,CHEMBL3296370,ClC(Cl)(Cl)c1nc2ccccc2nc1-c1ccccc1
CHEMBL6167376,0,10000.0,nM,CHEMBL364,CHEMBL6138679,CN(C(=O)c1cnc(-c2ccc(Cl)cc2)s1)c1ccc(Cl)cc1
CHEMBL3765464,0,25000.0,nM,CHEMBL364,CHEMBL3766049,N#Cc1c(NC(=O)Cc2c[nH]cn2)sc(C(=O)O)c1-c1ccc(Cl)cc1
CHEMBL5430270,1,900.0,nM,CHEMBL364,CHEMBL5320285,CN1C(=O)c2ccccc2N2C(=O)CCC12C(=O)Nc1ccc(Cl)cc1
CHEMBL592804,0,15000.0,nM,CHEMBL364,CHEMBL730079,CCOc1ccccc1NC(=O)C(C)Oc1cccc(Br)c1
CHEMBL529071,1,759.1,nM,CHEMBL364,CHEMBL1054503,COc1c(OC)c(OC)c2ccccc2c1CNCCCCCCNCc1c(OC)c(OC)c(OC)c2ccccc12.Cl
CHEMBL534428,1,833.76,nM,CHEMBL364,CHEMBL1054503,CS(=O)(=O)Nc1cccc(-c2cnc3[nH]cc(-c4ccc(C(=O)O)c(F)c4)c3c2)c1
CHEMBL119073,1,150.0,nM,CHEMBL364,CHEMBL759677,C[N+]1(CCCCCCCCCC[N+]2(C)CCCC2)CCCC1.[Br-].[Br-]
CHEMBL3342223,1,231.0,nM,CHEMBL364,CHEMBL3374657,C[C@@H]1CN([C@@H](C)CN(C)C)C(=O)c2cccnc2O[C@@H](C)CCCCO[C@H]1CN(C)S(=O)(=O)c1ccc(F)cc1
CHEMBL588781,1,823.15,nM,CHEMBL364,CHEMBL1054503,O=C(Nc1ccnc(-c2cccnc2)n1)c1cc(C(F)(F)F)cc(C(F)(F)F)c1
CHEMBL600715,1,3.31,nM,CHEMBL364,CHEMBL1040692,CC1CCC2C(C)C(O)OC3OC4(C)CCC1C32OO4
CHEMBL3589926,1,170.2,nM,CHEMBL364,CHEMBL3592467,C=C[C@H]1CN2CC[C@H]1C[C@@H]2[C@@H](O)c1cc(CC[C@@H](C)[C@H]2CC[C@H]3[C@@H]4[C@H](O)[C@H](O)[C@@H]5C[C@H](O)CC[C@]5(C)[C@H]4CC[C@]23C)nc2ccc(OC)cc12
CHEMBL2331692,1,391.0,nM,CHEMBL364,CHEMBL2344483,CN(CCO)CCCNc1ccnc2cc(Cl)ccc12
CHEMBL4208389,1,111.0,nM,CHEMBL364,CHEMBL4180223,COc1ccc(CCN2CCC(Nc3nc4ccccc4n3Cc3ccc(Br)cc3)CC2)cc1
CHEMBL3288913,1,8.5,nM,CHEMBL364,CHEMBL3291900,CC(C)Oc1cc(NC(=N)c2ncccn2)ccc1-c1ccc(-c2ccc(NC(=N)c3ncccn3)cc2OC(C)C)o1.Cl
CHEMBL238920,1,46.0,nM,CHEMBL364,CHEMBL900417,c1cc2oc(CCc3cc4ccc(C5=NCCN5)cc4o3)cc2cc1C1=NCCN1
CHEMBL5178282,1,830.0,nM,CHEMBL364,CHEMBL5131158,CCC1(CC)CC(=O)N([C@@H](c2ccccc2)c2cccc(C(=O)N[C@@H](C)c3ccccc3)c2)C(=N)N1
CHEMBL536436,1,624.94,nM,CHEMBL364,CHEMBL1054503,CC(CCCC(=O)Nc1ccc(CC(C)NCCc2cccc(Cl)c2)cc1)NCCc1cccc(Cl)c1
CHEMBL6168501,1,73.1,nM,CHEMBL364,CHEMBL6115095,CC(C)CCc1sc(NC(=O)c2cc(NC(=O)c3ccc(/C=C/c4ccc(C(F)(F)F)cc4)cc3)cn2C)nc1C(=O)NCCCN(C)C.O=C(O)C(F)(F)F
CHEMBL4474940,1,524.81,nM,CHEMBL364,CHEMBL4400263,CNc1nccc(-c2c(-c3ccc(F)cc3)nc3cc(NCCN(C)C)ccn23)n1
CHEMBL586551,1,693.21,nM,CHEMBL364,CHEMBL1054503,O=C(C=Cc1ccc(Cl)c(Cl)c1)NCCCCCN1CCC(CCNC(=O)c2ccc3c(c2)OCO3)CC1
CHEMBL3084786,1,582.0,nM,CHEMBL364,CHEMBL1285767,COC[C@@]1([C@H](CCc2ccccc2)NC(=O)[C@H](CC(C)C)NC(=O)OCc2ccccc2)OOC2(O1)C1CC3CC(C1)CC2C3
CHEMBL526068,1,623.71,nM,CHEMBL364,CHEMBL1054503,CC(C)CNCc1cccc(-c2cccc(CN(CCCN3CCN(C)CC3)C(=O)CCC3CCCC3)c2)c1.O=C(O)C(F)(F)F
CHEMBL531661,1,638.9,nM,CHEMBL364,CHEMBL1054503,CCN(CC(C)O)C(=O)c1ccc(-c2cccc(-c3nc4cccc(C)c4[nH]3)c2)cc1
CHEMBL358063,1,4.9,nM,CHEMBL364,CHEMBL753457,CC[N+](CC)(CCO)CCCCCCCCCCCCCCCC[N+](CC)(CC)CCOC.[Br-].[Br-]
CHEMBL5181112,1,21.0,nM,CHEMBL364,CHEMBL5160032,COc1cc(F)ccc1-c1cnc2sc(N3CCC(O)(CN)CC3)nn12
CHEMBL3617454,1,451.0,nM,CHEMBL364,CHEMBL3620182,Nc1nc(NC2CCOCC2)c2sc(-c3ccc(C(F)(F)F)cc3)cc2n1
CHEMBL36759,1,710.0,nM,CHEMBL364,CHEMBL760050,NC(Cc1ccc(C(F)(F)F)cc1)C(=O)Nc1ccc(NC(=O)/C=C/c2ccc(-c3ccc([N+](=O)[O-])cc3)o2)cc1C(=O)c1ccccc1
CHEMBL4860884,1,17.0,nM,CHEMBL364,CHEMBL4812658,Cc1c(Cc2ccc(C(F)(F)F)nc2)c[nH]c1C(=O)NC(C)c1cc(C#N)[nH]n1
CHEMBL2435417,0,18900.0,nM,CHEMBL364,CHEMBL2438763,C/C=C(/C)C(=O)OC(C)c1cc2c(cc1OC)OC(C)(C)C=C2
CHEMBL550533,1,712.0,nM,CHEMBL364,CHEMBL1056788,CC(C)(C)C(=O)CN(CCNc1ccnc2cc(Cl)ccc12)C(=O)c1cnccn1
CHEMBL589477,0,15000.0,nM,CHEMBL364,CHEMBL730079,CCCCCCc1cc(O)c2c(C)cc(=O)oc2c1
CHEMBL301954,0,200000.0,nM,CHEMBL364,CHEMBL769481,CC(C)N(C(C)C)C(P(=O)(O)O)P(=O)(O)O
CHEMBL585772,1,250.7,nM,CHEMBL364,CHEMBL1040691,O=C(c1ccc([N+](=O)[O-])cc1)c1ccc(Cl)c(Cl)c1
CHEMBL2323928,1,180.0,nM,CHEMBL364,CHEMBL2329357,O=CN(O)CCC(c1cccnc1)P(=O)(O)O
CHEMBL533377,1,62.36,nM,CHEMBL364,CHEMBL1054503,FC(F)(F)c1ccc2[nH]c(-c3ccc(-c4ccc(CN5CCN(c6ccncc6)CC5)cc4)cc3)nc2c1.O=C(O)C(F)(F)F
CHEMBL529873,1,832.05,nM,CHEMBL364,CHEMBL1054503,Oc1cc(Nc2ccnc3cc(I)ccc23)c(F)cc1Cl
CHEMBL583620,1,3.8,nM,CHEMBL364,CHEMBL1041451,C[C@H]1[C@H](c2ccc(CN3CCN(C)CC3)n2C)O[C@@H]2O[C@@]3(C)CC[C@H]4[C@H](C)CC[C@@H]1[C@@]24OO3
CHEMBL547003,1,722.77,nM,CHEMBL364,CHEMBL1054503,Cc1ccc(O)cc1Nc1ccnc2cc(-c3ccncc3)ccc12.Cl
CHEMBL548923,1,674.69,nM,CHEMBL364,CHEMBL1054503,O=C(NCc1ccccc1)c1nn(CCCN2CCC(N3CCCC3)CC2)cc1-c1ccc(Cl)c(Cl)c1
CHEMBL546956,1,816.56,nM,CHEMBL364,CHEMBL1054503,CCCNc1ccc(-c2cc(C(N)=O)c3[nH]cc(C4CCN(S(=O)(=O)CC)CC4)c3c2)cn1.O=C(O)C(F)(F)F
CHEMBL1275726,1,708.0,nM,CHEMBL364,CHEMBL1285662,CC1(C)Cc2c(Br)ccc(O)c2C=N1
CHEMBL579103,1,449.0,nM,CHEMBL364,CHEMBL1040692,COC(=O)c1ccccc1NC(=O)CN(C)c1nc(-c2ccc(OC)cc2)no1
CHEMBL587184,1,796.94,nM,CHEMBL364,CHEMBL1054503,COc1ccccc1C1CN(CCNC(=O)c2nc(C)c[nH]2)Cc2ccccc2O1
CHEMBL558656,1,46.0,nM,CHEMBL364,CHEMBL1058990,c1ccc(OCCCCOc2ccc(-c3cc4ccc(C5=NCCN5)cc4o3)cc2)cc1
CHEMBL547956,1,804.07,nM,CHEMBL364,CHEMBL1054503,Br.CNCCc1c(O)ccc2ccccc12
CHEMBL531537,1,151.95,nM,CHEMBL364,CHEMBL1054503,Cc1cccc2nc(-c3ccc(-c4ccc(NC(=O)Nc5ccc(Cl)cc5)cc4)s3)[nH]c12
CHEMBL4636829,1,340.0,nM,CHEMBL364,CHEMBL4605392,Cc1[nH]c(C(=O)NC2CC2)c(C)c1Cc1ccc(C(F)(F)F)cn1
CHEMBL5590593,1,12.3,nM,CHEMBL364,CHEMBL5581514,COCC1=C(C(=O)OC)C(c2ccc(Cl)cc2C)C2=C(CC(c3ccc(OC)c(OC)c3)OC2=O)N1
CHEMBL511171,1,166.0,nM,CHEMBL364,CHEMBL1016905,NCc1cc(Cc2ccnc3cc(Cl)ccc23)ccc1O
CHEMBL531280,1,951.63,nM,CHEMBL364,CHEMBL1054503,O=C(Nc1cccc(-c2cc(-c3c(Cl)cccc3Cl)no2)c1)c1cncc(-c2cccs2)c1
CHEMBL548210,1,293.63,nM,CHEMBL364,CHEMBL1054503,CC(C)C[C@H](NC(=O)c1ccc(OCCN2CCOCC2)cc1)C(=O)N[C@H](/C=N/N1CCN(C)C1=O)CCc1ccccc1
CHEMBL587255,1,696.09,nM,CHEMBL364,CHEMBL1054503,COc1ccc(-c2cc(C(=O)Nc3ccc4[nH]c(-c5ccccc5)nc4c3)[nH]n2)cc1.O=C(O)C(F)(F)F
CHEMBL2049046,0,15015.0,nM,CHEMBL364,CHEMBL2049756,CC(C)N(Cc1cccc(OCCCCCC(=O)O)c1)C(=O)c1ccc(-c2cccc(-c3ccccc3)c2)cc1
CHEMBL209179,0,18000.0,nM,CHEMBL364,CHEMBL870927,O=C(OCCCn1ccc(=O)[nH]c1=O)c1ccccc1
CHEMBL6190218,1,299.0,nM,CHEMBL364,CHEMBL6182671,CCC1=C(CC)/C(=C/N[C@H]2CC[C@H](C(=O)OC)CC2)N=C1c1ccc[nH]1
CHEMBL1099249,0,35000.0,nM,CHEMBL364,CHEMBL1106436,C=C1C(=O)O[C@@H]2C[C@]3(O)[C@H](O)CC[C@H](C)[C@@]3(C)C[C@]12O
CHEMBL532125,1,77.07,nM,CHEMBL364,CHEMBL1054503,CS(=O)(=O)O.NC1=NC(CCc2ccccc2)N(c2ccccc2)C(N)=N1
CHEMBL5413987,0,15300.0,nM,CHEMBL364,CHEMBL5361499,CCCc1cn(CCCc2ccccc2)nn1
CHEMBL5269234,1,75.0,nM,CHEMBL364,CHEMBL5241723,COc1cc(NC(C)CCCNC(=O)C2CCC3(CC2)OOC2(OO3)C3CC4CC(C3)CC2C4)c2nccc(Cl)c2c1
CHEMBL581530,1,944.0,nM,CHEMBL364,CHEMBL1040692,CCOC(=O)c1cnn(-c2ccnc3cc(Cl)ccc23)c1CNC(C)c1cccs1
CHEMBL592794,0,15000.0,nM,CHEMBL364,CHEMBL730079,Cc1nn(-c2ccccc2)c2ncc(C(=O)Nc3cccc(Cl)c3)c(O)c12
CHEMBL1213514,0,10000.0,nM,CHEMBL364,CHEMBL1220214,N[C@H]1CC[C@H](Nc2nc(Nc3ccc(C(=O)N4CCCCC4)cc3)c3ncn(-c4ccc(C(=O)O)cc4)c3n2)CC1
CHEMBL578110,1,125.1,nM,CHEMBL364,CHEMBL1040691,Cc1cc(C)c2c(c1)-c1c(ssc1=S)C(C)(C)N2C(=O)COc1nc2ccccc2s1
CHEMBL2420344,0,14000.0,nM,CHEMBL364,CHEMBL2424396,O=C(NCCCn1ccc(=O)[nH]c1=O)C(c1ccccc1)c1ccccc1
CHEMBL6173135,1,0.232,nM,CHEMBL364,CHEMBL6137780,O=c1c2c([nH]c3cc(Nc4ccc(OC(F)(F)F)cc4)ccc13)CCCC2
CHEMBL86069,1,46.0,nM,CHEMBL364,CHEMBL766358,CC(=O)CC(=O)OC1(C)CCC2CC1OO[C@@]2(C)CS(=O)(=O)c1ccccc1
CHEMBL3617355,1,50.0,nM,CHEMBL364,CHEMBL3620182,CN1CCC(Nc2nc(N)nc3cc(-c4ccc(C(F)(F)F)cc4)sc23)CC1
CHEMBL3393865,1,12.0,nM,CHEMBL364,CHEMBL3396789,Oc1ccc(C(F)(F)F)cc1CNCC12CC3CC(CC(C3)C1)C2
CHEMBL22463,0,1000000.0,nM,CHEMBL364,CHEMBL759677,OC1CCCNC1
CHEMBL5174469,1,49.0,nM,CHEMBL364,CHEMBL5104438,C=C(c1ccc(OC(C)(C)COC(=O)CCC(=O)O)cc1)C1COC2(OO1)C1CC3CC(C1)CC2C3
CHEMBL528950,1,897.0,nM,CHEMBL364,CHEMBL1040692,CN(C)C(=O)O[n+]1ccc(N(C)C)cc1
CHEMBL582644,1,81.8,nM,CHEMBL364,CHEMBL1040692,Cc1cccc[n+]1CCCCCCCCCC[n+]1ccccc1C.[Br-].[Br-]
CHEMBL3137571,0,10000.0,nM,CHEMBL364,CHEMBL3137666,OCCc1cncc2nnc(-c3ccc(OC(F)F)cc3)n12
CHEMBL3410336,1,34.0,nM,CHEMBL364,CHEMBL3411606,CC(C)OC(=O)OCOP(=O)(OCOC(=O)OC(C)C)C(CCC(=O)N(C)OC(=O)C(C)(C)C)c1ccc(F)c(F)c1
CHEMBL3735904,1,800.0,nM,CHEMBL364,CHEMBL3738128,C[C@@]12CCO[C@@H]1OO[C@@](C)(C1CCCC1)C2
CHEMBL5434578,1,40.0,nM,CHEMBL364,CHEMBL6178627,CN(CCCN1CCCCC1)c1ccnc2cc(Cl)ccc12
CHEMBL6177719,0,100000.0,nM,CHEMBL364,CHEMBL6157740,CN(C)c1ccc(C(=O)N(CC(=O)NCc2ccccc2)Cc2ccc(C(=O)O)cc2)cc1
CHEMBL578669,1,668.0,nM,CHEMBL364,CHEMBL1040691,Cc1cccc(NC(=S)NC2CC3CCCC(C2)N3CCc2ccccc2)c1
CHEMBL5401736,1,130.0,nM,CHEMBL364,CHEMBL6087759,COc1ccc(NC(=O)C(c2ccc(F)c(F)c2)N2CCN(c3ncnc4sc5c(c34)CCCC5)CC2)cc1
CHEMBL547526,1,956.89,nM,CHEMBL364,CHEMBL1054503,CC(C)c1ccc(NC(=O)NCCCC2CCCN(CCCCCNC(=O)/C=C/c3ccc(Cl)c(Cl)c3)C2)cc1
CHEMBL586722,1,303.54,nM,CHEMBL364,CHEMBL1054503,Cn1nc(C(=O)N2CCC(c3[nH]ncc3Cc3ccccc3)CC2)c2ccccc2c1=O
CHEMBL4639762,0,10000000.0,nM,CHEMBL364,CHEMBL4614043,C[C@H]1NC(C(=O)NN)Cc2c1[nH]c1ccccc21
CHEMBL4758495,1,47.1,nM,CHEMBL364,CHEMBL4724764,COc1cc2nc(N3CCCC3)nc(NC(C)C)c2cc1OC
CHEMBL3325738,1,30.0,nM,CHEMBL364,CHEMBL3362085,CN(Cc1cn2c(-c3ccc(C(N)=O)cc3)cnc2cn1)c1ccc(F)cc1
CHEMBL145964,1,360.0,nM,CHEMBL364,CHEMBL768059,COc1ccc(C(=O)/C=C\c2ccc(Cl)cc2Cl)c(OC)c1OC
CHEMBL3216246,1,7.0,nM,CHEMBL364,CHEMBL1046935,COc1ccc(C(=N)N)cc1-c1cn(-c2ccc(C(=N)N)cc2)nn1.Cl.Cl
CHEMBL4129447,1,6.4,nM,CHEMBL364,CHEMBL4123444,CN1CCN(C(=O)c2ccc(C3CCC4(CC3)OOC3(OO4)C4CC5CC(C4)CC3C5)cc2)CC1
CHEMBL549025,1,874.69,nM,CHEMBL364,CHEMBL1054503,N#Cc1cccc(NC(=O)Nc2ccc(CC(=O)N3CCc4cc(Cl)c(N5CCN(C/C=C/c6ccccc6)CC5)cc43)cc2)c1
CHEMBL5613193,1,260.0,nM,CHEMBL364,CHEMBL5609713,CC(C)(C)n1nc(Cl)c2c(C(=O)N3CCOc4ccccc43)cc(C3CC3)nc21
CHEMBL563432,1,98.0,nM,CHEMBL364,CHEMBL1058990,c1ccc(OCCCCOc2cccc(-c3cc4ccc(C5=NCCN5)cc4o3)c2)cc1
CHEMBL547200,1,911.89,nM,CHEMBL364,CHEMBL1054503,Cl.NCCCCc1c(-c2ccc(Cl)c(Cl)c2)[nH]c2ccc(Cl)cc12
CHEMBL2030337,1,1000.0,nM,CHEMBL364,CHEMBL2033120,Cc1c(-c2ccc(OCCN3CCOCC3)cc2)[nH]c2ccccc2c1=O
CHEMBL4067965,1,4.5,nM,CHEMBL364,CHEMBL4058995,COC(=O)c1c[nH]c2cc(N3CCN(c4ccccc4)CC3)ccc2c1=O
CHEMBL5590985,1,37.5,nM,CHEMBL364,CHEMBL5581513,CCCC1=C(C(=O)OCC)C(c2ccc(Cl)cc2C)C2=C(CC(c3cc(OC)ccc3OC)CC2=O)N1
CHEMBL1288840,1,400.0,nM,CHEMBL364,CHEMBL1293135,O=C(/C=C/c1cccc(OC/C=C/c2ccccc2)c1)N[C@@H](CCCCCC(=O)NO)C(=O)Nc1cccc2cccnc12
CHEMBL497841,0,84870.0,nM,CHEMBL364,CHEMBL1004946,CCCN1COC[C@@H](Oc2ccccc2)[C@H]1c1ccccc1
CHEMBL581858,1,57.5,nM,CHEMBL364,CHEMBL1040692,CC(=O)N(C1=C(N2CCOCC2)C(=O)c2ccccc2C1=O)c1ccc(F)c(F)c1
CHEMBL599950,1,281.3,nM,CHEMBL364,CHEMBL1040692,COc1ccc(C2=C(Nc3ccc(C)c(C)c3)c3ccccc3C2=O)cc1
CHEMBL2408811,0,57000.0,nM,CHEMBL364,CHEMBL2410784,CC(C)(CO)[C@@H](O)C(=O)NCC(=O)NCc1ccc(C(F)(F)F)cc1
CHEMBL571224,0,10500.0,nM,CHEMBL364,CHEMBL837874,N/C(=N\O)c1cccc(OCCCCCOc2cccc(/C(N)=N/O)n2)n1
CHEMBL586069,1,707.37,nM,CHEMBL364,CHEMBL1054503,Cc1cc(N)nc2ccc(-c3cccc(CN)c3)cc12
CHEMBL2402789,1,3.22,nM,CHEMBL364,CHEMBL2403958,COc1ccc(CNCCNc2ccnc3cc(Cl)ccc23)cc1
CHEMBL546724,1,900.29,nM,CHEMBL364,CHEMBL1054503,O=C(O)C(F)(F)F.c1ccc2c(c1)CN(CC1CC1)CC1(CCN(Cc3c[nH]c4cnccc34)CC1)O2
CHEMBL5439013,0,61330.0,nM,CHEMBL364,CHEMBL5358811,O=C(CN1CCN(c2cc(N3CCOCC3)ncn2)CC1)Nc1nnc(COc2ccc3ccccc3c2)s1
CHEMBL4064305,1,120.0,nM,CHEMBL364,CHEMBL4012307,CCN1CCN(c2cc(C)nc(N(CCCNc3ccnc4cc(Cl)ccc34)Cc3ccc4c(c3)OCO4)n2)CC1
CHEMBL579291,0,11700.0,nM,CHEMBL364,CHEMBL1040691,CCCCNCCOCCOc1ccc(Br)cc1
CHEMBL4129236,0,12100.0,nM,CHEMBL364,CHEMBL4119319,C=C(C)C(=O)O[C@H]1C/C(C)=C\C(=O)C[C@@]2(C)O[C@H]2[C@H]2OC(=O)C(COC(C)=O)=C12
CHEMBL4647120,0,20000.0,nM,CHEMBL364,CHEMBL4613967,CCCCCCCCCCc1c(C)cc(C)nc1C
CHEMBL546249,1,766.9,nM,CHEMBL364,CHEMBL1054503,CN(C)C(=O)n1cnc(S(=O)(=O)N(C)c2ccc(Cl)cc2)n1.Cl
CHEMBL584875,1,818.0,nM,CHEMBL364,CHEMBL1040691,COCCN(CC(=O)Nc1cc(C(C)(C)C)nn1-c1ccc(C)cc1)C(=O)COCc1ccccc1
CHEMBL531164,1,702.07,nM,CHEMBL364,CHEMBL1054503,CCN(CC)CC#Cc1ccc2[nH]c(C)c(Cl)c(=O)c2c1
CHEMBL2414895,1,550.0,nM,CHEMBL364,CHEMBL2416703,CN1CCN(C23CC(NC(=O)CCN4CCCC4)C(C(c4ccccc4)C2)C(c2ccccc2)C3)CC1
CHEMBL586621,1,829.9,nM,CHEMBL364,CHEMBL1054503,COc1ccc(F)cc1-c1cccc(CNC2CCN(CC3Cn4c(=O)ccc5ccc(F)c3c54)CC2)c1.O=C(O)C(F)(F)F
CHEMBL196112,0,60000.0,nM,CHEMBL364,CHEMBL884197,CCCCCCOCCOCCC1(C)SC(O)=C(CC)C1=O
CHEMBL388323,1,6.1,nM,CHEMBL364,CHEMBL916650,COc1cc(C(=N)N)ccc1-c1cc(-c2ccc(C(=N)N)cc2OC)on1
CHEMBL528714,1,733.7,nM,CHEMBL364,CHEMBL1054503,COc1ccc(CNCc2ccc(F)cc2)cc1-c1ccc(S(=O)(=O)NCCN2CCCC2)c(C)c1.O=C(O)C(F)(F)F
CHEMBL3234058,1,980.0,nM,CHEMBL364,CHEMBL3241686,FC(F)(F)Oc1ccc(-c2ccc3ncc(-c4ccncc4)n3n2)cc1
CHEMBL4461459,0,20300.0,nM,CHEMBL364,CHEMBL4342048,O=C1C(Cl)=C(Nc2nc(-c3ccc([N+](=O)[O-])cc3)cs2)C(=O)c2ccccc21
CHEMBL5193417,1,46.0,nM,CHEMBL364,CHEMBL5113949,CC1=C(Cc2ccc([N+](=O)[O-])cc2)C(=O)c2ccccc2C1=O
CHEMBL533184,1,785.32,nM,CHEMBL364,CHEMBL1054503,CCc1ccc(C2CCN(CCCCNC(=O)c3ccc(NC(=O)c4ccc(Cl)cc4)cc3)CC2)c(OC)c1
CHEMBL1078476,1,1.75,nM,CHEMBL364,CHEMBL1112368,O=C(Cc1ccc(F)cc1)OC1=C([C@H]2CC[C@H](c3ccc(Cl)cc3)CC2)C(=O)c2ccccc2C1=O
CHEMBL1760519,0,20000.0,nM,CHEMBL364,CHEMBL1764233,CC1=C2OCCCCCN3C(=O)C(O)(c4cc(I)ccc43)C2(C)SC1=O
CHEMBL588546,1,756.31,nM,CHEMBL364,CHEMBL1054503,CC1CCCCN1S(=O)(=O)c1ccc(NC(=O)c2cc(-c3ccccc3O)n[nH]2)cc1
CHEMBL593072,0,19000.0,nM,CHEMBL364,CHEMBL1067384,C[n+]1ccc2cc[nH]c2c1.[I-]
CHEMBL6192514,1,320.0,nM,CHEMBL364,CHEMBL6179701,Cc1ccc(-c2nc(C(=O)NCc3cn(-c4ccccc4)nn3)cc3c2[nH]c2ccccc23)cc1
CHEMBL529925,1,912.14,nM,CHEMBL364,CHEMBL1054503,CCCNCc1ccc(-c2ccc(CN(CCOC)C(=O)COc3ccccc3Cl)cc2)nc1.O=C(O)C(F)(F)F
CHEMBL2314629,1,313.0,nM,CHEMBL364,CHEMBL2319042,COCCc1sc[n+](Cc2ccc(OCCCCCOc3ccc(C[n+]4csc(CCOC)c4C)cc3)cc2)c1C.[Cl-].[Cl-]
CHEMBL530442,1,119.48,nM,CHEMBL364,CHEMBL1054503,CCCCCCc1c(C)nc2cc(OC)ccc2c1O
CHEMBL587940,1,381.83,nM,CHEMBL364,CHEMBL1054503,COc1ccc(NC(=O)c2ccc(Br)c(C)c2)cc1N1CCN(CCCc2c[nH]c3ccccc23)CC1
CHEMBL5271454,1,304.0,nM,CHEMBL364,CHEMBL5239927,Cc1noc(-c2ccc(CCN3CCC(Nc4nc5ccccc5n4Cc4cccnc4)CC3)cc2)n1
CHEMBL525110,1,970.18,nM,CHEMBL364,CHEMBL1054503,CCC(CC)CN1C(=O)C(c2ccccc2)(c2ccccc2)N=C1N.O=CO
CHEMBL546907,1,755.9,nM,CHEMBL364,CHEMBL1054503,C[C@H](Cc1ccc(OCCCCOc2ccc(C[C@@H](C)NC[C@H](O)c3cccc(Cl)c3)cc2)cc1)NC[C@H](O)c1cccc(Cl)c1
CHEMBL5173325,1,9.0,nM,CHEMBL364,CHEMBL5160032,CCOc1cc(F)ccc1-c1cnc2sc(N3CCC(C)(N)CC3)nn12
CHEMBL576401,1,681.0,nM,CHEMBL364,CHEMBL1040692,Oc1ccc(-c2ccc(F)cc2)cc1CNCCN1CCOCC1
CHEMBL456434,1,636.0,nM,CHEMBL364,CHEMBL990646,CC(C)NC(=N)c1ccc(O)c(-c2cc3ccc(C(=N)NC(C)C)cc3o2)c1
CHEMBL1215775,1,346.0,nM,CHEMBL364,CHEMBL1219697,CC(C)CN(c1nc(C#N)ncc1Br)N(CCCN1CCN(C)CC1)C(=O)c1ccc(F)cc1
CHEMBL5436832,0,96000.0,nM,CHEMBL364,CHEMBL5372015,C=CC(C)(C)c1ccc2[nH]c3c(c2c1)C[C@@H]1CC[C@H]2C4=CC(=O)[C@@H](C(C)(C)O)O[C@H]4CC[C@]2(C)[C@@]31C
CHEMBL2037014,1,370.0,nM,CHEMBL364,CHEMBL2038340,C[C@@H]1CN([C@@H](C)CN)C(=O)c2cc(NC(=O)Nc3ccccc3)ccc2O[C@@H](C)CCCCO[C@H]1CN(C)S(=O)(=O)c1ccc(F)cc1
CHEMBL1257246,0,34000.0,nM,CHEMBL364,CHEMBL5372015,CC(C)=CCC[C@]1(C)[C@@H](O)CC[C@@]2(C)[C@H]1CC[C@H]1Cc3c([nH]c4ccccc34)[C@@]12C
CHEMBL402073,0,14000.0,nM,CHEMBL364,CHEMBL932084,O=[N+]([O-])c1ccc(-c2nn(-c3ccccc3)[n+](-c3ccccc3)n2)cc1.[Cl-]
CHEMBL548641,1,786.33,nM,CHEMBL364,CHEMBL1054503,O=C(CCCc1ccccc1)Nc1cccc(N2CCC(N3CCN(c4ccccc4O)CC3)CC2)c1
CHEMBL4127776,1,230.0,nM,CHEMBL364,CHEMBL4119091,CC[C@@H]1C=CCC[C@]2(C[C@H]3CC[C@H]4[C@@H](C(=O)OCCCCCCCCCCCCCCCC(=O)N(CCCCNC(=N)N)CCCNC=O)[C@@]5(CCC[C@H](C)O5)NC(=N2)N34)O1
CHEMBL4639278,0,40000.0,nM,CHEMBL364,CHEMBL4604482,c1ccc2c(c1)[nH]c1c([C@H]3CC[C@@H]3c3nccc4c3[nH]c3ccccc34)nccc12
CHEMBL3426803,1,4.0,nM,CHEMBL364,CHEMBL4327289,O=C(CCCCSc1nc(-c2ccc(-c3ccccc3)cc2)cc(=O)[nH]1)NO
CHEMBL602176,1,1.926,nM,CHEMBL364,CHEMBL1040692,CO[C@H]1[C@H](C)[C@@H]([C@H]2CC[C@H]([C@@H]3CC[C@H]([C@@]4(C)O[C@]5(O[C@H](C[C@@H]6O[C@](O)([C@@H](C)C(=O)O)[C@@H](C)[C@H](O[C@H]7CC[C@H](OC)[C@@H](C)O7)[C@@]6(C)OC)C[C@@H](OC)[C@H]5C)[C@H](C)[C@H]4OC)O3)O2)O[C@](C)(O)[C@@H]1C
CHEMBL1562872,0,12589.25,nM,CHEMBL364,CHEMBL1267251,Cl.Cl.N=C(N)c1ccc(N)cc1
CHEMBL580371,1,859.28,nM,CHEMBL364,CHEMBL1054503,COc1ccc(NC(=O)NCC2CCCN(CCCCCNC(=O)/C=C/c3ccc(Cl)c(Cl)c3)C2)c(OC)c1
CHEMBL509803,1,86.0,nM,CHEMBL364,CHEMBL975629,COc1ccc2cc1Oc1ccc(cc1)C[C@@H]1c3cc(c(OC)cc3CCN1C)Oc1c(O)c(OC)cc3c1[C@@H](C2)N(C)CC3
CHEMBL601189,1,145.2,nM,CHEMBL364,CHEMBL1040692,COc1cc2c(-c3cc(Br)ccc3O)nc3c(c(Cc4ccccc4)nn3-c3ccccc3)c2cc1OC
CHEMBL183660,1,870.26,nM,CHEMBL364,CHEMBL1054503,C[C@@H](CC1CCCCC1)OC(=O)N[C@H]1CCN(C#N)C1
CHEMBL3786549,1,34.0,nM,CHEMBL364,CHEMBL3789224,COc1ccc(C2=NN(C(C)=O)C(c3cc4ccccc4nc3N3CCOCC3)C2)cc1
CHEMBL2322224,1,2.1,nM,CHEMBL364,CHEMBL2327114,Cn1c2nc3ccccc3c-2c(NCCCNC(=O)Nc2ccccc2)c2cc([N+](=O)[O-])ccc21
CHEMBL4868526,1,3.0,nM,CHEMBL364,CHEMBL4811594,Cc1ccc(C(=O)N(CC(=O)NCc2ccccc2)Cc2ccc(C(=O)NO)cc2)c(C)c1
CHEMBL1668754,1,38.77,nM,CHEMBL364,CHEMBL1669974,CCN(CC)CCNc1nc(Nc2ccc(Nc3ccnc4cc(Cl)ccc34)cc2)nc(N2CCCCC2)n1
CHEMBL4587401,1,56.7,nM,CHEMBL364,CHEMBL4426091,CCCCc1cc2c(=O)c(C(=O)N(C)C)c[nH]c2cc1OCCOc1ccccc1
CHEMBL3392928,1,920.0,nM,CHEMBL364,CHEMBL3392944,CO[C@H]1/C=C/O[C@]2(C)Oc3c(C)c(O)c4c(O)c(c5c(nc6cc(C)ccn65)c4c3C2=O)NC(=O)/C(C)=C\C=C\[C@H](C)[C@H](O)[C@@H](C)[C@@H](O)[C@H](C)[C@H](OC(C)=O)[C@H]1C
CHEMBL246864,1,216.95,nM,CHEMBL364,CHEMBL1054503,O=C(O)c1ccc2nc(-c3ccccn3)c(-c3ccccn3)nc2c1
CHEMBL580709,1,772.79,nM,CHEMBL364,CHEMBL1054503,O=C(N[C@@H](CC1CCCCC1)C(=O)NC1CC1)c1ccc(O)c(-c2cccc(C(F)(F)F)c2)c1
CHEMBL4763354,1,28.8,nM,CHEMBL364,CHEMBL4671338,CN(C)CCNc1cc(/C=C/c2ccncc2)nc2ccc(Cl)cc12
CHEMBL5278423,1,460.0,nM,CHEMBL364,CHEMBL5239927,Cc1noc(-c2ccc(CCN3CCC(Nc4nc5ccccc5n4CC4CCC(F)(F)CC4)CC3)cc2)n1
CHEMBL1256752,0,10000.0,nM,CHEMBL364,CHEMBL1267248,CCOC(=O)Nc1ccc(NCc2ccc(F)cc2)nc1N.O=C(O)/C=C\C(=O)O
CHEMBL532571,1,267.59,nM,CHEMBL364,CHEMBL1054503,CC(=O)Oc1c(C(=O)C2CCC(C(C)(C)C)CC2)c(OC(C)=O)c2ccccc2c1OC(C)=O
CHEMBL4988153,1,263.0,nM,CHEMBL364,CHEMBL4888488,COc1cc(C(=O)Nc2ccc3sc(NC(=O)c4cc(OC)c(OC)c(OC)c4)nc3n2)cc(OC)c1OC
CHEMBL4074904,1,41.0,nM,CHEMBL364,CHEMBL3998645,COc1cc2nc(Nc3ccc(F)cc3)nc(NCc3ccccc3)c2cc1OC
CHEMBL4791555,1,44.0,nM,CHEMBL364,CHEMBL4737829,O=C(Cc1ccc(O)c(C(F)(F)F)c1)N1CC(CNc2ccc(F)cc2)C2(C1)CN(c1cc(F)cc(F)c1)C2
CHEMBL3774410,0,15000.0,nM,CHEMBL364,CHEMBL3779101,CC(=O)O[C@H]1C[C@@]2(C)[C@@H](C[C@@H](O)[C@H]3[C@@]4(C)CC[C@@H](O)[C@@H](C)[C@@H]4CC[C@@]32C)/C1=C(\CCC=C(C)C)C(=O)NS(C)(=O)=O
CHEMBL4283414,1,94.0,nM,CHEMBL364,CHEMBL4262302,COc1cc2nc(N3CCCCC3)nc(NC3CCN(Cc4ccccc4)C3)c2cc1OC
CHEMBL5284641,1,8.7,nM,CHEMBL364,CHEMBL5257523,C[C@@H]1CC[C@H]2[C@@H](C)C(OCCC(CCCNc3ccnc4ccc(Cl)cc34)CCOC3O[C@@H]4O[C@]5(C)CC[C@@H]6[C@@H](C)CC[C@H]([C@@H]3C)[C@]46OO5)O[C@H]3O[C@@]4(C)CC[C@@H]1[C@]32OO4
CHEMBL584870,1,946.0,nM,CHEMBL364,CHEMBL1040692,N#C/C(=C\C=C\c1ccc([N+](=O)[O-])o1)c1nc2ccccc2[nH]1
CHEMBL4647566,1,3.2,nM,CHEMBL364,CHEMBL4606261,COc1cc2[nH]c3cc(OCc4ccc(C(F)(F)F)cc4)ccc3c(=O)c2cc1F
CHEMBL599936,1,163.6,nM,CHEMBL364,CHEMBL1040692,CC(C)C[C@@H]1NC(=O)[C@@H](CC(C)C)NC(=O)[C@H](C(C)C)NC(=O)[C@H]2CSSC[C@@H](NC1=O)C(=O)N2
CHEMBL3416993,1,168.0,nM,CHEMBL364,CHEMBL3419214,CC(C)(C)Nc1nc2cc(-c3ccc(Cl)cc3)sc2c(=O)[nH]1.O=C(O)/C=C/C(=O)O
CHEMBL534239,1,692.0,nM,CHEMBL364,CHEMBL1054503,CCOc1cc(NCCCNc2ncc([N+](=O)[O-])cc2C)nc2ccccc12
CHEMBL2407833,1,80.0,nM,CHEMBL364,CHEMBL2411788,CCc1c(O)c(=O)ccn1CCCCCCNc1ccnc2cc(Cl)ccc12
CHEMBL494404,1,70.0,nM,CHEMBL364,CHEMBL961733,Cl.Nc1cc(C2=NCCN2)ccc1OCCCOc1ccc(C2=NCCN2)cc1N
CHEMBL579324,1,31.8,nM,CHEMBL364,CHEMBL1040692,CCOC(=O)c1ccc2c(c1)[C@@H]1C=CC[C@@H]1[C@H](c1cccc(OC)c1OC)N2
CHEMBL511003,1,6.41,nM,CHEMBL364,CHEMBL2403958,Clc1ccc2c(NCCNCc3ccccc3)ccnc2c1
CHEMBL258727,1,303.0,nM,CHEMBL364,CHEMBL938340,COc1ccc2nc3cc(Cl)ccc3c(NCCCCN(CCCNc3c4ccc(Cl)cc4nc4ccc(OC)cc34)C(=O)[C@H](C)N)c2c1
CHEMBL600934,1,702.0,nM,CHEMBL364,CHEMBL1040692,COc1ccc2ccccc2c1C1NC(SCc2ccc(F)cc2)=NC(C)=C1C(C)=O
CHEMBL546796,1,888.95,nM,CHEMBL364,CHEMBL1054503,CCC/C=C/c1c(CNCCCNc2cc(=O)c3ccccc3[nH]2)sc(CC)c1Br.Cl
CHEMBL1835091,1,41.0,nM,CHEMBL364,CHEMBL1837547,Cc1cc(C)cc(Cc2ccc3c(NCCCNCc4ccc5c(c4)OCO5)ccnc3c2)c1
CHEMBL537739,1,788.05,nM,CHEMBL364,CHEMBL1054503,O=C(Nc1ccccc1Cl)N(Cc1cc(Cl)cc(Cl)c1)CC(O)COc1ccc(Cl)c(F)c1
CHEMBL1288842,1,153.0,nM,CHEMBL364,CHEMBL1293135,Cc1ccc(COc2ccc(/C=C/C(=O)N[C@@H](CCCCCC(=O)NO)C(=O)Nc3cccc4cccnc34)cc2)cc1
CHEMBL533430,1,557.92,nM,CHEMBL364,CHEMBL1054503,COC(=O)c1ccccc1N1CCN(CCCCNC(=O)c2ccc(NC(=O)c3cc(Cl)cc(Cl)c3)cc2)CC1
CHEMBL547064,1,737.21,nM,CHEMBL364,CHEMBL1054503,COc1ccc2nccc([C@@H](O)CN3CCC(c4cc(-c5ccc(Cl)cc5)[nH]n4)CC3)c2n1
CHEMBL529729,1,689.9,nM,CHEMBL364,CHEMBL1054503,Nc1c(Cl)cc(C(O)CNCCCCCOCCc2ccc3occc3c2)cc1Cl
CHEMBL4867487,0,28000.0,nM,CHEMBL364,CHEMBL4831444,CC1=C[C@@H]2O[C@]34CC[C@](O)(C1)[C@H]2[C@]3(O)[C@@H](O)c1cccc(O)c1C4=O
CHEMBL532655,1,626.85,nM,CHEMBL364,CHEMBL1054503,O=C(c1cc(C(=O)NC2CCCCC2)c(=O)n(C2CCCCC2)c1)c1cc(F)ccc1O
CHEMBL217735,1,780.0,nM,CHEMBL364,CHEMBL856728,CC[C@H](C[C@@]1(C)C[C@@H](CC)[C@@H](CC(=O)OC)OO1)C(=O)OC
CHEMBL411478,1,690.0,nM,CHEMBL364,CHEMBL932084,COc1cc(-c2nn(-c3ccccc3)[n+](-c3cccc(Cl)c3)n2)ccc1OCc1ccccc1.[Cl-]
CHEMBL576547,1,264.1,nM,CHEMBL364,CHEMBL1040692,CCN(CC)CCCC(C)NCc1ccc(OC)c(OCc2ccccc2)c1
CHEMBL1673080,0,256000.0,nM,CHEMBL364,CHEMBL1673899,CC(C)C(NC(=O)C(N)Cc1ccccc1)P(=O)(O)O
CHEMBL4640629,1,0.5,nM,CHEMBL364,CHEMBL4616744,C[C@@H]1CC[C@H]2[C@@H](C)C(OC(=O)Cc3ccccc3)O[C@@H]3O[C@]4(C)CC[C@@H]1[C@]32OO4
CHEMBL1096379,0,100000.0,nM,CHEMBL364,CHEMBL1121088,C[N+](C)(C)CCCCCCC[N+](C)(C)C.[Br-].[Br-]
CHEMBL241865,1,130.0,nM,CHEMBL364,CHEMBL892143,COc1ccc2nc3cc(Cl)ccc3c(NCCCCCCN)c2c1.Cl.Cl
CHEMBL533811,1,462.21,nM,CHEMBL364,CHEMBL1054503,CCC(C)NS(=O)(=O)c1ccc2nc(Nc3ccc(C)cc3)n(C3CCCCC3)c2c1
CHEMBL590456,0,15000.0,nM,CHEMBL364,CHEMBL730079,CN1CCN(c2ccc(-c3cccc(NC(=O)c4cccc(F)c4)c3)nn2)CC1
CHEMBL3038042,1,4.4,nM,CHEMBL364,CHEMBL762020,C[C@@H]1CC[C@H]2C(CN)=C(C(F)(F)F)O[C@@H]3O[C@]4(C)CC[C@@H]1[C@]32OO4
CHEMBL5069813,0,25000.0,nM,CHEMBL364,CHEMBL5032021,O=C1c2ccc3c(c2CC12Cc1ccc4c(c1C2=O)CCCC4)CCCC3
CHEMBL1256146,0,15848.93,nM,CHEMBL364,CHEMBL1267250,S=C=Nc1ccc2oc(C3=NCCN3)cc2c1
CHEMBL3590286,1,520.0,nM,CHEMBL364,CHEMBL3591440,Fc1cccc(COc2ccc(NC3=NC=NC4SC(c5cccc(N6CCOCC6)c5)=CC34)cc2Cl)c1
CHEMBL527604,1,6.84,nM,CHEMBL364,CHEMBL1054503,CC1(C)N=C(NC(=O)c2cc([N+](=O)[O-])cc([N+](=O)[O-])c2)N=C(N)N1OCc1cccc2ccccc12
CHEMBL5207942,1,11.0,nM,CHEMBL364,CHEMBL5148564,O=C(NC1CCCC1)[C@@H]1CCCCOc2cccc(c2)C[C@H](N2CCCC2=O)C(=O)N[C@@H](CCc2ccc(F)cc2)C(=O)N1
CHEMBL4740954,0,10000.0,nM,CHEMBL364,CHEMBL4701852,O=C(O)[C@@H]1Cc2c([nH]c3ccccc23)[C@]2(CCc3ccccc32)N1
CHEMBL4589393,0,50000.0,nM,CHEMBL364,CHEMBL4373526,COc1ccc2c(c1)C[C@H]1[C@@H](OC(=O)c3ccccc3)[C@H](O)C(COC(=O)c3ccccc3)=C[C@H]1O2
CHEMBL2334030,1,28.0,nM,CHEMBL364,CHEMBL2342731,CN1CCN(c2ccc(C(=O)N[C@@H](Cc3ccccc3)[C@H](O)CNCc3ccc(O)c(CN4CCCCC4)c3)cc2)CC1
CHEMBL527249,1,868.27,nM,CHEMBL364,CHEMBL1054503,O=C(NC1CCC(N2CCC(Cc3ccc(F)cc3)CC2)CC1)c1cc2ccccc2[nH]1
CHEMBL3289162,1,170.0,nM,CHEMBL364,CHEMBL3296470,CCCCOc1ccc(C(=O)NOCCCCCC(=O)NO)cc1
CHEMBL493247,1,154.1,nM,CHEMBL364,CHEMBL937848,Cc1c(CNCC[C@@H]2CCCN3CCCC[C@H]23)cc(-c2ccccc2)n1Nc1ccnc2cc(Cl)ccc12
CHEMBL441251,1,1.0,nM,CHEMBL364,CHEMBL753460,Clc1ccc2c(NC3CCCCC3Nc3ccnc4cc(Cl)ccc34)ccnc2c1
CHEMBL588389,1,854.15,nM,CHEMBL364,CHEMBL1054503,CN(C)c1ccc(-c2nnc(Sc3ccc(C#N)c([N+](=O)[O-])c3)n2Cc2ccco2)cc1
CHEMBL530630,1,401.87,nM,CHEMBL364,CHEMBL1054503,O=C(CSc1nccn1C1CCCCC1)Nc1cc(C(F)(F)F)ccc1Cl
CHEMBL592841,0,15000.0,nM,CHEMBL364,CHEMBL730080,CCOc1cccc2sc(N(Cc3cccnc3)C(=O)c3ccccc3[N+](=O)[O-])nc12
CHEMBL1098222,0,100000.0,nM,CHEMBL364,CHEMBL1109174,C/C1=C/C[C@]2(C)C(=O)C=C(C(C)C)[C@H]2CC[C@@]2(C)O[C@@H]2CC1
CHEMBL3038028,1,13.4,nM,CHEMBL364,CHEMBL762021,CCNCC1=C(C(F)(F)F)O[C@@H]2O[C@]3(C)CCC4[C@H](C)CC[C@@H]1[C@]42OO3
CHEMBL4446137,1,2.1,nM,CHEMBL364,CHEMBL4412021,Cn1nnc(NCC2CCC3(CC2)OOC2(O3)C3CC4CC(C3)CC2C4)n1
CHEMBL3601856,1,20.0,nM,CHEMBL364,CHEMBL3602234,Cl.Oc1cc(CCCc2ccccc2)ccc1CN1CCCCC1
CHEMBL600339,1,972.0,nM,CHEMBL364,CHEMBL1040691,CC1(C)CC(=O)c2cc(-c3ccc(Br)cc3)n(-c3ccccc3F)c2C1
CHEMBL3238460,0,50000.0,nM,CHEMBL364,CHEMBL3242157,CCCCn1cc(C(=O)OCC)c(=O)c2c3nc(-c4ccc(F)cc4)c(-c4ccc(F)cc4)nc3ccc21
CHEMBL383084,0,11000.0,nM,CHEMBL364,CHEMBL869613,O=[N+]([O-])c1cccc2nsnc12
CHEMBL3759616,0,50000.0,nM,CHEMBL364,CHEMBL3761482,COc1c(Cl)c(Cl)c(OC)c(C#N)c1C#N
CHEMBL528895,1,85.71,nM,CHEMBL364,CHEMBL1054503,CC(C)c1cc2c(ccc3nc(N)nc(N)c32)o1
CHEMBL2062180,1,744.67,nM,CHEMBL364,CHEMBL1054503,O=C(Cn1c(CCc2cccc(F)c2F)nc(=O)c2ccccc21)N(Cc1ccc(-c2ccc(C(F)(F)F)cc2)cc1)C1CCN(C2CCOCC2)CC1.O=C(O)C(O)C(O)C(=O)O
CHEMBL36404,1,250.0,nM,CHEMBL364,CHEMBL1016906,CN(C)Cc1ccc(Nc2c3ccc(Cl)cc3nc3cc(Cl)ccc23)cc1
CHEMBL590429,0,15000.0,nM,CHEMBL364,CHEMBL730079,CCC(C(=O)NCc1ccccc1Cl)n1c2ccccc2c2nc(=O)cc(C)n21
CHEMBL4176355,0,10000.0,nM,CHEMBL364,CHEMBL4132266,O=C(/C=C/c1ccccc1)NC[C@@H](O)c1ccccc1
CHEMBL119834,0,32000.0,nM,CHEMBL364,CHEMBL762996,Clc1cc(Cl)c2[nH]c3nc4ccccc4c-3cc2c1
CHEMBL601177,1,93.6,nM,CHEMBL364,CHEMBL1040692,CCCCCCCCCCCC(=O)Oc1ccccc1-c1nc2ccccn2c1NC(C)(C)CC(C)(C)C
CHEMBL4446041,1,839.46,nM,CHEMBL364,CHEMBL4335874,CC(=O)Nc1ccc(S(=O)(=O)NC(Cc2ccccc2)c2nc3ccccc3c(=O)n2/N=C/c2ccc(Br)cc2)cc1
CHEMBL28513,1,900.0,nM,CHEMBL364,CHEMBL761143,COOC1(OOCCCCCCOC2CCOCC2)CCCCCCCCCCC1
CHEMBL547384,1,789.74,nM,CHEMBL364,CHEMBL1054503,Cc1ccc2nc(-c3ccc(C(=O)NCc4ccc(Cl)c(Cl)c4)cc3)[nH]c2c1C
CHEMBL45171,0,25800.0,nM,CHEMBL364,CHEMBL763692,CC(C)(C)c1nc(CC(N)C(=O)O)c[nH]1
CHEMBL1198875,1,517.0,nM,CHEMBL364,CHEMBL3599170,O=C(NCCCNCCCCNCCCNC(=O)NCCC(c1ccccc1)c1ccccc1)NCCC(c1ccccc1)c1ccccc1
CHEMBL5411844,1,430.0,nM,CHEMBL364,CHEMBL5393188,COc1cc(N2CCOCC2)ccc1Nc1ncc(C#N)c(Nc2ccccc2NS(C)(=O)=O)n1
CHEMBL270763,1,344.8,nM,CHEMBL364,CHEMBL931167,COc1cc(CN(CCNc2ccnc3cc(Cl)ccc23)C(C)C)c(OC)c2ccccc12
CHEMBL288165,0,256000.0,nM,CHEMBL364,CHEMBL1673899,CC(C)C[C@@H](N)P(=O)(O)O
CHEMBL4958873,0,10000.0,nM,CHEMBL364,CHEMBL4888491,Cc1ccc[n+](Cc2ccc3ccccc3n2)c1
CHEMBL548793,1,903.92,nM,CHEMBL364,CHEMBL1054503,COc1ccc(Oc2ccccc2CNCC2CCN(CC3CCCCC3)CC2)cc1.O=C(O)C(F)(F)F
CHEMBL4211492,1,270.0,nM,CHEMBL364,CHEMBL4195368,C[C@@H]1CCC[C@H](C[C@H]2Cc3cc(O)cc(O)c3C(=O)O2)O1
CHEMBL100095,0,10000.0,nM,CHEMBL364,CHEMBL1285767,COCC(=O)[C@H](CCc1ccccc1)NC(=O)[C@H](CC(C)C)NC(=O)OCc1ccccc1
CHEMBL6160092,1,18.0,nM,CHEMBL364,CHEMBL6109949,Cc1nc(C(=O)N2CCC[C@H]2C(=O)N[C@@H](Cc2c[nH]c3ccccc23)C(=O)N[C@@H](CC(C)C)C(=O)NC(C)(C)C(=O)N[C@@H](CC(C)C)C(=O)N[C@@H](CC(C)C)C(=O)NC(C)(C)C(=O)NC(C)(C)C(=O)NCCC(=O)NC2(CN(C)C)CCC2)co1
CHEMBL218291,1,63.0,nM,CHEMBL364,CHEMBL4377144,O=c1[nH]cnc2c([C@@H]3N[C@H](CO)[C@@H](O)[C@H]3O)c[nH]c12
CHEMBL3818417,1,50.0,nM,CHEMBL364,CHEMBL3820736,Cc1cc(NCCCNc2ccnc3cc(Cl)ccc23)nc(NCCCO)n1
CHEMBL582604,1,624.07,nM,CHEMBL364,CHEMBL1054503,CN1CCC[C@@H](Oc2cc3c(cc2Br)CCN3C(=O)Nc2ccc(-c3ccncc3)c(Cl)c2)C1
CHEMBL547437,1,3.2,nM,CHEMBL364,CHEMBL1054503,CCOC(=O)NC1=NC(=N)N(OCCCOc2cc(Cl)c(Cl)cc2Cl)C(C)(C)N1
CHEMBL536609,1,782.9,nM,CHEMBL364,CHEMBL1054503,O=c1ccc(CNc2nc(NCCc3ccccc3)nc3ccc(Cl)cc23)c[nH]1
CHEMBL191826,1,362.0,nM,CHEMBL364,CHEMBL834671,Cc1c(CCO)sc[n+]1CCCCCCCC[n+]1csc(CCO)c1C.[I-].[I-]
CHEMBL4848107,1,920.0,nM,CHEMBL364,CHEMBL4811839,CC[C@@](C)(NC(=O)[C@H](CCC(N)=O)NC(=O)[C@@](C)(CC)NC(=O)C(C)(C)NC(=O)[C@H](C)NC(=O)CNC(=O)C(C)(C)NC(C)=O)C(=O)N[C@H](C(=O)NC(C)(C)C(=O)NCC(=O)N[C@@H](CC(C)C)C(=O)NC(C)(C)C(=O)N1CCC[C@H]1C(=O)N[C@@H](CC(C)C)C(=O)NC(C)(C)C(=O)N[C@](C)(CC)C(=O)N[C@@H](CCC(N)=O)C(=O)N[C@H](CO)CC(C)C)C(C)C
CHEMBL588794,1,743.95,nM,CHEMBL364,CHEMBL1054503,Cl.NCC1(c2nc(-c3ccc(Cl)c(O)c3)c(-c3ccncc3)[nH]2)CCCCC1
CHEMBL4644908,0,48000.0,nM,CHEMBL364,CHEMBL4622068,Nc1nc(N)c2ncn(CC[C@@H](O)CP(=O)([O-])[O-])c2n1.[Na+].[Na+]
CHEMBL3338035,0,64000.0,nM,CHEMBL364,CHEMBL3382915,Cc1ccc(Nc2nc(Cl)nc(Nc3ccc(C#N)cc3)n2)c(C)n1
CHEMBL581545,1,842.32,nM,CHEMBL364,CHEMBL1054503,Cc1cc(N2CCCC2)nc(Nc2ccc(NC(=O)c3ccco3)cc2)n1
CHEMBL468484,1,28.0,nM,CHEMBL364,CHEMBL1018964,CCN(CC)CCC(=O)NCCCCCCNc1ccnc2cc(Cl)ccc12
CHEMBL545859,1,31.54,nM,CHEMBL364,CHEMBL1054503,C=C[C@]1(C)C[C@@H](OC(=O)NC(=O)CCCS(=O)(=O)c2nnc(C)s2)[C@]2(C)[C@H](C)CC[C@]3(CCC(=O)[C@H]32)[C@@H](C)[C@@H]1O
CHEMBL601754,1,4.56,nM,CHEMBL364,CHEMBL1040692,CC(C)COc1nc(-c2ccccc2)n(S(=O)(=O)c2cccc3cccnc23)n1
CHEMBL582601,1,513.15,nM,CHEMBL364,CHEMBL1054503,OC(CNc1ccnc(Nc2cccc(Cl)c2)n1)c1cccc(C(F)(F)F)c1
CHEMBL531360,1,863.31,nM,CHEMBL364,CHEMBL1054503,O=C(Nc1cccc(F)c1)c1ccc(C(=O)NC2CCN(CC3CCCCC3)CC2)cc1.O=C(O)C(F)(F)F
CHEMBL4466459,1,526.0,nM,CHEMBL364,CHEMBL4391969,CCN(CC)CCNc1ccc2c(=O)c3cc(F)c(OC)cc3[nH]c2c1
CHEMBL587673,1,922.31,nM,CHEMBL364,CHEMBL1054503,Cn1cnc2c(SCc3ccccc3OCc3ccccc3)ncnc21
CHEMBL2164266,0,50000.0,nM,CHEMBL364,CHEMBL2434042,O=C(COC(c1ccccc1)P(=O)(O)O)NO
CHEMBL4129374,0,37050.0,nM,CHEMBL364,CHEMBL4119319,C=C(C)C(=O)O[C@H]1C/C(C)=C\C(=O)/C=C(\C)[C@@H](O)[C@@H]2OC(=O)C(COC(C)=O)=C12
CHEMBL2338368,0,400000.0,nM,CHEMBL364,CHEMBL2344600,O=P([O-])(O)C(C[n+]1cc[nH]c1)P(=O)(O)O
CHEMBL2022223,1,520.0,nM,CHEMBL364,CHEMBL2024710,COc1cc([C@@H]2c3[nH]c4ccccc4c3C[C@@H]3C(=O)N([C@@H]4CCN(Cc5ccccc5)C4)CC(=O)N23)ccc1O
CHEMBL2058840,1,161.0,nM,CHEMBL364,CHEMBL2060798,Cc1ccc(Nc2c(-c3ccc(F)cc3)nc3n2CCNC3)cc1
CHEMBL6191151,1,1.41,nM,CHEMBL364,CHEMBL6182672,CCc1ccc(C2=N/C(=C\NC3CCCCCC3)C(OC)=C2OC)[nH]1
CHEMBL258893,0,15848.93,nM,CHEMBL364,CHEMBL1267245,COc1ccc2c(c[n+](C)c3c4cc5c(cc4ccc23)OCO5)c1OC.[Cl-]
CHEMBL3634624,1,90.0,nM,CHEMBL364,CHEMBL3637746,Cc1cc(/C=C2\S/C(=N\c3ccccc3)N(C3CCCCC3)C2=O)c(C)n1-c1ccc(N2CCOCC2)cc1
CHEMBL549121,1,891.61,nM,CHEMBL364,CHEMBL1054503,COc1ccccc1N1CCN(C(C(=O)NCc2cccc(F)c2)c2ccc(C)cc2)CC1
CHEMBL38524,1,440.0,nM,CHEMBL364,CHEMBL760050,Cc1ccc(CCC(=O)Nc2ccc(NC(=O)/C=C/c3ccc(-c4ccc([N+](=O)[O-])cc4)o3)cc2C(=O)c2ccccc2)cc1
CHEMBL546938,1,604.29,nM,CHEMBL364,CHEMBL1054503,Cl.c1ccc(Oc2ccc(Nc3ccnc(Nc4ccc(OCCN5CCCCC5)cc4)n3)cc2)cc1
CHEMBL4643828,1,140.0,nM,CHEMBL364,CHEMBL4612069,CO\C=C(C(=O)OC)/C(C)=C(\C=C\c1ccc2c(c1)O[C@@]1(CO2)O[C@H](C=C(C)C)OC1(C)C)OC
CHEMBL588984,1,779.66,nM,CHEMBL364,CHEMBL1054503,CN1CCC(Oc2cc(NC(=O)Nc3ccc(-c4ccncc4)c(C(F)(F)F)c3)ccc2Cl)CC1
CHEMBL3603871,1,626.0,nM,CHEMBL364,CHEMBL3606488,O=C(N1CCCCC1)n1cnc(S(=O)(=O)[C@@H]2C[C@H]3CC[C@@H]2C3)n1
CHEMBL1796560,0,13860.0,nM,CHEMBL364,CHEMBL1798902,CCCNC(=O)c1ccc(C2OOC(c3ccc(C)cc3)OO2)cc1
CHEMBL531156,1,732.52,nM,CHEMBL364,CHEMBL1054503,COc1ccc(-c2cccc(NC(=O)c3ccccc3)c2)cc1CN1CCCN(C)CC1.O=C(O)C(F)(F)F
CHEMBL546791,1,256.85,nM,CHEMBL364,CHEMBL1054503,COC(=O)COc1cc(C(=O)NCCCCN2CCC(c3ccc4c(c3OC)CCCC4)CC2)ccc1-c1ccc(Cl)cc1
CHEMBL1214424,0,21000.0,nM,CHEMBL364,CHEMBL1217358,CO[C@]12OC(O)C3=C1[C@@](C)(CCC3=O)c1cc3c(OS(=O)(=O)O)ccc(O)c3cc1C2=O
CHEMBL2022220,0,11000.0,nM,CHEMBL364,CHEMBL2024710,O=C1[C@H]2Cc3c([nH]c4ccccc34)[C@@H](c3ccc(Cl)nc3)N2C(=O)CN1[C@@H]1CCN(Cc2ccccc2)C1
CHEMBL1946699,0,22000.0,nM,CHEMBL364,CHEMBL1947428,COc1cc(CCc2ccccc2)oc(=O)c1
CHEMBL1672268,1,89.0,nM,CHEMBL364,CHEMBL1681215,C[n+]1c2ccccc2c(NCCN)c2[nH]c3ccccc3c21.[Cl-]
CHEMBL588056,1,605.67,nM,CHEMBL364,CHEMBL1054503,Cc1ccc2c(c1)NCC21CCN(C[C@@H](O)C2CCN(c3cc(C#N)ccn3)CC2)CC1C
CHEMBL4173741,1,80.0,nM,CHEMBL364,CHEMBL4368151,CC1=C[C@@H]2c3c(CCN(C)C)c4ccccc4n3[C@@H](c3[nH]c4ccccc4c3CCN(C)C)[C@@H]2C(C)(C)C1
CHEMBL484618,0,10000.0,nM,CHEMBL364,CHEMBL1014644,COc1cc(/C=C(\Cl)S(=O)(=O)c2ccccc2)cc(OC)c1OC
CHEMBL604106,1,921.0,nM,CHEMBL364,CHEMBL1040691,Cc1ccc2c(nc3sc(=Cc4ccc(-c5ccccc5F)o4)c(=O)n32)c1C
CHEMBL3581806,1,300.0,nM,CHEMBL364,CHEMBL3584387,O=C(NCCCNc1nc2ccccc2[nH]1)c1cccc(Cl)c1
CHEMBL4101045,1,140.0,nM,CHEMBL364,CHEMBL4058995,Cc1[nH]c2cc(CN3CCN(c4ccc(C(F)(F)F)cc4)CC3)ccc2c(=O)c1Cl
CHEMBL392520,1,250.0,nM,CHEMBL364,CHEMBL972451,CCN(CC)CC(=O)OC1CC2(N3CCCCC3)CC(c3ccccc3)C1C(c1ccccc1)C2
CHEMBL4161382,0,2000000.0,nM,CHEMBL364,CHEMBL4147384,CO[C@H]1O[C@H](CS(=O)(=O)CCCN)[C@@H](O)[C@H](O)[C@H]1O
CHEMBL3603995,1,430.0,nM,CHEMBL364,CHEMBL3607903,CCN1C(=O)N(C2CCCC2)C2(CCN(Cc3cc(Cl)ccc3O)CC2)C1=O
CHEMBL2414891,1,370.0,nM,CHEMBL364,CHEMBL2416703,CCN(CC)CC(=O)NC1CC2(N3CCN(C)CC3)CC(c3ccccc3)C1C(c1ccccc1)C2
CHEMBL531795,1,441.22,nM,CHEMBL364,CHEMBL1054503,COc1ccc(Nc2c3ccc(Cl)cc3nc3ccc(OC)cc23)cc1.Cl
CHEMBL531136,1,754.08,nM,CHEMBL364,CHEMBL1054503,O=C(/C=C/c1ccc(Cl)c(Cl)c1)NCCCCCN1CCC(NC(=O)Nc2cccc(Cl)c2)CC1
CHEMBL3601854,1,70.0,nM,CHEMBL364,CHEMBL3602236,COc1ccc(CCCc2ccc(CN3CCCCC3)c(O)c2)cc1.Cl
CHEMBL505811,0,85000.0,nM,CHEMBL364,CHEMBL1000354,CCc1c(O)c(=O)ccn1CCN(C)C
CHEMBL530063,1,270.73,nM,CHEMBL364,CHEMBL1054503,CC(C)S(=O)(=O)N1CCN(Cc2ccc3c(c2)nc(NC(=O)c2ccsc2)n3C[C@H](O)c2ccccc2)CC1
CHEMBL5619887,1,840.0,nM,CHEMBL364,CHEMBL5616754,Cn1cc(C(=O)N(CC(=O)NC(C)(C)C)Cc2ccc(C(=O)NO)cc2)c2ncccc21
CHEMBL457641,0,10000.0,nM,CHEMBL364,CHEMBL986195,O=C1CCC2(Oc3cccc4cccc(c34)O2)c2c(O)ccc(O)c21
CHEMBL1927123,1,60.0,nM,CHEMBL364,CHEMBL1930427,CN1CCN(CCC(=O)OC2CC3(N4CCCCC4)CC(c4ccccc4)C2C(c2ccccc2)C3)CC1
CHEMBL601139,1,167.6,nM,CHEMBL364,CHEMBL1040692,CCCCNC(=O)C(c1cccc(OC)c1)N1C(=O)c2cc(OCCCC)ccc2NC(=O)C1CO
CHEMBL210411,0,36400.0,nM,CHEMBL364,CHEMBL859172,O=c1c(O)c(-c2ccccc2)oc2ccc(O)cc12
CHEMBL585786,1,116.9,nM,CHEMBL364,CHEMBL1040691,CCOC(=O)c1cnc2ccc(OCC)cc2c1NCCCN(CC)CC
CHEMBL524788,1,607.2,nM,CHEMBL364,CHEMBL1054503,CC(CN1CCN(C)CC1)C(=O)Nc1cccc(-c2ccc(-c3nc4cc(C(F)(F)F)ccc4[nH]3)cc2)c1
CHEMBL5417837,1,31.0,nM,CHEMBL364,CHEMBL5318613,O=C(NCC1CC1)[C@@H]1Cc2cccc(c2)Oc2cccc(c2)C[C@H](N2CCCC2=O)C(=O)N[C@@H](CCN2CCCCC2)C(=O)N1
CHEMBL5182879,1,169.0,nM,CHEMBL364,CHEMBL5131158,CCC1(CC)CC(=O)N(Cc2cc(C(=O)N[C@H]3CCOc4ccccc43)cnn2)C(=N)N1
CHEMBL3781393,0,12700.0,nM,CHEMBL364,CHEMBL3783057,CNC(=N)NCCC[C@H](NC(=O)OCc1ccccc1)C(=O)N[C@H](C(=O)N[C@@H](CC(C)C)[C@@H](O)CC(=O)NCCc1ccccc1)C(C)C.O=C(O)C(F)(F)F
CHEMBL583353,1,969.0,nM,CHEMBL364,CHEMBL1040692,CSc1nccc(-c2cc(F)cc3c2OC(CNC(=O)C2CC(=O)c4ccccc42)C3)n1
CHEMBL527536,1,887.85,nM,CHEMBL364,CHEMBL1054503,O=C(CCCCCNC(=O)c1ccc(O)c(-c2cccc(C(F)(F)F)c2)c1)NCCN1CCCCC1
CHEMBL1986458,1,877.0,nM,CHEMBL364,CHEMBL2038340,C[C@@H]1CN([C@@H](C)CO)C(=O)c2cc(NC(=O)Nc3ccccc3)ccc2O[C@@H](C)CCCCO[C@H]1CN(C)S(=O)(=O)c1ccc(C(F)(F)F)cc1
CHEMBL4860150,0,22500.0,nM,CHEMBL364,CHEMBL4837721,C/C=C1/CN(C)[C@@H]2Cc3c([nH]c4ccccc34)C(=O)C[C@H]1[C@H]2C(=O)OC
CHEMBL372968,1,1000.0,nM,CHEMBL364,CHEMBL837255,COc1cc2c[n+](C)c3c4cc(OC)c(OC)cc4c(OCC4OCC(Br)([N+](=O)[O-])CO4)cc3c2cc1OC.CS(=O)(=O)[O-]
CHEMBL2408429,1,0.5,nM,CHEMBL364,CHEMBL2410397,CC(=O)O[C@@H](C(=O)O[C@@H]1O[C@@H]2O[C@@]3(C)CC[C@H]4[C@H](C)CC[C@@H]([C@H]1C)[C@@]24OO3)[C@@H](NC(=O)c1ccccc1)c1ccccc1
CHEMBL533882,1,158.53,nM,CHEMBL364,CHEMBL1054503,COc1cccc(-c2cc(C(F)(F)F)n3ncc(C(=O)Nc4cc(C)ccc4O)c3n2)c1
CHEMBL2017467,1,134.2,nM,CHEMBL364,CHEMBL2019288,COc1ccc([P+](CCCCCCCCCCNC2=CC(=O)c3ccccc3C2=O)(c2ccc(OC)cc2)c2ccc(OC)cc2)cc1
CHEMBL2325388,0,60000.0,nM,CHEMBL364,CHEMBL2328881,CS(=O)(=O)Nc1cc(Cl)ccc1Oc1ccc(Cl)cc1Cl
CHEMBL527549,1,23.75,nM,CHEMBL364,CHEMBL1054503,COc1cc(CCOc2c(C)nc(N)nc2N)cc(OC)c1OC.Cl
CHEMBL2029381,1,240.0,nM,CHEMBL364,CHEMBL2034721,COc1ccc(C[n+]2cccc(CCCCCCCCCCCCCO)c2)cc1.[I-]
CHEMBL256795,1,2.5,nM,CHEMBL364,CHEMBL1073225,N=C(N)c1ccc(-c2ccc(-c3ccc(C(=N)N)cn3)cn2)cc1
CHEMBL535429,1,697.54,nM,CHEMBL364,CHEMBL1054503,COc1cc(Nc2ccnc3ccc(C(F)(F)F)cc23)cc(OC)c1OC
CHEMBL548253,1,161.6,nM,CHEMBL364,CHEMBL1054503,CC(C)C[C@H](NC(=O)c1ccc(OCCN2CCOCC2)cc1)C(=O)N[C@H](/C=N/NC(=O)OC(C)(C)C)CCc1ccccc1
CHEMBL599906,1,663.0,nM,CHEMBL364,CHEMBL1040692,CCOc1cccc2c1N(C(=O)c1ccc(C)cc1)C(C)(C)C1=C2C2(SC(C(=O)OC)=C(C(=O)OC)S2)C(C(=O)OC)=C(C(=O)OC)S1
CHEMBL582281,1,704.0,nM,CHEMBL364,CHEMBL1040691,c1ccc2c(c1)[nH]c1c(NCCN3CCCCC3)ncnc12
CHEMBL1835292,0,23000.0,nM,CHEMBL364,CHEMBL1838231,CCOP(=S)(NC1CCCC1)Oc1ccc(Br)cc1
CHEMBL330261,1,13.0,nM,CHEMBL364,CHEMBL766040,COc1ccc2nc3cc(Cl)ccc3c(NCCCN(CCCNc3c4ccc(Cl)cc4nc4ccc(OC)cc34)C(=O)C(CC(C)C)NC(=O)OC(C)(C)C)c2c1
CHEMBL772,1,316.23,nM,CHEMBL364,CHEMBL1267246,COC(=O)[C@H]1[C@H]2C[C@@H]3c4[nH]c5cc(OC)ccc5c4CCN3C[C@H]2C[C@@H](OC(=O)c2cc(OC)c(OC)c(OC)c2)[C@@H]1OC
CHEMBL6133864,0,10000.0,nM,CHEMBL364,CHEMBL6093680,O=C(NCC(F)(F)F)c1ccc(CN(Cc2ccc(Cl)cc2Cl)C2CC2)cc1
CHEMBL3473100,1,291.71,nM,CHEMBL364,CHEMBL4649964,NC1CCCCN(Cc2cc(-c3ccccc3OC(F)(F)F)no2)C1
CHEMBL600661,0,15000.0,nM,CHEMBL364,CHEMBL730079,CCC(C)NC(=O)N1CCC(n2nccc2NC(=O)CCCc2ccccc2)CC1
CHEMBL589944,0,15000.0,nM,CHEMBL364,CHEMBL730079,Cc1ccc(C(NC(=O)CC(C)C)c2ccc3cccnc3c2O)cc1
CHEMBL1256985,0,10000.0,nM,CHEMBL364,CHEMBL1267251,CN1CCC2(CCN3CCc4c(oc5ccccc45)C3C2)N(C)C1=O
CHEMBL393695,1,4.0,nM,CHEMBL364,CHEMBL902564,N=C1CCCN1CCCCCCCCCCCCN1CCCC1=N
CHEMBL527330,1,338.67,nM,CHEMBL364,CHEMBL1054503,O=c1sn(-c2csc3ccccc23)c2ccccc12
CHEMBL5394913,1,70.0,nM,CHEMBL364,CHEMBL5320285,CN1C(=O)c2c(F)cccc2N2C(=O)CCC12C(=O)Nc1cccc(F)c1
CHEMBL546694,1,796.81,nM,CHEMBL364,CHEMBL1054503,COc1ccc(C(=O)N2CCN(c3ccc([N+](=O)[O-])c(NC4CC4)c3)CC2)cc1Br
CHEMBL536318,1,277.66,nM,CHEMBL364,CHEMBL1054503,O=C(/C=C/c1ccc(Cl)c(Cl)c1)NC1CCC(CN2CCC(c3c[nH]c4cc(C(F)(F)F)ccc34)CC2)CC1
CHEMBL204106,1,28.0,nM,CHEMBL364,CHEMBL860878,O=CN(O)CCC(c1ccc(Cl)c(Cl)c1)P(=O)(O)O
CHEMBL581106,1,833.76,nM,CHEMBL364,CHEMBL1054503,Cc1nc(N)nc(N)c1-c1cc(Cl)c(Cl)c(Cl)c1
CHEMBL4747923,1,33.6,nM,CHEMBL364,CHEMBL4671338,CN(C)CCNc1cc(/C=C/c2cccnc2)nc2ccc(Cl)cc12
CHEMBL2030013,1,35.0,nM,CHEMBL364,CHEMBL2033107,COc1ccc(Cc2ccc(-c3[nH]c4ccccc4c(=O)c3C)cc2)cc1
CHEMBL4080700,1,64.0,nM,CHEMBL364,CHEMBL4058995,COC(=O)c1c[nH]c2cc(N3CCN(Cc4ccccc4)CC3)c(OC)cc2c1=O
CHEMBL546002,1,355.82,nM,CHEMBL364,CHEMBL1054503,COc1cc2nc(C)nc(Nc3cccc(Br)c3)c2cc1OC.Cl
CHEMBL5563609,1,255.5,nM,CHEMBL364,CHEMBL5512715,Cc1nc(-c2ccccc2)c(-c2ccccc2)c2cc(-c3cn(CCOC(=O)CCC(=O)O[C@@H]4O[C@@H]5O[C@]6(C)O[C@]57[C@@H](CC[C@@H](C)[C@@H]7C[C@H]6O)[C@H]4C)nn3)ccc12
CHEMBL582332,1,155.69,nM,CHEMBL364,CHEMBL1054503,NC(CC1CC(=O)N1CC(=O)O)C(=O)O
CHEMBL34241,0,10000.0,nM,CHEMBL364,CHEMBL1267248,CC(=O)c1c(O)c(C)c(O)c(Cc2c(O)c3c(c(C(=O)/C=C/c4ccccc4)c2O)OC(C)(C)C=C3)c1O
CHEMBL5174893,1,15.3,nM,CHEMBL364,CHEMBL5155604,O[C@@H](CNCC1CC1)c1cc(C(F)(F)F)nc2c(C(F)(F)F)cccc12
CHEMBL529844,1,529.57,nM,CHEMBL364,CHEMBL1054503,O=C(Cn1c2ccccc2c(=O)c2ccc(Cl)cc21)Nc1ccc(C(F)(F)F)cc1
CHEMBL4862528,0,10000.0,nM,CHEMBL364,CHEMBL4835668,CCN(CC)Cc1ccc(Nc2nc3ccccc3[nH]2)cc1O
CHEMBL5288678,0,10800.0,nM,CHEMBL364,CHEMBL5255106,COC(=O)c1cc2c(c(OC)c1OC)[C@H](C)C[C@@H](OC(=O)Nc1ccc(F)cc1)[C@H]2[C@@H](C)CCC=C(C)C
CHEMBL3459611,1,906.54,nM,CHEMBL364,CHEMBL4649964,CCN1CCN(c2ccc(F)cc2C(C)NCc2cscn2)CC1
CHEMBL587822,1,816.94,nM,CHEMBL364,CHEMBL1054503,O=C1c2cc(I)ccc2SC1c1ccccc1
CHEMBL485224,1,61.0,nM,CHEMBL364,CHEMBL990646,N=C(N)c1ccc(-c2cc3cc(C(=N)N)cc(O)c3o2)c(O)c1
CHEMBL534385,1,86.85,nM,CHEMBL364,CHEMBL1054503,Cc1cc(N)c2cc(NC(=O)c3cc(C(F)(F)F)cc(C(F)(F)F)c3)ccc2n1.Cl
CHEMBL3138356,1,346.75,nM,CHEMBL364,CHEMBL895775,CC(=O)O[C@H]1C[C@H]2[C@@H](CC[C@@H]3CC4(CC[C@@]32C)OOC2(CCCCC2)OO4)[C@@H]2CC[C@H]([C@H](C)CCC(=O)NN)[C@@]12C
CHEMBL254937,1,43.4,nM,CHEMBL364,CHEMBL929533,C=C1COOC2(CCC(Cc3ccc(F)cc3)CC2)OOC1
CHEMBL581998,1,603.66,nM,CHEMBL364,CHEMBL1054503,Cc1cc(=O)c(-c2ccc(Oc3ccc(C(F)(F)F)cc3)cc2)c(C)n1O
CHEMBL60085,0,19000.0,nM,CHEMBL364,CHEMBL763539,O=C(O)CCCC(=O)OC12CCCCC1C1CCCCC1(O)OO2
CHEMBL98566,1,44.5,nM,CHEMBL364,CHEMBL761303,O=C(CN1CCCCC1)Nc1cc(CO)cc(Nc2ccnc3cc(Cl)ccc23)c1
CHEMBL590690,0,15000.0,nM,CHEMBL364,CHEMBL730080,Cc1cc(N(C)C)nc(Nc2ccc(NS(=O)(=O)c3cccc(Cl)c3)cc2)n1
CHEMBL3216614,1,58.0,nM,CHEMBL364,CHEMBL3108258,Cl.Cl.N=C(N)c1ccc(-c2cc(-c3cc(C(=N)N)ccn3)on2)cc1
CHEMBL526051,1,857.44,nM,CHEMBL364,CHEMBL1054503,Cc1cc(NC(=O)Nc2ccc(N(C)C)cc2)c2cc(Cl)ccc2n1.Cl
CHEMBL588166,1,794.09,nM,CHEMBL364,CHEMBL1054503,CN(CCC(O)c1ccc(Cl)c(Cl)c1)CC1CC1C(=O)c1ccccc1
CHEMBL4063528,1,146.0,nM,CHEMBL364,CHEMBL3999123,COc1ccc(COc2c(C(=O)N3C[C@@H](C)O[C@@H](C)C3)sc3ccccc23)cc1
CHEMBL3478136,1,709.6,nM,CHEMBL364,CHEMBL4649964,CC(C)[C@@H]1CN(C(=O)C2(c3ccccc3)CCN(C)CC2)C[C@H]1N(C)C
CHEMBL3289791,1,280.0,nM,CHEMBL364,CHEMBL3296718,Nc1nccn1CC(O)c1ccc(Cl)cc1Cl
CHEMBL2441928,1,499.0,nM,CHEMBL364,CHEMBL2444384,Cn1cnnc1SCC1(O)C=C(CC(F)(F)F)C(=O)N1CCNc1ccnc2cc(Cl)ccc12
CHEMBL534153,1,728.6,nM,CHEMBL364,CHEMBL1054503,Cl.N#Cc1ccc2c(c1)CCN(CCC1CCC(NC(=O)/C=C/c3cccc4ccccc34)CC1)CC2
CHEMBL424889,1,2.4,nM,CHEMBL364,CHEMBL866010,CCCN(CCCCNc1ccnc2cc(Cl)ccc12)Cc1cc(OC(F)(F)F)ccc1O
CHEMBL1834209,1,208.0,nM,CHEMBL364,CHEMBL1837079,CCN(CC)c1ccc2nc3c4ccccc4/c(=N\c4ccccc4)cc-3oc2c1
CHEMBL2316509,1,38.2,nM,CHEMBL364,CHEMBL2319201,O=C(/C=C/c1ccc(Br)cc1)NCCCNc1ccnc2cc(Cl)ccc12
CHEMBL5417901,1,3.0,nM,CHEMBL364,CHEMBL5318613,O=C(NCC1CC1)[C@@H]1Cc2cccc(c2)Oc2cccc(c2)C[C@H](N2CCCC2=O)C(=O)N[C@@H](CCN2CCOCC2)C(=O)N1
CHEMBL1213806,0,17000.0,nM,CHEMBL364,CHEMBL1217000,O=C1NC(=S)S/C1=C1\C(=O)Nc2ccccc21
CHEMBL530640,1,586.19,nM,CHEMBL364,CHEMBL1054503,Cl.N=C(N)NN=Cc1ccc2c(c1)Cc1ccccc1-2
CHEMBL2024440,1,165.0,nM,CHEMBL364,CHEMBL2025542,COc1ccc2nccc([C@H](O)[C@H]3C[C@@H]4CCN3C[C@@H]4/C=C/c3ccc(C(F)(F)F)cc3)c2c1
CHEMBL584281,1,710.0,nM,CHEMBL364,CHEMBL1040692,CCCN1CCc2c(sc3nc(SCC(=O)OC)nc(N)c23)C1
CHEMBL527272,1,439.96,nM,CHEMBL364,CHEMBL1054503,COc1ccc2c(=O)c(I)c(C)[nH]c2c1
CHEMBL600543,0,12500.0,nM,CHEMBL364,CHEMBL1040691,CN(C)c1ccc(C=C2C(=O)NC(=O)N(Cc3ccccc3Cl)C2=O)cc1
CHEMBL2089272,1,150.0,nM,CHEMBL364,CHEMBL2089999,c1ccn2c(Sc3ncnc4sccc34)nnc2c1
CHEMBL530390,1,275.8,nM,CHEMBL364,CHEMBL1054503,CC1CN(Cc2ccccc2)CCN1c1ccc(NC(=O)c2cccs2)cc1.O=C(O)C(F)(F)F
CHEMBL3603902,1,16.0,nM,CHEMBL364,CHEMBL3606488,CN(Cc1ccc(C(C)(C)C)cc1)C(=O)n1cnc(S(=O)(=O)[C@@H]2C[C@H]3CC[C@@H]2C3)n1
CHEMBL3480104,1,701.47,nM,CHEMBL364,CHEMBL4649964,Cc1ccc(OC2(C(=O)N(C)Cc3ccoc3)CCNCC2)cc1
CHEMBL2023829,1,500.0,nM,CHEMBL364,CHEMBL2025543,COc1ccc2nccc([C@@H](O)[C@H]3C[C@H]4CCN3C[C@@H]4/C=C/c3ccccc3)c2c1
CHEMBL484194,1,48.0,nM,CHEMBL364,CHEMBL990646,COc1cc(C(=N)NC(C)C)cc2cc(-c3ccc(C(=N)NC(C)C)cc3)oc12
CHEMBL1277911,1,119.0,nM,CHEMBL364,CHEMBL1285662,COc1cccc2c(-c3ccc(O)c4c3CCN=C4)ccc(OC(C)C)c12
CHEMBL6141787,1,130.0,nM,CHEMBL364,CHEMBL6085555,CCSCc1cc(CNC(=O)[C@H](O)C(C)(C)CO)no1
CHEMBL533745,1,894.05,nM,CHEMBL364,CHEMBL1054503,Fc1ccccc1C=NN=c1cc[nH]c2ccccc12
CHEMBL3264060,1,270.0,nM,CHEMBL364,CHEMBL3265826,N[C@H]1CC[C@H](Nc2ccc3ncc(-c4cnc(Nc5ncc(C(F)(F)F)cc5F)nc4)n3n2)CC1
CHEMBL1939134,1,0.039,nM,CHEMBL364,CHEMBL4426091,CCCCc1cc2c(=O)c(C(=O)OC)c[nH]c2cc1OCCOc1ccccc1
CHEMBL3236233,0,70000.0,nM,CHEMBL364,CHEMBL3241120,CC(C)N(Cc1ccccc1)C(=O)Nc1cnc2ccccn2c1=O
CHEMBL532876,1,851.88,nM,CHEMBL364,CHEMBL1054503,COc1ccc(CNC(=O)Nc2cc3cc(-c4ccc(CN(C)C)cc4)ccc3n3c(C)nnc23)cc1
CHEMBL584821,1,124.6,nM,CHEMBL364,CHEMBL1040692,Cc1ccc(-n2c(SCc3ccc(F)cc3)nnc2C(Cc2ccccc2)NC(=O)NC(C)(C)C)cc1
CHEMBL529242,1,925.84,nM,CHEMBL364,CHEMBL1054503,O=C(NC1CCC(N2CCC(c3nc4ccccc4s3)CC2)CC1)c1cc2ccccc2[nH]1
CHEMBL189204,1,6.1,nM,CHEMBL364,CHEMBL834282,CCN(CC)CCCNc1ccc(Br)cc1
CHEMBL524225,1,668.71,nM,CHEMBL364,CHEMBL1054503,COc1ccc(NC(=O)/C=C/c2cc(F)cc(C(F)(F)F)c2)cc1OCCN(C(C)C)C(C)C.O=C(O)C(F)(F)F
CHEMBL2408796,0,200000.0,nM,CHEMBL364,CHEMBL2410784,CC(C)(CO)[C@@H](O)C(=O)NCCCC(=O)NCC1CCCCC1
CHEMBL520466,1,450.0,nM,CHEMBL364,CHEMBL957274,Cc1ccc(C2CC3(N(C)C)CCNC2C(c2ccc(C)cc2)C3)cc1
CHEMBL4859589,1,120.0,nM,CHEMBL364,CHEMBL4823054,CC(C)C1CC(O)OO1
CHEMBL529047,1,885.61,nM,CHEMBL364,CHEMBL1054503,O=C(/C=C/c1ccc(Cl)c(Cl)c1)N1CCC(CCN2CCc3[nH]c4ccccc4c3C2)CC1.O=C(O)C(F)(F)F
CHEMBL68066,1,280.0,nM,CHEMBL364,CHEMBL769673,COC1(c2ccccc2)C=CC2(CCCCC2)OO1
CHEMBL2171055,0,15000.0,nM,CHEMBL364,CHEMBL2176179,CCOC(=O)c1c(-c2cccc(Oc3ccccc3)c2)[nH]c2cc(Cl)c(OC)cc2c1=O
CHEMBL533445,1,335.44,nM,CHEMBL364,CHEMBL1054503,O=C(c1cc(-c2ccccc2O)on1)N1CCN(C(c2ccccc2)c2ccccc2)CC1
CHEMBL380674,1,270.0,nM,CHEMBL364,CHEMBL866851,Oc1cc(Cl)ccc1Oc1ccc(Cl)cc1CNCc1ccc(Cl)cc1
CHEMBL4170733,1,46.0,nM,CHEMBL364,CHEMBL4142697,CC1(C)CC(=[N+]2CCCC2)C=CN1Cc1ccc2c(c1)OCO2.[Br-]
CHEMBL531227,1,802.01,nM,CHEMBL364,CHEMBL1054503,CCOc1ccc2nc3cc(NC(=O)c4ccco4)ccc3c(N)c2c1
CHEMBL1872842,0,32000.0,nM,CHEMBL364,CHEMBL4718768,O=C(NCCc1csc(-c2ccccc2)n1)c1ccccc1
CHEMBL5415669,0,10000.0,nM,CHEMBL364,CHEMBL5358810,O=C(CN1CCN(c2ccccc2O)CC1)Nc1nnc(COc2ccc3ccccc3c2)s1
CHEMBL5186818,1,234.4,nM,CHEMBL364,CHEMBL5114970,Cc1nccc2c1[nH]c1cc(OCCNC(=O)CNc3ccnc4cc(Cl)ccc34)ccc12
CHEMBL598072,1,15.36,nM,CHEMBL364,CHEMBL1040692,CN(C)[C@@H]1CCN(Cc2cccc(Cl)c2)C[C@@H]1CCC(=O)NCCCN1CCOCC1
CHEMBL579561,1,797.0,nM,CHEMBL364,CHEMBL1040691,CCOC(=O)c1c(Cl)nnc(-c2ccccc2)c1-c1ccccc1
CHEMBL583,0,20000.0,nM,CHEMBL364,CHEMBL3242166,Cc1c(F)c(N2CCNC(C)C2)cc2c1c(=O)c(C(=O)O)cn2C1CC1
CHEMBL4216701,0,10000.0,nM,CHEMBL364,CHEMBL4180223,O=C(c1ccc(Cl)cc1)N1CCC(Nc2nc3ccccc3n2Cc2ccc(F)cc2)CC1
CHEMBL533055,1,223.28,nM,CHEMBL364,CHEMBL1054503,CCOC(=O)c1cc(C(=O)OC)c2ccccn12
CHEMBL533993,1,68.54,nM,CHEMBL364,CHEMBL1054503,CCCCN1CCN(CC(O)CNC(=O)Nc2ccc(Cl)cc2)CC1.O=C(O)C(F)(F)F
CHEMBL547718,1,880.27,nM,CHEMBL364,CHEMBL1054503,O=C(Nc1cccc(C(F)(F)F)c1)c1cccc(S(=O)(=O)NCC2CCCN(CC3CCCCC3)C2)c1.O=C(O)C(F)(F)F
CHEMBL4590466,1,62.0,nM,CHEMBL364,CHEMBL4311835,CC(C)C[C@@H](C=O)NC(=O)[C@H](CC(C)C)NC(=O)[C@H](Cc1ccccc1)NC(=O)OCc1ccccc1
CHEMBL245416,0,39000.0,nM,CHEMBL364,CHEMBL926624,N[C@@H](Cn1ccc(=O)c(O)c1)C(=O)O
CHEMBL3597355,1,64.3,nM,CHEMBL364,CHEMBL3599225,Clc1ccc2c(NCc3cn(CCCN4c5ccccc5CCc5ccccc54)nn3)ccnc2c1
CHEMBL549158,1,148.94,nM,CHEMBL364,CHEMBL1054503,CCn1ncc2c(N3CCCC3=O)cc(C(=O)N[C@@H](Cc3ccccc3)[C@H](O)CNC(C)(C)c3cccc(C(F)(F)F)c3)cc21
CHEMBL527668,1,929.1,nM,CHEMBL364,CHEMBL1054503,O=C(NCCN1CCOCC1)c1ccc(CNC(=O)c2ccc(O)c(-c3ccc(Cl)c(Cl)c3)c2)cc1
CHEMBL531931,1,338.05,nM,CHEMBL364,CHEMBL1054503,Cc1cccc2nc(-c3ccc(-c4cccc(NC(=O)Nc5ccc(F)c(F)c5F)c4)cc3)[nH]c12
CHEMBL5566898,1,763.0,nM,CHEMBL364,CHEMBL5540331,CCN1CCN(Cc2ccc(NC(=O)c3ccc(F)c(NC(=O)c4cncc(-c5cccs5)c4)c3)cc2C(F)(F)F)CC1
CHEMBL2335613,1,820.0,nM,CHEMBL364,CHEMBL2343476,CCOC(=O)C1=C(C)N/C(=C/c2cn(-c3ccccc3C(F)(F)F)c(C)n2)C1=O
CHEMBL547454,1,426.3,nM,CHEMBL364,CHEMBL1054503,CCCC1CCNC(C(O)c2ccnc3ccc(OC)cc23)C1.Cl
CHEMBL3497597,1,770.59,nM,CHEMBL364,CHEMBL4649964,Cc1cc(F)ccc1-c1ccccc1CC1CNCCNC1=O.Cl
CHEMBL2181338,1,290.0,nM,CHEMBL364,CHEMBL2185560,CC1(C)CC(C)(OCC23CC4CC(CC(C4)C2)C3)OO1
CHEMBL529993,1,148.98,nM,CHEMBL364,CHEMBL1054503,CCN1CCN(CCCNc2c3ccc(Cl)cc3nc3ccc(OC)cc23)CC1.Cl
CHEMBL604867,0,15000.0,nM,CHEMBL364,CHEMBL730079,CCOC(=O)c1cnc2c(C)c(C)ccc2c1Nc1cc([N+](=O)[O-])ccc1O
CHEMBL3401072,1,14.0,nM,CHEMBL364,CHEMBL3406876,COc1cc(Nc2ccnc3ccnn23)c2ncccc2c1
CHEMBL533703,1,331.09,nM,CHEMBL364,CHEMBL1054503,N#Cc1ccc(CN2CCC(Oc3ccc(NC(=O)c4ccco4)cc3Cl)C2)cc1.O=C(O)C(F)(F)F
CHEMBL532926,1,764.82,nM,CHEMBL364,CHEMBL1054503,Cc1cc(C(=O)Nc2ccc3c(ccn3C3CCCN(Cc4ccc(C(F)(F)F)cc4F)CC3)c2)no1
CHEMBL535403,1,800.0,nM,CHEMBL364,CHEMBL902564,Br.N=c1sccn1CCCCCCCCCCCCn1ccsc1=N
CHEMBL592558,0,15000.0,nM,CHEMBL364,CHEMBL730080,CN(C)CCCNc1c2c(nc3ccccc13)CCC2.Cl
CHEMBL236428,1,58.0,nM,CHEMBL364,CHEMBL900423,CCOc1cc(NC2(CCCN)CC2)c2nc(C(F)(F)F)ccc2n1
CHEMBL6134163,1,270.0,nM,CHEMBL364,CHEMBL6093680,COc1ccccc1CN(Cc1ccc(C(=O)NC2CC2)cc1)C1CC1
CHEMBL4972486,0,10000.0,nM,CHEMBL364,CHEMBL4888491,CN(C)c1nc(N)cc(-c2cccc3cccnc23)n1
CHEMBL526233,1,567.0,nM,CHEMBL364,CHEMBL1054503,N=C(/N=C(/NCCCCCCN/C(=N/C(=N)NCc1ccc(Cl)c(Cl)c1)N1CCCCC1)N1CCCCC1)NCc1ccc(Cl)c(Cl)c1
CHEMBL534837,1,763.94,nM,CHEMBL364,CHEMBL1054503,Cc1cc(=NN=Cc2ccccc2F)c2cccc(C)c2[nH]1
CHEMBL581575,1,728.46,nM,CHEMBL364,CHEMBL1054503,O=C(COc1cnc2ccccc2n1)Nc1ccccc1Sc1ccc(Cl)cc1
CHEMBL1090725,0,10000.0,nM,CHEMBL364,CHEMBL1113468,CCOC(=O)c1c(-c2cccc(Cl)c2)[nH]c2cccc(OC)c2c1=O
CHEMBL551539,1,9.6,nM,CHEMBL364,CHEMBL1056797,O=C(CN1CCCCC1)Nc1cc(CN2CCOCC2)cc(Nc2ccnc3ccc(Cl)cc23)c1
CHEMBL2030327,1,40.0,nM,CHEMBL364,CHEMBL2033120,Cc1c(-c2ccc(Oc3ccc(OC(F)(F)F)cc3)nc2)[nH]c2ccccc2c1=O
CHEMBL527503,1,182.72,nM,CHEMBL364,CHEMBL1054503,COC(=O)c1cc(C(=O)CN(Cc2ccccc2)C(C)C)ccc1O.Cl
CHEMBL546614,1,304.71,nM,CHEMBL364,CHEMBL1054503,O=C(NCCCN1CCCC1=O)c1cnc(N2CCC(Oc3ccccc3)CC2)c(Cl)c1
CHEMBL4476201,1,11.0,nM,CHEMBL364,CHEMBL4329885,COc1ccc2c(=O)c(Cl)c(-c3cnn(Cc4ccc(OC(F)(F)F)cc4)c3)[nH]c2c1
CHEMBL548101,1,750.61,nM,CHEMBL364,CHEMBL1054503,CC(C)(C)C1CCC(C(=O)c2ccc3ccccc3c2O)CC1
CHEMBL3215766,1,25.0,nM,CHEMBL364,CHEMBL961733,CC(C)NC(=N)c1ccc(OCCCOc2ccc(C(=N)NC(C)C)cc2)cc1.Cl.Cl
CHEMBL1092,0,12589.25,nM,CHEMBL364,CHEMBL1267247,Cl.OC(CCN1CCCCC1)(c1ccccc1)C1CCCCC1
CHEMBL580461,1,252.6,nM,CHEMBL364,CHEMBL1040691,COc1ccc(Nc2nc(NCc3ccco3)c3ccccc3n2)cc1.Cl
CHEMBL350058,1,140.0,nM,CHEMBL364,CHEMBL764089,CCCCCCCCCC1(OC)CCC(CC(=O)OC)OO1
CHEMBL5197359,1,82.0,nM,CHEMBL364,CHEMBL5160032,COc1cc(F)ccc1-c1cnc2sc(N3CC[C@H](N)[C@@H](F)C3)nn12
CHEMBL530537,1,980.23,nM,CHEMBL364,CHEMBL1054503,CN(C)CCCNc1nccc(N(C)c2ccc(NC(=O)Nc3cc(C(F)(F)F)ccc3F)cc2)n1.O=C(O)C(F)(F)F
CHEMBL4099387,1,54.4,nM,CHEMBL364,CHEMBL4027138,CN(Cc1ccccn1)Cc1ccccc1CNc1ccnc2cc(Cl)ccc12
CHEMBL582057,1,935.0,nM,CHEMBL364,CHEMBL1040691,Cc1ccc2nc3c(c(NCCCN(C)C)c2c1)CCC3
CHEMBL5170360,0,10000.0,nM,CHEMBL364,CHEMBL5160032,CC1(N)CCN(c2nn3c(C#CCO)cnc3s2)CC1
CHEMBL579377,1,108.6,nM,CHEMBL364,CHEMBL1040692,COc1cc(C2CC(=O)NC3=C2C(=O)CC(c2ccccc2Cl)C3)ccc1O
CHEMBL4066555,1,114.0,nM,CHEMBL364,CHEMBL3998645,c1cc(NC2CCCC2)c2cnc(Nc3ccc4c(c3)OCO4)nc2c1
CHEMBL2334034,1,261.0,nM,CHEMBL364,CHEMBL2342742,C[C@@H](NC[C@@H](O)[C@H](Cc1ccccc1)NC(=O)c1ccc(O)c(CN2CCCC2)c1)c1ccccc1
CHEMBL290767,1,200.0,nM,CHEMBL364,CHEMBL762989,Nc1ccc2c(Nc3ccc(CN4CCCCC4)cc3)c3ccc(N)cc3nc2c1
CHEMBL4532597,0,22000.0,nM,CHEMBL364,CHEMBL4429519,CCOCC(O)c1cc(C(F)(F)F)nc2c(C(F)(F)F)cccc12
CHEMBL528624,1,764.09,nM,CHEMBL364,CHEMBL1054503,CC(=O)Nc1cccc(C(=O)Nc2cccc(-c3ccc(-c4nc5cc(F)ccc5[nH]4)cc3)c2)c1
CHEMBL2017476,1,212.0,nM,CHEMBL364,CHEMBL2019288,CC1=C(CCCCCCCCCC[P+](Cc2ccccc2)(Cc2ccccc2)Cc2ccccc2)C(=O)c2ccccc2C1=O
CHEMBL513343,1,201.68,nM,CHEMBL364,CHEMBL997856,O=C(NCCNc1ccnc2cc(Cl)ccc12)C12CC3CC(CC(C3)C1)C2
CHEMBL527468,1,2.9,nM,CHEMBL364,CHEMBL4768940,Br.CC1(C)NC(N)=NC(=N)N1OCCCCOc1ccccc1
CHEMBL597868,1,447.0,nM,CHEMBL364,CHEMBL1040691,O=C(CSc1ccc2nnc(-c3cccs3)n2n1)Nc1ccc2c(c1)OCCO2
CHEMBL588982,1,827.38,nM,CHEMBL364,CHEMBL1054503,Cc1nc(C)c(CC(=O)Nc2cccc(-c3cccc(-c4nc5cc(C(F)(F)F)ccc5[nH]4)c3)c2)s1
CHEMBL5612025,1,13.9,nM,CHEMBL364,CHEMBL5609745,Cc1nn(C(C)(C)C)c2nc(C3CC3)cc(C(=O)N3CCOc4ccccc43)c12
CHEMBL4213140,0,50500.0,nM,CHEMBL364,CHEMBL4201411,CC(=O)N(C/C=C/P(=O)(OCOC(=O)C(C)(C)C)OCOC(=O)C(C)(C)C)OCc1ccc2ccccc2c1
CHEMBL1650071,1,590.0,nM,CHEMBL364,CHEMBL1663718,CCON1CCN=C1Nc1ccc(Nc2ccc(NC3=NCCN3OCC)cc2)cc1
CHEMBL581893,1,417.0,nM,CHEMBL364,CHEMBL1040691,COc1ccc2c(C)nc(NC(=N)N)nc2c1
CHEMBL532305,1,742.74,nM,CHEMBL364,CHEMBL1054503,N#Cc1c(N)nc(SCC(=O)Nc2cc(C(F)(F)F)ccc2Cl)c(C#N)c1-c1cccs1
CHEMBL537269,1,979.75,nM,CHEMBL364,CHEMBL1054503,O=C(CCCCCNC(=O)c1ccc(O)c(-c2ccc(Cl)c(Cl)c2)c1)NCCN1CCCC1
CHEMBL4163176,0,20000.0,nM,CHEMBL364,CHEMBL4140744,O=c1nc(Nc2ncnc3ccc(-c4cccc(N5CCOCC5)c4)cc23)c(F)c[nH]1
CHEMBL534168,1,733.6,nM,CHEMBL364,CHEMBL1054503,CN1CCN(c2cc(NC(=O)Nc3cccc(Cl)c3Cl)ccc2Cl)CC1.Cl
CHEMBL537114,1,401.96,nM,CHEMBL364,CHEMBL1054503,O=C(Nc1ccc(-c2csc(-c3nc4ccccc4[nH]3)c2)cc1)Nc1ccc(Cl)c(Cl)c1
CHEMBL2441894,0,41200.0,nM,CHEMBL364,CHEMBL2444088,O=[N+]([O-])c1c(CS(=O)(=O)c2ccccc2)nc2ccc(Br)cn12
CHEMBL2024441,1,98.0,nM,CHEMBL364,CHEMBL2025542,COc1ccc2nccc([C@H](O)[C@H]3C[C@@H]4CCN3C[C@@H]4/C=C/c3cccc(C(F)(F)F)c3)c2c1
CHEMBL599895,1,589.0,nM,CHEMBL364,CHEMBL1040692,O=C(Cn1c2ccccc2c(=O)c2ccc(Cl)cc21)Nc1cccc(Cl)c1
CHEMBL585612,1,738.0,nM,CHEMBL364,CHEMBL1040691,O=C(Oc1ccc(-c2ccc(OC(=O)c3ccco3)cc2)cc1)c1ccco1
CHEMBL582021,1,918.96,nM,CHEMBL364,CHEMBL1054503,CC(=O)c1ccccc1OCCSc1nnc(Cc2cccs2)n1C1CCCCC1
CHEMBL559861,1,450.0,nM,CHEMBL364,CHEMBL1051631,CCc1ccc(C2OOC(c3ccc(C(C)C)cc3)OO2)cc1
CHEMBL592834,0,15000.0,nM,CHEMBL364,CHEMBL730079,Cc1cc(NC(=O)CSc2ccc3nnc(-c4ccc(Cl)cc4)n3n2)no1
CHEMBL529923,1,34.74,nM,CHEMBL364,CHEMBL1054503,Cl.O=C(C=Cc1ccc(C(=O)Nc2ccc(C3=NCCN3)cc2)cc1)Nc1ccc(C2=NCCN2)cc1
CHEMBL191734,1,950.0,nM,CHEMBL364,CHEMBL1016909,COc1ccc2c(c1)cc1[nH]c3ccccc3c1[n+]2C.[Cl-]
CHEMBL581417,1,977.11,nM,CHEMBL364,CHEMBL1054503,O=C(Nc1ccncc1)c1cn(-c2ccccc2)nc1-c1cccs1
CHEMBL371456,0,22000.0,nM,CHEMBL364,CHEMBL1014434,O=P(O)(O)C(O)(Cc1cccc(Br)c1)P(=O)(O)O
CHEMBL1909875,0,10000.0,nM,CHEMBL364,CHEMBL4132266,COc1ccc([C@@H](O)CNC(=O)/C=C/c2ccccc2)cc1
CHEMBL4292637,0,12200.0,nM,CHEMBL364,CHEMBL4272176,C=CCOc1c(OC)cc(/C=C/C(=O)c2ccc(OCCC)cc2)cc1-c1cc(/C=C/C(=O)c2ccc(OCCC)cc2)cc(OC)c1OCC=C
CHEMBL1094200,0,50000.0,nM,CHEMBL364,CHEMBL1111998,COc1cc(O)c2c(c1)[C@@H]([C@H](O)C[C@H](O)[C@H](O)[C@H](O)/C=C/C[C@H](C)O)OC2=O
CHEMBL548918,1,727.56,nM,CHEMBL364,CHEMBL1054503,CCCCc1ccc(C(=O)NC2CCN(C[C@H](O)c3ccnc4ccc(OC)cc34)CC2)cc1
CHEMBL374107,0,18000.0,nM,CHEMBL364,CHEMBL910502,Nc1nc(O)c2[nH]nnc2n1
CHEMBL5591307,1,53.9,nM,CHEMBL364,CHEMBL5581514,CCOC(=O)C1=C(C)NC2=C(C(=O)OC(c3ccc(OC)c(OC)c3)C2)C1c1ccccc1Cl
CHEMBL590187,0,15000.0,nM,CHEMBL364,CHEMBL730079,CCOC(=O)C1=C(CN(C)c2ccc(F)cc2)NC(=O)NC1c1ccc(Cl)cc1
CHEMBL367926,1,50.0,nM,CHEMBL364,CHEMBL761154,CN1/C(=c2\s/c(=C\c3cc[n+](C)cc3)n(Cc3ccccc3)c2=O)Sc2ccccc21.Cc1ccc(S(=O)(=O)[O-])cc1
CHEMBL547173,1,992.95,nM,CHEMBL364,CHEMBL1054503,COc1ccc2nccc([C@@H](O)CN3CCC(NC(=O)/C=C/c4ccc5ccccc5n4)CC3)c2c1
CHEMBL530698,1,203.4,nM,CHEMBL364,CHEMBL1040691,Cl.OCCNc1nc(Nc2cccc(O)c2)nc2ccccc12
CHEMBL133582,1,490.0,nM,CHEMBL364,CHEMBL873632,CCCCCC1(OC)CCC(CC(=O)N(CC)CC)OO1
CHEMBL585319,1,816.0,nM,CHEMBL364,CHEMBL1040692,COc1cc(NC(=O)Cn2c3ccccc3c(=O)c3ccccc32)cc(OC)c1OC
CHEMBL2064758,1,865.0,nM,CHEMBL364,CHEMBL2067045,C/C(=C(\CCOP1(=O)OCc2ccccc2O1)SSCc1ccccc1)N(C=O)CCCCCCCCCCCCN(C=O)/C(C)=C(/CCOP1(=O)OCc2ccccc2O1)SSCc1ccccc1
CHEMBL585444,1,271.7,nM,CHEMBL364,CHEMBL1040692,CC(C)(C)CC(C)(C)c1ccc(O)c(CN2CCN(CCC#N)CC2)c1
CHEMBL532299,1,787.2,nM,CHEMBL364,CHEMBL1054503,CS(=O)(=O)O.O=[N+]([O-])c1ccc(CNCCCCCCNCc2ccc([N+](=O)[O-])c3ccccc23)c2ccccc12
CHEMBL547390,1,804.61,nM,CHEMBL364,CHEMBL1054503,CCCCCC(C)N/C(=N/c1cccc(Cl)c1Cl)Nc1ccc(C#N)cc1O
CHEMBL533850,1,482.45,nM,CHEMBL364,CHEMBL1054503,CC1=C(C(=O)Nc2cc3cn[nH]c3cc2F)C(c2ccc(Cl)c(NS(C)(=O)=O)c2)CC(=O)N1
CHEMBL529232,1,289.61,nM,CHEMBL364,CHEMBL1054503,COc1ccc2nccc([C@@H](O)CN3CCC(NC(=O)/C=C/c4ccc(Cl)c(C(F)(F)F)c4)CC3)c2c1
CHEMBL592922,1,500.0,nM,CHEMBL364,CHEMBL1647202,CO[C@H]1C=C2[C@@H](CC[C@H](OC(C)=O)C2(C)C)[C@]2(C)CC[C@]3(C)[C@@H]([C@H](C)C[C@H](C=C(C)C)OC(C)=O)CC[C@@]3(C)[C@H]12
CHEMBL552078,1,45.0,nM,CHEMBL364,CHEMBL1056787,CCCCN(CCCNc1ccnc2cc(Cl)ccc12)Cc1ccoc1
CHEMBL454943,0,10000.0,nM,CHEMBL364,CHEMBL968941,CCOC(=O)c1c(-c2ccccc2)[n+]([O-])c2ccc(OC)cc2[n+]1[O-]
CHEMBL528662,1,849.55,nM,CHEMBL364,CHEMBL1054503,Fc1ccc2[nH]c(-c3ccc(-c4ccc(CNCCN5CCNCC5)cc4)cc3)nc2c1.O=C(O)C(F)(F)F
CHEMBL587677,1,547.83,nM,CHEMBL364,CHEMBL1054503,COc1cc(C)nc2ccc(NC(=O)Nc3ccc4nc(C)cc(OC)c4c3)cc12
CHEMBL603124,0,15000.0,nM,CHEMBL364,CHEMBL730080,CCCc1cc(O)nc(-n2nc(C)cc2NC(=O)c2cccc(C)c2)n1
CHEMBL253114,0,11030.0,nM,CHEMBL364,CHEMBL926628,C=CCN1[C@H](c2ccc([N+](=O)[O-])cc2)C(C(=O)OCC)C(=O)C(C(=O)OCC)[C@@H]1c1ccc([N+](=O)[O-])cc1
CHEMBL3264503,1,1.35,nM,CHEMBL364,CHEMBL4403391,CC(=O)O[C@H]1C[C@H]2[C@@H]([C@H](OC(C)=O)C[C@@H]3C[C@H](N(C)C)CC[C@@]32C)[C@@H]2CC[C@H]([C@H](C)CCCN(C)CCNc3ccnc4cc(Cl)ccc34)[C@@]12C
CHEMBL591842,0,15000.0,nM,CHEMBL364,CHEMBL730079,CC(NC(=S)Nc1cccc([N+](=O)[O-])c1)c1ccc(C(C)(C)C)cc1
CHEMBL587356,1,9.15,nM,CHEMBL364,CHEMBL1040692,COCC(=O)Oc1ccccc1-c1nc2cc(C)ccn2c1NC(C)(C)CC(C)(C)C
CHEMBL603521,1,31.1,nM,CHEMBL364,CHEMBL1040691,CCN1/C(=C/c2ccc3cc(OC)ccc3[n+]2CC)Sc2ccc(NC(C)=O)cc21
CHEMBL5275163,1,3.3,nM,CHEMBL364,CHEMBL5241717,CCOC1(C(F)(F)F)O[C@@H]2O[C@]3(C)CC[C@H]4[C@H](C)CC[C@@H]([C@H]1C)[C@@]24OO3
CHEMBL533446,1,582.66,nM,CHEMBL364,CHEMBL1054503,O=C(O)C(F)(F)F.O=C1CCCN1CCCNCc1ccc(-c2ccc(-c3nc4cc(C(F)(F)F)ccc4[nH]3)cc2)cc1
CHEMBL4067814,1,590.0,nM,CHEMBL364,CHEMBL4012307,Cc1cc(N(CCNc2ccnc3cc(Cl)ccc23)Cc2ccc3c(c2)OCO3)nc(Cl)n1
CHEMBL3361393,1,10.8,nM,CHEMBL364,CHEMBL3369905,COc1cc2[nH]c(C)c(-c3ccc(OCc4ccccc4)c(F)c3)c(=O)c2cc1Cl
CHEMBL5071312,1,100.0,nM,CHEMBL364,CHEMBL5053829,C=C(c1ccc(Cl)c(Cl)c1Cl)C1COC2(CCCCC2)OO1
CHEMBL529054,1,953.12,nM,CHEMBL364,CHEMBL1054503,COc1ccc(CNc2cc(C)nc3sc4c(c23)CCC2(C4)OCCO2)cc1
CHEMBL527413,1,623.4,nM,CHEMBL364,CHEMBL1054503,Cc1cc(N2CCCC2)nc(Nc2ccc(NC(=O)c3ccc(Br)o3)cc2)n1
CHEMBL1923945,1,2.0,nM,CHEMBL364,CHEMBL1924129,C[n+]1ccn(CCCCCCCCCCCCCCCn2cc[n+](C)c2)c1.[I-].[I-]
CHEMBL6190070,1,41.9,nM,CHEMBL364,CHEMBL6182670,CCC1=C(CC)/C(=C/NC23C[C@H]4C[C@@H](C2)C[C@@H](C3)C4)N=C1c1cc2cc(OC)ccc2[nH]1
CHEMBL369214,1,44.0,nM,CHEMBL364,CHEMBL856447,CO[C@@H]1O[C@]2(c3ccc(COC(C)=O)cc3)CC[C@H]3CCCCC31OO2
CHEMBL524430,1,934.04,nM,CHEMBL364,CHEMBL1054503,COc1cccc(-c2cccc(CNC3CCN(CC4Cn5c(=O)ccc6ccc(F)c4c65)CC3)c2)c1.O=C(O)C(F)(F)F
CHEMBL4526363,1,92.0,nM,CHEMBL364,CHEMBL4310136,C[C@@H]1CN(C(=O)c2ccc(Nc3nc4cnc(-c5ccc(F)c(C(F)(F)F)c5)cc4[nH]3)nc2)C[C@H](C)N1
CHEMBL467584,1,1.0,nM,CHEMBL364,CHEMBL989660,Cc1[nH]c(C)c(-c2ccc(Oc3ccc(OC(F)(F)F)cc3)cc2)c(=O)c1Cl
CHEMBL568295,1,7.4,nM,CHEMBL364,CHEMBL1041447,C[C@H]1[C@H](c2ccc[nH]2)O[C@@H]2O[C@@]3(C)CC[C@H]4[C@H](C)CC[C@@H]1[C@@]24OO3
CHEMBL5279315,1,2.0,nM,CHEMBL364,CHEMBL5244557,CCCCCCCc1c(C)[nH]c2cc(Cl)ccc2c1=O
CHEMBL529325,1,985.44,nM,CHEMBL364,CHEMBL1054503,O=C(NCCCCN1CCC(c2c[nH]c3ccc(-c4ccccc4)cc23)CC1)c1ccc(-c2ccccc2)cc1.O=C(O)C(=O)O
CHEMBL356238,1,80.6,nM,CHEMBL364,CHEMBL869193,O=C(NCCCN1CCN(CCCNc2ccnc3cc(Cl)ccc23)CC1)c1ccccc1
CHEMBL4103849,1,860.0,nM,CHEMBL364,CHEMBL4004932,COC(=O)/C(C)=C1\C(=O)[C@H](O)[C@]2(C)C3=C(C[C@@H]4[C@]5(OC(=O)C(COC(C)=O)=C5C[C@H]5[C@](O)(COC(=O)C=C(C)C)[C@H]6C[C@H]6[C@]45C)[C@H]31)[C@H]1C[C@H]12
CHEMBL1256023,0,12589.25,nM,CHEMBL364,CHEMBL1267249,NS([O-])(O)Cc1noc2ccccc12.[Na+]
CHEMBL4089514,0,16420.0,nM,CHEMBL364,CHEMBL3996774,CC(=O)NCCNc1cc(-c2ccc(C(F)(F)F)cc2)c(C#N)c2nc3ccccc3n12
CHEMBL589022,1,942.24,nM,CHEMBL364,CHEMBL1054503,N#Cc1ccc2[nH]cc(-c3cn4cc(SC5CCCC5)ccc4n3)c2c1
CHEMBL253057,1,68.25,nM,CHEMBL364,CHEMBL929533,Fc1ccc(CC2CCC3(CC2)OOCCCOO3)cc1
CHEMBL5088837,1,216.0,nM,CHEMBL364,CHEMBL5038373,N#Cc1ccc([C@@H]2c3[nH]c4ccccc4c3CCN2C(=O)c2cc3cc(Br)ccc3o2)cc1
CHEMBL601168,0,12500.0,nM,CHEMBL364,CHEMBL1040691,CCOc1ccc(C(=O)CN2C(=O)c3ccccc3OC(C(C)C)C2=O)cc1[N+](=O)[O-]
CHEMBL1256776,0,12589.25,nM,CHEMBL364,CHEMBL1267247,C#CCN1C(C)=C(C(=O)OC)C(c2cccc([N+](=O)[O-])c2)C(C(=O)OCC)=C1C
CHEMBL3458805,1,521.59,nM,CHEMBL364,CHEMBL4649945,COCCNC(=O)Nc1cc2c(cc1SC)OCCO2
CHEMBL530841,1,66.93,nM,CHEMBL364,CHEMBL1054503,Br.CCCC1N=C(N)N=C(N)N1c1ccc(CC)cc1
CHEMBL600662,0,15000.0,nM,CHEMBL364,CHEMBL730079,COc1ccc(NC(=O)c2c(-c3c(Cl)cccc3Cl)noc2C)c(OC)c1
CHEMBL599508,1,482.0,nM,CHEMBL364,CHEMBL1040692,COc1ccc(OC)c(C2CC(=O)N3CN(Cc4ccccc4)CSC3=C2C#N)c1
CHEMBL530365,1,595.97,nM,CHEMBL364,CHEMBL1054503,CCNc1cc(C(=O)N[C@@H](Cc2cccc(F)c2)[C@H](O)CNC(C)CCCC(C)C)cc(N2CCCCS2(=O)=O)c1.Cl
CHEMBL525478,1,634.74,nM,CHEMBL364,CHEMBL1054503,COC1(C)Oc2ccc3cccc([N+](=O)[O-])c3c2C1=O
CHEMBL569983,1,26.5,nM,CHEMBL364,CHEMBL1048019,COc1cc(C2CC(c3ccc(O)cc3)=NN2C(=O)c2cccnc2)cc(OC)c1OC
CHEMBL534055,1,715.82,nM,CHEMBL364,CHEMBL1054503,Cl.Nc1ccc(Nc2ccnc3ccc(C(F)(F)F)cc23)cc1O
CHEMBL3628218,1,98.0,nM,CHEMBL364,CHEMBL3631211,CS(=O)(=O)c1ccc(-c2cnn3ccc(-c4cccc(C(F)(F)F)c4)cc23)cc1
CHEMBL603898,1,114.7,nM,CHEMBL364,CHEMBL1040692,COc1ccccc1C(=O)NC1CCN(CC(O)CN(Cc2ccccc2)S(=O)(=O)c2ccccc2)C1
CHEMBL581243,1,419.0,nM,CHEMBL364,CHEMBL1040691,CCOc1ccc2nc(C)cc(Nc3ccc(OC)cc3)c2c1.Cl
CHEMBL3234075,1,19.0,nM,CHEMBL364,CHEMBL3241687,CS(=O)(=O)Nc1cccc(-c2ccc3ncc(-c4ccc(S(C)(=O)=O)cc4)n3n2)c1
CHEMBL174414,1,901.89,nM,CHEMBL364,CHEMBL1054503,Cn1ccc2c3c(N)nc(N)nc3ccc21
CHEMBL548779,1,723.62,nM,CHEMBL364,CHEMBL1054503,CN(CCCCNC(=O)c1ccc(-c2ccccc2)cc1)C1CCc2c(O)cccc2C1.O=C(O)C(=O)O
CHEMBL530654,1,859.25,nM,CHEMBL364,CHEMBL1054503,CC(C)C(=O)NC(c1ccc(N(C)C)cc1)c1cc(Cl)c2cccnc2c1O
CHEMBL581921,1,554.86,nM,CHEMBL364,CHEMBL1054503,CCNc1cc(C(=O)N[C@@H](Cc2ccccc2)[C@H](O)CN[C@@H]2CCc3ccccc32)cc(N2CCCCS2(=O)=O)c1
CHEMBL585636,1,860.0,nM,CHEMBL364,CHEMBL1040692,CCOC(=O)c1ccc(N2CCN(c3ccc(F)cc3)CC2)c(NC(=O)Nc2ccccc2)c1
CHEMBL532998,1,172.54,nM,CHEMBL364,CHEMBL1054503,O=P(O)(O)Oc1c(Br)cc(Br)cc1-c1cc(Br)cc(Br)c1O
CHEMBL529597,1,755.26,nM,CHEMBL364,CHEMBL1054503,Clc1ccc2c(NN=Cc3ccccc3)ccnc2c1
CHEMBL428695,1,299.4,nM,CHEMBL364,CHEMBL1040691,CCC1CN2CCC1CC2C(O)c1ccnc2ccccc12
CHEMBL587004,1,424.0,nM,CHEMBL364,CHEMBL1040692,CN1CCN(c2nc(NCCNc3ccc([N+](=O)[O-])cc3)c3ccccc3n2)CC1
CHEMBL3482709,1,528.33,nM,CHEMBL364,CHEMBL4649964,NCC1Cc2cc(-c3nccc(N4CCC(O)CC4)n3)cc(F)c2O1
CHEMBL4454944,1,1000.0,nM,CHEMBL364,CHEMBL4343077,O=S(=O)(NCC1(O)CCOc2ccc(Br)cc21)c1ccc(Br)s1
CHEMBL530500,1,37.94,nM,CHEMBL364,CHEMBL1054503,Cc1nc2c(c(O)c1Cl)-c1ccc(Oc3cccc(C(F)(F)F)c3)cc1C2=O
CHEMBL525325,1,14.6,nM,CHEMBL364,CHEMBL1054503,Cl.NC1=NC(c2ccccc2)N(c2ccc(Cl)c(Cl)c2)C(N)=N1
CHEMBL149894,1,220.0,nM,CHEMBL364,CHEMBL753457,CCCCCCCCCCCC[N+]1(C)CCCC1.[Br-]
CHEMBL2171066,0,15000.0,nM,CHEMBL364,CHEMBL2176180,CCOC(=O)c1c(-c2cccc(CO)c2)[nH]c2cc(OC)ccc2c1=O
CHEMBL65473,1,500.0,nM,CHEMBL364,CHEMBL767961,CCN(CC)CCCC(C)Nc1ccnc2c(NC(=O)CCC(=O)Nc3cccc4c(NC(C)CCCN(CC)CC)ccnc34)cccc12
CHEMBL588149,1,749.66,nM,CHEMBL364,CHEMBL1054503,O=C(O)C(F)(F)F.c1ccc2[nH]c(-c3ccc(-c4ccc(CN5CCCCC5)cc4)cc3)nc2c1
CHEMBL121312,1,88.0,nM,CHEMBL364,CHEMBL759678,Cc1cc(C(=N)N)cn2cc(-c3ccc(-c4ccc(C(=N)N)cc4)o3)nc12
CHEMBL580023,1,325.22,nM,CHEMBL364,CHEMBL1054503,O=C(Nc1ccccc1)N(Cc1cccc(-c2ccc(CNCc3ccc4c(c3)OCO4)cc2)c1)C1CCN(Cc2ccccc2)CC1.O=C(O)C(F)(F)F
CHEMBL535697,1,14.56,nM,CHEMBL364,CHEMBL1054503,CC1(C)NC(N)=NC(=N)N1OCc1cc(Cl)c(Cl)cc1CON1C(=N)N=C(N)NC1(C)C
CHEMBL5181641,1,1000.0,nM,CHEMBL364,CHEMBL5131158,C[C@H](NC(=O)c1cc(F)cc(CN2C(=N)NC(C)(C)CC2=O)c1)c1ccccc1
CHEMBL535707,1,826.3,nM,CHEMBL364,CHEMBL1054503,O=C(NCCCN1CCN(c2cccc(Cl)c2)CC1)c1ccc(-c2nc3cc(Cl)c(Cl)cc3[nH]2)c(F)c1
CHEMBL353332,1,160.0,nM,CHEMBL364,CHEMBL856447,CO[C@H]1O[C@]2(CF)CC[C@H]3CCCCC31OO2
CHEMBL587975,1,924.59,nM,CHEMBL364,CHEMBL1054503,O=C(/C=C/c1ccc(Cl)c(Cl)c1)NCCCCCN1CCC(CCNC(=O)C2(c3ccc(Cl)cc3)CC2)CC1
CHEMBL4088451,1,290.0,nM,CHEMBL364,CHEMBL4039511,Cc1c(Oc2cnc(C(=O)NC(C)(C)CO)cn2)ccc2c1B(O)OC2
CHEMBL529675,1,313.2,nM,CHEMBL364,CHEMBL1040692,C[n+]1ccc(/C=C/c2ccc(Br)cc2)cc1
CHEMBL587504,1,683.93,nM,CHEMBL364,CHEMBL1054503,O=c1cc(NCC2(CNCc3cn(Cc4ccccc4)c4ccccc34)CCCCC2)[nH]c2ccccc12
CHEMBL583434,1,652.0,nM,CHEMBL364,CHEMBL1040691,COc1cc(C=NNC(=O)c2ccc(C(=O)NN=Cc3ccc(O)c(OC)c3)cc2)ccc1O
CHEMBL2048897,0,15015.0,nM,CHEMBL364,CHEMBL2049756,CCOC(=O)CCCCCOc1ccc(C(O)O)cc1
CHEMBL580340,1,265.6,nM,CHEMBL364,CHEMBL1040691,Cc1cccc(Nc2nc(NCc3ccco3)c3ccccc3n2)c1.Cl
CHEMBL588998,1,804.77,nM,CHEMBL364,CHEMBL1054503,CCC(CC)N1C(=O)C(c2ccccc2)(c2ccccc2)N=C1N.O=CO
CHEMBL1682607,1,107.0,nM,CHEMBL364,CHEMBL1687072,CC[C@H]1OC(=O)[C@H](C)[C@@H](O[C@H]2C[C@@](C)(OC)[C@@H](O)[C@H](C)O2)[C@H](C)[C@@H](O[C@@H]2O[C@H](C)C[C@H](N(C)C)[C@H]2O)[C@](C)(O)C[C@@H](C)CN(CCCNC(=S)NC(=O)c2ccccc2)[C@H](C)[C@@H](O)[C@]1(C)O
CHEMBL3289161,1,160.0,nM,CHEMBL364,CHEMBL3296470,O=C(CCCCCONC(=O)c1ccc(-c2ccccc2)cc1)NO
CHEMBL527345,1,671.99,nM,CHEMBL364,CHEMBL1054503,COc1ccc(Cl)cc1NC(=O)C(C)N1CCN(S(=O)(=O)c2ccccc2F)CC1
CHEMBL524228,1,474.67,nM,CHEMBL364,CHEMBL1054503,COCCn1c(C)cc(C(=O)CN2C(=O)NC(C)(c3ccc(C(C)(C)C)cc3)C2=O)c1C
CHEMBL463938,1,600.0,nM,CHEMBL364,CHEMBL998133,COC(=O)[C@@H]1c2ccoc2C[C@H]2[C@H]1[C@@H](OC(C)=O)C[C@@]1(O)C(C)(C)CC[C@H](OC(C)=O)[C@]21C
CHEMBL588589,1,617.0,nM,CHEMBL364,CHEMBL1040692,COc1ccc(CN(C=O)/C=C2\Sc3ccccc3C2=O)cc1OC
CHEMBL4091134,0,13800.0,nM,CHEMBL364,CHEMBL4021394,CC(=O)O[C@@H]1C[C@H]2C(C)(C)C(=O)C=C[C@]2(C)[C@H]2CC[C@@]3(C)[C@H](c4ccoc4)/C(=N\OCc4cn(CC(=O)Nc5ccccc5)nn4)[C@H]4O[C@]43[C@@]21C
CHEMBL3217195,1,260.0,nM,CHEMBL364,CHEMBL1803233,CN(C)CCCNc1cc(-c2ccc(C(F)(F)F)cc2)c(C#N)c2nc3ccccc3n12.Cl.Cl
CHEMBL4902170,0,10000.0,nM,CHEMBL364,CHEMBL4888491,CC(C)C(=O)Nc1ccc(-c2cc(-c3ccc(NC(=O)C(C)C)cc3)nc(-c3ccncc3)n2)cc1
CHEMBL544227,1,0.986,nM,CHEMBL364,CHEMBL1040691,CC1(C)N=C(N)N=C(N)N1c1ccc(Cl)cc1.Cl
CHEMBL582237,1,820.13,nM,CHEMBL364,CHEMBL1054503,CCNc1cc(C(=O)N[C@@H](Cc2ccccc2)[C@H](O)CN[C@H](C)C(C)(C)C)cc(N2CCCCS2(=O)=O)c1.Cl
CHEMBL272243,0,100000.0,nM,CHEMBL364,CHEMBL929920,CC(=O)O[C@H]1CC[C@]2(C)[C@H]3CC=C4[C@@H]5[C@@H](C)[C@H](C)CC[C@]5(C(=O)NCCCN5CCN(CCCN(CC6CCCCC6)CC6CCCCC6)CC5)CC[C@@]4(C)[C@]3(C)CC[C@H]2C1(C)C
CHEMBL3814996,1,870.0,nM,CHEMBL364,CHEMBL3815294,CN(C)C12CCN(CCN3CCCCC3)C(C(c3ccccc3)C1)C(c1ccccc1)C2
CHEMBL193834,1,88.0,nM,CHEMBL364,CHEMBL835221,C[n+]1c2ccc(Cl)c(Cl)c2cc2[nH]c3ccccc3c21.[Cl-]
CHEMBL2436461,1,317.0,nM,CHEMBL364,CHEMBL2439570,CN1CCC(Nc2ccc3ncc(-c4cnn(-c5ccc(F)cc5F)c4)n3n2)CC1
CHEMBL1802549,1,550.0,nM,CHEMBL364,CHEMBL1803233,CCN(CC)CCNc1cc(-c2cccc(F)c2)c(C#N)c2nc3ccccc3n12
CHEMBL2380684,1,750.0,nM,CHEMBL364,CHEMBL2384455,COC(=O)Nc1cccc(-c2cnc3ccc(NC4CCN(C)CC4)nn23)c1
CHEMBL4174701,1,151.7,nM,CHEMBL364,CHEMBL4131979,COc1ccc(C2CC(c3ccc(OCc4cn(CCNc5ccnc6cc(Cl)ccc56)nn4)cc3)=NN2C(C)=O)cc1OC
CHEMBL506363,1,75.0,nM,CHEMBL364,CHEMBL975629,COc1ccc2cc1Oc1ccc(cc1)C[C@H]1c3c(cc(OC)c(OC)c3Oc3cc4c(cc3OC)CCN[C@@H]4C2)CCN1C
CHEMBL2331693,0,10520.0,nM,CHEMBL364,CHEMBL2344483,O=[N+]([O-])c1cn2c(n1)OC[C@@H](OCCCNc1ccnc3cc(Cl)ccc13)C2
CHEMBL295234,0,18000.0,nM,CHEMBL364,CHEMBL761156,CC1=NCCc2c1[nH]c1ccccc21
CHEMBL549115,1,758.2,nM,CHEMBL364,CHEMBL1054503,Cc1cc2ccc(-c3cccc(CN)c3)cc2nc1N.Cl
CHEMBL541669,0,11530.0,nM,CHEMBL364,CHEMBL1019940,CCc1ccc2c3[nH]c4ccccc4c3cc[n+]2c1.[Cl-]
CHEMBL1952264,0,100000.0,nM,CHEMBL364,CHEMBL1953888,CC(=O)/C=C/CNC(=O)CN1C(=O)[C@@H](COC(=O)Nc2ccc(Cl)cc2C(F)(F)F)N=C(C)c2ccccc21
CHEMBL3311431,1,70.0,nM,CHEMBL364,CHEMBL3368881,CN(CCCNc1ccnc2cc(Cl)ccc12)Cc1cc(=O)c(OCc2ccccc2)cn1C1CC1
CHEMBL547576,1,799.38,nM,CHEMBL364,CHEMBL1054503,c1ccc(CN2CCC(Nc3ccc(-c4c[nH]nc4-c4ccccn4)nc3)CC2)cc1
CHEMBL532842,1,739.92,nM,CHEMBL364,CHEMBL1054503,Oc1cc(Nc2ccnc3cc(I)ccc23)ccc1F
CHEMBL2041572,1,432.0,nM,CHEMBL364,CHEMBL2044608,CC[C@H]1OC(=O)[C@H](C)[C@@H](O)[C@H](C)[C@@H](O[C@@H]2O[C@H](C)C[C@H](N(C)C)[C@H]2OCCCNCc2ccnc3ccccc23)[C@](C)(O)C[C@@H](C)CN(C)[C@H](C)[C@@H](O)[C@]1(C)O
CHEMBL4846070,1,55.0,nM,CHEMBL364,CHEMBL4808817,CCCCCCn1cc(CNC(=O)[C@H](O)C(C)(C)CO)nn1
CHEMBL586516,1,499.0,nM,CHEMBL364,CHEMBL1040692,OC(CNC1CCN(Cc2ccccc2)CC1)COc1ccc(Br)cc1
CHEMBL4642065,1,260.0,nM,CHEMBL364,CHEMBL4605392,COc1cc(C(F)(F)F)ccc1Cc1c[nH]c(C(=O)NC2CC2)c1C
CHEMBL228368,1,42.7,nM,CHEMBL364,CHEMBL887250,Cc1ccc(NC(=N)Nc2ccc(-c3ccc(-c4ccc(NC(=N)Nc5ccc(C)cc5)cc4)s3)cc2)cc1
CHEMBL528513,1,916.96,nM,CHEMBL364,CHEMBL1054503,COc1cccc(NC(=O)NCCNc2ccnc(Nc3ccc(F)cc3)n2)c1
CHEMBL5172071,1,150.0,nM,CHEMBL364,CHEMBL5097655,CC1(C)CCc2c(ccc(CNCCCc3ccccc3)c2O)O1
CHEMBL587094,1,615.14,nM,CHEMBL364,CHEMBL1054503,CC(C)c1ccc(NC(=O)c2ccc(CN3CCCN(CC4CCCCC4)CC3)cc2)cc1.O=C(O)C(F)(F)F
CHEMBL546476,1,332.5,nM,CHEMBL364,CHEMBL1054503,Cc1c(Br)cc2nc(-c3ccc(C(=O)NC4CCN(Cc5ccccc5)CC4)cc3)[nH]c2c1C
CHEMBL581063,1,854.72,nM,CHEMBL364,CHEMBL1054503,CC(C)C1=C[C@H]2C[C@]3(C4OCCO4)[C@@H]4CC[C@@H](C)[C@H]4C[C@@]2(C(=O)OCC2COCO2)[C@]13C(=O)OC(c1ccccc1)c1ccccc1
CHEMBL1288845,1,47.0,nM,CHEMBL364,CHEMBL1293135,Cc1ccc(C(=O)c2ccc(CC(=O)N[C@@H](CCCCCC(=O)NO)C(=O)Nc3cccc4cccnc34)n2C)cc1
CHEMBL547,0,12589.25,nM,CHEMBL364,CHEMBL1267249,CC1=C(/C=C/C(C)=C/C=C/C(C)=C\C(=O)O)C(C)(C)CCC1
CHEMBL5169850,1,56.98,nM,CHEMBL364,CHEMBL5104469,CCC1CCN(CC(CC(C)C)Nc2ccnc3cc(Cl)ccc23)CC1
CHEMBL601157,1,116.4,nM,CHEMBL364,CHEMBL1040692,COc1cc(OC)cc(C(=O)N(C)CCCNc2ccnc3cc(Cl)ccc23)c1
CHEMBL588382,1,985.8,nM,CHEMBL364,CHEMBL1054503,CC(C)(C)c1ccc2[nH]c(-c3ccc(/C=C/C(=O)NCc4cccc(C(F)(F)F)c4)cc3)nc2c1
CHEMBL2261389,0,18740.0,nM,CHEMBL364,CHEMBL3055885,C[C@H](NC(=O)OC(C)(C)C)C(=O)Nc1nccs1
CHEMBL3235628,1,120.3,nM,CHEMBL364,CHEMBL3240878,COc1ccc(Oc2ccccc2N/C(=N/c2ccccc2)NCCCNc2ccnc3cc(Cl)ccc23)cc1
CHEMBL548152,1,111.94,nM,CHEMBL364,CHEMBL1054503,Cc1ccc(S(=O)(=O)O)cc1.N=C(NCCc1c[nH]c2ccccc12)NCc1ccccc1Cl
CHEMBL3617337,1,42.0,nM,CHEMBL364,CHEMBL3620182,CNc1nc(N2CCC(N)CC2)c2sc(-c3ccc(C(F)(F)F)cc3)cc2n1
CHEMBL1668524,0,266760.0,nM,CHEMBL364,CHEMBL1670563,COc1ccc(CN2CC2Cn2cnc3c(N)ncnc32)cc1
CHEMBL4242227,1,410.0,nM,CHEMBL364,CHEMBL4231436,FC(F)(F)c1ccc(-c2ccc(CNCC3CCNCC3)o2)cc1
CHEMBL2029766,0,21340.0,nM,CHEMBL364,CHEMBL2032995,CC[C@H]1OC(=O)[C@H](C)[C@@H](O)[C@H](C)[C@@H](O)[C@](C)(O)C[C@@H](C)CN(CCCNC(=O)c2ocnc2C)[C@H](C)[C@@H](O)[C@]1(C)O
CHEMBL4101177,1,220.0,nM,CHEMBL364,CHEMBL4011331,CCN(c1ccccc1)c1nc(Cl)nc(Nc2ccc(Nc3ccnc4cc(Cl)ccc34)cc2)n1
CHEMBL297528,1,57.0,nM,CHEMBL364,CHEMBL754071,Clc1ccc2c(NCCCCNCCCNc3ccnc4cc(Cl)ccc34)ccnc2c1
CHEMBL579462,1,296.2,nM,CHEMBL364,CHEMBL1054503,CCOC(=O)NCCSC(C)(C)[C@H](NC(=O)[C@H](Cc1cc2ccccc2s1)[C@H](CC)N(O)C=O)C(=O)Nc1nccs1
CHEMBL585794,1,262.7,nM,CHEMBL364,CHEMBL1040692,CCOc1ccc(C=C(C#N)c2nc3ccccc3[nH]2)cc1OC
CHEMBL4639249,1,0.003,nM,CHEMBL364,CHEMBL4606261,O=c1c2ccc(Oc3ccc(OC(F)(F)F)cc3)cc2[nH]c2cc(F)cc(F)c12
CHEMBL587217,1,566.53,nM,CHEMBL364,CHEMBL1054503,Cc1cc(NC(=O)Nc2ccc(C#N)cc2)c2ccccc2n1
CHEMBL4542982,1,28.0,nM,CHEMBL364,CHEMBL4329344,CCN1CCN(c2nc(C)cc(N(CCCNc3ccnc4cc(Cl)ccc34)Cc3ccccn3)n2)CC1
CHEMBL601951,0,15000.0,nM,CHEMBL364,CHEMBL730080,CCOC(=O)c1c(CN(C)C)n(-c2ccccc2)c2cc(Br)c(O)cc12.Cl
CHEMBL4444420,1,470.0,nM,CHEMBL364,CHEMBL4343077,O=S(=O)(NCC1(O)CCOc2ccccc21)c1ccccc1
CHEMBL5432011,0,50000.0,nM,CHEMBL364,CHEMBL5357337,CCc1nc(N)nc(N)c1Cc1cccc(-c2ccc(C(=O)O)cc2)c1.Cl.Cl
CHEMBL524759,1,276.23,nM,CHEMBL364,CHEMBL1054503,COc1ccc2nccc([C@@H](O)CN3CCC(NCCOc4ccc(F)cc4Cl)CC3)c2c1.O=C(O)C(=O)O
CHEMBL2316660,0,10700.0,nM,CHEMBL364,CHEMBL2317058,Cc1cccc(SC(C2=C(O)C(=O)c3ccccc3C2=O)c2ccc([N+](=O)[O-])cc2)c1
CHEMBL546703,1,139.34,nM,CHEMBL364,CHEMBL1054503,O=C(Nc1ccc(C(F)(F)F)cc1)NC1CCN(c2ccnc3cc(Cl)ccc23)C1.O=C(O)C(F)(F)F
CHEMBL526202,1,851.4,nM,CHEMBL364,CHEMBL1054503,Cc1ccc(Cn2cnc(N3CC(C)NC(C)C3)cc2=O)cc1NC(=O)Nc1ccc(-c2ccccc2)cc1.O=C(O)C(F)(F)F
CHEMBL4793699,1,388.0,nM,CHEMBL364,CHEMBL4727717,CCOC(=O)c1c(NC(=O)c2ccccc2)sc2c(O)c(CNC34CC5CC(CC(C5)C3)C4)ccc12.Cl
CHEMBL547180,1,825.11,nM,CHEMBL364,CHEMBL1054503,COc1ccc(CCNCCCCCCNCCc2ccc(Cl)cc2)c(Cl)c1OC.Cl
CHEMBL34259,1,0.04,nM,CHEMBL364,CHEMBL1267249,CN(Cc1cnc2nc(N)nc(N)c2n1)c1ccc(C(=O)N[C@@H](CCC(=O)O)C(=O)O)cc1
CHEMBL581674,1,442.0,nM,CHEMBL364,CHEMBL1040691,Cc1ccccc1NC(=O)N(CCCNC(=O)CCl)c1ccccc1
CHEMBL601185,1,179.7,nM,CHEMBL364,CHEMBL1040692,CCC(c1nc2ccccc2c(=O)n1-c1ccccc1OC)N(CCc1ccccc1)C(=O)c1ccc(F)cc1
CHEMBL587427,1,420.2,nM,CHEMBL364,CHEMBL1054503,C=CCNC(=O)C(C)c1ccc2cc(OC)ccc2c1
CHEMBL546972,1,707.75,nM,CHEMBL364,CHEMBL1054503,Cc1cc2c(cc1C(F)(F)F)N(C(=O)Nc1cc(OCCN(C)C)cc(C(F)(F)F)c1)CC2.Cl
CHEMBL533359,1,617.31,nM,CHEMBL364,CHEMBL1054503,CNC(=O)c1cnc(Nc2ccc(OCC(O)CN(C)C)cc2)nc1Nc1cccc([N+](=O)[O-])c1.O=C(O)C(F)(F)F
CHEMBL578469,0,11810.0,nM,CHEMBL364,CHEMBL1040691,CC(C)CCn1nc(C(=O)N2CCOCC2)c2c1CCN(C(=O)c1ccc(N3CCOCC3)cc1)C2
CHEMBL581678,1,371.0,nM,CHEMBL364,CHEMBL1040691,COc1ccc2nc(C)cc(Nc3cccc(Cl)c3)c2c1
CHEMBL3814373,1,52.0,nM,CHEMBL364,CHEMBL3815294,CN(C)C12CC(c3ccccc3)C(CN(C(=O)CCN3CCCCC3)C1)C(c1ccccc1)C2
CHEMBL449180,1,790.0,nM,CHEMBL364,CHEMBL944270,Nc1ccc(S(=O)(=O)c2cc(O)ccc2O)cc1
CHEMBL590661,0,15000.0,nM,CHEMBL364,CHEMBL730079,Cc1ccc(/C(O)=C/C=N/c2cc([N+](=O)[O-])ccc2O)cc1
CHEMBL3337961,0,67500.0,nM,CHEMBL364,CHEMBL3380075,CC(C)(C)c1cc(C(=O)Nc2nc(CN)cs2)n(-c2ccccc2)n1
CHEMBL4780255,1,150.0,nM,CHEMBL364,CHEMBL4667953,CN(C)c1ccc(CC(=O)N[C@@H]2CNC[C@H]2c2cc3ccccc3s2)cc1
CHEMBL4865319,0,52700.0,nM,CHEMBL364,CHEMBL4840215,BrC1=NOC(c2nc(-c3cccs3)no2)C1
CHEMBL4482874,1,77.0,nM,CHEMBL364,CHEMBL4344852,CN1CCN(c2ncc(Nc3ccc4c(Nc5cnccn5)ccnc4c3)cn2)CC1
CHEMBL5632393,0,10200.0,nM,CHEMBL364,CHEMBL5625916,COC1NC(N)=Nc2c1ncn2[C@H]1CC[C@@](O)(CCP(=O)([O-])[O-])C1.[Na+].[Na+]
CHEMBL1828817,1,3.0,nM,CHEMBL364,CHEMBL1833017,O=C(CC1CCC2(CC1)OOC1(OO2)C2CC3CC(C2)CC1C3)NCc1ccc(F)cc1
CHEMBL442081,0,13000.0,nM,CHEMBL364,CHEMBL2183637,Cc1cn([C@@H]2C[C@H](O)[C@@H](CNC(=S)Nc3ccc(Cl)cc3)O2)c(=O)[nH]c1=O
CHEMBL5312848,0,10000.0,nM,CHEMBL364,CHEMBL4888491,CC(C)c1ccc(-c2noc(CCN3CCN(CCCN(C)C)CC3)n2)cc1
CHEMBL4871147,1,360.0,nM,CHEMBL364,CHEMBL4829240,Cc1nccc2c1[nH]c1ccc(OCCNC(=O)/C=C/c3ccc(Cl)cc3)cc12
CHEMBL2430908,1,52.3,nM,CHEMBL364,CHEMBL2433603,Clc1ccc2/c(=N/c3ccc(-c4ccccc4)cc3)ccn(CCCN3CCCCC3)c2c1
CHEMBL3354445,1,65.0,nM,CHEMBL364,CHEMBL3376035,O=c1c(O)c(-c2ccc(O)c(O)c2)oc2c(CNCCc3ccc(Cl)cc3Cl)c(O)cc(O)c12
CHEMBL3216976,1,27.0,nM,CHEMBL364,CHEMBL1772703,CCN(CCCO[N+](=O)[O-])Cc1cc(Nc2ccnc3cc(Cl)ccc23)ccc1O.Cl.Cl.Cl
CHEMBL2181298,1,7.3,nM,CHEMBL364,CHEMBL2188966,Nc1ncc(-c2ccc(C(=O)N3CCNCC3)cc2)cc1-c1ccc(C(F)(F)F)cc1
CHEMBL546507,1,387.9,nM,CHEMBL364,CHEMBL1054503,O=C(Nc1ccc(Cl)cc1)c1ccc(CN2CCCN(Cc3cccc(O)c3)CC2)cc1.O=C(O)C(F)(F)F
CHEMBL4854362,1,390.0,nM,CHEMBL364,CHEMBL4811839,CC[C@](C)(NC(=O)[C@H](CC(C)C)NC(=O)[C@H](C)NC(=O)C(C)(C)NC(=O)[C@@H]1CCCCN1C(=O)C(C)(C)NC(=O)C(C)(C)NC(=O)CNC(=O)CCNC(=O)[C@H](CC(C)C)NC(=O)C(C)(C)NC(=O)C(C)(C)NC(=O)[C@@H]1CCCCN1C(=O)C(C)(C)NC(=O)[C@@H]1CCCCN1C(C)=O)C(=O)N[C@@H](CC(C)C)C[N+]1=C2CCCN2CCC1
CHEMBL531558,1,229.65,nM,CHEMBL364,CHEMBL1054503,CCN(CC)CCNc1ccnc2[nH]c3ccc(I)cc3c12
CHEMBL4647705,1,5.8,nM,CHEMBL364,CHEMBL4616748,C[C@@H]1CC[C@H]2[C@H](C[C@@]3(CCCCCC[C@]4(C[C@H]5C(=O)O[C@@H]6O[C@]7(C)CC[C@H]8[C@H](C)CC[C@@H]5[C@@]68OO7)C(=O)O[C@@H]5O[C@]6(C)CC[C@H]7[C@H](C)CC[C@@H]4[C@@]57OO6)C(=O)O[C@@H]4O[C@]5(C)CC[C@H]6[C@H](C)CC[C@@H]3[C@@]46OO5)C(=O)O[C@@H]3O[C@]4(C)CC[C@@H]1[C@]32OO4
CHEMBL592593,0,15000.0,nM,CHEMBL364,CHEMBL730079,CC(=O)c1ccc(NC2=C(n3nnc4ccccc43)C(=O)c3ccccc3C2=O)cc1
CHEMBL505596,1,5.96,nM,CHEMBL364,CHEMBL1021508,COc1ccc2nc3cc(Cl)ccc3c(NCCNC(=O)C[C@H]3O[C@@H]4O[C@@]5(C)CC[C@H]6[C@H](C)CC[C@@H]([C@H]3C)[C@@]46OO5)c2c1
CHEMBL1228,0,15000.0,nM,CHEMBL364,CHEMBL1217000,CCCCC1C(=O)N(c2ccccc2)N(c2ccc(O)cc2)C1=O
CHEMBL4777066,1,196.7,nM,CHEMBL364,CHEMBL4671338,Fc1cc(F)c(/C=C/c2cc(NCCCCN3CCOCC3)c3cc(Cl)ccc3n2)cc1F
CHEMBL4469551,1,648.0,nM,CHEMBL364,CHEMBL4429066,N#Cc1cc(NC(=O)[C@H]2c3ccccc3C(=O)N(c3ccccc3)[C@@H]2c2cn[nH]c2)ccc1F
CHEMBL1081389,1,638.0,nM,CHEMBL364,CHEMBL1105964,FC(F)(F)c1cccc(Nc2cc(N3CCC(N4CCCC4)CC3)cc(C(F)(F)F)c2)c1
CHEMBL1515334,0,19952.62,nM,CHEMBL364,CHEMBL1267249,Cl.Cl.NCCNS(=O)(=O)c1cccc2cnccc12
CHEMBL52936,0,59000.0,nM,CHEMBL364,CHEMBL763695,COc1cc2c(c(OC(=O)c3ccc(Cl)cc3)c1OC)C(=O)[C@]1(OC)C=C[C@H]2N(c2ccccc2)O1
CHEMBL529712,1,869.33,nM,CHEMBL364,CHEMBL1054503,Cc1nn(-c2ccnc3cc(Cl)ccc23)c(C)c1C(=O)NCc1cc(Cl)cc(Cl)c1
CHEMBL95138,1,5.5,nM,CHEMBL364,CHEMBL761303,O=C(CN1CCCCC1)Nc1cc(CNCc2ccc(C(F)(F)F)cc2)cc(Nc2ccnc3cc(Cl)ccc23)c1
CHEMBL572268,1,110.0,nM,CHEMBL364,CHEMBL1040042,CC[C@H](C)C(=O)OCC(C)(C)CC1=C(O)C(=O)c2ccccc2C1=O
CHEMBL401493,0,11910.0,nM,CHEMBL364,CHEMBL926628,COC(=O)C1C(=O)C(C(=O)OC)[C@H](c2ccc([N+](=O)[O-])cc2)N(Cc2ccccc2)[C@@H]1c1ccc([N+](=O)[O-])cc1
CHEMBL4743280,1,800.0,nM,CHEMBL364,CHEMBL4688200,COC(=O)C1CN(S(=O)(=O)c2ccc(-c3ccccc3)cc2)CCN1S(=O)(=O)c1ccc(/C=C/c2ccccc2)cc1
CHEMBL3359692,1,532.0,nM,CHEMBL364,CHEMBL3384273,CC(C)C(=O)NC(C(=O)NO)c1ccc(-n2cccn2)cc1
CHEMBL2012951,1,19.0,nM,CHEMBL364,CHEMBL2014780,Cc1nc2c(OC(F)F)cccc2n1-c1ccc(C(=O)NC2CC2)s1
CHEMBL531061,1,928.15,nM,CHEMBL364,CHEMBL1054503,O=S(=O)(Nc1cccc(CCN2CCC(N3CCCCC3)CC2)c1)c1ccc(Oc2ccccc2)nc1
CHEMBL587937,1,880.62,nM,CHEMBL364,CHEMBL1054503,Cc1nc2c(=O)sc3ccccc3c2n1Cc1ccccc1
CHEMBL579761,1,182.7,nM,CHEMBL364,CHEMBL1040692,OCCSc1nc(-c2ccccc2)nc2ccc(F)cc12
CHEMBL3474063,1,678.37,nM,CHEMBL364,CHEMBL4649945,COCc1noc(-c2ccc(N3CCCCC3COC)nc2)n1
CHEMBL584431,1,491.0,nM,CHEMBL364,CHEMBL1040691,C=CC[n+]1c(C=C2C=CC=CN2C)sc2ccccc21
CHEMBL336090,1,3.4,nM,CHEMBL364,CHEMBL761311,C[C@@H]1CC[C@H]2[C@H](CCCc3ccccc3)C(=O)O[C@@H]3O[C@@]4(C)CCC1[C@]32OO4
CHEMBL405238,1,29.3,nM,CHEMBL364,CHEMBL754065,O=C(CCCCCC(=O)N1CCN(c2ccnc3cc(Cl)ccc23)CCN(c2ccnc3cc(Cl)ccc23)CC1)N1CCN(c2ccnc3cc(Cl)ccc23)CCN(c2ccnc3cc(Cl)ccc23)CC1
CHEMBL527998,1,222.26,nM,CHEMBL364,CHEMBL1054503,FC(F)(F)c1ccc2[nH]c(-c3ccc(-c4cccc(CNCc5ccccc5)c4)cc3)nc2c1.O=C(O)C(F)(F)F
CHEMBL5571137,1,161.0,nM,CHEMBL364,CHEMBL5550987,CCN(CC)CCCNc1c2ccc(Cl)cc2nc2c(NCCCCNC(=O)/C=C/c3cccc(F)c3)cc(OC)cc12
CHEMBL527390,1,935.09,nM,CHEMBL364,CHEMBL1054503,C[C@H](Cc1ccc(CCc2ccc(C[C@@H](C)NC[C@H](O)c3cccc(Cl)c3)cc2)cc1)NC[C@H](O)c1cccc(Cl)c1.Cl
CHEMBL221833,0,13500.0,nM,CHEMBL364,CHEMBL919606,Cc1cccc(NC(=O)CCC(=O)N/N=C/c2cc(Cl)ccc2O)c1
CHEMBL4454418,0,12000.0,nM,CHEMBL364,CHEMBL4321528,CC1=CC[C@@H]([C@@H](C)[C@H]2C[C@@H](O)[C@@]3(C)C4=C(C=C5C=CC(=O)OC(C)(C)[C@@H]5CC4)CC[C@]23C)OC1=O
CHEMBL1650038,1,24.0,nM,CHEMBL364,CHEMBL1653655,CC[C@H](C)C(=O)O[C@@H]1[C@H]2C(C)=CC(=O)[C@@H](O)[C@]2(C)[C@H]2[C@@H](O)[C@H](O)[C@@]3(C)OC[C@@]24[C@@H]1OC(=O)[C@H](OC(=O)[C@@H](C)CC)[C@@H]34
CHEMBL530249,1,261.54,nM,CHEMBL364,CHEMBL1054503,CCC(C)C#Cc1c(C)nc(N)nc1N
CHEMBL2311803,1,260.0,nM,CHEMBL364,CHEMBL3296470,O=C(CCCCCONC(=O)c1ccc(C(F)(F)F)cc1)NO
CHEMBL585651,1,503.0,nM,CHEMBL364,CHEMBL1040691,O=C(NC1CC1)c1ccc(CSCc2ccccc2Cl)o1
CHEMBL527319,1,29.12,nM,CHEMBL364,CHEMBL1054503,COc1ccc(Cc2cnc3nc(N)nc(N)c3c2C)cc1.Cl
CHEMBL535711,1,524.71,nM,CHEMBL364,CHEMBL1054503,Cl.O=C1CSc2ccc(CNC3CCN(CCc4c(F)cnc5ccc(F)cc45)CC3)nc2N1
CHEMBL532634,1,244.6,nM,CHEMBL364,CHEMBL1054503,COc1ccc2nccc([C@@H](O)CN3CCC(NC(=O)c4cc5c(F)cc(F)cc5[nH]4)CC3)c2c1.CS(=O)(=O)O
CHEMBL3215722,1,134.0,nM,CHEMBL364,CHEMBL3108258,Cl.Cl.N=C(N)c1ccc(-c2cc(-c3ccc(C(=N)N)cn3)on2)nc1
CHEMBL528482,1,913.44,nM,CHEMBL364,CHEMBL1054503,CC(=O)c1cc(N2CCOCC2)ccc1N
CHEMBL3421825,1,133.0,nM,CHEMBL364,CHEMBL3423650,CCN(CC)CCCN/C(C)=N\c1ccnc2cc(Cl)ccc12
CHEMBL530753,1,798.09,nM,CHEMBL364,CHEMBL1054503,O=C(NCCCCN1CCC(c2c[nH]c3ccccc23)CC1)c1ccc(-c2ccc(C(F)(F)F)cc2)cc1
CHEMBL94517,1,927.0,nM,CHEMBL364,CHEMBL761303,O=C(C[n+]1ccccc1)Nc1cc(CO)cc(Nc2ccnc3cc(Cl)ccc23)c1.[Cl-]
CHEMBL1214486,0,10940.0,nM,CHEMBL364,CHEMBL1217359,CC1=CCCC2(C)C1=C(O)C(=O)c1cc3c(cc12)C(=O)C=CC3=O
CHEMBL597243,1,61.3,nM,CHEMBL364,CHEMBL1040692,Cc1ccc(Cn2c(=N)n(CC(O)c3ccc(Cl)c(Cl)c3)c3ccccc32)cc1.Cl
CHEMBL587175,1,932.67,nM,CHEMBL364,CHEMBL1054503,CC1(C)Cc2c([nH]c3ccccc23)C(CCCCCCCCC2=NC(C)(C)Cc3c2[nH]c2ccccc32)=N1.Cl
CHEMBL518094,0,35000.0,nM,CHEMBL364,CHEMBL978458,CO[C@H]1OC[C@H](OC(=O)c2ccccc2)[C@H](OC(=O)c2ccccc2)[C@H]1OC(=O)c1ccccc1
CHEMBL525484,1,550.43,nM,CHEMBL364,CHEMBL1054503,O=C(/C=C/c1ccc(Cl)c(Cl)c1)NC1CCN(CCNC(=O)c2cccc(Cl)c2)CC1.O=C(O)C(F)(F)F
CHEMBL3401320,1,113.0,nM,CHEMBL364,CHEMBL3405488,CCN(CC)CCCNc1cc(Cl)cc2nc3c4ccccc4n(CCN4CCOCC4)c3cc12
CHEMBL371218,1,364.0,nM,CHEMBL364,CHEMBL1040692,CCN1/C(=C/c2sc3ccc(I)cc3[n+]2CC)C=Cc2ccccc21
CHEMBL548171,1,228.75,nM,CHEMBL364,CHEMBL1054503,C=CCOC(=O)N1CCC(CNCc2ccc(-c3ccc(-c4nc5ccccc5[nH]4)s3)cc2)C1.O=C(O)C(F)(F)F
CHEMBL312694,1,10.0,nM,CHEMBL364,CHEMBL761155,C1CCCCCC2(CCCCC1)OOCCCCCCOO2
CHEMBL1256665,0,10000.0,nM,CHEMBL364,CHEMBL1267245,COc1cc2nc(N3CCN(C(=O)C4CCCO4)CC3)nc(N)c2cc1OC.Cl
CHEMBL585027,1,5.58,nM,CHEMBL364,CHEMBL1040692,CCN(CC)C(=O)CSc1nnc(-c2ccccn2)n1-c1ccc(OC)cc1
CHEMBL3818954,1,6.0,nM,CHEMBL364,CHEMBL3820733,Cc1cc(N2CCOCC2)nc(NCCNc2ccnc3cc(Cl)ccc23)n1
CHEMBL547985,1,863.31,nM,CHEMBL364,CHEMBL1054503,OC(c1ccc(Cl)cc1)(c1ccc(Cl)cc1)C(c1ccc(Cl)cc1)n1ccnc1
CHEMBL527143,1,919.91,nM,CHEMBL364,CHEMBL1054503,CCN(CC)S(=O)(=O)c1ccc(C=CC(=O)Nc2cc(Cl)ccc2N2CCOCC2)cc1
CHEMBL498011,1,8.0,nM,CHEMBL364,CHEMBL1012853,COc1ccc2nccc(NC(c3ccc(Cl)cc3)c3ccc(CN4CCCC4)cc3)c2c1
CHEMBL3137566,1,509.6,nM,CHEMBL364,CHEMBL3137666,Fc1ccc(CCNc2ccc3nnc(-c4ccc(OC(F)F)cc4)n3n2)cc1
CHEMBL3617349,1,42.0,nM,CHEMBL364,CHEMBL3620182,CN(C)CCCNc1nc(NCc2ccccc2)nc2cc(-c3ccc(C(F)(F)F)cc3)sc12
CHEMBL549016,1,530.53,nM,CHEMBL364,CHEMBL1054503,CCN(CC)CCCCNc1cc(-c2[nH]c(C(C)(C)C)nc2-c2ccc3cc(OC)ccc3c2)ccn1.O=C(O)C(F)(F)F
CHEMBL1818702,0,20000.0,nM,CHEMBL364,CHEMBL1820553,Cc1ccccc1[C@@H]1C[C@]2(C)CCO[C@@H]2OO1
CHEMBL596854,1,677.0,nM,CHEMBL364,CHEMBL1040692,CCC(C(=O)N1CCN(Cc2ccccc2)CC1)c1ccccc1
CHEMBL5267450,1,4.6,nM,CHEMBL364,CHEMBL5246790,CC1=C(C(=O)c2ccccc2)O[C@@H]2O[C@]3(C)CC[C@H]4[C@H](C)CC[C@@H]1[C@@]24OO3
CHEMBL143785,1,13.0,nM,CHEMBL364,CHEMBL847125,CC12CCC[C@@H](C1)C(C)(CI)OO2
CHEMBL1796548,0,10160.0,nM,CHEMBL364,CHEMBL1798902,COc1ccc(NCc2ccc(C3OOC(c4ccc(C)cc4)OO3)cc2)cc1
CHEMBL540879,1,600.0,nM,CHEMBL364,CHEMBL860320,Cl.Cl.Nc1ccccc1SC[C@@H]1CO[C@](CCc2ccc(Cl)cc2)(Cn2ccnc2)O1
CHEMBL576926,1,0.323,nM,CHEMBL364,CHEMBL1037601,Oc1ccc(Nc2ccnc3cc(Cl)ccc23)cc1CN1CCN(c2ccccn2)CC1
CHEMBL3037992,1,24.8,nM,CHEMBL364,CHEMBL764524,C[C@@H]1CC[C@H]2C(CCC(=O)c3ccc[nH]3)C(=O)O[C@@H]3O[C@]4(C)CC[C@@H]1[C@]32OO4
CHEMBL598882,1,54.3,nM,CHEMBL364,CHEMBL1040692,Cc1nc2ccccc2n1S(C)(=O)=O.O=C(O)C(F)(F)F
CHEMBL3264075,1,34.0,nM,CHEMBL364,CHEMBL3265826,Fc1cccnc1Nc1ncc(-c2cnc3ccc(N[C@H]4CC[C@H](N5CCOCC5)CC4)nn23)cn1
CHEMBL536835,1,891.06,nM,CHEMBL364,CHEMBL1054503,CCc1cc([C@H]2O[C@@H](n3cnc4c(NCC(c5ccccc5)c5ccccc5)nc(NCCNc5ccccn5)nc43)[C@H](O)[C@@H]2O)on1.O=CO
CHEMBL413461,1,800.0,nM,CHEMBL364,CHEMBL911032,CCCCNC(=O)C[C@H](O)[C@H](CC(C)C)NC(=O)[C@@H](NC(=O)c1ccc(Oc2ccc(C(=O)N[C@@H](C)C(=O)N[C@@H](CCCCN)C(=O)NCCCC(C)Nc3cc(OC)cc4cccnc34)cc2)cc1)C(C)CC
CHEMBL587452,1,150.4,nM,CHEMBL364,CHEMBL1040692,CCOC(=O)C1=C(N)N(c2cccc([N+](=O)[O-])c2)C2=C(C(=O)CC(C)(C)C2)C1c1ccc(Br)cc1
CHEMBL1256692,0,12589.25,nM,CHEMBL364,CHEMBL1267245,CN(C(=O)Cc1ccc(Cl)c(Cl)c1)[C@H]1CC[C@@]2(CCCO2)C[C@@H]1N1CCCC1.CS(=O)(=O)O
CHEMBL585257,1,949.0,nM,CHEMBL364,CHEMBL1040692,COc1ccc(/C=C2\N=C(c3ccc(Cl)cc3)N(c3cc(Cl)ccc3C)C2=O)cc1OC
CHEMBL576209,1,162.9,nM,CHEMBL364,CHEMBL1040692,CCc1ccc(C(Nc2cc(C)ccn2)c2ccc3cccnc3c2O)cc1
CHEMBL219416,0,90000.0,nM,CHEMBL364,CHEMBL911615,O=c1[nH]cnc2[nH]nnc12
CHEMBL3581499,1,0.5,nM,CHEMBL364,CHEMBL3584880,CC(C)COC(=O)c1cnc(Oc2ccc3c(c2)B(O)OC3)cn1
CHEMBL3342266,0,50000.0,nM,CHEMBL364,CHEMBL3386563,O=C(CCC(NC(=O)c1ccccc1)P(=O)(O)O)NO
CHEMBL579478,1,579.33,nM,CHEMBL364,CHEMBL1054503,Cc1c(-c2cccc(C(C)(C)NC3CCN(Cc4ccccc4)CC3)c2)cnc(N)c1C.Cl
CHEMBL50300,0,12589.25,nM,CHEMBL364,CHEMBL1267249,O=C(O)CP(=O)(O)O
CHEMBL4290344,1,230.0,nM,CHEMBL364,CHEMBL4269444,CN(CCNc1nc2ccccc2[nH]1)CCNc1ccnc2cc(Cl)ccc12
CHEMBL180671,1,115.0,nM,CHEMBL364,CHEMBL1117325,CCN(CC)CCCC(C)Nc1ccnc2cc(Oc3ccccc3)ccc12
CHEMBL531562,1,401.0,nM,CHEMBL364,CHEMBL1040691,CCN1/C(=C/c2cccc[n+]2C)C=Cc2ccccc21
CHEMBL535716,1,674.6,nM,CHEMBL364,CHEMBL1054503,Cc1cccc2nc(-c3cccc(-c4cccc(NC(=O)Cc5c[nH]cn5)c4)c3)[nH]c12
CHEMBL599292,1,728.0,nM,CHEMBL364,CHEMBL1040691,COc1ccc(-n2c(CNc3cc(C(F)(F)F)ccc3Cl)nnc2SCc2ccccc2Cl)cc1
CHEMBL181024,1,75.0,nM,CHEMBL364,CHEMBL834802,CCN(CCCNC1CCN(CC(c2ccccc2)c2ccccc2)CC1)CCc1ccc(-c2ccccc2)cc1
CHEMBL531656,1,33.1,nM,CHEMBL364,CHEMBL1040691,COc1ccc(C=NNc2cc(C)nc3ccc(OC)cc23)c(OC)c1
CHEMBL526071,1,259.21,nM,CHEMBL364,CHEMBL1054503,CCN(CC)C(=O)c1cccc(C=Cc2ccc(-c3c(C)[nH]c(C)c(Cl)c3=O)cc2)c1
CHEMBL3422292,1,7.2,nM,CHEMBL364,CHEMBL3423648,CCN(CC)CCC/N=C(/Nc1c2ccc(Cl)cc2nc2ccc(OC)nc12)c1cccnc1
CHEMBL6188462,0,23900.0,nM,CHEMBL364,CHEMBL6178061,Clc1ccc(Oc2ccc(Cl)cc2OCCCCOc2cc(Cl)ccc2Oc2ccc(Cl)cc2Cl)c(Cl)c1
CHEMBL549057,1,875.19,nM,CHEMBL364,CHEMBL1054503,Cc1cc(N[C@@H](Cc2ccccc2)C(=O)NCCCOC(C)C)nc(NCC2CCCCC2)n1.O=C(O)C(F)(F)F
CHEMBL597056,1,635.0,nM,CHEMBL364,CHEMBL1040692,Cc1ccc2c(c1)NC(c1ccc(F)cc1)C1=C(CC(c3ccccc3)CC1=O)N2
CHEMBL4848733,0,20000.0,nM,CHEMBL364,CHEMBL4830600,CCc1cccc(CNC(=O)c2nc3ccc(Cl)c(COCc4ccc(C(=O)O)cc4)c3c(=O)[nH]2)c1
CHEMBL3218240,1,0.2,nM,CHEMBL364,CHEMBL3225044,C1CCN(C2CCN(C3CCC4(CC3)OOC3(OO4)C4CC5CC(C4)CC3C5)CC2)CC1
CHEMBL529370,1,910.57,nM,CHEMBL364,CHEMBL1054503,Cc1cccc2nc(O)c([N+](=O)[O-])c(O)c12
CHEMBL4582854,1,87.0,nM,CHEMBL364,CHEMBL4310136,C[C@H]1CN(C(=O)c2ccnc(Nc3nc4cnc(Nc5ccc(F)c(C(F)(F)F)c5)cc4[nH]3)c2)CCN1
CHEMBL4782912,1,7.1,nM,CHEMBL364,CHEMBL4702840,C[C@@H]1CC[C@H]2C(C)(COC(=O)c3cc4ccccc4o3)O[C@@H]3O[C@@]4(C)CC[C@@H]1[C@]32OO4
CHEMBL4174272,1,70.0,nM,CHEMBL364,CHEMBL4146076,Clc1ccc2c(c1)[I+]c1ccccc1-2.O=S(=O)([O-])C(F)(F)F
CHEMBL3735385,1,280.0,nM,CHEMBL364,CHEMBL3737587,Cc1cc(-c2cc3c(Nc4ccc(OCc5cccc(F)c5)c(Cl)c4)ncnc3s2)cnc1N1CCOCC1
CHEMBL592793,0,15000.0,nM,CHEMBL364,CHEMBL730080,Cl.Oc1ccc(Nc2nc(NCc3ccccc3)c3ccccc3n2)cc1
CHEMBL586653,1,548.04,nM,CHEMBL364,CHEMBL1054503,COC(=O)c1ccc(CC(C)NCC(O)c2cccc(Cl)c2Cl)cc1.Cl
CHEMBL5198047,0,16000.0,nM,CHEMBL364,CHEMBL5120690,CO[C@H]1[C@H](O)C[C@H](O[C@H]2[C@H](O)C[C@H](O[C@H]3CC[C@H](O[C@@H](CC(C)C)[C@H](C)[C@H](O)[C@@H](C)[C@H](O)C[C@H]4OC(=O)CCC[C@H](O)C[C@]5(O)O[C@H](C[C@H](O[C@H]6C[C@@H](OC)[C@H](O)[C@@H](C)O6)C[C@H](O)/C=C/C=C/[C@@H]4C)C[C@H](O)[C@H]5C)O[C@@H]3C)O[C@@H]2C)O[C@@H]1C
CHEMBL6102441,1,1.5,nM,CHEMBL364,CHEMBL6073643,NC1(CNC(=O)O[C@@H]2CCC[C@]3(C2)OOC2(O3)C3CC4CC(C3)CC2C4)CC1
CHEMBL3593599,1,450.0,nM,CHEMBL364,CHEMBL3594596,C/C=C/C=C/C=C/C[N+](C)(CCCCCCCCCCCCCCCCCC)Cc1ccccc1.[I-]
CHEMBL529375,1,934.89,nM,CHEMBL364,CHEMBL1054503,CN(C)c1ccc(N2C(N)=NC(N)=NC23CCCC3)cc1.Cl
CHEMBL577232,1,199.2,nM,CHEMBL364,CHEMBL1040691,c1ccc(CCCNc2ccnc3cc4ccccc4cc23)cc1
CHEMBL546440,1,214.16,nM,CHEMBL364,CHEMBL1054503,Cc1cc(NC(=O)Nc2ccc3ccn(C)c3c2)c2ccccc2n1
CHEMBL2368174,1,3.75,nM,CHEMBL364,CHEMBL762980,C[C@H]1[C@@H](CCOCc2ccc(C(F)(F)F)cc2)O[C@@H]2O[C@]3(C)CC[C@H]4[C@H](C)CC[C@@H]1[C@@]24OO3
CHEMBL1668801,1,13.42,nM,CHEMBL364,CHEMBL1669974,Cc1ccccc1Nc1nc(NCCCN2CCOCC2)nc(Nc2ccc(Nc3ccnc4cc(Cl)ccc34)cc2)n1
CHEMBL4640393,0,20000.0,nM,CHEMBL364,CHEMBL4613967,CCCCCCCC/C=C/c1c(C)nc(C)c(/C=C/CCCCCCCC)c1C
CHEMBL528391,1,578.7,nM,CHEMBL364,CHEMBL1054503,c1ccc(Oc2ccc(Nc3ccnc4cc(-c5csc(CN6CCCCC6)n5)ccc34)cc2)nc1
CHEMBL516109,1,860.0,nM,CHEMBL364,CHEMBL957695,O=C(CN1CCC(O)CC1)OC1CC2(N3CCCC3)CC(c3ccccc3)C1C(c1ccccc1)C2
