molecule_chembl_id,rdkit_canonical_smiles,pIC50,pIC50_range,n_measurements,target_chembl_id,assay_chembl_id
CHEMBL4647549,COC(=O)c1cccc(COc2ccc([N+](=O)[O-])cc2)c1,4.455931955649724,0.0,1,CHEMBL6065,CHEMBL4625598
CHEMBL3449959,Cc1cc(C)c2cc(CNC(C)C)c3nn(C)c(=O)n3c2c1,4.752329851106257,0.0333053481308613,2,CHEMBL4105939,CHEMBL4649965
CHEMBL574967,O=C(N/N=C/c1ccc(O)cc1)c1ccc(N2CCOCC2)cc1,0.1157000000021558,0.0,1,CHEMBL360,CHEMBL1040362
CHEMBL3828771,CCc1nc(N)nc(N)c1C#CCc1cc(OC)cc(-c2ccc(C(=O)O)cc2)c1,6.337242168318426,0.0,1,CHEMBL6065,CHEMBL5234352
CHEMBL4163218,CNC(=O)CN(C(=O)Cc1ccc(-n2cccn2)cc1)C1CCN(c2ccccn2)CC1,5.229147988357856,0.0,1,CHEMBL1849,CHEMBL4147603
CHEMBL5077530,CC(=O)c1c(-c2ccc(O)cn2)oc2ccc(O)c(CN3CCC3)c12,6.657577319177793,0.0,1,CHEMBL4105939,CHEMBL5038057
CHEMBL4649838,O=C(O)C(=O)Nc1ccc(C#Cc2ccc(OC(F)(F)F)cc2)cc1,7.568636235841013,0.0,2,CHEMBL4295521,CHEMBL4626292
CHEMBL4294511,COc1ccc(NC(=S)N/N=C/c2ccc([N+](=O)[O-])cc2)cc1,4.82102305270683,0.0,1,CHEMBL4542,CHEMBL4265149
CHEMBL259138,CCCCCCc1ccc(Oc2ccncc2)c(O)c1,4.499940008594124,4.591880017499902,2,CHEMBL1849,CHEMBL936672
CHEMBL4521507,O=S(=O)(Nc1ccc2oc(-c3ccccc3)nc2c1)c1cccc(C(F)(F)F)c1,4.113509274827518,0.0,1,CHEMBL4295521,CHEMBL4388634
CHEMBL3741497,COc1cnc2ccc(=O)n(CCN3CCN(Cc4ccccc4)CC3)c2c1,6.026872146400302,0.0,1,CHEMBL3430898,CHEMBL3745429
CHEMBL3637822,CCCCc1ccc(C(=O)Nc2nnc(S(=O)(=O)CCCC)s2)nc1,5.100000128334196,0.0,1,CHEMBL613086,CHEMBL3637832
CHEMBL3764150,Cc1nc2sccn2c1C(=O)NNC(=O)C1CCCCC1,5.269217724333611,0.0,1,CHEMBL6069,CHEMBL3766329
CHEMBL1823503,O=C(Cc1ccccc1)NCC#Cc1cn([C@H]2C[C@H](O)[C@@H](COP(=O)([O-])[O-])O2)c(=O)[nH]c1=O.[Na+].[Na+],5.136677139879544,0.0,1,CHEMBL1795161,CHEMBL1827108
CHEMBL3503260,CC(C)Nc1nc2c(cc1C(=O)NCC1CC1)CCN(CC1CC1)CC2.O=C(O)C(F)(F)F.O=C(O)C(F)(F)F,4.640495916694535,0.3850692377325471,2,CHEMBL4105939,CHEMBL4649965
CHEMBL1321572,CS(=O)(=O)c1ccc2c(c1)SC1=NC(=O)/C(=C/c3ccc(O)c(O)c3)C(=N)N12,3.798357118161775,0.0,1,CHEMBL1293297,CHEMBL1614471
CHEMBL541190,CC(C)(C)OC(=O)N[C@@H](Cc1ccc(OCc2ccccc2)cc1)C(=O)NNC(=O)c1cc(C23CC4CC(CC(C4)C2)C3)c2ccccc2n1,4.889999848866887,0.0,1,CHEMBL360,CHEMBL1030449
CHEMBL3883371,O=C(Nc1ccccc1)N1CCN(c2nc(=O)c3cc(C(F)(F)F)ccc3s2)CC1,4.960585880823863,0.0,1,CHEMBL3430898,CHEMBL3875318
CHEMBL5631198,CCCC[C@@H](C(=O)O)N1C(=O)/C(=C/c2ccc(-c3ccc(C(F)(F)F)cc3)cc2)SC1=S,6.0655015487564325,0.0,1,CHEMBL6066201,CHEMBL5622563
CHEMBL1901265,CNc1ccc2ncc(-c3ccc(OC)c(OC)c3)n2n1,5.772884917410875,0.0,1,CHEMBL1287620,CHEMBL2354305
CHEMBL572644,Cc1ccc(/C=N/NC(=O)c2ccc(N3CCOCC3)cc2)cc1,0.6429999999946685,0.0,1,CHEMBL360,CHEMBL1040362
CHEMBL1796112,CC1CCCN(CCCNC(=O)c2ccc3c(c2)N(Cc2cccc(Cl)c2)C(=O)c2ccccc2[S+]3[O-])C1,3.823908740944319,0.0,1,CHEMBL1744527,CHEMBL1798854
CHEMBL3933712,c1ccc2c(c1)ccn1c3ccccc3cc21,6.853871964321762,0.0,1,CHEMBL3988584,CHEMBL3887424
CHEMBL4592986,COc1cc(OC)cc(C(SCC(=O)N(C)O)P(=O)(O)O)c1,5.356547323513812,0.0,1,CHEMBL5630,CHEMBL4407818
CHEMBL3915173,CC(C)n1cnc(S(=O)(=O)N2CCC(C(=O)Nc3cccc(Br)c3)CC2)c1,5.559090917934782,0.0,1,CHEMBL3988585,CHEMBL3887425
CHEMBL5274759,CCC1=NOC2(CCN(C(=O)CCC(F)(F)F)CC2)C1,7.301029995663981,0.0,1,CHEMBL360,CHEMBL5246902
CHEMBL3818314,COc1ccc2c(c1)cc(C(=O)NS(=O)(=O)Cc1ccc(C(F)(F)F)cc1)n2CC(=O)O,6.6020599913279625,0.0,1,CHEMBL6069,CHEMBL3819980
CHEMBL4564729,C[C@H]1OC(=O)[C@@H](C2CCCCC2)OC(=O)[C@H](C)[C@H](O)[C@H](Cc2cccnc2)NC(=O)[C@H]1NC(=O)c1ncccc1O,4.954677021213342,0.0,1,CHEMBL1849,CHEMBL4380941
CHEMBL1796119,CN(CCCNC(=O)c1ccc2c(c1)N(Cc1ccccc1)C(=O)c1ccccc1S2(=O)=O)C1CCCCC1,3.3010299956639813,0.0,1,CHEMBL1744527,CHEMBL1798854
CHEMBL325149,CCCCCCCCCP(=O)(OCC)OCc1cccc(Oc2ccccc2)c1,4.828858848971618,0.0,1,CHEMBL4624,CHEMBL652028
CHEMBL4756742,CC(C)c1ccc([C@@H]2[C@H]3CSCN3C3(C(=O)c4ccccc4C3=O)[C@]23CSc2ccccc2C3=O)cc1,4.3472703039307525,0.0,1,CHEMBL360,CHEMBL4719106
CHEMBL1773953,CC(C)CCC(=O)N1CCC(c2nc(-c3cccs3)no2)CC1,6.045757490560675,0.0,1,CHEMBL1772929,CHEMBL1776262
CHEMBL1830118,CN(O)C(=O)CCC(c1ccc(F)c(F)c1)P(=O)(O)O,6.113509274827518,0.0,1,CHEMBL5630,CHEMBL2434044
CHEMBL1818378,O=C(CC[N+](=O)[O-])N1CCN(c2cccc(C(F)(F)F)c2)CC1,4.520280764560429,0.0,1,CHEMBL1667699,CHEMBL1820652
CHEMBL3971377,CCOc1ccc2nc(O)c(CNc3ccc4[nH]ncc4c3)cc2c1,5.342944147142896,0.0,1,CHEMBL3988585,CHEMBL3887425
CHEMBL3099405,Clc1cccc(C2CCN(c3nncc(-c4ccc(Br)cc4)n3)C2)c1,4.47755576649368,0.0,1,CHEMBL3137292,CHEMBL3101912
CHEMBL3739437,COc1ccc(CNC(=S)N2CCN(CCn3c(=O)ccc4ncc(OC)cc43)CC2)cc1,4.808828544271441,0.0,1,CHEMBL3430898,CHEMBL3745429
CHEMBL1807121,O=[N+]([O-])c1ccc(/N=N/Nc2ccc([N+](=O)[O-])cc2C(F)(F)F)c(C(F)(F)F)c1,7.522878745280337,0.0,1,CHEMBL360,CHEMBL3239483
CHEMBL4098606,CCCCc1ccc(Nc2nc(C)cs2)cc1,4.920818753952375,3.0700378666077546,3,CHEMBL360,CHEMBL4045158
CHEMBL2325402,Cc1ccccc1C1NC(=S)N=C2C1C(=O)N=C1SC([N+](=O)[O-])=CN12,4.752026733638194,0.0,1,CHEMBL2321612,CHEMBL2327220
CHEMBL261487,COC(=O)c1ccc(Cn2cc(NC(=O)c3noc4c3CC(C(C)(C)C)CC4)cn2)cc1,6.795880017344075,0.0,1,CHEMBL6069,CHEMBL935788
CHEMBL571677,COc1ccc(/C=C2/SC(N3CCCC3)=NC2=O)cc1OC,5.140261433802853,0.0,1,CHEMBL1849,CHEMBL1059058
CHEMBL1440303,CNC(=O)c1nnsc1[S+]([O-])c1ccc(Cl)cc1,3.964850542226537,0.0,1,CHEMBL1293297,CHEMBL1614471
CHEMBL408149,CCCCCCc1ccc(Oc2ccccc2CN2CCN(C)CC2)c(O)c1,4.499537123594353,2.7630742471597416,2,CHEMBL1849,CHEMBL936672
CHEMBL168,CC1(C)CC[C@]2(C(=O)O)CC[C@]3(C)C(=CC[C@@H]4[C@@]5(C)CC[C@H](O)C(C)(C)[C@@H]5CC[C@]43C)[C@@H]2C1,4.656592522746341,1.1842857376709528,4,CHEMBL360,CHEMBL3750542
CHEMBL3980494,COC(=O)c1cc2occc2n1CC(=O)c1ccc(Cl)cc1,6.221848749616356,0.0,1,CHEMBL3879870,CHEMBL3865749
CHEMBL3983497,CCn1cnc(S(=O)(=O)N2CCC(C(=O)Nc3cccc(-c4ccno4)c3)CC2)c1,5.571865205971212,0.0,1,CHEMBL3988585,CHEMBL3887425
CHEMBL4437244,Cc1c(CCC(=O)N2CCCC2)c(=O)n2c([nH]c3ccccc32)c1C#N,7.154901959985743,0.0,1,CHEMBL3804751,CHEMBL4371323
CHEMBL3917214,COc1cc(Cl)c(NC(=O)C2CCN(S(=O)(=O)c3cn(C(C)C)cn3)CC2)c(OC)c1,5.542118103266008,0.0,1,CHEMBL3988585,CHEMBL3887425
CHEMBL3628357,CCOC(=O)c1cnc2ccc(F)cc2c1Nc1ccc(OCCCN2CCN(CC)CC2)cc1,4.927015255372069,0.0,1,CHEMBL3430898,CHEMBL3630322
CHEMBL5612596,Cc1[nH]c(C(=O)Nc2nc3c(OC(C)C4CCNCC4)cc(C(=O)O)cc3s2)c(Cl)c1Cl,8.387216143280265,0.0,1,CHEMBL3430898,CHEMBL5610214
CHEMBL3911247,CCn1cnc(S(=O)(=O)N2CCC(C(=O)NCCc3nc4cc(C)ccc4[nH]3)CC2)c1,5.407823242604133,0.0,1,CHEMBL3988585,CHEMBL3887425
CHEMBL1892379,CC(Oc1ccc2c(c1)oc(=O)c1ccccc12)C(=O)NCCCN1CCOCC1,5.823041019413092,0.0,1,CHEMBL1287620,CHEMBL2354305
CHEMBL69612,O=C1NC(=S)S/C1=C\C=C\c1ccc([N+](=O)[O-])o1,4.719649306953994,0.0,1,CHEMBL1293297,CHEMBL1614471
CHEMBL4444080,NCc1cccc(NS(=O)(=O)/C=C/c2cccc(C(F)(F)F)c2)c1,5.3979400086720375,0.0,1,CHEMBL1849,CHEMBL4405868
CHEMBL1765362,O=C(O)c1cc(-c2ccc(-c3ccc(F)c(C(F)(F)F)c3)cc2C2CCCCC2)on1,6.657577319177793,0.0,1,CHEMBL4540,CHEMBL1768070
CHEMBL3488903,CCC(=O)N1CCN(C(=O)Cn2cccn2)CC1,4.653591079503546,0.0,1,CHEMBL360,CHEMBL4649971
CHEMBL5218779,O=C1NC(=S)NC(=O)C1=Cc1ccc(OCc2ccc(Cl)cc2)cc1-c1cc(Cl)c(O)c(Cl)c1,5.441291429466834,0.0,1,CHEMBL4540,CHEMBL5216850
CHEMBL5624750,CCCC[C@@H](C(=O)O)N1C(=O)/C(=C/c2ccc(-c3ccccc3)cc2)SC1=S,6.2076083105017466,0.0,1,CHEMBL6066201,CHEMBL5622563
CHEMBL465740,CCCCC[C@H](CN(O)C=O)C(=O)N1CCC[C@H]1c1nc2ccccc2o1,7.886056647693163,0.0,1,CHEMBL5765,CHEMBL1014575
CHEMBL1945702,COc1ccc(C(=O)/C=C/c2ccc3c(c2)OCO3)c(OC)c1,3.995678626217357,0.0,1,CHEMBL4542,CHEMBL1948973
CHEMBL3764019,Cc1nc2sc3ccccc3n2c1C(=O)N/N=C/c1ccc(N(C)C)cc1,5.835647144215563,0.0,1,CHEMBL6069,CHEMBL3766329
CHEMBL3445277,CCCn1nnc(NCc2ccc(-c3ccc(Br)cc3)o2)n1,4.529282494625309,0.0,1,CHEMBL4105939,CHEMBL4649965
CHEMBL4454539,CC[C@H]1OC(=O)[C@H](C)[C@H](O)[C@H](Cc2cccnc2)NC(=O)[C@@H](NC(=O)c2ncccc2O)[C@@H](C)OC1=O,3.896196279044043,0.0,1,CHEMBL1849,CHEMBL4380941
CHEMBL1796111,O=C(NCCCN1CCCC1)c1ccc2c(c1)N(Cc1cccc(Cl)c1)C(=O)c1ccccc1S2,3.886056647693163,0.0,1,CHEMBL1744527,CHEMBL1798854
CHEMBL4062432,Cc1csc(Nc2ccc(OC3CCCC3)cc2)n1,7.154901959985743,0.0,1,CHEMBL360,CHEMBL4045152
CHEMBL5411176,COc1ccc(-c2noc(C(=O)NCCc3ccc(C(N)=O)cc3)n2)cc1OC,6.698970004336019,0.0,1,CHEMBL4105939,CHEMBL5375438
CHEMBL5584040,c1ccc(-c2nc(-c3cc4ccccc4cn3)c3ccc4ccccc4n23)cc1,4.062983892535186,0.0,1,CHEMBL360,CHEMBL5535663
CHEMBL1784316,O=C(O)/C1=C/C#Cc2ccccc2C#CCCNC1=O,3.957818405484234,0.0,1,CHEMBL4542,CHEMBL1786815
CHEMBL3884787,Cc1ccc2c(c1)C(=O)C(=O)N2CCN1CCN(NCc2ccccc2OCc2ccccc2)CC1,5.0,0.0,1,CHEMBL3430898,CHEMBL3875318
CHEMBL238592,Cc1cc(O)c2c(c1Cl)C(=O)C=CC2=O,4.499979995661878,8.204159991332169,2,CHEMBL360,CHEMBL3077583
CHEMBL3896702,CCOC(=O)/C=C\CBr,5.658172147490067,0.2471099978769713,2,CHEMBL3988585,CHEMBL3887425
CHEMBL1762039,CCN(CC)C(=O)[C@H]1CC[C@H]2[C@@H]3CNC4=CC(=O)C5CC5[C@]4(C)[C@H]3CC[C@]12C,3.2676062401770314,0.0,1,CHEMBL1744528,CHEMBL1764602
CHEMBL85501,Cc1cccc(C)c1SSCCNC(=O)/C(Cc1cccc(Br)c1)=N/O,4.187086643357144,0.0,1,CHEMBL3703,CHEMBL752054
CHEMBL5566657,CN(CC#Cc1ccccc1)c1nc(=O)c2cc(C(F)(F)F)cc([N+](=O)[O-])c2s1,7.638272163982407,0.0,1,CHEMBL3804751,CHEMBL5528588
CHEMBL3088170,O=C1CC(c2nc3ccccc3n2Cc2ccccc2)CN1C1CCCCC1,6.0,0.0,1,CHEMBL1849,CHEMBL3089491
CHEMBL1571824,O=C(O)C1C2C=CC(CC2)C1C(=O)O,3.943133246341687,0.0,1,CHEMBL1293297,CHEMBL1614471
CHEMBL1569740,Cn1cccc1-c1nc2ccccc2n1C,5.5111673656176,0.0,1,CHEMBL1287620,CHEMBL2354305
CHEMBL3469494,NS(=O)(=O)N1CCc2ccc(NC(=O)Cc3ccc(F)cc3)cc21,4.560617088838521,0.0,1,CHEMBL4662931,CHEMBL4649972
CHEMBL5084676,CNC(=O)c1c(-c2cccc(O)c2)oc2ccc(O)c(CN3CCC4(COC4)C3)c12,6.136677139879544,0.0,1,CHEMBL4105939,CHEMBL5038057
CHEMBL6134270,CN1CN(C2CCCC2)Cc2c(O)ccc3oc(-c4ccc(O)cc4)c(c23)C1=O,5.231361898752385,0.0,1,CHEMBL4105939,CHEMBL6107683
CHEMBL4277027,CC1(C)CC[C@]2(COC(=O)CCC(=O)O)CC[C@]3(C)C(=CC[C@@H]4[C@@]5(C)CCCNC(C)(C)[C@@H]5CC[C@]43C)[C@H]2C1,4.686132779630847,0.0,1,CHEMBL360,CHEMBL4252975
CHEMBL5590006,N#Cc1cncnc1N,6.468521082957745,0.0,1,CHEMBL6069,CHEMBL5529356
CHEMBL4103410,Cl.NCC1OB(O)c2c(OCc3ccccc3)ccc(Br)c21,6.356547323513812,0.0,1,CHEMBL4105844,CHEMBL4020311
CHEMBL227603,O=C(N/N=C/c1cccs1)c1cc(C23CC4CC(CC(C4)C2)C3)c2ccccc2n1,7.119987161633229,0.0,1,CHEMBL360,CHEMBL914626
CHEMBL393465,CC(=O)Oc1cc(OC(C)=O)c2c(OC(C)=O)cc(C)c(Cl)c2c1OC(C)=O,4.499977602014248,6.111955204135352,2,CHEMBL360,CHEMBL3077583
CHEMBL1818377,O=C(CC[N+](=O)[O-])N1CCN(c2ccccc2)CC1,4.384997385475412,0.0,1,CHEMBL1667699,CHEMBL1820652
CHEMBL3409427,NNC(=O)c1cc(C2CCC(C(F)(F)F)CC2)c2ccccc2n1,5.559999795538785,0.0,1,CHEMBL360,CHEMBL3412552
CHEMBL5280674,O=C(CCC(F)(F)F)N1CCC(F)(c2ccc(F)nc2)CC1,8.0,0.0,1,CHEMBL360,CHEMBL5246902
CHEMBL3961081,CC(C)n1cnc(S(=O)(=O)N2CCC(C(=O)Nc3ccc4c(c3)OCO4)CC2)c1,5.684029654543083,0.0,1,CHEMBL3988585,CHEMBL3887425
CHEMBL3978318,COc1ccc(NC(=O)CN(C)S(=O)(=O)c2cc(Br)cnc2N)cc1,6.094534435212555,0.153611336504249,2,CHEMBL3988585,CHEMBL3887425
CHEMBL3323248,CCOC(=O)c1cc2cc(N3CCN(C(=O)c4ccc(C(F)(F)F)cc4)CC3)ccc2o1,4.345438445258257,0.0,1,CHEMBL3430898,CHEMBL3367585
CHEMBL3323156,CCOC(=O)c1cc2cc(N3CCN(C(=O)Cc4ccc(F)cc4)CC3)ccc2o1,4.570247719997592,0.0,1,CHEMBL3430898,CHEMBL3367585
CHEMBL324842,O=C(/C=C/c1ccc(O)c(O)c1)O[C@H](Cc1ccc(O)c(O)c1)C(=O)O,4.070887743345339,0.0,1,CHEMBL1293297,CHEMBL1614471
CHEMBL4170611,CC(C)=C/C=C\[C@H](C)[C@H]1CC[C@]2(C)C[C@@H]3C(C)=CC(=O)[C@H]3/C(CO)=C\C[C@@H]12,4.431798275933005,0.0,1,CHEMBL4295521,CHEMBL4390593
CHEMBL462205,O=S(=O)(c1ccccc1)c1cc(O)c2ccccc2c1O,8.546681659952963,0.0,1,CHEMBL3640,CHEMBL1010089
CHEMBL376488,COc1nc2ccc(Br)cc2cc1[C@@H](c1ccccc1)[C@@](O)(CCN(C)C)c1cccc2ccccc12,7.384775539310863,0.1674910872937633,2,CHEMBL360,CHEMBL3406705
CHEMBL1934944,Nc1ccc(C2=NN[C@@H](c3cn(-c4ccccc4)nc3-c3ccc(F)cc3)C2)cc1,4.129213544325073,0.0015729597419031,2,CHEMBL360,CHEMBL1936053
CHEMBL5076451,CC(C)CN1CCCN(c2nc(=O)c3cc(S(C)(=O)=O)cc([N+](=O)[O-])c3s2)CC1,5.886056647693163,0.0,1,CHEMBL3804751,CHEMBL5050652
CHEMBL4209346,N#C/C(=C\c1ccc2c(c1)OCO2)c1nc2ccccc2s1,4.180587688790675,0.0,1,CHEMBL2259247,CHEMBL4178649
CHEMBL118238,CCCCP(=O)(O)OCC,3.365815045014768,2.016644526392497e-05,2,CHEMBL4624,CHEMBL652028
CHEMBL3765483,Cc1nc2sc3ccccc3n2c1C(=O)Nc1ccc(Br)cc1,6.2839966563652006,0.0,1,CHEMBL6069,CHEMBL3766329
CHEMBL3125101,CCc1cc(C(=O)N[C@@H]2C[C@@H](C(=O)NCc3ccc4c(c3)B(O)OC4)N(C(=O)c3coc4ccccc34)C2)n(CC)n1,8.698970004336019,0.0,1,CHEMBL1849,CHEMBL3132000
CHEMBL4086672,COc1ccc(Br)c2c1B(O)O[C@@H]2CN.Cl,7.130768280269024,0.0,1,CHEMBL4105844,CHEMBL4020311
CHEMBL3926902,O=C(Nc1ccc2c(c1)C(N1CCN(C(=O)c3ccc4[nH]ccc4c3)CC1)c1ccccc1-2)c1ccccc1,6.130181792020672,0.0,1,CHEMBL613086,CHEMBL3880092
CHEMBL3121945,NC(=O)c1c(NC(=O)c2ccc([N+](=O)[O-])s2)sc2c1CCN(S(=O)(=O)c1ccc([N+](=O)[O-])cc1)C2,5.231361898752385,0.0,1,CHEMBL6069,CHEMBL3123111
CHEMBL3323164,CCOC(=O)c1cc2cc(N3CCN(C(=O)CC4CCCCC4)CC3)ccc2o1,4.598599459218456,0.0,1,CHEMBL3430898,CHEMBL3367585
CHEMBL1945812,COc1ccc2nc(-c3noc(C4CCN(C(=O)CCC(F)(F)F)CC4)n3)sc2c1,6.0,0.0,1,CHEMBL1772929,CHEMBL1947973
CHEMBL3885295,O=c1nc(N2CCN(C(=S)Nc3ccc(Cl)cc3)CC2)sc2ccc(Cl)cc12,5.163675884293248,0.0,1,CHEMBL3430898,CHEMBL3875318
CHEMBL1701673,CCc1cc(=O)oc2cc(C)cc(OC(C)C(=O)NC3CCN(Cc4ccccc4)CC3)c12,5.818728228440539,0.0,1,CHEMBL1287620,CHEMBL2354305
CHEMBL4061966,Cl.NCC1OB(O)c2c(OCCO)ccc(Cl)c21,6.619788758288394,0.0,1,CHEMBL4105844,CHEMBL4020311
CHEMBL558427,COC(=O)[C@H](CCCNC(=N)N)NC(=O)c1cc(C23CC4CC(CC(C4)C2)C3)c2ccccc2n1,6.869988050328096,0.0,1,CHEMBL360,CHEMBL1030449
CHEMBL4164425,CC(=O)N[C@@H](Cc1ccccc1)C(=O)NCC(=O)N[C@H]1C[C@@H](C(=O)N[C@@H](CCCCN)C(=O)N[C@@H](CCCCN)C(=O)N[C@@H](CCCNC(=N)N)C(=O)N[C@H]2C[C@@H](C(=O)N[C@@H](CCC(N)=O)C(=O)N[C@H]3C[C@@H](C(=O)N[C@@H](CCCNC(=N)N)C(=O)N[C@H]4C[C@@H](C(=O)NCCN)N(CCCN)C4)N(CCCN)C3)N(CCCN)C2)N(CCCN)C1,5.700276812137362,0.6585413472804111,4,CHEMBL360,CHEMBL4154576
CHEMBL1773960,O=C(CC1CC1)N1CCC(c2nc(-c3cccs3)no2)CC1,5.958607314841775,0.0,1,CHEMBL1772929,CHEMBL1776262
CHEMBL5197941,CC(C)c1ccc(NC(=S)NCc2ccccc2)cc1,5.107905397309519,0.0,1,CHEMBL360,CHEMBL5144865
CHEMBL5430041,CCOC(=O)Cc1csc(N2C(=O)CSC2c2ccc(Br)cc2)n1,5.97469413473523,0.0,1,CHEMBL1849,CHEMBL5365587
CHEMBL1935073,Nc1nc(-c2ccccc2O)cc(-c2cn(-c3ccccc3)nc2-c2ccc(F)cc2)n1,4.2422150237751,0.0044299911922003,2,CHEMBL360,CHEMBL1936053
CHEMBL4445442,Cn1c2ccccc2c2cc(/C=C3\SC(=S)N(c4ccc(C(=O)O)cc4)C3=O)ccc21,5.549750891680639,0.0,1,CHEMBL1849,CHEMBL4390274
CHEMBL1818421,CC(=O)C1CCC(NC(=O)Nc2ccc(OC(F)(F)F)cc2)CC1,4.5003129173815966,0.0,1,CHEMBL1795155,CHEMBL1819932
CHEMBL5399952,CCCN(C)c1ccc(CN2CCC(COc3ccc(Cl)cc3)CC2)cc1,4.657577319177793,0.0,1,CHEMBL4879548,CHEMBL5347778
CHEMBL4171012,CC(C)=C/C=C\[C@H](C)[C@H]1CC[C@]2(C)C[C@H]3[C@@H]4/C(=C\C[C@@H]12)C(=O)O[C@]4(O)C[C@@]3(C)O,4.443697499232712,0.0,1,CHEMBL4295521,CHEMBL4390593
CHEMBL3329645,CCCCOc1ccc(NC(=O)NNC(=O)c2cc(C34CC5CC(CC(C5)C3)C4)c3ccccc3n2)cc1,5.110000065251387,0.0,1,CHEMBL360,CHEMBL3380429
CHEMBL3637804,FC(F)(F)Oc1ccc(-c2cc3ccncc3cc2OC2CCNCC2)cc1,5.499999678657065,0.0,1,CHEMBL613086,CHEMBL3637832
CHEMBL3753253,Cc1ccc2nc3ccccc3c(Nc3ccc(NC(=O)Nc4ccc(Cl)cc4)cc3)c2c1,4.943095148663527,0.0,1,CHEMBL3430898,CHEMBL3758003
CHEMBL4471280,Cc1ccccc1C(=O)CN1C(=O)NC(C)(c2ccc(S(N)(=O)=O)cc2)C1=O,7.0,0.0,1,CHEMBL3804751,CHEMBL4406692
CHEMBL3475529,CS(=O)(=O)c1ccc(-c2cc(C3CC3)c(C#N)c(N)n2)cc1,4.961522759366726,0.0438178576542584,2,CHEMBL4105939,CHEMBL4649965
CHEMBL1393256,C=CC#CC[N+]1(CC#Cc2ccccc2)CCOCC1.[Br-],3.907735639211652,0.0,1,CHEMBL1293297,CHEMBL1614471
CHEMBL5275865,O=C(CCC(F)(F)F)N1CCC(c2ncc(F)cc2F)CC1,8.0,0.0,1,CHEMBL360,CHEMBL5246902
CHEMBL1381433,Cc1cccc(N2C(=O)NC(=O)/C(=C/c3ccc([N+](=O)[O-])o3)C2=O)c1,3.827105302247824,0.0,1,CHEMBL1293297,CHEMBL1614471
CHEMBL5417487,CCCN(C)c1ccc(CN2CCC(COc3c(F)cccc3F)CC2)cc1,4.6020599913279625,0.0,1,CHEMBL4879548,CHEMBL5347778
CHEMBL241392,Cc1cc(O)c2c(c1)C(=O)C=C(c1c(C)cc(O)c3c1C(=O)C=CC3=O)C2=O,4.301029995663981,0.0,1,CHEMBL3430898,CHEMBL3875323
CHEMBL3342259,COc1ccc(C(CCC(=O)NO)P(=O)(O)O)cc1,4.823908740944319,0.0,1,CHEMBL5630,CHEMBL3386562
CHEMBL3342668,Nc1ncnc2c1c(-c1cc3ccccc3c3ccccc13)cn2[C@@H]1O[C@H](CO)[C@@H](O)[C@H]1O,5.721246399047171,0.0,1,CHEMBL360,CHEMBL3385546
CHEMBL4291253,CC(=O)Oc1ccc(COP(=O)(CCCC(=O)N(C)O)OCc2ccc(OC(C)=O)cc2)cc1,4.705974905904677,0.0,1,CHEMBL360,CHEMBL4269458
CHEMBL1806504,CC(=O)N(/N=N/c1ccc([N+](=O)[O-])cc1Br)c1ccc([N+](=O)[O-])cc1Br,7.221848749616356,0.0,1,CHEMBL360,CHEMBL3239483
CHEMBL4744408,CN1C[C@@H](c2ccc(Cl)cc2)[C@@]2(CSc3ccccc3C2=O)C12C(=O)c1ccccc1C2=O,5.0726296369609765,0.0,1,CHEMBL360,CHEMBL4719106
CHEMBL5433256,CCCN(C)c1ccc(CN2CCC(COc3cccc(Br)c3)CC2)cc1,4.920818753952375,0.0,1,CHEMBL4879548,CHEMBL5347778
CHEMBL1563317,O=C(O)c1c2c(nc3ccccc13)/C(=C/c1ccc(O)cc1)CC2,3.90678850818634,0.0,1,CHEMBL1293297,CHEMBL1614471
CHEMBL4646506,CC(C)(C)OC(=O)Nc1ccc(C#Cc2ccc(NC(=O)C(=O)O)cc2)cc1,7.455931955649724,0.0,2,CHEMBL4295521,CHEMBL4626292
CHEMBL574280,O=C(N/N=C/c1ccc(F)cc1)c1ccc(N2CCOCC2)cc1,1.3312000000035191,0.0,1,CHEMBL360,CHEMBL1040362
CHEMBL3088173,Cc1csc(C(C)(O)c2nnc(Nc3ccn(Cc4c(F)cccc4F)n3)s2)n1,8.397940008672037,0.1249387366082999,3,CHEMBL1849,CHEMBL3089491
CHEMBL4582915,COc1ccc(O)c(-c2csc(N/N=C(C)/C=C/c3ccc(OC)c(OC)c3)n2)c1,4.638272163982407,0.0,1,CHEMBL360,CHEMBL4427455
CHEMBL3409428,COC1CCCC(c2cc(C(=O)NN)nc3ccccc23)C1,5.529999886197673,0.0,1,CHEMBL360,CHEMBL3412552
CHEMBL3628460,COc1ccc2ncc(C(=O)O)c(Nc3ccc(NCCCN4CCOCC4)cc3)c2c1,4.901356274182943,0.0,1,CHEMBL3430898,CHEMBL3630322
CHEMBL259507,CC(C)(C)C1CCc2onc(C(=O)Nc3cnn(Cc4ccc(F)cc4)c3)c2C1,6.823908740944319,0.0,1,CHEMBL6069,CHEMBL935788
CHEMBL1765365,COC(=O)C1C[C@H]2c3c([nH]c4ccccc34)C[C@@H](C1=O)N2Cc1ccccc1O,5.017728766960431,0.0,1,CHEMBL4540,CHEMBL1768070
CHEMBL560086,Cc1ccc(NC(=O)c2ccccc2[N+](=O)[O-])c(C)c1,4.980053318321158,0.0,1,CHEMBL1849,CHEMBL1059058
CHEMBL4552239,O=C(CN1C(=O)/C(=C\c2ccc(Br)cc2)SC1=S)c1ccccc1,4.621602099051862,0.0,1,CHEMBL1849,CHEMBL4481956
CHEMBL6167397,CN(O)C(=O)CSC(c1ccc(OCCCCCCN2C(=O)c3ccccc3C2=O)cc1)P(=O)(O)O,6.795880017344075,0.0,1,CHEMBL5630,CHEMBL6125250
CHEMBL3739698,COc1ccc(CNC(=O)N2CCN(CCn3c(=O)ccc4ncc(OC)cc43)CC2)cc1,4.836242476018044,0.0,1,CHEMBL3430898,CHEMBL3745429
CHEMBL1254722,CCCCCCCCc1cccc(C2(O)NC(=O)c3cnccc32)c1,4.709965388637482,0.0,1,CHEMBL360,CHEMBL1250924
CHEMBL4739877,CN1C[C@@H](c2cccc(Br)c2)[C@@]2(CSc3ccccc3C2=O)C12C(=O)c1ccccc1C2=O,5.235823867609669,0.0,1,CHEMBL360,CHEMBL4719106
CHEMBL3400648,CNC(=O)CCc1cc(-c2ccc(-c3ccc(C(F)(F)F)cc3)cc2)n(-c2ccc(NS(=O)(=O)N(C)C)cc2)n1,5.657577319177793,0.0,1,CHEMBL360,CHEMBL3406705
CHEMBL1814771,Nc1ncnc2c1c(-c1cc3ccccc3o1)cn2[C@@H]1O[C@H](CO)[C@@H](O)[C@H]1O,5.6439741428068775,0.0,1,CHEMBL360,CHEMBL3385546
CHEMBL3891541,Cc1noc(C)c1NC(=O)Nc1ccc2c(c1)C(N1CCN(C(=O)c3ccc4[nH]ccc4c3)CC1)c1ccccc1-2,6.416801226031377,0.0,1,CHEMBL613086,CHEMBL3880092
CHEMBL411394,O=C(Nc1cccc(C(F)(F)F)c1)C1CC(=O)N(C2CCCCC2)C1,5.454692883534176,0.0,1,CHEMBL1849,CHEMBL907779
CHEMBL3403281,Cc1ccc(NC(=S)NC2CCN(c3cc(C)nc4ccc(F)cc34)CC2)cc1,4.594995334949631,0.0,1,CHEMBL3430898,CHEMBL3405737
CHEMBL5408425,Cc1cc(Nc2ccc(N3CCCCC3)cc2)c2cc(Cl)ccc2n1,5.958607314841775,0.0,1,CHEMBL1849,CHEMBL5387352
CHEMBL4176028,CNC(=O)CN(Cc1ccc(F)cc1)C(=O)[C@H]1CC[C@@H](NC(=O)Cc2sc3ccccc3c2C)CC1,6.221848749616356,0.0,1,CHEMBL1849,CHEMBL4147603
CHEMBL4209908,O=C(CCn1cnc([N+](=O)[O-])n1)Nc1ccc(Oc2ccc(F)cc2)cc1,4.667679012221937,0.8826144012821464,8,CHEMBL360,CHEMBL4179593
CHEMBL239416,O=C(N[C@H]1[C@H](O)[C@@H](O)[C@H](CO)O[C@H]1SC1CCCCC1)C1CCOC(c2cccc(F)c2)=N1,5.0,0.0,1,CHEMBL6067,CHEMBL902566
CHEMBL5410244,Clc1ccc(COc2ccccc2CNCc2ccncc2)cc1,5.853871964321762,0.0,1,CHEMBL3879870,CHEMBL5347210
CHEMBL1556516,Nc1nnc(/C=C/c2ccccc2Cl)s1,5.799149501908922,0.0,1,CHEMBL1287620,CHEMBL2354305
CHEMBL4227945,Brc1ccc(-c2c[nH]cn2)cc1,3.17134010346468,0.0,1,CHEMBL6065,CHEMBL5623734
CHEMBL3612967,CCc1nn2ccc(Cl)cc2c1C(=O)NCc1ccc(N2CCC(c3ccc(OC(F)(F)F)cc3)CC2)cc1,7.504455662453552,0.0,1,CHEMBL360,CHEMBL3616315
CHEMBL564030,N[C@@H](Cc1ccccc1)C(=O)NNC(=O)c1cc(C23CC4CC(CC(C4)C2)C3)c2ccccc2n1,5.499999678657065,0.0,1,CHEMBL360,CHEMBL1030449
CHEMBL4168415,NCc1ccc(S(=O)(=O)Nc2ccc3oc(-c4ccc(NS(=O)(=O)c5ccc(Cl)s5)cc4)nc3c2)cc1,5.356547323513812,0.0,1,CHEMBL4295521,CHEMBL4388634
CHEMBL2098226,CCOC(=O)c1c(-c2ccccc2)oc2ccc(O)c(CN3CCCCC3)c12,6.585026652029182,0.0,1,CHEMBL4105939,CHEMBL5634736
CHEMBL3883475,O=C1C(=O)N(CCN2CCN(NCc3ccc(Cl)cc3Cl)CC2)c2ccc(Cl)cc21,4.301029995663981,0.0,1,CHEMBL3430898,CHEMBL3875318
CHEMBL3628447,CCN1CCN(CCCOc2ccc(Nc3c(C(=O)NN)cnc4ccccc34)cc2)CC1,4.778325002929231,0.0,1,CHEMBL3430898,CHEMBL3630322
CHEMBL1814769,Nc1ncnc2c1c(-c1ccoc1)cn2[C@@H]1O[C@H](CO)[C@@H](O)[C@H]1O,5.080398976215889,0.0,1,CHEMBL360,CHEMBL3385546
CHEMBL4069377,O=C(CCC1CCCC1)N1CCCC1,3.552841968657781,0.0,1,CHEMBL1772929,CHEMBL5623718
CHEMBL4542408,O=S(=O)(Nc1ccc(-c2nc3cc(NS(=O)(=O)c4ccc(Cl)s4)ccc3o2)cc1)c1ccc(Cl)c(Cl)c1,5.638272163982407,0.0,1,CHEMBL4295521,CHEMBL4388634
CHEMBL5270146,CNC(=O)c1c(-c2ccccc2)oc2ccc(O)c(CN3CCCCC3)c12,6.537602002101044,0.0,1,CHEMBL4105939,CHEMBL5634736
CHEMBL521592,Cc1nn2c(=O)cc(CSc3ccc(Cl)cc3)[nH]c2c1-c1ccc(Cl)cc1,4.382999658879101,0.0,1,CHEMBL5091,CHEMBL989742
CHEMBL3394161,CC(C)c1ccc(COc2cccc(-c3cc(-c4ccc(C(=O)O)cc4)c(C#N)c(=O)[nH]3)c2)cc1,8.221848749616356,0.0,1,CHEMBL2361,CHEMBL3396196
CHEMBL3952045,COC(=O)c1ccc(S(=O)(=O)Nc2ccc(-c3nc4cc(NS(=O)(=O)c5ccc(C(=O)OC)cc5)ccc4o3)cc2)cc1,4.958607314841775,0.0,1,CHEMBL4295521,CHEMBL4388634
CHEMBL5276526,Cc1nc2cc(NC(=O)c3cc4sc(N5CC(C)OC(C)C5)nc4s3)ccc2o1,6.280333653084869,0.6434526764861879,2,CHEMBL360,CHEMBL5223484
CHEMBL4443444,CC[C@H](C)C[C@H](C)C[C@@H]1CO[C@@H](/C(C)=C\C(=C\C=C\CC(=O)O)C(=O)O)[C@H](C)C1,4.920818753952375,0.0,1,CHEMBL4295521,CHEMBL4338622
CHEMBL4474145,CCOC(=O)[C@H](CC(C)C)NP(=O)(CCCC(=O)N(C)OCc1ccc(Cl)cc1)N[C@@H](CC(C)C)C(=O)OCC,4.309803919971486,0.0,1,CHEMBL360,CHEMBL4321385
CHEMBL563722,CC[C@H](C)[C@H](NC(=O)c1cc(C23CC4CC(CC(C4)C2)C3)c2ccccc2n1)C(=O)OC,5.790000026071145,0.0,1,CHEMBL360,CHEMBL1030449
CHEMBL4548258,O=C(CN1C(=O)/C(=C\c2ccc([N+](=O)[O-])cc2)SC1=S)c1ccccc1,4.361510743045363,0.0,1,CHEMBL1849,CHEMBL4481956
CHEMBL3310303,COc1ccccc1C(=O)NNC(=O)c1c(C)nc2ccccn12,5.085656842880559,0.0,1,CHEMBL6069,CHEMBL3365136
CHEMBL558879,NCCC[C@H](N)C(=O)NNC(=O)c1cc(C23CC4CC(CC(C4)C2)C3)c2ccccc2n1,4.389999976337708,0.0,1,CHEMBL360,CHEMBL1030449
CHEMBL4464948,O=S(=O)(Nc1ccc2oc(-c3ccccc3)nc2c1)c1ccccc1F,4.096910013008056,0.0,1,CHEMBL4295521,CHEMBL4388634
CHEMBL3628450,CCN1CCN(CCCOc2ccc(Nc3c(C(=O)NN)cnc4ccc(C(F)(F)F)cc34)cc2)CC1,5.0301183562535,0.0,1,CHEMBL3430898,CHEMBL3630322
CHEMBL1818370,Cc1cc(NC(=O)CC[N+](=O)[O-])ccc1Br,4.434152181326482,0.0,1,CHEMBL1667699,CHEMBL1820652
CHEMBL3628452,CCN1CCN(CCCNc2ccc(Nc3c(C(=O)NN)cnc4ccc(OC)cc34)cc2)CC1,5.5934598195660445,0.0,1,CHEMBL3430898,CHEMBL3630322
CHEMBL5206134,C[C@@H]1CN2c3c(cc4c(N5C[C@@H](O)[C@H](O)C5)noc4c3F)CC3(C(=O)NC(=O)NC3=O)[C@H]2[C@H](C)O1,4.795880017344075,0.0,1,CHEMBL3430898,CHEMBL5166522
CHEMBL5590988,CC(C(C(=O)O)C(=O)O)[C@@H](O)[C@@H](O)[C@@H](O)CCC(=O)O,3.3279021420642825,0.0,1,CHEMBL1770044,CHEMBL5580308
CHEMBL4163172,CNC(=O)c1cnc(NC2CCN(c3ccccn3)CC2)c(NCc2ccc(F)c(Oc3ccccc3)c2)c1,6.527243550682788,0.0,1,CHEMBL1849,CHEMBL4147603
CHEMBL3885216,O=c1nc(N2CCN(Cc3ccc(Cl)cc3)CC2)sc2ccc([N+](=O)[O-])cc12,5.434152181326482,0.0,1,CHEMBL3430898,CHEMBL3875318
CHEMBL4565346,CCC(C)C(=O)O[C@@]12[C@H](O)[C@@H](C)[C@@]3(O)[C@@H](C(=O)C(CO)=C[C@]4(O)C(=O)C(C)=C[C@@H]34)[C@@H]1C2(C)C,4.679853713888946,0.0,1,CHEMBL360,CHEMBL4430767
CHEMBL4566221,O=C(CNC1CCCC1)N(c1ccccc1)c1ccccc1,4.982966660701219,0.0,1,CHEMBL360,CHEMBL4415646
CHEMBL3125261,CCc1cc(C(=O)N[C@@H]2C[C@@H](C(=O)NCc3nc4ccccc4o3)N(C(=O)c3coc4ccccc34)C2)n(C)n1,8.522878745280337,0.0,1,CHEMBL1849,CHEMBL3132000
CHEMBL3754715,CC(=O)c1c(C(F)(F)F)[n+]([O-])c2cc(F)c(N3CCC(O)CC3)cc2[n+]1[O-],5.267606240177032,0.0,1,CHEMBL360,CHEMBL3796292
CHEMBL3985778,CCNC(=O)Nc1ccc2c(c1)C(N1CCN(C(=O)c3ccc4[nH]ccc4c3)CC1)c1ccccc1-2,6.323306390375134,0.0,1,CHEMBL613086,CHEMBL3880092
CHEMBL5291250,Oc1cc2ccc1Oc1ccc(cc1)CCc1ccc(c(O)c1)Oc1ccc(cc1)CC2,5.327902142064283,0.0,2,CHEMBL1849,CHEMBL5231368
CHEMBL3403283,Cc1cc(N2CCC(NC(=S)Nc3ccccc3)CC2)c2cc(C(F)(F)F)ccc2n1,4.531652669587842,0.0,1,CHEMBL3430898,CHEMBL3405737
CHEMBL1327783,O=C(c1nnsc1[S+]([O-])c1ccc(Cl)cc1)N1CCOCC1,3.742225459053328,0.0,1,CHEMBL1293297,CHEMBL1614471
CHEMBL3747412,O=C(CCc1ccccc1)c1ccc(O)cc1O,4.484126156288321,0.0,1,CHEMBL360,CHEMBL3750542
CHEMBL5408765,Cc1cc(Nc2ccc(N3CCCCC3)cc2)c2cc(Br)ccc2n1,6.638272163982407,0.0,1,CHEMBL1849,CHEMBL5387352
CHEMBL3323169,CCOC(=O)c1cc2cc(N3CCN(C(=O)c4cccnc4Cl)CC3)ccc2o1,5.823908740944319,0.0,1,CHEMBL3430898,CHEMBL3367585
CHEMBL4438645,CC1(c2ccc(S(N)(=O)=O)cc2)NC(=O)N(CC(=O)c2cccc(C(F)(F)F)c2)C1=O,7.100015437450609,0.0,1,CHEMBL3804751,CHEMBL4406692
CHEMBL5432125,Cc1cc(N=Nc2ccc(O)cc2O)ccc1C(C)C,6.2076083105017466,0.0,1,CHEMBL360,CHEMBL5365595
CHEMBL226983,O=C(N/N=C/c1ccncc1)c1cc(C23CC4CC(CC(C4)C2)C3)c2ccccc2n1,5.190000154058473,0.0,1,CHEMBL360,CHEMBL914626
CHEMBL3488749,c1ccc2nc(CN3CCCC3c3noc(C4CC4)n3)ccc2c1,4.622797234106582,0.0,1,CHEMBL360,CHEMBL4649971
CHEMBL1269430,COC(=O)/C=C1\Nc2ccc(F)cc2OC1=O,4.522878745280337,0.0,1,CHEMBL1275214,CHEMBL1274290
CHEMBL5405416,COc1ccc(-c2noc(C(=O)NCCc3ccc(C(=O)N4CC(OC)C4)cc3)n2)cc1OC1CC1,6.522878745280337,0.0,1,CHEMBL4105939,CHEMBL5375438
CHEMBL4282585,Cc1c(CN2CCOCC2)cc(-c2ccc(C(C)C)cc2)n1C1CCCCC1,6.200659450546418,0.0,1,CHEMBL360,CHEMBL4255037
CHEMBL1814775,Nc1ncnc2c1c(-c1cc[nH]n1)cn2[C@@H]1O[C@H](CO)[C@@H](O)[C@H]1O,4.318758762624412,0.0,1,CHEMBL360,CHEMBL3385546
CHEMBL4551889,CC1(c2ccc(C#N)cc2)NC(=O)N(CC(=O)c2ccncc2)C1=O,4.600000074606178,0.0,1,CHEMBL3804751,CHEMBL4406692
CHEMBL518011,COc1ccc(COC(=O)C2=C(C)NC3=C(C(=O)CC(c4cccs4)C3)C2c2cccs2)cc1,5.0,0.0,1,CHEMBL6086,CHEMBL1034865
CHEMBL226982,CCCNNC(=O)c1cc(C23CC4CC(CC(C4)C2)C3)c2ccccc2n1,5.420000452721523,0.0,1,CHEMBL360,CHEMBL914626
CHEMBL3290339,Cc1ncc(CNC2CCN(CCn3c(=O)ccc4ccc(C#N)cc43)CC2)cc1C#N,6.6020599913279625,0.0,1,CHEMBL3430898,CHEMBL3294030
CHEMBL3957146,Cc1cc(C)cc(NC(=O)C2CCN(S(=O)(=O)c3cn(C(C)C)cn3)CC2)c1,5.573488738635425,0.0,1,CHEMBL3988585,CHEMBL3887425
CHEMBL540238,COC(=O)[C@H](CCCCNC(=O)OCc1ccccc1)NC(=O)c1cc(C23CC4CC(CC(C4)C2)C3)c2ccccc2n1,5.499999678657065,0.0,1,CHEMBL360,CHEMBL1030449
CHEMBL1934943,Fc1ccc(-c2nn(-c3ccccc3)cc2[C@H]2CC(c3ccc(Br)cc3)=NN2)cc1,5.101186518521877,0.0023727803753619,2,CHEMBL360,CHEMBL1936053
CHEMBL3309662,Cc1nc2ccccn2c1C(=O)NNC(=O)c1cccc2ccccc12,5.721246399047171,0.0,1,CHEMBL6069,CHEMBL3365136
CHEMBL3329644,O=C(NNC(=O)c1cc(C23CC4CC(CC(C4)C2)C3)c2ccccc2n1)NC1CCCCCCCCCCC1,5.749999855918706,0.0,1,CHEMBL360,CHEMBL3380429
CHEMBL4098832,CCCCCc1ccc(Nc2nc(C)cs2)cc1,7.397940008672037,0.0,1,CHEMBL360,CHEMBL4045152
CHEMBL216642,O=C(Nc1cccc(Cl)c1)C1CC(=O)N(c2ccccc2)C1,5.404503778174425,0.0,1,CHEMBL1849,CHEMBL907779
CHEMBL2316908,O=C(O)c1cc2c(C#Cc3ccc(Oc4ccccc4)cc3)c(-c3ccccc3)oc2cc1O,6.154901959985743,0.0,1,CHEMBL4542,CHEMBL2317721
CHEMBL4794533,O=c1nc(N2CCN(CC3CCCCC3)CC2)sc2c(I)cc(C(F)(F)F)cc12,5.628932137728264,0.0,1,CHEMBL3804751,CHEMBL4710418
CHEMBL3628356,CCOC(=O)c1cnc2ccc(OC)cc2c1Nc1ccc(OCCCN2CCN(CC)CC2)cc1,5.164309428507575,0.0,1,CHEMBL3430898,CHEMBL3630322
CHEMBL1765361,O=C(O)[C@@H]1Cc2c(n(C(=O)c3cccc(F)c3F)c3ccccc23)[C@H]2C=C(Cl)C[C@@H](c3ccc(Br)cc3)N21,5.94692155651658,0.0,1,CHEMBL4540,CHEMBL1768070
CHEMBL241163,COc1cc(C)c(Cl)c2c1C(=O)C=CC2=O,4.4999546374134,7.227109274828235,2,CHEMBL360,CHEMBL3077583
CHEMBL1914616,CCCCCCCCCCCCOc1cccc(C2(OC)NC(=O)c3cnccc32)c1,5.0,0.0,1,CHEMBL360,CHEMBL1919492
CHEMBL3637818,O=C(NCCO)c1c(O)c2ncc(Cc3ccc(F)cc3C(F)(F)F)cc2[nH]c1=O,5.300000202445418,0.0,1,CHEMBL613086,CHEMBL3637832
CHEMBL394432,CC(C)c1ccc(C(=O)N2CCN(c3cccc(Cl)c3)CC2)cc1,4.0,0.0,1,CHEMBL360,CHEMBL3073615
CHEMBL3978673,CC(C)n1cnc(S(=O)(=O)N2CCC(C(=O)NCc3ccc(Br)cc3)CC2)c1,5.494850021680094,0.0,1,CHEMBL3988585,CHEMBL3887425
CHEMBL1762026,CC(C)(C)c1ccc(C(C)(C)C)c(NC(=O)[C@H]2CC[C@H]3[C@@H]4CNC5=CC(=O)CC[C@]5(C)[C@H]4CC[C@]23C)c1,4.638272163982407,0.0,1,CHEMBL1744528,CHEMBL1764602
CHEMBL5630734,Cc1cc(N)n(Cc2ccc(C(=O)NCc3ccc(F)cc3Cl)cc2)n1,6.299997602857746,0.0,1,CHEMBL1849,CHEMBL5623729
CHEMBL3355805,CC(=O)c1ccc(NC(=S)N2CCN(c3nsc4ccccc34)CC2)cc1,5.075720713938118,0.0,1,CHEMBL3430898,CHEMBL3390735
CHEMBL1814774,Nc1ncnc2c1c(-c1cn[nH]c1)cn2[C@@H]1O[C@H](CO)[C@@H](O)[C@H]1O,5.511449283499556,0.0,1,CHEMBL360,CHEMBL3385546
CHEMBL3751975,S=C(Nc1ccc(Cl)cc1)Nc1ccc(Nc2c3ccccc3nc3ccc(Cl)cc23)cc1,4.501689446210399,0.0,1,CHEMBL3430898,CHEMBL3758003
CHEMBL6177830,COCOc1cc(O)c2c(c1)[n+]([O-])c1ccccc1[n+]2[O-],6.903089986991944,0.0555173278498308,4,CHEMBL360,CHEMBL6154546
CHEMBL512244,O=[N+]([O-])c1cn2c(n1)OC[C@H](OCc1ccc(OC(F)(F)F)cc1)C2,6.795880017344075,0.0,1,CHEMBL360,CHEMBL3610605
CHEMBL5291313,O=C(CCC(F)(F)F)N1CCC(c2cncc(Cl)c2)CC1,8.0,0.0,1,CHEMBL360,CHEMBL5246902
CHEMBL4294662,CN(O)C(=O)CCCP(=O)(OCc1ccc(OC(=O)C(C)(C)C)cc1)OCc1ccc(OC(=O)C(C)(C)C)cc1,6.366531544420414,0.0,1,CHEMBL360,CHEMBL4269458
CHEMBL332399,CCCCCCCCCP(=O)(OCC)OCN1C(=O)c2ccccc2C1=O,4.060006777220501,4.986445632670922e-05,2,CHEMBL4624,CHEMBL652028
CHEMBL1807122,O=[N+]([O-])c1ccc(/N=N/Nc2ccc([N+](=O)[O-])cc2F)c(F)c1,5.801342913045577,0.0,1,CHEMBL360,CHEMBL3239483
CHEMBL3484288,OCC1(CCOc2ccccc2)CCCN(c2ccc(Cl)cn2)C1,4.513813688432823,0.0461491219262644,2,CHEMBL4105939,CHEMBL4649965
CHEMBL3448276,Cc1nn(C)cc1C1=NS(=O)(=O)N(C)C(C(=O)Nc2ccc(Br)cc2)=C1,4.4898878616383096,0.1075842371779955,2,CHEMBL4105939,CHEMBL4649965
CHEMBL561292,N[C@@H](Cc1c[nH]c2ccccc12)C(=O)NNC(=O)c1cc(C23CC4CC(CC(C4)C2)C3)c2ccccc2n1,5.010000098195094,0.0,1,CHEMBL360,CHEMBL1030449
CHEMBL491752,CS(=O)(=O)c1cc(O)c2ccccc2c1O,8.452225294612177,0.0,1,CHEMBL3640,CHEMBL1010089
CHEMBL575399,O=C(N/N=C/c1ccc(Cl)cc1)c1ccc(N2CCOCC2)cc1,0.4057000000033779,0.0,1,CHEMBL360,CHEMBL1040362
CHEMBL1796108,CC1CC(C)CN(CCCNC(=O)c2ccc3c(c2)N(Cc2cccc(Cl)c2)C(=O)c2ccccc2S3(=O)=O)C1,2.638272163982407,0.0,1,CHEMBL1744527,CHEMBL1798854
CHEMBL5421977,COc1ccc(-c2noc(C(=O)NCCc3ccc(C(=O)O)cc3)n2)cc1OC,6.221848749616356,0.0,1,CHEMBL4105939,CHEMBL5375438
CHEMBL4212452,O=C(O)c1noc(-c2ccccc2)c1-c1cccc(-c2cccc(O)c2)c1,5.6290304611354,0.4833702039966638,4,CHEMBL4540,CHEMBL4201109
CHEMBL4781901,O=c1cc(-c2ccc(O)cc2)oc2ccc(O)c(CN3CCCCC3)c12,6.309803919971486,0.0,1,CHEMBL4105939,CHEMBL5375438
CHEMBL4573708,COc1ccc(C(=O)CN2C(=O)/C(=C\c3cccc(Cl)c3)SC2=S)cc1,5.105683937315561,0.0,1,CHEMBL1849,CHEMBL4481956
CHEMBL4799570,CN1C[C@@H](c2cccc(F)c2)[C@@]2(CSc3ccccc3C2=O)C12C(=O)c1ccccc1C2=O,5.368556230986828,0.0,1,CHEMBL360,CHEMBL4719106
CHEMBL3899280,COCCn1c(NC(=O)c2cccc([N+](=O)[O-])c2)c(C#N)c2nc3ccccc3nc21,5.978810700930062,0.0,1,CHEMBL3988585,CHEMBL3887425
CHEMBL5270444,O=C(Nc1ccc(-c2ccc(F)cc2)nc1)c1cc2sc(NCCN3CCOCC3)nc2s1,5.884520222125715,1.094556107614579,2,CHEMBL360,CHEMBL5223484
CHEMBL3793400,Cc1ccc2c(c1)[n+]([O-])c(C(=O)/C=C/c1ccc([N+](=O)[O-])o1)c(C)[n+]2[O-],4.527243550682788,0.0,1,CHEMBL360,CHEMBL3796292
CHEMBL4456148,Cc1ccc(O)c(C(=O)/C=C/c2cn(-c3ccc(F)cc3)nc2-c2sc(C)nc2C)c1,5.543633966870957,0.5436776672616057,3,CHEMBL360,CHEMBL4393104
CHEMBL82170,COC1=C(Br)[C@@H](O)[C@]2(C=C1Br)CC(C(=O)NCCc1[nH]c(N)nc1-c1cc(O)c3ncc(O)c(O)c3c1O)=NO2,5.698970004336019,0.0,1,CHEMBL3703,CHEMBL752054
CHEMBL571850,OC[C@H]1O[C@@H](n2ccc3c(-c4c[nH]cn4)ncnc32)[C@H](O)[C@@H]1O,5.458087501973331,1.299635790672376,2,CHEMBL360,CHEMBL3135671
CHEMBL1303426,Cc1c(Nc2cc(Cl)c3nonc3c2[N+](=O)[O-])c(=O)n(-c2ccccc2)n1C,3.909847799402612,0.0,1,CHEMBL1293297,CHEMBL1614471
CHEMBL5408216,CCCN(C)c1ccc(CN2CCC(COc3ccccc3)CC2)cc1,4.1938200260161125,0.0,1,CHEMBL4879548,CHEMBL5347778
CHEMBL5202128,O=C(O)c1ccc(NC(=S)NCc2ccccc2)cc1O,4.607303046740334,0.0,1,CHEMBL360,CHEMBL5144865
CHEMBL1465907,Cc1nc2oc3c(O)ncnc3c2c2c1COC(C)(C)C2,5.632644078973981,0.0,1,CHEMBL1287620,CHEMBL2354305
CHEMBL4573394,CS(=O)(=O)Nc1ccc(-c2nc3cc(NS(=O)(=O)c4ccc(Cl)s4)ccc3o2)cc1,4.431798275933005,0.0,1,CHEMBL4295521,CHEMBL4388634
CHEMBL3502598,Cc1ccc(CN2C[C@@H]3CCN(Cc4ccncc4)C(=O)[C@H]3C2)s1.O=C(O)C(F)(F)F.O=C(O)C(F)(F)F,4.464344919839282,0.0,1,CHEMBL4662931,CHEMBL4649972
CHEMBL5088462,CCCCS(=O)(=O)N1CCN(c2nc(=O)c3cc(S(C)(=O)=O)cc([N+](=O)[O-])c3s2)CC1,5.853871964321762,0.0,1,CHEMBL3804751,CHEMBL5050652
CHEMBL5082957,CS(=O)(=O)c1cc([N+](=O)[O-])c2sc(N3CCCN(S(=O)(=O)C4CC4)CC3)nc(=O)c2c1,4.777283528852417,0.0,1,CHEMBL3804751,CHEMBL5050652
CHEMBL3330226,O=c1nc(N2CCN(CC3CCCCC3)CC2)sc2c([N+](=O)[O-])cc(C(F)(F)F)cc12,8.0,0.0791812460476251,3,CHEMBL3804751,CHEMBL4710418
CHEMBL5200489,CC(=O)c1ccc(C(=O)Nc2sccc2C(=O)NC(=O)OCC2CC2)cc1,5.91721462968355,0.0,1,CHEMBL3804751,CHEMBL5144258
CHEMBL1497742,CCCn1c(-c2cc(OC)c(OC)c(OC)c2)nc2c1c(=O)[nH]c(=O)n2Cc1ccccc1,5.879755204453635,0.0,1,CHEMBL1287620,CHEMBL2354305
CHEMBL3310300,Cc1nc2ccccn2c1C(=O)NNC(=O)c1cccc([N+](=O)[O-])c1,5.036212172654444,0.0,1,CHEMBL6069,CHEMBL3365136
CHEMBL404040,COc1ccc(NC(=S)N2N=C(c3ccc(O)cc3O)C[C@H]2c2ccc(O)cc2)cc1,3.90135972093719,0.5985994592184554,2,CHEMBL360,CHEMBL932548
CHEMBL1926720,CCOC(=O)Nc1cc(NCCN(CC)CC)c2nc(-c3ccco3)c(-c3ccco3)nc2n1,4.458420756053419,0.0,1,CHEMBL4213,CHEMBL1931925
CHEMBL5395007,CC(C)Oc1ccc(/C=C/P(=O)([O-])[O-])c(Sc2c[nH]c3c(=O)[nH]cnc23)c1.[Na+].[Na+],7.795880017344075,0.0,1,CHEMBL1169594,CHEMBL5341494
CHEMBL3488765,COc1ccccc1C(NCc1ccc(SC)cc1)c1nccn1C,4.311633845159906,0.0,1,CHEMBL360,CHEMBL4649971
CHEMBL5396304,CNC(=O)c1ccc(CCNC(=O)c2nc(-c3ccc(OC)c(OC)c3)no2)cc1,6.522878745280337,0.0,1,CHEMBL4105939,CHEMBL5375438
CHEMBL6177511,CCOCOc1cc(O)c2c(c1)[n+]([O-])c1ccccc1[n+]2[O-],7.602407705158788,1.1938200260161125,4,CHEMBL360,CHEMBL6154546
CHEMBL1773181,CC(NC(=O)C(=O)NCc1cccnc1)C(c1cccs1)N1CCN(c2ccc(F)cc2)CC1,4.939302159646388,0.1870866433571443,3,CHEMBL4540,CHEMBL1775824
CHEMBL3971002,CC(C)n1cnc(S(=O)(=O)N2CCC(C(=O)NCc3cccs3)CC2)c1,5.465973893943865,0.0,1,CHEMBL3988585,CHEMBL3887425
CHEMBL1160853,N/C(=N\O)N/N=C/c1ccccc1O,4.891258027893047,0.134698573897456,2,CHEMBL360,CHEMBL1918205
CHEMBL4460821,CC1(c2ccc(S(N)(=O)=O)cc2)NC(=O)N(CC(=O)c2ccc(Cl)cc2Cl)C1=O,7.100015437450609,0.0,1,CHEMBL3804751,CHEMBL4406692
CHEMBL2425396,CSCC[C@H](NC(=O)[C@H](Cc1cnc[nH]1)NC(=O)[C@H](CO)NC(=O)[C@H](CO)NC(=O)[C@H](Cc1ccc(O)cc1)NC(=O)[C@@H](N)Cc1cnc[nH]1)C(=O)N[C@@H](CCCNC(=N)N)C(=O)O,3.899629454882437,0.0,1,CHEMBL1667699,CHEMBL2429128
CHEMBL552241,NCC(=O)NNC(=O)c1cc(C23CC4CC(CC(C4)C2)C3)c2ccccc2n1,4.519999959791458,0.0,1,CHEMBL360,CHEMBL1030449
CHEMBL3443846,Cc1cnc(NC(=O)c2csc(NCC(C)C)n2)s1,5.7013062668745365,0.0,1,CHEMBL360,CHEMBL4649971
CHEMBL5290921,N#CC1=NOC2(CCN(C(=O)CCC(F)(F)F)CC2)C1,7.301029995663981,0.0,1,CHEMBL360,CHEMBL5246902
CHEMBL1934966,Fc1ccc(-c2nn(-c3ccccc3)cc2-c2cc(-c3ccc(Br)cc3)nc(=S)[nH]2)cc1,3.941185967587864,0.002371918913135,2,CHEMBL360,CHEMBL1936053
CHEMBL1429158,Cc1ccc(/C=C2/SC(=O)NC2=S)o1,3.768479439029749,0.0,1,CHEMBL1293297,CHEMBL1614471
CHEMBL4556173,O=C(CCCN1CCC(O)(c2ccc(F)cc2)CC1)c1ccc(Cl)cc1,5.585026652029182,0.0,1,CHEMBL3879870,CHEMBL5108515
CHEMBL3751862,O=C(c1ccc(F)cc1)c1c(C(F)(F)F)[n+]([O-])c2cc(F)c(F)cc2[n+]1[O-],5.2839966563652006,0.0,1,CHEMBL360,CHEMBL3796292
CHEMBL118593,CCCCP(=O)(OCC)OCc1cccc(Oc2ccccc2)c1,5.696803942579511,0.0,1,CHEMBL4624,CHEMBL652028
CHEMBL463145,O=c1cc(-c2ccc(O)cc2O)oc2cc(O)cc(O)c12,5.920001601921648,0.998912904358786,3,CHEMBL4542,CHEMBL4253917
CHEMBL3978029,O=C(O)c1ccc(S(=O)(=O)Nc2ccc(-c3nc4cc(NS(=O)(=O)c5ccc(C(=O)O)cc5)ccc4o3)cc2)cc1,4.920818753952375,0.0,1,CHEMBL4295521,CHEMBL4388634
CHEMBL3482327,NCC1Cc2cc(Oc3cc(F)c(CN4CCCC4)c(F)c3)ccc2O1,4.682876006798531,0.0,1,CHEMBL4662931,CHEMBL4649972
CHEMBL3355796,O=C(Nc1ccccc1)N1CCN(c2nsc3ccccc23)CC1,5.338187314462739,0.0,1,CHEMBL3430898,CHEMBL3390735
CHEMBL1823502,CCCC(=O)NCC#Cc1cn([C@H]2C[C@H](O)[C@@H](COP(=O)([O-])[O-])O2)c(=O)[nH]c1=O.[Na+].[Na+],4.581698708680254,0.0,1,CHEMBL1795161,CHEMBL1827108
CHEMBL3446918,Cc1nn(C)cc1CN1CCCC1c1cccc(Nc2nccs2)n1,4.991167677232885,1.4063128574507662,2,CHEMBL360,CHEMBL4649971
CHEMBL333467,COc1ccc(CC2(C)SC(O)=C(C)C2=O)cc1,3.8096683018297086,0.0,1,CHEMBL3640,CHEMBL648364
CHEMBL239663,CC(=O)Oc1cc(C)cc2c1C(=O)C=CC2=O,4.499974374806582,7.443748749619548,2,CHEMBL360,CHEMBL3077583
CHEMBL3496654,Cn1nc2c(cc1=O)CN(Cc1coc(-c3cccs3)n1)CC2,4.235481074180925,0.1022299964996387,2,CHEMBL4662921,CHEMBL4649947
CHEMBL3331414,O=C1C=C(N(Cc2cn(Cc3ccccc3)nn2)c2ccc(Cl)cc2Cl)C(=O)c2ccccc21,5.269217724333611,0.0,1,CHEMBL360,CHEMBL3367829
CHEMBL4442256,CC(=O)CN1C(=O)NC(C)(c2ccc(S(N)(=O)=O)cc2)C1=O,4.0,0.0,1,CHEMBL3804751,CHEMBL4406692
CHEMBL4557558,COC(=O)c1ccc(C2(C)NC(=O)N(CC(=O)c3ccc(F)cc3F)C2=O)cc1,7.100015437450609,0.0,1,CHEMBL3804751,CHEMBL4406692
CHEMBL4453252,Cc1ccnc(NC(=O)c2ccsc2NC(=O)c2ccn3cnnc3c2)n1,7.522878745280337,0.0,1,CHEMBL3804751,CHEMBL4371338
CHEMBL3331284,Cc1nc2ccc(Cl)cc2c(=O)n1CC(=O)NCc1cccs1,5.170053304058364,0.0,1,CHEMBL1849,CHEMBL3385192
CHEMBL3448617,CS(=O)(=O)N[C@@H]1CN(C(=O)c2cc3ccccc3s2)C[C@H]1O,4.574767393682769,0.0696135392798353,2,CHEMBL360,CHEMBL4649971
CHEMBL3965366,COc1ccc2cc(CNc3ccc(O)cc3)c(O)nc2c1,5.647817481888637,0.0,1,CHEMBL3988585,CHEMBL3887425
CHEMBL519613,O=CN(O)C[C@@H](CC1CC1)C(=O)N1CCC[C@H]1c1nc2ccccc2[nH]1,8.096910013008056,0.0,1,CHEMBL5765,CHEMBL1014575
CHEMBL1935076,Nc1nc(-c2ccc(Br)cc2)cc(-c2cn(-c3ccccc3)nc2-c2ccc(F)cc2)n1,4.971733429595859,0.0034666117616879,2,CHEMBL360,CHEMBL1936053
CHEMBL3330955,C=CCNC(=S)NNC(=O)c1cc(C23CC4CC(CC(C4)C2)C3)c2ccccc2n1,5.390000296157769,0.0,1,CHEMBL360,CHEMBL3380429
CHEMBL5278944,O=C(CCC(F)(F)F)N1CCC(F)(c2ccnc(C(F)(F)F)c2)CC1,8.0,0.0,1,CHEMBL360,CHEMBL5246902
CHEMBL5085596,CS(=O)(=O)c1cc([N+](=O)[O-])c2sc(N3CCCN(CC4CCCCC4)CC3)nc(=O)c2c1,5.958607314841775,0.0,1,CHEMBL3804751,CHEMBL5050652
CHEMBL3907505,O=C(O)c1cccc(S(=O)(=O)Nc2ccc(-c3nc4cc(NS(=O)(=O)c5cccc(C(=O)O)c5)ccc4o3)cc2)c1,5.00436480540245,0.0,1,CHEMBL4295521,CHEMBL4388634
CHEMBL258981,CN(O)C(=O)CCCP(=O)(O)O,6.798602875679548,0.0,1,CHEMBL5630,CHEMBL3423799
CHEMBL3792436,CCC(C)[C@@H]1CN([C@H](CNC)Cc2ccccc2)CCN1CCC12CC3CC(CC(C3)C1)C2,4.694648630553377,0.0,1,CHEMBL360,CHEMBL3796194
CHEMBL1814776,C#Cc1cn([C@@H]2O[C@H](CO)[C@@H](O)[C@H]2O)c2ncnc(N)c12,6.886056647693163,0.0,1,CHEMBL360,CHEMBL3385546
CHEMBL3479473,Cc1ccsc1CN(c1nc(CCN)nc2ccccc12)C1CC1,4.304727290435479,0.0,1,CHEMBL360,CHEMBL4649971
CHEMBL4589519,Cc1nc(C)c(-c2nn(-c3ccc(F)cc3)cc2C2CC(c3cc(Cl)c(C)cc3O)=NN2)s1,5.790484985457369,1.2685239697089932,3,CHEMBL360,CHEMBL4393104
CHEMBL4571645,CC1(c2ccc(S(N)(=O)=O)cc2)NC(=O)N(CC(=O)c2ccccc2F)C1=O,6.699991797446187,0.0,1,CHEMBL3804751,CHEMBL4406692
CHEMBL3900481,CN(c1ccc(Br)cc1)S(=O)(=O)c1ccc2[nH]c(=O)c(=O)[nH]c2c1,7.096910013008056,0.0,1,CHEMBL3879870,CHEMBL5732838
CHEMBL4794589,O=[N+]([O-])c1ccc(NC(=S)NCc2ccccc2Br)cc1,4.806875401645539,0.0,1,CHEMBL1849,CHEMBL4770222
CHEMBL5202811,O=c1oc2cc(O)ccc2c2oc3ccc4c(c3c12)CN(C1CCCC1)CO4,5.886056647693163,0.0,1,CHEMBL4105939,CHEMBL5107313
CHEMBL3125249,CCc1cc(C(=O)N[C@@H]2C[C@@H](C(=O)NCCc3ccccn3)N(C(=O)c3coc4ccccc34)C2)n(C)n1,7.602059991327962,0.0,1,CHEMBL1849,CHEMBL3132000
CHEMBL5400856,COc1ccc(-c2noc(C(=O)NC(C#N)Cc3ccc(C(=O)N4CCC4)cc3)n2)cc1OC,6.3979400086720375,0.0,1,CHEMBL4105939,CHEMBL5375438
CHEMBL5398762,O=C(NCCc1ccccc1)c1nc(-c2ccccc2)no1,4.958607314841775,0.0,1,CHEMBL4105939,CHEMBL5375438
CHEMBL4649025,O=C(O)C(=O)Nc1cccc(C#Cc2ccccc2)c1,6.250263684430939,0.0,2,CHEMBL4295521,CHEMBL4626292
CHEMBL526013,Cc1c(Cc2ccccc2Br)cnc2nc(N)nc(N)c12,8.086186147616283,0.0,1,CHEMBL6065,CHEMBL4146154
CHEMBL5428010,CCCN(C)c1ccc(CN2CCC(COc3ccc(Br)cc3)CC2)cc1,4.920818753952375,0.0,1,CHEMBL4879548,CHEMBL5347778
CHEMBL4105269,Cl.NC[C@H]1OB(O)c2c3c(cc(Cl)c21)OCCO3,7.337242168318426,0.0,1,CHEMBL4105844,CHEMBL4020311
CHEMBL4531368,CCOC(=O)C1=C(C)Oc2nc(C)n(Cc3cn([C@@H]4O[C@H](COC(C)=O)[C@@H](OC(C)=O)[C@H](OC(C)=O)[C@H]4OC(C)=O)nn3)c(=O)c2C1c1ccc(O)c(OCC)c1,5.100179497572904,0.0,1,CHEMBL4295521,CHEMBL4372872
CHEMBL512926,CC(=O)Nc1ccc(S(=O)(=O)c2cc(O)c3ccccc3c2O)cc1,8.424812155072338,0.0,1,CHEMBL3640,CHEMBL1010089
CHEMBL331347,C=C/C(C)=C\C1(C)SC(O)=C(C)C1=O,4.125518182300533,0.0,1,CHEMBL3640,CHEMBL648364
CHEMBL509849,O=C1C(Br)=CC2(C=C1Br)CCNC1=C2C2=NCCc3c[nH]c(c32)C1=O,5.167491087293763,0.0,1,CHEMBL360,CHEMBL1099930
CHEMBL2431007,CN(O)C(=O)CSC(c1ccc(F)c(F)c1)P(=O)(O)O,7.376750709602099,0.0,1,CHEMBL5630,CHEMBL2434044
CHEMBL2325133,COc1ccc(C2NC(=S)N=C3C2C(=O)N=C2SC([N+](=O)[O-])=CN23)cc1,4.6439741428068775,0.0,1,CHEMBL2321612,CHEMBL2327220
CHEMBL3468912,COCc1nc2cc(NCc3ccncc3)ccc2o1,4.7558600736413705,0.3562850975847853,2,CHEMBL4662921,CHEMBL4649947
CHEMBL3637809,c1ccc(-c2ncc(-c3ccc(OCCCn4ccnc4)cc3)s2)cc1,5.100000128334196,0.0,1,CHEMBL613086,CHEMBL3637832
CHEMBL4227571,Clc1ccc(CN2CCC3(CC2)OCCc2ccsc23)cc1,5.165579296318468,0.0,1,CHEMBL2259247,CHEMBL4221659
CHEMBL1709293,Cc1cccn2c(=O)c3cc(C(=O)NC4CCCC4)c(=N)n(C4CCCCC4)c3nc12,6.328521684402377,0.0,1,CHEMBL1287620,CHEMBL2354305
CHEMBL3751865,C=CCCOc1nc2ccccc2cc1C(c1cc2ccccc2nc1OCCC=C)C(O)(CCN(C)C)c1ccc(Br)cc1,7.096910013008056,0.0,1,CHEMBL2364166,CHEMBL3757365
CHEMBL3488808,Cc1cc(C)cc(CNC(c2ccccc2)c2nccn2C)c1,5.36745160664054,0.0,1,CHEMBL360,CHEMBL4649971
CHEMBL1934952,O=C(c1ccccc1)N1N=C(c2ccc(Br)cc2)C[C@@H]1c1cn(-c2ccccc2)nc1-c1ccc(F)cc1,4.4213115519399615,0.0026231122860487,2,CHEMBL360,CHEMBL1936053
CHEMBL5271330,O=C(Nc1ccc(-c2ccc(F)nc2)cc1)c1cc2sc(NCCN3CCOCC3)nc2s1,6.607335082494616,0.7853298350107671,2,CHEMBL360,CHEMBL5223484
CHEMBL4538816,CCOC(=O)C1=C(C)Oc2nc(C)n(Cc3cn([C@@H]4O[C@H](COC(C)=O)[C@@H](OC(C)=O)[C@H](OC(C)=O)[C@H]4OC(C)=O)nn3)c(=O)c2C1c1ccc(O)cc1,4.451733454829255,0.0,1,CHEMBL4295521,CHEMBL4372872
CHEMBL3504708,Cc1ccc(CN(CCCn2ccnc2)Cc2c(F)cccc2F)s1.O=C(O)CC(O)(CC(=O)O)C(=O)O,4.64032337498597,0.0271815302188214,2,CHEMBL360,CHEMBL4649971
CHEMBL331627,CN1C(=O)[C@]23CC4=CC=C[C@H](O)[C@H]4N2C(=O)[C@@]1(CO)SS3,4.301029995663981,0.0,1,CHEMBL3703,CHEMBL1110815
CHEMBL3970515,COc1ccc(CCNC(=O)C2CCN(S(=O)(=O)c3cn(C(C)C)cn3)CC2)cc1OC,5.653647025549361,0.0,1,CHEMBL3988585,CHEMBL3887425
CHEMBL258378,Oc1ccc(C2=NN(C(=S)Nc3ccccc3)[C@H](c3ccc(O)cc3)C2)cc1,4.029866304276994,0.1021112066938645,2,CHEMBL360,CHEMBL932548
CHEMBL510628,N#C/C(=C\c1ccc([N+](=O)[O-])s1)c1nc2ccccc2s1,4.261536560538048,0.0,1,CHEMBL2259247,CHEMBL4178649
CHEMBL3741186,COc1cnc2ccc(=O)n(CCN3CCN(C(=S)Nc4ccc(Cl)cc4)CC3)c2c1,4.891434976267165,0.0,1,CHEMBL3430898,CHEMBL3745429
CHEMBL3125247,CCc1cc(C(=O)N[C@@H]2C[C@@H](C(=O)NCCc3ccc(F)cc3)N(C(=O)c3coc4ccccc34)C2)n(C)n1,8.221848749616356,0.0,1,CHEMBL1849,CHEMBL3132000
CHEMBL3911255,Cc1ccc(CNC(=O)C2CCN(S(=O)(=O)c3cn(C(C)C)cn3)CC2)cc1,5.510355593485024,0.0106891343363821,2,CHEMBL3988585,CHEMBL3887425
CHEMBL3452764,Cc1csc(CNc2cnc3c(c2)c(C)nn3C)n1,4.969268013387284,0.2999670867810229,2,CHEMBL4105939,CHEMBL4649965
CHEMBL1916869,CSC(=S)N/N=C(\C)c1ccccc1O,5.3979400086720375,0.0,2,CHEMBL360,CHEMBL1918205
CHEMBL3958853,CCn1cnc(S(=O)(=O)N2CCC(C(=O)Nc3ccc(C)c(Cl)c3)CC2)c1,5.341988603342887,0.0,1,CHEMBL3988585,CHEMBL3887425
CHEMBL595337,COc1ccc(Cn2cnc3c(/C=C/c4ccccc4)nc(Cl)nc32)cc1,5.096910013008056,0.0,1,CHEMBL360,CHEMBL1073962
CHEMBL5197700,O=C(NC(=O)c1ccsc1NC(=O)c1nc2ccccc2s1)OCC1CCC1,7.008773924307505,0.0,1,CHEMBL3804751,CHEMBL5144258
CHEMBL1773184,CC(NC(=O)C(=O)NCc1ccc2c(c1)OCO2)C(c1cccs1)N1CCN(c2ccccc2)CC1,4.558726347455104,0.0831998621277154,2,CHEMBL4540,CHEMBL1775840
CHEMBL560605,O=C(Nc1cc(Cl)ccc1Cl)c1ccc(Cl)c([N+](=O)[O-])c1,4.700057099977233,0.0,1,CHEMBL1849,CHEMBL1059058
CHEMBL4243541,COc1ccc2[nH]c(-c3ccc(F)cc3)nc2c1,3.420618082902601,0.0,1,CHEMBL3430898,CHEMBL4235607
CHEMBL1417974,Cc1ccc2nc(-c3cccc(N)c3)oc2c1,6.230881259511675,0.0,1,CHEMBL1287620,CHEMBL2354305
CHEMBL4467104,CC[C@H](COC(C)=O)C[C@H](C)C[C@H](C)C[C@@H](C)/C=C(C)/C=C(/C=C/C=C/C(=O)O)C(=O)O,5.3979400086720375,0.0,1,CHEMBL4295521,CHEMBL4338622
CHEMBL4456756,CC1(c2ccc(CS(C)(=O)=O)cc2)NC(=O)N(CC(=O)c2ccc(F)cc2F)C1=O,6.199998172182031,0.0,1,CHEMBL3804751,CHEMBL4406692
CHEMBL3343869,O=C(Cn1c(=O)oc2cc([N+](=O)[O-])ccc21)Nc1nc2ccccc2s1,5.1180450286604,0.0,1,CHEMBL1849,CHEMBL3389875
CHEMBL123181,CC1=C(O)C(C)(Cc2ccc(-c3ccc(C=O)cc3)cc2)SC1=O,4.537602002101044,0.0,1,CHEMBL3640,CHEMBL648364
CHEMBL386252,O=C(Nc1ccc(I)cc1)C1CC(=O)N(C2CCCCC2)C1,4.838631997765025,0.0,1,CHEMBL1849,CHEMBL907779
CHEMBL4593556,CC1(c2ccc(S(N)(=O)=O)cc2)NC(=O)N(CC(=O)c2cc(C(F)(F)F)cc(C(F)(F)F)c2)C1=O,5.100000128334196,0.0,1,CHEMBL3804751,CHEMBL4406692
CHEMBL4647377,O=C(O)C(=O)Nc1ccc(C#Cc2cccc(C(F)(F)F)c2)cc1,7.275724130399211,0.0,2,CHEMBL4295521,CHEMBL4626292
CHEMBL3355795,CCOC(=O)c1cc2cc(N3CCN(C(=S)NCc4ccc(Cl)cc4)CC3)ccc2o1,4.948847477552619,0.0,1,CHEMBL3430898,CHEMBL3390735
CHEMBL375328,O=c1cc2oc3cc(O)c(O)cc3c(-c3ccccc3)c-2cc1O,6.045757490560675,0.0,1,CHEMBL1938225,CHEMBL1942013
CHEMBL5174140,CCOC(=O)NC(=O)c1ccsc1NC(=O)c1ccc(C#N)cn1,4.384681343388521,0.0,1,CHEMBL3804751,CHEMBL5144258
CHEMBL2316910,O=C(O)c1cc2c(C#Cc3ccc(F)cc3F)c(-c3ccccc3)oc2cc1O,5.3872161432802645,0.0,1,CHEMBL4542,CHEMBL2317721
CHEMBL2393585,NC1=C(c2nc(-c3ccccc3)cs2)C(=O)CN1c1ccc(S(N)(=O)=O)cc1,3.6989700043360174,0.0,1,CHEMBL2390811,CHEMBL2395747
CHEMBL3497382,CN(C)S(=O)(=O)c1ccc(-c2nc(C#N)c(NC(C)(C)C)o2)o1.Cl,4.94794007512709,0.0,1,CHEMBL360,CHEMBL4649971
CHEMBL3126885,Nc1nc(N)c2c(-c3ccoc3)cn([C@@H]3O[C@H](CO)[C@@H](O)[C@H]3O)c2n1,4.145693958198919,0.0,1,CHEMBL360,CHEMBL3129228
CHEMBL3400982,CCN(CC)Cc1cc(N(c2cc(C)nc3cc(Cl)ccc23)S(=O)(=O)c2ccc(Cl)s2)ccc1O,6.443697499232712,0.0,1,CHEMBL2364166,CHEMBL4415642
CHEMBL3920676,CC(C)n1cnc(S(=O)(=O)N2CCC(C(=O)NC3CC3)CC2)c1,5.52432881167557,0.0,1,CHEMBL3988585,CHEMBL3887425
CHEMBL565129,CCOc1ccc(/C=C2/SC(c3ccccc3)=NC2=O)cc1C,5.0,0.0,1,CHEMBL1849,CHEMBL1059058
CHEMBL3492498,CC(Cn1cccn1)NCc1csc(Cc2ccccc2)n1,4.896619494851606,0.0,1,CHEMBL360,CHEMBL4649971
CHEMBL559953,COC(=O)[C@H](Cc1c[nH]cn1)NC(=O)c1cc(C23CC4CC(CC(C4)C2)C3)c2ccccc2n1,7.160019442321658,0.0,1,CHEMBL360,CHEMBL1030449
CHEMBL576702,OC[C@H]1O[C@@H](n2ccc3c(-c4cn[nH]c4)ncnc32)[C@H](O)[C@@H]1O,6.173925197299173,0.0,1,CHEMBL4105883,CHEMBL3135672
CHEMBL3637826,CCOc1cc2ccccc2cc1C(=O)NC,5.200000237109354,0.0,1,CHEMBL613086,CHEMBL3637832
CHEMBL5428102,O=c1[nH]cnc2c(Sc3cc(F)ccc3OCP(=O)([O-])[O-])c[nH]c12.[Na+].[Na+],7.698970004336019,0.0,1,CHEMBL1169594,CHEMBL5341494
CHEMBL398031,Cc1ccc(C(=O)N2CCN(c3cccc(C(F)(F)F)c3)CC2)cc1,5.201712951949462,0.0034254296802167,2,CHEMBL360,CHEMBL3073615
CHEMBL3947198,COc1ccc(S(=O)(=O)Nc2ccc(-c3nc4cc(NS(=O)(=O)c5ccc(OC)cc5)ccc4o3)cc2)cc1,4.920818753952375,0.0,1,CHEMBL4295521,CHEMBL4388634
CHEMBL1946281,O=C(/C=C/c1ccc2ccccc2c1)c1ccc(Cl)s1,4.369487583003801,0.2507248773525852,2,CHEMBL4542,CHEMBL1948973
CHEMBL564612,O=C(Nc1cc(Cl)cc(Cl)c1)c1ccccc1[N+](=O)[O-],5.209714835966758,0.0,1,CHEMBL1849,CHEMBL1059058
CHEMBL2418505,CCN1C(=O)/C(=C/c2ccc(OC)c(OC)c2)S/C1=N\c1cccc(C(=O)O)c1,7.251811972993799,0.0,1,CHEMBL2321612,CHEMBL2423608
CHEMBL3330931,CCCCCCCCCCCCCC(=O)NNC(=O)c1cc(C23CC4CC(CC(C4)C2)C3)c2ccccc2n1,5.5200002474083645,0.0,1,CHEMBL360,CHEMBL3380429
CHEMBL3752568,Cc1ccc2nc3ccccc3c(Nc3ccc(NC(=O)Nc4ccccc4)cc3)c2c1,4.655607726314889,0.0,1,CHEMBL3430898,CHEMBL3758003
CHEMBL226878,O=C(NNCCCc1ccccc1)c1cc(C23CC4CC(CC(C4)C2)C3)c2ccccc2n1,4.849999859991125,0.0,1,CHEMBL360,CHEMBL914626
CHEMBL498089,Cc1ccc(/C=C/C(=O)c2c(C)[n+]([O-])c3ccccc3[n+]2[O-])cc1,5.253365801062421,0.0,1,CHEMBL360,CHEMBL1251034
CHEMBL5202744,O=C(CCCN1CCC(O)(c2ccc(Br)cc2)CC1)c1ccccc1,5.657577319177793,0.0,1,CHEMBL3879870,CHEMBL5108515
CHEMBL3125251,CCc1cc(C(=O)N[C@@H]2C[C@@H](C(=O)Nc3nc(C)co3)N(C(=O)c3coc4ccccc34)C2)n(C)n1,8.045757490560675,0.0,1,CHEMBL1849,CHEMBL3132000
CHEMBL5630372,CCCC[C@@H](C(=O)O)N1C(=O)/C(=C/c2ccc(-c3cccc(C(F)(F)F)c3)c3ccccc23)SC1=S,6.229147988357855,0.0,1,CHEMBL6066201,CHEMBL5622563
CHEMBL4515269,C/C=C(/C)C(=O)O[C@@H]1C[C@H]2C(=C1C)[C@@H]1OC(=O)[C@@](C)(O)[C@@]1(O)[C@@H](OC(=O)CCCCn1cc([C@]3(O)CC[C@H]4[C@@H]5CCc6cc(OC)ccc6[C@H]5CC[C@@]43C)nn1)C[C@]2(C)OC(C)=O,4.97469413473523,0.0,1,CHEMBL613086,CHEMBL4404221
CHEMBL3403254,Cc1cc(N2CCC(NC(=O)Nc3ccccc3)CC2)c2cc(F)ccc2n1,5.007004901568658,0.0,1,CHEMBL3430898,CHEMBL3405737
CHEMBL3986602,O=C(Nc1ccc2c(c1)C(N1CCN(C(=O)c3ccc4[nH]ccc4c3)CC1)c1ccccc1-2)C1CC1,5.99481948749622,0.0,1,CHEMBL613086,CHEMBL3880092
CHEMBL5402689,COc1ccc(-c2noc(C(=O)NCCc3ccc(C(=O)N(C)C)cc3)n2)cc1OC,5.698970004336019,0.0,1,CHEMBL4105939,CHEMBL5375438
CHEMBL1164991,NC1=S2C=CC(S(N)(=O)=O)=C2C(=O)C1=O,6.356547323513812,0.0,1,CHEMBL4540,CHEMBL1167757
CHEMBL5429275,CCNc1cccc(Nc2c(C3CC3)cccc2C2CC2)n1,5.075720713938118,0.0,1,CHEMBL5465373,CHEMBL5363735
CHEMBL3884806,O=C(Nc1ccc(Cl)cc1)N1CCN(c2nc(=O)c3cc(Cl)ccc3s2)CC1,4.980468315468745,0.0,1,CHEMBL3430898,CHEMBL3875318
CHEMBL194921,O=C(NCCSSc1ccc(F)cc1)/C(Cc1cc(F)cc(F)c1)=N/O,2.5654310959658013,0.0,2,CHEMBL3703,CHEMBL881945
CHEMBL3974012,O=C(Cc1ccccc1)Nc1ccc2c(c1)C(N1CCN(C(=O)c3ccc4[nH]ccc4c3)CC1)c1ccccc1-2,6.232844133917819,0.0,1,CHEMBL613086,CHEMBL3880092
CHEMBL4760385,O=C(Nc1cccc(-c2ccccc2)c1)Nc1ccc(C(=O)O)c(O)c1,4.621955929534421,0.1034164190736559,2,CHEMBL2321612,CHEMBL5262989
CHEMBL412059,Cc1ccccc1Cn1cc(NC(=O)c2noc3c2CC(C(C)(C)C)CC3)cn1,6.920818753952375,0.0,1,CHEMBL6069,CHEMBL935788
CHEMBL1773169,O=C1Nc2ccc(S(=O)(=O)Nc3ccc4oc5c(c4c3)CCCC5)c3cccc1c23,4.976869509903939,0.0205865307817774,2,CHEMBL4540,CHEMBL1775840
CHEMBL4797575,O=C1c2ccccc2C(=O)C12N1CSC[C@@H]1[C@@H](c1cccc(Br)c1)[C@@]21CSc2ccccc2C1=O,4.764471553092451,0.0,1,CHEMBL360,CHEMBL4719106
CHEMBL3752547,C=CCOc1nc2ccccc2cc1C(c1cc2ccccc2nc1OCC=C)C(O)(CCN(C)C)c1cccc(Br)c1,7.522878745280337,0.0,1,CHEMBL2364166,CHEMBL3757365
CHEMBL3885298,COc1ccccc1CNN1CCN(CCN2C(=O)C(=O)c3cc(C)ccc32)CC1,5.301029995663981,0.0,1,CHEMBL3430898,CHEMBL3875318
CHEMBL5434684,Cc1cc(Nc2ccc(N3CCCCC3)cc2)c2cc(C(C)C)ccc2n1,5.086186147616283,0.0,1,CHEMBL1849,CHEMBL5387352
CHEMBL147830,O=C(CCCN1CCC(c2ccc(Cl)cc2)CC1)c1ccc(F)cc1,5.958607314841775,0.0,1,CHEMBL3879870,CHEMBL5108515
CHEMBL374279,COc1ccc(OC)c(C(=O)/C=C/c2cccc3ccccc23)c1,4.403402904373539,0.0,2,CHEMBL4542,CHEMBL953321
CHEMBL4461747,O=S(=O)(Nc1ccc(-c2nc3ccccc3o2)cc1)c1cccc(C(F)(F)F)c1,4.309803919971486,0.0,1,CHEMBL4295521,CHEMBL4388634
CHEMBL1711578,CCOC(=O)N1CCc2cc(OC)c(OC)c3c2c1cc1cc(OC)c(OC)cc13,5.569280112136718,0.0,1,CHEMBL1287620,CHEMBL2354305
CHEMBL3125257,CCc1cc(C(=O)N[C@@H]2C[C@@H](C(=O)NCc3ccn(CC)n3)N(C(=O)c3coc4ccccc34)C2)n(C)n1,7.494850021680094,0.0,1,CHEMBL1849,CHEMBL3132000
CHEMBL3612958,COc1ccn2nc(C)c(C(=O)NCc3ccc(N4CCC(c5ccc(OC(F)(F)F)cc5)CC4)cc3)c2c1,8.602059991327963,0.0,1,CHEMBL360,CHEMBL3616315
CHEMBL4209032,O=C(O)c1noc(-c2ccccc2)c1-c1ccccc1,4.769551078621726,0.0,1,CHEMBL4295521,CHEMBL4201103
CHEMBL5410104,CCOC(=O)C1=C(C)NC(=O)NC1c1ccccc1OCc1cn(CC(=O)c2ccc(Cl)cc2)nn1,7.096910013008056,0.0,1,CHEMBL2361,CHEMBL5365593
CHEMBL33864,O=C(O)CCCCC1CCSS1,5.407823242604133,0.0,1,CHEMBL1293297,CHEMBL1614471
CHEMBL3740531,COc1cnc2ccc(=O)n(CCN3CCN(C(=O)Nc4ccc([N+](=O)[O-])cc4)CC3)c2c1,6.537602002101044,0.0,1,CHEMBL3430898,CHEMBL3745429
CHEMBL5281958,COc1ccc2nc(C)cc(OCC(=O)Nc3cc(C)ccc3OC)c2c1,6.795880017344075,0.0,1,CHEMBL360,CHEMBL5253359
CHEMBL1823504,CCCCCCCS(=O)(=O)NCC#Cc1cn([C@H]2C[C@H](O)[C@@H](COP(=O)([O-])[O-])O2)c(=O)[nH]c1=O.[Na+].[Na+],5.159266765388193,0.0,1,CHEMBL1795161,CHEMBL1827108
CHEMBL5182198,CC(C)[C@H]1CO[C@]23CCN(Cc4ccccc4)C[C@H]2CCC(=O)N13,6.1683380331858935,1.3823349353414611,4,CHEMBL360,CHEMBL5154110
CHEMBL3445106,Cn1cc(I)c(C(=O)NCCCn2cc(Br)cn2)n1,4.670093735065122,0.7192173594814228,2,CHEMBL4105939,CHEMBL4649965
CHEMBL510349,O=c1oc2ccccc2cc1-c1ccccc1,5.555955204081924,0.0,1,CHEMBL1287620,CHEMBL2354305
CHEMBL5429689,Clc1ccc(COc2ccc(CNCc3cccnc3)cc2)cc1,5.537602002101044,0.0,1,CHEMBL3879870,CHEMBL5347210
CHEMBL4873321,Cc1cn(C2CCN(Cc3cccc(Oc4ccccc4C(=O)O)n3)CC2)c(=O)[nH]c1=O,4.6020599913279625,0.0,1,CHEMBL2361,CHEMBL4832952
CHEMBL4175069,CC(=O)N[C@@H](Cc1ccccc1)C(=O)NCC(=O)N[C@H]1C[C@@H](C(=O)N[C@@H](CCCCN)C(=O)N[C@@H](CCCCN)C(=O)N[C@@H](CCCNC(=N)N)C(=O)N[C@H]2C[C@@H](C(=O)N[C@@H](CCC(N)=O)C(=O)N[C@H]3C[C@@H](C(=O)N[C@@H](CCCNC(=N)N)C(=O)N[C@H]4C[C@@H](C(=O)NCCC(N)=O)N(CCCNC(=N)N)C4)N(CCCNC(=N)N)C3)N(CCCNC(=N)N)C2)N(CCCNC(=N)N)C1,5.470218291049366,0.419479686528148,4,CHEMBL360,CHEMBL4154576
CHEMBL4575301,CC[C@H](C)[C@H]1OC(=O)[C@H](C)[C@H](O)[C@H](Cc2cccnc2)NC(=O)[C@@H](NC(=O)c2ncccc2O)[C@@H](C)OC1=O,4.059483515067432,0.0,1,CHEMBL1849,CHEMBL4380941
CHEMBL1619401,Clc1ccc(COc2ccccc2CNCc2cccnc2)cc1,5.698970004336019,0.0,1,CHEMBL3879870,CHEMBL5347210
CHEMBL3127052,CSc1ncnc2c1c(-c1ccsc1)cn2[C@@H]1O[C@H](CO)[C@@H](O)[C@H]1O,4.006123085058789,0.0,1,CHEMBL360,CHEMBL3129228
CHEMBL3331401,CCOC(=O)Cn1cc(CN(C2=CC(=O)c3ccccc3C2=O)c2ccccc2Cl)nn1,4.738023808602187,0.0,1,CHEMBL360,CHEMBL3367829
CHEMBL3637819,COc1ccc(CCNC(=O)C2(n3cnnn3)CCCCC2)cc1,5.40000018605658,0.0,1,CHEMBL613086,CHEMBL3637832
CHEMBL3612337,O=C(Cn1cnc([N+](=O)[O-])n1)Nc1ccc(Oc2ccccc2)cc1,4.180456064458132,0.9139328534755428,7,CHEMBL360,CHEMBL4179593
CHEMBL3970460,CCCCCn1c(NC(=O)c2ccc(Br)o2)c(C#N)c2nc3ccccc3nc21,5.866461091629782,0.0,1,CHEMBL3988585,CHEMBL3887425
CHEMBL3751877,COc1nc2ccccc2cc1C(c1cc2ccccc2nc1OC)C(O)(CCN(C)C)c1cccc(Br)c1,7.301029995663981,0.0,1,CHEMBL2364166,CHEMBL3757365
CHEMBL4632655,COC(=O)c1cc(C#Cc2ccc(NC(=O)C(=O)O)cc2)c(N(C)C)cc1O,7.522878745280337,0.0,2,CHEMBL4295521,CHEMBL4626292
CHEMBL2375780,C/C=C(\C)C(=O)O[C@@H]1[C@@H](C)[C@]2(O)[C@@H]3C=C(C)C(=O)[C@@H]3CC(CO)=C[C@H]2[C@@H]2C(C)(C)[C@]12OC(C)=O,4.688246138944246,0.0,1,CHEMBL360,CHEMBL4430767
CHEMBL3753399,Cc1ccc(S(=O)(=O)Nc2ccc(Nc3c4ccccc4nc4ccc(Cl)cc34)cc2)cc1,4.642065152999546,0.0,1,CHEMBL3430898,CHEMBL3758003
CHEMBL3403246,Cc1ccc(NC(=O)NC2CCN(c3cc(C)nc4ccccc34)CC2)cc1,4.82915179635669,0.0,1,CHEMBL3430898,CHEMBL3405737
CHEMBL1451931,O=C1C=C(NCc2ccccc2)c2ccccc2C1=O,6.184328856758034,1.6313422864839326,2,CHEMBL3988585,CHEMBL3887425
CHEMBL5438419,COc1ccc(-c2noc(C(=O)NCCc3ccc(C(=O)N4CCC4)cc3)n2)cc1F,6.154901959985743,0.0,1,CHEMBL4105939,CHEMBL5375438
CHEMBL3394148,COc1cccc(-c2cc(SC)c(C#N)c(=O)[nH]2)c1,5.823908740944319,0.0,1,CHEMBL2361,CHEMBL3396196
CHEMBL5205539,O=C(NC(=O)c1ccsc1NC(=O)c1nc2ccccc2s1)OC1CCC1,4.73118809626022,0.0,1,CHEMBL3804751,CHEMBL5144258
CHEMBL1934934,O=C(/C=C/c1cn(-c2ccccc2)nc1-c1ccc(F)cc1)c1ccc(F)cc1,5.148150827976365,0.003698079505078,2,CHEMBL360,CHEMBL1936053
CHEMBL3438932,CN(C)S(=O)(=O)c1ccc(-c2nc(C#N)c(NC3CC3)o2)o1,4.889935390140594,0.0494816904671129,2,CHEMBL4105939,CHEMBL4649965
CHEMBL3331404,C=CCn1cc(CN(C2=CC(=O)c3ccccc3C2=O)c2cccc(OC)c2)nn1,4.602929450040591,0.0,1,CHEMBL360,CHEMBL3367829
CHEMBL4535475,CC1(c2ccc(-n3cnnn3)cc2)NC(=O)N(CC(=O)c2ccc(F)cc2F)C1=O,6.886056647693163,0.0,1,CHEMBL360,CHEMBL4384709
CHEMBL3409438,CCCC(O)c1cc(C23CC4CC(CC(C4)C2)C3)c2ccccc2n1,5.349999603463148,0.0,1,CHEMBL360,CHEMBL3412552
CHEMBL4569601,COc1cccc(/C=C2/SC(=S)N(CC(=O)c3ccccc3)C2=O)c1,4.645891560852599,0.0,1,CHEMBL1849,CHEMBL4481956
CHEMBL390817,CC(C)/C=N/NC(=O)c1cc(C23CC4CC(CC(C4)C2)C3)c2ccccc2n1,5.010000098195094,0.0,1,CHEMBL360,CHEMBL914626
CHEMBL3237107,COc1ccc(/C=C/C(=O)N(/N=N/c2ccc(Cl)cc2C(F)(F)F)c2ccc(Cl)cc2C(F)(F)F)c(OC)c1,4.080242219498106,0.0,1,CHEMBL360,CHEMBL3239483
CHEMBL3358486,O=C(NCCCn1cnc([N+](=O)[O-])n1)c1cc2ccccc2s1,3.9706162223147903,0.0,1,CHEMBL360,CHEMBL4179593
CHEMBL256080,Cc1ccc(NC(=S)N2N=C(c3ccccc3O)C[C@H]2c2ccccc2O)cc1,4.125286450439126,0.8866995708037746,2,CHEMBL360,CHEMBL932548
CHEMBL123998,CC1=C(O)C(C)(Cc2ccc(I)cc2)SC1=O,3.815308569182401,0.0,1,CHEMBL3640,CHEMBL648364
CHEMBL5290614,CC(C)COC1=NOC2(CCN(C(=O)CCC(F)(F)F)CC2)C1,7.301029995663981,0.0,1,CHEMBL360,CHEMBL5246902
CHEMBL3446584,CCCN1CCC(c2cc(CCOc3ccc(C(F)(F)F)cc3)[nH]n2)C1,4.339428766080623,0.0,1,CHEMBL360,CHEMBL4649971
CHEMBL3121941,NC(=O)c1c(NC(=O)c2ccc([N+](=O)[O-])s2)sc2c1CCN(C(=S)Nc1ccc([N+](=O)[O-])cc1)C2,5.040481623027001,0.0,1,CHEMBL6069,CHEMBL3123111
CHEMBL3740743,COc1cnc2ccc(=O)n(CCN3CCN(C(=O)Nc4ccc(C)cc4)CC3)c2c1,5.571865205971212,0.0,1,CHEMBL3430898,CHEMBL3745429
CHEMBL2418545,CCCN1C(=O)/C(=C/c2ccc(O)cc2)S/C1=N\c1cccc(C(=O)O)c1,7.021819483062586,0.0,1,CHEMBL2321612,CHEMBL2423608
CHEMBL3483856,CSc1ccc2cc(CN(C)CCO)c(=O)[nH]c2c1,4.503724499015666,0.0,1,CHEMBL4105939,CHEMBL4649965
CHEMBL1914612,CCCCCCCCCCCCCCCCCCOc1cccc(C2(O)NC(=O)c3cnccc32)c1,4.920818753952375,0.0,1,CHEMBL360,CHEMBL1919492
CHEMBL4522688,Cc1nc(C)c(-c2nn(-c3ccc(F)cc3)cc2-c2cc(=O)c3cc(Cl)c(C)cc3o2)s1,5.777283528852417,0.7409515634582338,3,CHEMBL360,CHEMBL4393104
CHEMBL2024342,COc1ccccc1C(=O)CC(SCCNC(=O)CCNC(=O)[C@H](O)C(C)(C)COP(=O)(O)OP(=O)(O)OC[C@H]1O[C@@H](n2cnc3c(N)ncnc32)[C@H](O)[C@@H]1OP(=O)(O)O)C(=O)O,4.91721462968355,0.0,1,CHEMBL1275214,CHEMBL2027819
CHEMBL3331423,COc1cccc(N(Cc2cn(-c3cc4ccccc4oc3=N)nn2)C2=CC(=O)c3ccccc3C2=O)c1,4.73118809626022,0.0,1,CHEMBL360,CHEMBL3367829
CHEMBL264415,CCCCCCc1ccc(Oc2ccccc2[N+](=O)[O-])c(O)c1,6.739928612014925,4.489727494685443,3,CHEMBL1849,CHEMBL936672
CHEMBL1967185,O=C(N/N=C/c1ccc(-c2ccc(Cl)c(C(=O)O)c2)o1)c1cc2c(ccc3ccccc32)o1,4.230770418263406,0.0,1,CHEMBL1293297,CHEMBL1614471
CHEMBL4162794,O=S(=O)(Nc1ccc(-c2nc3cc(NS(=O)(=O)c4ccc(Cl)s4)ccc3o2)cc1)c1ccc(Cl)s1,5.638272163982407,0.0,1,CHEMBL4295521,CHEMBL4388634
CHEMBL5274011,O=C(CCC(F)(F)F)N1CCC(F)(c2cc(C(F)(F)F)ccn2)CC1,8.0,0.0,1,CHEMBL360,CHEMBL5246902
CHEMBL3497780,Cl.Fc1cccc(CN2CCC(c3cc4ncccc4cn3)CC2)c1F,4.36361401934382,0.0,1,CHEMBL360,CHEMBL4649971
CHEMBL3394162,N#Cc1c(-c2ccc(C(=O)O)cc2)c2c([nH]c1=O)-c1ccccc1CC2,8.221848749616356,0.0,1,CHEMBL2361,CHEMBL3396196
CHEMBL2094689,COc1ccc(-c2nc3c(=O)n(C)c(=O)nc-3n(C)n2)cc1OC,5.930135999413103,0.1751855350946565,2,CHEMBL3988585,CHEMBL3887425
CHEMBL3330967,CCCCCCCCCCCCCCCCNC(=O)NNC(=O)c1cc(C23CC4CC(CC(C4)C2)C3)c2ccccc2n1,4.25000001945443,0.0,1,CHEMBL360,CHEMBL3380429
CHEMBL5435392,O=c1[nH]cnc2c(Sc3ccccc3OCP(=O)([O-])[O-])c[nH]c12.[Na+].[Na+],7.508638306165727,0.0,1,CHEMBL1169594,CHEMBL5341494
CHEMBL33,C[C@H]1COc2c(N3CCN(C)CC3)c(F)cc3c(=O)c(C(=O)O)cn1c23,6.229147988357855,0.0,1,CHEMBL360,CHEMBL6077504
CHEMBL4443524,CNC(=O)c1c(-c2ccc(O)cc2)oc2ccc(O)c(CN3CCCCC3)c12,6.710108201691595,0.2263963773670774,4,CHEMBL4105939,CHEMBL5038057
CHEMBL5186703,O=C(O)C(=O)/C(=C/c1ccccc1C(F)(F)F)c1ccc2ccccc2n1,4.317854923626168,0.0405518436914942,3,CHEMBL4540,CHEMBL5161730
CHEMBL3883607,O=C1C(=O)N(CCN2CCN(NCc3ccc(Cl)cc3Cl)CC2)c2ccccc21,4.394694953858891,0.0,1,CHEMBL3430898,CHEMBL3875318
CHEMBL3581506,NC(=O)c1ccc(-c2ccccn2)s1,4.0049958272378845,0.8034362114833158,2,CHEMBL360,CHEMBL3582754
CHEMBL3902439,Nc1c(O)ccc2nsnc12,5.43533393574791,0.0,1,CHEMBL3988584,CHEMBL3887424
CHEMBL511882,Cc1c(C(=O)/C=C/c2ccc(F)cc2)[n+]([O-])c2ccccc2[n+]1[O-],5.2343314452409855,0.0,1,CHEMBL360,CHEMBL1251034
CHEMBL260061,Oc1cc(CCc2ccccc2)ccc1Oc1ccc(Cl)cc1Cl,7.67778070526608,0.0,2,CHEMBL360,CHEMBL1228528
CHEMBL1504112,O=c1[nH]c(NCCCO)nc2c1C1(CCCC1)Cc1ccccc1-2,4.569355812625562,0.0842110708883261,2,CHEMBL4105939,CHEMBL4649965
CHEMBL3342663,Nc1ncnc2c1c(-c1ccc(C(F)(F)F)cc1)cn2[C@@H]1O[C@H](CO)[C@@H](O)[C@H]1O,5.935542010773082,0.0,1,CHEMBL360,CHEMBL3385546
CHEMBL227540,O=C(NNc1cccc(F)c1)c1cc(C23CC4CC(CC(C4)C2)C3)c2ccccc2n1,7.119987161633229,0.0,1,CHEMBL360,CHEMBL914626
CHEMBL3963272,CN(c1cccc(Br)c1)S(=O)(=O)c1ccc2[nH]c(=O)c(=O)[nH]c2c1,7.251811972993799,0.0,1,CHEMBL3879870,CHEMBL5732838
CHEMBL4082159,Cl.NC[C@H]1OB(O)c2c(OCCO)ccc(Cl)c21,6.682258126592544,0.0334237554869494,2,CHEMBL4105844,CHEMBL4020311
CHEMBL1320230,O=C(NN1C(=O)/C(=C/C=C/c2ccco2)SC1=S)c1ccccc1O,4.093557206182967,0.0,1,CHEMBL1293297,CHEMBL1614471
CHEMBL4561784,CCOC(=O)C1=C(C)Oc2nc(C)n(Cc3cn([C@@H]4O[C@H](COC(C)=O)[C@@H](OC(C)=O)[C@H](OC(C)=O)[C@H]4OC(C)=O)nn3)c(=O)c2C1c1ccccc1Cl,4.478731124401615,0.0,1,CHEMBL4295521,CHEMBL4372872
CHEMBL5290316,Cc1cc(C2CCN(C(=O)CCC(F)(F)F)CC2)ccn1,8.0,0.0,1,CHEMBL360,CHEMBL5246902
CHEMBL71260,C=C[C@@H](O)C#CC#CC/C=C\CCCCCCC,4.823908740944319,0.0,1,CHEMBL360,CHEMBL6075442
CHEMBL5393729,CCNc1nc(Nc2c(CC)cccc2CC)ccc1OC,4.060480747381382,0.0,1,CHEMBL5465373,CHEMBL5363735
CHEMBL849,Oc1cc(Cl)ccc1Oc1ccc(Cl)cc1Cl,6.0,1.6989700043360187,7,CHEMBL1849,CHEMBL1008999
CHEMBL3329646,O=C(NNC(=O)c1cc(C23CC4CC(CC(C4)C2)C3)c2ccccc2n1)Nc1ccc(F)cc1,5.190000154058473,0.0,1,CHEMBL360,CHEMBL3380429
CHEMBL3125285,CCOC(=O)CCNC(=O)[C@@H]1C[C@@H](NC(=O)c2cc(CC)nn2C)CN1C(=O)c1coc2ccccc12,7.657577319177793,0.0,1,CHEMBL1849,CHEMBL3132000
CHEMBL4583096,O=S(=O)(Nc1ccc(-c2nc3ccccc3o2)cc1)c1ccc(C(F)(F)F)cc1,4.2839966563652006,0.0,1,CHEMBL4295521,CHEMBL4388634
CHEMBL576514,OCc1ncnc2c1ccn2[C@@H]1O[C@H](CO)[C@@H](O)[C@H]1O,4.486649201194043,0.0,1,CHEMBL360,CHEMBL3135671
CHEMBL3115425,O=[N+]([O-])c1ccc2nc3c(c(-c4ccccc4)c2c1)CCCCC3,4.208098919990428,0.0,1,CHEMBL360,CHEMBL3119863
CHEMBL1390833,CCN(CC)c1ccc(/C=C2/C(=O)c3ccc(C(=O)O)cc3C2=O)cc1,4.465085895570133,0.0,1,CHEMBL1293297,CHEMBL1614471
CHEMBL3400655,CNC(=O)CCc1cc(-c2ccc(-c3ccc(C(F)(F)F)cc3)cc2)n(-c2ccc(NC(=O)c3cn(C)cn3)cc2)n1,6.7447274948966935,0.0,1,CHEMBL360,CHEMBL3406705
CHEMBL6165683,CC(=O)Oc1cc(OC(C)=O)c2c(c1)[n+]([O-])c1ccccc1[n+]2[O-],5.300943145452332,0.0,1,CHEMBL360,CHEMBL6154546
CHEMBL312219,Nc1ccc(SSCCNC(=O)/C(Cc2cccc(Br)c2)=N\O)cc1,3.7328282715969854,0.0,1,CHEMBL3703,CHEMBL752054
CHEMBL5437318,CCNc1cc(OC)cc(Nc2c(CC)cccc2CC)n1,5.721848749616356,0.8416375079047507,2,CHEMBL5465373,CHEMBL5363735
CHEMBL2164264,Cc1ccc(C(OCC(=O)N(C)O)P(=O)(O)O)cc1,5.3979400086720375,0.0,1,CHEMBL5630,CHEMBL2434044
CHEMBL118269,CCCCCCCCCCCCCCP(=O)(OCC)OCN1C(=O)c2ccccc2C1=O,4.3872691124818815,0.0001059384032338,2,CHEMBL4624,CHEMBL652028
CHEMBL4209271,O=C(CCn1cnc([N+](=O)[O-])n1)Nc1cc(-c2ccc(F)cc2)on1,4.180456064458132,0.0,1,CHEMBL360,CHEMBL4179593
CHEMBL217588,O=C(Nc1cccc(Cl)c1)C1CC(=O)N(C2CCCCC2)C1,5.8696662315049934,0.0,1,CHEMBL1849,CHEMBL907779
CHEMBL4278300,COC(=O)[C@]12CC[C@@H](C(C)CO)[C@@H]1[C@H]1CC[C@@H]3[C@@]4(C)CCC(=O)NC(C)(C)[C@@H]4CC[C@@]3(C)[C@]1(C)CC2,5.2441251443275085,0.0,1,CHEMBL360,CHEMBL4252975
CHEMBL405973,Oc1cc(Cc2ccccc2)ccc1Oc1ccc(Cl)cc1Cl,7.292429823902063,0.0,2,CHEMBL360,CHEMBL1228528
CHEMBL3475142,Cc1ccccc1C1CCN(CCn2cc(-c3cccc(O)c3)nn2)C1,4.103933176072625,0.0,1,CHEMBL360,CHEMBL4649971
CHEMBL4877319,CN(Cc1cn(-c2ccccc2)nn1)c1nc(=O)c2cc(S(C)(=O)=O)cc([N+](=O)[O-])c2s1,6.107905397309519,0.0,1,CHEMBL3804751,CHEMBL4831382
CHEMBL3323170,CCOC(=O)c1cc2cc(N3CCN(C(=O)c4nccnc4Cl)CC3)ccc2o1,5.505845405981558,0.0,1,CHEMBL3430898,CHEMBL3367585
CHEMBL3481319,O=C(O)COc1ccc(CN2CCCC(CCc3ccccc3)C2)cc1,4.704774366691176,0.0070086783578044,2,CHEMBL4662928,CHEMBL4649941
CHEMBL1420642,COc1cc(/C=C2/C(=O)c3cccc([N+](=O)[O-])c3C2=O)c(Br)cc1O,4.215382707367125,0.0,1,CHEMBL1293297,CHEMBL1614471
CHEMBL5284844,CN1CCN(c2ccc(Nc3nccc(-c4ccnc(NCc5ccccc5)c4)n3)cc2C(F)(F)F)CC1,5.102372908709558,0.0,1,CHEMBL1908385,CHEMBL5229239
CHEMBL5399961,N#Cc1cc(-c2ccc(C(=O)O)o2)cc(C(F)(F)F)c1,4.823908740944319,0.0,1,CHEMBL360,CHEMBL5330227
CHEMBL571757,OC[C@H]1O[C@@H](n2cc(F)c3c(-c4ccsc4)ncnc32)[C@H](O)[C@@H]1O,7.200659450546418,0.0,1,CHEMBL4105883,CHEMBL3135672
CHEMBL3403256,Cc1cc(N2CCC(NC(=O)Nc3ccc(Cl)cc3)CC2)c2cc(F)ccc2n1,4.528268348519949,0.0,1,CHEMBL3430898,CHEMBL3405737
CHEMBL1588411,Cc1nnc(Sc2cc(NCCCO)c([N+](=O)[O-])c3nonc23)s1,4.109132061188559,0.0,1,CHEMBL1293297,CHEMBL1614471
CHEMBL4092864,CCCCc1ccc(Nc2nc(CC(=O)O)c(C)s2)cc1,7.0,0.0,1,CHEMBL360,CHEMBL4045152
CHEMBL3488881,Cc1nc(-c2ccc(Cl)s2)sc1C(=O)NC(C)(C)C(N)=O,4.676403901567439,0.0,1,CHEMBL4105939,CHEMBL4649965
CHEMBL177,NCC[C@H](O)C(=O)N[C@@H]1C[C@H](N)[C@@H](O[C@H]2O[C@H](CN)[C@@H](O)[C@H](O)[C@H]2O)[C@H](O)[C@H]1O[C@H]1O[C@H](CO)[C@@H](O)[C@H](N)[C@H]1O,7.154901959985743,0.163502131747661,6,CHEMBL360,CHEMBL3119863
CHEMBL5406831,CC(=O)Nc1ccc(/N=N/c2ccc(OS(=O)(=O)F)cc2)cc1,5.958607314841775,0.0,1,CHEMBL360,CHEMBL5359021
CHEMBL2435681,O=C(c1ccccc1)n1nc(-c2ccccc2)c2c1CCN(S(=O)(=O)c1ccc(F)cc1)C2,4.413412695328245,0.0,1,CHEMBL6069,CHEMBL2439105
CHEMBL217144,O=C(Nc1ccc(Cl)cc1Cl)C1CC(=O)N(C2CCCCC2)C1,4.2516568955124505,0.0,1,CHEMBL1849,CHEMBL907779
CHEMBL2164266,O=C(COC(c1ccccc1)P(=O)(O)O)NO,3.33161408331,0.0,1,CHEMBL5630,CHEMBL2434044
CHEMBL2024339,CC(C)(COP(=O)(O)OP(=O)(O)OC[C@H]1O[C@@H](n2cnc3c(N)ncnc32)[C@H](O)[C@@H]1OP(=O)(O)O)[C@@H](O)C(=O)NCCC(=O)NCCSC(CC(=O)c1ccccc1Br)C(=O)O,6.8696662315049934,0.0,1,CHEMBL1275214,CHEMBL2027819
CHEMBL4463791,O=S(=O)(Nc1ccc2oc(-c3ccccc3)nc2c1)c1ccc(Cl)s1,4.267606240177032,0.0,1,CHEMBL4295521,CHEMBL4388634
CHEMBL216807,O=C(Nc1cc(Cl)cc(Cl)c1)C1CC(=O)N(C2CCCCC2)C1,6.4089353929735005,1.6106601630898796,4,CHEMBL1849,CHEMBL907779
CHEMBL3956359,C/C(CCC(=O)Nc1ccc(F)cc1)=N\NC(=O)c1ccc(-n2cccc2)cc1,5.114073660198569,0.0,1,CHEMBL1849,CHEMBL3854458
CHEMBL3237099,Fc1ccc(/N=N/Nc2ccc(F)cc2C(F)(F)F)c(C(F)(F)F)c1,4.067983093565799,0.0,1,CHEMBL360,CHEMBL3239483
CHEMBL1934955,O=NN1N=C(c2ccc([N+](=O)[O-])cc2)C[C@@H]1c1cn(-c2ccccc2)nc1-c1ccc(F)cc1,4.598697416343132,0.0026053165260924,2,CHEMBL360,CHEMBL1936053
CHEMBL3884678,O=c1nc(N2CCN(Cc3ccccc3)CC2)sc2ccc(Cl)cc12,4.753501419204199,0.0,1,CHEMBL3430898,CHEMBL3875318
CHEMBL4849731,COc1cccc(Oc2cccc(CN3CCC(n4cc(C)c(=O)[nH]c4=O)CC3)c2)c1,5.920818753952375,0.0,1,CHEMBL2361,CHEMBL4832952
CHEMBL3237092,COc1ccc(/C=C/C(=O)N(/N=N/c2ccc(Cl)c(C(F)(F)F)c2)c2ccc(Cl)c(C(F)(F)F)c2)c(OC)c1,4.283829652140146,0.0,1,CHEMBL360,CHEMBL3239483
CHEMBL5625012,CCCC[C@@H](C(=O)O)N1C(=O)/C(=C/c2ccc(-c3ccc(OC)cc3)cc2)SC1=S,6.259637310505756,0.0,1,CHEMBL6066201,CHEMBL5622563
CHEMBL3475187,CC1(c2ccccc2)CCCN(Cc2cncn2C2CCCC2)C1,4.842577384410032,0.0,1,CHEMBL360,CHEMBL4649971
CHEMBL4081973,Cl.NCC1OB(O)c2cc(OCCCO)cc(Br)c21,6.431798275933005,0.0,1,CHEMBL4105844,CHEMBL4020311
CHEMBL3479095,CCC(C)Nc1ccc(-c2nc(-c3cccc(OC)c3OC)no2)cn1,4.698857004740273,0.3127908315789742,2,CHEMBL4105939,CHEMBL4649965
CHEMBL3402630,CCN(CC)Cc1cc(N(c2cc(C)nc3cc(Cl)ccc23)S(=O)(=O)c2cccc(Cl)c2Cl)ccc1O,6.443697499232712,0.0,1,CHEMBL2364166,CHEMBL4415642
CHEMBL4177124,CCCCCCc1ccc(Oc2ccccc2Br)c(O)c1,8.0,0.0,1,CHEMBL1849,CHEMBL4147581
CHEMBL5272576,O=C(CCC(F)(F)F)N1CCC(F)(c2cncc(C(F)(F)F)c2)CC1,8.0,0.0,1,CHEMBL360,CHEMBL5246902
CHEMBL3637787,Nc1ccccc1Nc1ccc(Cl)cc1,7.0,0.0,1,CHEMBL613086,CHEMBL3637832
CHEMBL3145017,CCc1c(C)[nH]n(-c2ccc(Oc3ccccc3)c(S(=O)(=O)O)c2)c1=O,3.802857335027437,0.0,1,CHEMBL1293297,CHEMBL1614471
CHEMBL3637790,O=C(NCc1ccco1)N1CCN(Cc2cccs2)CC1,5.100000128334196,0.0,1,CHEMBL613086,CHEMBL3637832
CHEMBL3753115,O=[N+]([O-])c1ccc(S(=O)(=O)Nc2ccc(Nc3c4ccccc4nc4ccccc34)cc2)cc1,4.649751981665837,0.0,1,CHEMBL3430898,CHEMBL3758003
CHEMBL5400099,C=C(NCC)NC(=O)Nc1c(CC)cccc1CC,6.138272163982407,1.0,2,CHEMBL5465373,CHEMBL5363727
CHEMBL520906,COC1C=C(C(=O)/C=C/c2ccc3ccccc3c2)C=CC1O,4.270025714300444,0.0,1,CHEMBL4542,CHEMBL953321
CHEMBL4462626,CC1(c2ccc(S(N)(=O)=O)cc2)NC(=O)N(CC(=O)c2ccc(C(F)(F)F)cc2)C1=O,6.0,0.0,1,CHEMBL3804751,CHEMBL4406692
CHEMBL3331424,N=c1oc2ccccc2cc1-n1cc(CN(C2=CC(=O)c3ccccc3C2=O)c2ccccc2Cl)nn1,4.565431095965801,0.0,1,CHEMBL360,CHEMBL3367829
CHEMBL5630055,O=C(O)[C@H](C1CCCCC1)N1C(=O)/C(=C/c2ccc(-c3ccc(C(F)(F)F)cc3)cc2)SC1=S,5.504455662453552,0.0,1,CHEMBL6066201,CHEMBL5622563
CHEMBL3144817,Cc1[nH]n(-c2ccc(Cl)cc2)c(=O)c1C(=O)c1ccc(Cl)cc1,3.1423326581038435,0.1736306605080244,2,CHEMBL4450,CHEMBL5372641
CHEMBL256351,Oc1ccccc1C1=NN(C(=S)Nc2ccccc2)[C@H](c2ccccc2O)C1,4.362344322729093,0.3505153587438991,2,CHEMBL360,CHEMBL932548
CHEMBL464060,CCCC[C@H](C(=O)NO)C(=O)N1CCC[C@H]1c1nc2ccccc2[nH]1,7.744727494896693,0.0,1,CHEMBL5765,CHEMBL1014575
CHEMBL4754171,O=C1c2ccccc2C(=O)C12N1CSC[C@@H]1[C@@H](c1ccccc1)[C@@]21CSc2ccccc2C1=O,4.787812395596042,0.0,1,CHEMBL360,CHEMBL4719106
CHEMBL1814765,Nc1ncnc2c1c(-c1cccc3ccccc13)cn2[C@@H]1O[C@H](CO)[C@@H](O)[C@H]1O,5.728158393463501,0.0,1,CHEMBL360,CHEMBL3385546
CHEMBL3126909,Cc1ncnc2c1c(-c1ccoc1)cn2[C@@H]1O[C@H](CO)[C@@H](O)[C@H]1O,5.031517051446065,0.0,1,CHEMBL360,CHEMBL3129228
CHEMBL3921213,CCN(C(=O)C1CCCO1)c1nc2c(s1)CCc1c-2cnn1C,5.424812155072339,0.0,1,CHEMBL3988585,CHEMBL3887425
CHEMBL1098317,Cn1nc(-c2ccc(Cl)c(Cl)c2)nc2c(=O)n(C)c(=O)nc1-2,6.853871964321762,0.0,1,CHEMBL3988585,CHEMBL3887425
CHEMBL3637796,O=C(Nc1nc2c(s1)CCCc1cccnc1-2)c1ccccc1C(F)(F)F,5.59999938302362,0.0,1,CHEMBL613086,CHEMBL3637832
CHEMBL1945185,Cc1ccc(C(=O)/C=C/c2ccc3ccccc3c2)cc1,3.869666231504994,0.0,1,CHEMBL4540,CHEMBL1948974
CHEMBL1424562,O=C(Nc1ccccc1)c1nnsc1[S+]([O-])c1ccc(Cl)cc1,3.7051811905173135,0.0,1,CHEMBL1293297,CHEMBL1614471
CHEMBL3407520,CCCCC(O)c1cc(C23CC4CC(CC(C4)C2)C3)c2ccccc2n1,5.660000322371772,0.0,1,CHEMBL360,CHEMBL3412552
CHEMBL3393962,Cc1ccccc1C(=O)N1CCN(C2c3ccccc3-c3ccccc32)CC1,5.2225731776106885,0.0,1,CHEMBL1849,CHEMBL3395431
CHEMBL1234901,O=C(Cn1cc(CNS(=O)(=O)c2ccc(I)cc2)nn1)N1CCC(c2nc(-c3cccs3)no2)CC1,6.236572006437063,0.0,1,CHEMBL1772929,CHEMBL4232685
CHEMBL3331427,N=c1oc2ccc(Cl)cc2cc1-n1cc(CN(C2=CC(=O)c3ccccc3C2=O)c2ccc(F)cc2)nn1,5.497572880015567,0.0,1,CHEMBL360,CHEMBL3367829
CHEMBL2017727,c1cc(Nc2cc(C3CC3)[nH]n2)nc(NC2CCCC2)n1,6.939302159646388,0.0,1,CHEMBL1908385,CHEMBL2020901
CHEMBL3125256,CCc1cc(C(=O)N[C@@H]2C[C@@H](C(=O)Nc3ccn(Cc4c(F)cccc4F)n3)N(C(=O)c3coc4ccccc34)C2)n(C)n1,8.397940008672037,0.0,1,CHEMBL1849,CHEMBL3132000
CHEMBL1361920,Cc1cc(/C=C2\C(=O)NC(=O)N(Cc3ccccc3)C2=O)c(C)n1-c1ccc(Cl)c(C(=O)O)c1,4.143089939699213,0.0,1,CHEMBL1293297,CHEMBL1614471
CHEMBL4637373,O=C(O)C(=O)Nc1ccc(C#Cc2ccc(C(F)(F)F)cc2Br)cc1,7.40135972093719,3.256447863011241,6,CHEMBL4295521,CHEMBL4626292
CHEMBL5630051,O=C(O)CN1C(=O)/C(=C/c2ccc(-c3ccc(F)c(C(F)(F)F)c3)cc2)SC1=S,4.784626847216578,0.0,1,CHEMBL6066201,CHEMBL5622563
CHEMBL255241,COc1cc([C@@H]2CC(c3ccc(O)cc3O)=NN2C(=S)Nc2ccccc2)ccc1O,3.776638240215899,0.5981649474444377,2,CHEMBL360,CHEMBL932548
CHEMBL3898259,Cc1ccc(Cl)cc1N1CCN(C(=O)c2ccc3[nH]ccc3c2)CC1,5.982966660701219,0.0,1,CHEMBL613086,CHEMBL3880092
CHEMBL4066245,CC(C)(C)c1ccc(Nc2nc(CC(=O)O)cs2)cc1,6.090887053193022,2.954242509439325,4,CHEMBL360,CHEMBL4045152
CHEMBL1576309,Cc1ccc2c(C)cc[n+](CCCS(=O)(=O)[O-])c2c1,5.227751660028146,0.0,1,CHEMBL1287620,CHEMBL2354305
CHEMBL3330934,O=C(NNC(=O)N1CCOCC1)c1cc(C23CC4CC(CC(C4)C2)C3)c2ccccc2n1,3.3300000011951703,0.0,1,CHEMBL360,CHEMBL3380429
CHEMBL6144938,COc1ccc2nccc(C(O)CC3CCC(NCc4cc(F)c(Br)c(F)c4)CC3)c2n1,6.769551078621726,0.7736036226329226,3,CHEMBL3430898,CHEMBL6077503
CHEMBL4291588,CC1=C[C@@H](c2c(O)ccc([C@@H]3CC(=O)c4c(O)cc(O)cc4O3)c2O)[C@H](C(=O)c2ccc(O)cc2O)[C@@H](c2ccc(O)cc2O)C1,5.327902142064283,0.4748855494730515,3,CHEMBL4542,CHEMBL4253917
CHEMBL5403488,CC(C)=CCC/C(C)=C/C(C)(C)NCCNC1C2CC3CC(C2)CC1C3,5.637575456185307,1.154189417607851,2,CHEMBL360,CHEMBL5333912
CHEMBL4066786,COc1ccc(Cl)c2c1B(O)O[C@@H]2CN.Cl,6.823908740944319,0.0,1,CHEMBL4105844,CHEMBL4020311
CHEMBL4564066,O=C(CN1C(=O)/C(=C\c2cccc(Cl)c2)SC1=S)c1ccccc1,4.325138859262188,0.0,1,CHEMBL1849,CHEMBL4481956
CHEMBL3310313,Cc1nc2ccccn2c1C(=O)NCCc1ccccc1,5.238824186844268,0.0,1,CHEMBL6069,CHEMBL3365136
CHEMBL5394336,CCCN(C)c1ccc(CN2CCC(COc3ccc(F)cc3)CC2)cc1,4.481486060122113,0.0,1,CHEMBL4879548,CHEMBL5347778
CHEMBL4644874,O=C(O)C(=O)Nc1ccc(C#Cc2ccc(O)c(Br)c2)cc1,7.481486060122112,0.0,2,CHEMBL4295521,CHEMBL4626292
CHEMBL3393961,Cc1cccc(C(=O)N2CCN(C3c4ccccc4-c4ccccc43)CC2)c1,6.6020599913279625,0.0,1,CHEMBL1849,CHEMBL3395431
CHEMBL5266831,CN1CCN(c2ccc(Nc3nccc(-c4cccnc4)n3)cc2C(F)(F)F)CC1,5.769551078621726,0.0,1,CHEMBL1908385,CHEMBL5229239
CHEMBL4280516,S=C(N/N=C/c1ccc(-c2ccccc2)cc1)Nc1cccc2ccccc12,4.942627806227437,0.3762809480831732,2,CHEMBL4542,CHEMBL4265149
CHEMBL6150295,C[C@@H](Oc1ccc2c(=O)cc3n(c2c1)CCOC3)c1cc(-n2ccc(Cl)n2)cnn1,8.769551078621726,0.0,1,CHEMBL4295586,CHEMBL6109286
CHEMBL1224746,CCCCCCCCCCCCCCc1ccc(Oc2ccccc2)c(O)c1,6.823908740944319,0.0,1,CHEMBL360,CHEMBL1228528
CHEMBL4569953,N#Cc1ccc(CNc2nc3cc(C(F)(F)F)ccc3nc2C(=O)O)cc1,7.173925197299173,0.0,1,CHEMBL3804751,CHEMBL4371330
CHEMBL2017713,c1ccc2c(Nc3cc(C4CC4)[nH]n3)nc(NCC3CC3)nc2c1,6.368556230986828,0.0,1,CHEMBL1908385,CHEMBL2020901
CHEMBL3403245,Cc1cc(N2CCC(NC(=O)Nc3ccc([N+](=O)[O-])cc3)CC2)c2ccccc2n1,4.973466735476703,0.0,1,CHEMBL3430898,CHEMBL3405737
CHEMBL5421811,COc1cc2c(Oc3ccc4[nH]c(C)cc4c3F)ncnc2cc1OCCCCl,4.308034897232639,0.0,1,CHEMBL4662931,CHEMBL5379299
CHEMBL4469493,CC1(c2ccc(C#N)cc2)NC(=O)N(CC(=O)c2cccc(F)c2)C1=O,6.0999990348465305,0.0,1,CHEMBL3804751,CHEMBL4406692
CHEMBL3330928,CCCCCCCCCCC(=O)NNC(=O)c1cc(C23CC4CC(CC(C4)C2)C3)c2ccccc2n1,4.569999968362492,0.0,1,CHEMBL360,CHEMBL3380429
CHEMBL3409437,CCC(O)c1cc(C23CC4CC(CC(C4)C2)C3)c2ccccc2n1,5.159999981744464,0.0,1,CHEMBL360,CHEMBL3412552
CHEMBL3946317,CC(C)c1ccc(NS(=O)(=O)c2ccc3[nH]c(=O)c(=O)[nH]c3c2)cc1,4.97469413473523,0.0,1,CHEMBL3879870,CHEMBL5732838
CHEMBL5431595,O=C(NCCc1ccc(O)c(O)c1)c1nc(-c2ccc(O)c(O)c2)no1,5.7447274948966935,0.0,1,CHEMBL4105939,CHEMBL5375438
CHEMBL1818376,CCN1CCN(C(=O)CC[N+](=O)[O-])CC1,4.899629454882437,0.0,1,CHEMBL1667699,CHEMBL1820652
CHEMBL4476371,CC1(c2ccc(OC(F)F)cc2)NC(=O)N(CC(=O)c2ccc(F)cc2F)C1=O,6.130768280269024,0.0,1,CHEMBL360,CHEMBL4384709
CHEMBL3125272,CCNC(=O)[C@@H]1C[C@@H](NC(=O)c2cc(CC)nn2C)CN1C(=O)c1coc2ccccc12,7.468521082957745,0.0,1,CHEMBL1849,CHEMBL3132000
CHEMBL2024341,CC(C)(COP(=O)(O)OP(=O)(O)OC[C@H]1O[C@@H](n2cnc3c(N)ncnc32)[C@H](O)[C@@H]1OP(=O)(O)O)[C@@H](O)C(=O)NCCC(=O)NCCSC(CC(=O)c1ccccc1[N+](=O)[O-])C(=O)O,6.812479279163537,0.0,1,CHEMBL1275214,CHEMBL2027819
CHEMBL562407,CCC(C)[C@H](N)C(=O)NNC(=O)c1cc(C23CC4CC(CC(C4)C2)C3)c2ccccc2n1,5.32000008377078,0.0,1,CHEMBL360,CHEMBL1030449
CHEMBL1796107,CC1CC(C)CN(CCCNC(=O)c2ccc3c(c2)N(Cc2cccc(Cl)c2)C(=O)c2ccccc2[S+]3[O-])C1,3.3010299956639813,0.0,1,CHEMBL1744527,CHEMBL1798854
CHEMBL3125102,CCc1cc(C(=O)N[C@@H]2C[C@@H](C(=O)NCc3nc(C)no3)N(C(=O)c3coc4ccccc34)C2)n(CC)n1,8.397940008672037,0.0,1,CHEMBL1849,CHEMBL3132000
CHEMBL3446678,CC1CCCN(c2ncc(-c3ccccc3F)c(-c3nccn3C)n2)C1,4.494404112373456,0.4106366142281796,2,CHEMBL360,CHEMBL4649971
CHEMBL3628355,CCOC(=O)c1cnc2ccccc2c1Nc1ccc(OCCCN2CCN(CC)CC2)cc1,4.621238824683627,0.0,1,CHEMBL3430898,CHEMBL3630322
CHEMBL3487048,CCn1cc(-c2cc(C(F)F)n3nc(CC(=O)O)nc3n2)cn1,4.794113253216052,0.0199492932441902,2,CHEMBL4105939,CHEMBL4649965
CHEMBL3402631,CCN(CC)Cc1cc(N(c2cc(C)nc3cc(Cl)ccc23)S(=O)(=O)c2ccc(Cl)cc2Cl)ccc1O,6.443697499232712,0.0,1,CHEMBL2364166,CHEMBL4415642
CHEMBL3885381,O=C1C(=O)N(CCN2CCN(NCc3ccccc3C(F)(F)F)CC2)c2ccccc21,4.6020599913279625,0.0,1,CHEMBL3430898,CHEMBL3875318
CHEMBL3355783,CCOC(=O)c1cc2cc(N3CCN(C(=O)Nc4ccc(Cl)cc4)CC3)ccc2o1,4.739928612014925,0.0,1,CHEMBL3430898,CHEMBL3390735
CHEMBL3342675,Nc1ncnc2c1c(-c1ccc(COc3cccc4ccccc34)cc1)cn2[C@@H]1O[C@H](CO)[C@@H](O)[C@H]1O,5.1944991418416,0.0,1,CHEMBL360,CHEMBL3385546
CHEMBL5395439,Cc1cc(OC(=O)c2ccc(S(N)(=O)=O)cc2)n(-c2ccc(Cl)cc2)n1,3.1239757760902807,0.3541084391474012,2,CHEMBL4450,CHEMBL5372641
CHEMBL5633350,O=[N+]([O-])c1ccc(NCc2cn(Cc3ccc(Oc4ccccc4)c(O)c3)nn2)c2nonc12,6.338187314462739,0.0,1,CHEMBL1849,CHEMBL5626588
CHEMBL1560398,CNC(=O)c1cc2cc(OC)ccc2oc1=O,5.671212799645465,0.0,1,CHEMBL1287620,CHEMBL2354305
CHEMBL3793931,CCCC[C@@H](CNC)N1CCN(CCC23CC4CC(CC(C4)C2)C3)[C@H](C(C)C)C1,4.285670240254767,0.0,1,CHEMBL360,CHEMBL3796194
CHEMBL5201484,CC(C)[C@H]1CO[C@]23CCN(Cc4ccc(C(F)(F)F)cc4)C[C@H]2CCC(=O)N13,7.33047313214543,1.5835765856339492,4,CHEMBL360,CHEMBL5154110
CHEMBL1814766,Nc1ncnc2c1c(-c1ccc3ccccc3c1)cn2[C@@H]1O[C@H](CO)[C@@H](O)[C@H]1O,6.4089353929735005,0.0,1,CHEMBL360,CHEMBL3385546
CHEMBL4795102,O=C(CCCC(F)(F)F)C1CCC(c2nc(-c3nccs3)no2)CC1,6.3979400086720375,0.0,1,CHEMBL360,CHEMBL4733164
CHEMBL4467801,CC1(c2ccc(S(N)(=O)=O)cc2)NC(=O)N(CC(=O)c2ccccc2)C1=O,6.599997654072044,0.0,1,CHEMBL3804751,CHEMBL4406692
CHEMBL4780172,CN1C[C@@H](c2ccc(Cl)cc2Cl)[C@@]2(CSc3ccccc3C2=O)C12C(=O)c1ccccc1C2=O,5.97061622231479,0.0,1,CHEMBL360,CHEMBL4719106
CHEMBL4533662,CS(=O)(=O)Nc1ccc2oc(-c3ccc(NS(=O)(=O)c4ccc(Cl)s4)cc3)nc2c1,4.337242168318426,0.0,1,CHEMBL4295521,CHEMBL4388634
CHEMBL3342664,CC(C)Oc1ccc(-c2cn([C@@H]3O[C@H](CO)[C@@H](O)[C@H]3O)c3ncnc(N)c23)cc1,5.512861624522814,0.0,1,CHEMBL360,CHEMBL3385546
CHEMBL493484,CCOC(=O)C(=O)Nc1nc2ccc([N+](=O)[O-])cc2s1,4.856985199745905,0.0,1,CHEMBL6086,CHEMBL1034865
CHEMBL3475781,N#Cc1cccc(N2CCCC(CO)(CCOc3ccccc3)C2)n1,4.818789960564642,0.7145396265648527,2,CHEMBL4105939,CHEMBL4649965
CHEMBL584958,OC[C@H]1O[C@@H](n2cc(Cl)c3c(-c4cccs4)ncnc32)[C@H](O)[C@@H]1O,5.585457519010276,3.1388888819509324,2,CHEMBL360,CHEMBL3135671
CHEMBL5290440,O=C(CCC(F)(F)F)N1CCC(c2ccc(F)nc2)CC1,8.0,0.0,1,CHEMBL360,CHEMBL5246902
CHEMBL5631497,CCN(CC)c1ccc2c(OCc3cn(Cc4ccc(Oc5ccccc5)c(O)c4)nn3)cc(=O)oc2c1,7.267606240177032,0.0,1,CHEMBL1849,CHEMBL5626588
CHEMBL3752792,COc1nc2ccccc2cc1C(c1cc2ccccc2nc1OC)C(O)(CCN(C)C)c1ccccc1,7.154901959985743,0.0,1,CHEMBL2364166,CHEMBL3757365
CHEMBL3446864,Cc1cccc(CN2CCCC2c2cccc(Nc3nccs3)n2)c1,5.686122039264621,0.1377330024589893,2,CHEMBL360,CHEMBL4649971
CHEMBL549536,Cc1cc(Nc2nc(-c3ccncc3)nc3ccccc23)n[nH]1,5.8696662315049934,0.0,1,CHEMBL1908385,CHEMBL2020901
CHEMBL1934932,Cc1ccc(C(=O)/C=C/c2cn(-c3ccccc3)nc2-c2ccc(F)cc2)cc1,5.141937765911463,0.0038755796924743,2,CHEMBL360,CHEMBL1936053
CHEMBL3403277,COc1ccc(NC(=S)NC2CCN(c3cc(C)nc4ccc(OC)cc34)CC2)cc1,5.209714835966758,0.0,1,CHEMBL3430898,CHEMBL3405737
CHEMBL4435783,Cc1cc(=O)oc2cc(N3C(=O)/C(=C/c4ccc5c(c4)c4ccccc4n5C)SC3=S)ccc12,4.698970004336019,0.0,1,CHEMBL360,CHEMBL4390275
CHEMBL1432627,O=C1NC(=O)N(c2ccccc2F)C(=O)/C1=C/c1ccc(Sc2nc3ccccc3[nH]2)o1,3.659317980754095,0.0,1,CHEMBL1293297,CHEMBL1614471
CHEMBL3331420,O=C1C=C(N(Cc2cn(C3=CC(=O)c4ccccc4C3=O)nn2)c2ccc(Cl)cc2)C(=O)c2ccccc21,5.142667503568732,0.0,1,CHEMBL360,CHEMBL3367829
CHEMBL3597020,CC1(C)CCC(Cc2cc(O)c(-c3ccccc3)c(=O)[nH]2)CC1,6.2441251443275085,1.2441251443275083,3,CHEMBL1849,CHEMBL4147588
CHEMBL1561364,CC(C)CC(C(=O)Oc1ccc2c3c(c(=O)oc2c1)CCC3)N1C(=O)c2ccccc2C1=O,5.896880746454286,0.0,1,CHEMBL1287620,CHEMBL2354305
CHEMBL5426403,O=C(O)C1CSc2c(C3CC3)c(Cc3cccc4ccccc34)cc(=O)n21.c1c[nH]cn1,4.961227462086736,0.2415893106407116,2,CHEMBL360,CHEMBL5363916
CHEMBL3953543,O=S(=O)(Nc1ccc(-c2nc3cc(NS(=O)(=O)C(F)(F)F)ccc3o2)cc1)C(F)(F)F,4.376750709602099,0.0,1,CHEMBL4295521,CHEMBL4388634
CHEMBL1946280,O=C(/C=C/c1ccc2ccccc2c1)c1ccc[nH]1,4.091514981121351,0.0,1,CHEMBL4540,CHEMBL1948974
CHEMBL5625090,CCCC[C@@H](C(=O)O)N1C(=O)/C(=C/c2ccc(-c3ccc(F)c(C(F)(F)F)c3)c3ccccc23)SC1=S,6.173925197299173,0.0,1,CHEMBL6066201,CHEMBL5622563
CHEMBL4450199,Cn1c2ccccc2c2cc(/C=C3\SC(=S)N(c4ccccc4)C3=O)ccc21,4.1249387366083,0.0,1,CHEMBL360,CHEMBL4390275
CHEMBL241583,CC(=O)Oc1cc(OC(C)=O)c2c(OC(C)=O)cc(C)cc2c1OC(C)=O,4.49998577654938,6.528971553086142,2,CHEMBL360,CHEMBL3077583
CHEMBL3409441,O=C(NC1CCN(Cc2ccccc2)CC1)c1cc(C23CC4CC(CC(C4)C2)C3)c2ccccc2c1,5.820000358220839,0.0,1,CHEMBL360,CHEMBL3412552
CHEMBL3477924,COCC1CCN(C(=O)c2cc(-c3ccco3)nc3c(Cl)cccc23)C1,4.460473397523699,0.0,1,CHEMBL4105939,CHEMBL4649965
CHEMBL5429356,O=C(O)C1CSc2c(C3CC3)c(-c3cc(-c4cccc5ccccc45)on3)cc(=O)n21,5.4089353929735005,0.0,1,CHEMBL360,CHEMBL5363916
CHEMBL3310306,Cc1nc2ccccn2c1C(=O)N/N=C/c1ccc(C(F)(F)F)cc1,5.087246696328677,0.0,1,CHEMBL6069,CHEMBL3365136
CHEMBL1981657,N/C(=N\N=C/c1ccc(-c2ccc(O)c(C(=O)O)c2)o1)N[N+](=O)[O-],4.546528766277064,0.0,1,CHEMBL1293297,CHEMBL1614471
CHEMBL3331422,N=c1oc2ccccc2cc1-n1cc(CN(C2=CC(=O)c3ccccc3C2=O)c2ccc(F)cc2)nn1,5.0670191780768015,0.0,1,CHEMBL360,CHEMBL3367829
CHEMBL3099409,Nc1cccc(-c2cnnc(N3CCC(c4cccc(Cl)c4)C3)n2)c1,4.241088107602026,0.0,1,CHEMBL3137292,CHEMBL3101912
CHEMBL4081755,CCOc1cccc2c1B(O)O[C@@H]2CN,6.886056647693163,0.0,1,CHEMBL4105844,CHEMBL4020311
CHEMBL3331292,Cc1nc2ccc(Cl)cc2c(=O)n1CC(=O)NCc1nc2ccccc2s1,5.077793722560983,0.0,1,CHEMBL1849,CHEMBL3385192
CHEMBL3628526,CCN1CCN(CCCNc2ccc(Nc3c(C(=O)O)cnc4ccccc34)cc2)CC1,5.230622673923861,0.0,1,CHEMBL3430898,CHEMBL3630322
CHEMBL3197264,O=C(O)c1cccc(-c2ccc(/C=N/NC(=O)c3cccnc3)o2)c1,3.7323590176540846,0.0,1,CHEMBL1293297,CHEMBL1614471
CHEMBL3628446,NNC(=O)c1cnc2ccc(F)cc2c1Nc1ccc(NCCCN2CCOCC2)cc1,4.976747540366288,0.0,1,CHEMBL3430898,CHEMBL3630322
CHEMBL3943318,Nc1ccc(S(=O)(=O)Nc2ccc(-c3nc4cc(NS(=O)(=O)c5ccc(N)cc5)ccc4o3)cc2)cc1,4.795880017344075,0.0,1,CHEMBL4295521,CHEMBL4388634
CHEMBL3409447,O=C(c1cc(C23CC4CC(CC(C4)C2)C3)c2ccccc2c1)N1CCN(c2ccccc2)CC1,6.060001790087838,0.0,1,CHEMBL360,CHEMBL3412552
CHEMBL3409432,OC(c1ccccc1)c1cc(C23CC4CC(CC(C4)C2)C3)c2ccccc2n1,5.509999358109048,0.0,1,CHEMBL360,CHEMBL3412552
CHEMBL3497815,Cc1cccc(CNC(Cc2ccsc2)c2nc(C)c(C)s2)n1.Cl,5.161651589386457,0.1561942303476913,2,CHEMBL360,CHEMBL4649971
CHEMBL4641106,N#Cc1cc(C(F)(F)F)ccc1C#Cc1ccc(NC(=O)C(=O)O)cc1,7.638272163982407,0.0,2,CHEMBL4295521,CHEMBL4626292
CHEMBL5433685,CCOC(=O)c1ccc2nc(C)cc(Nc3ccc(N4CCOCC4)cc3)c2c1,4.709965388637482,0.0,1,CHEMBL1849,CHEMBL5387352
CHEMBL4592974,CC1(c2ccc(S(=O)(=O)N3CCOCC3)cc2)NC(=O)N(CC(=O)c2ccc(F)cc2F)C1=O,4.900000142057633,0.0,1,CHEMBL3804751,CHEMBL4406692
CHEMBL1777917,Cc1cc2c(cc1C)[n+]([O-])c(/C=N/NC(=O)c1ccncc1)c(C)[n+]2[O-],5.913640169325252,0.0,1,CHEMBL360,CHEMBL1781055
CHEMBL3125267,CCCn1nc(CC)cc1C(=O)N[C@@H]1C[C@@H](C(=O)NCC(=O)OC)N(C(=O)c2coc3ccccc23)C1,7.958607314841775,0.0,1,CHEMBL1849,CHEMBL3132000
CHEMBL3451548,COc1ccc2nc(C3CC3)cc(C(=O)NCc3noc(C)n3)c2c1,4.667884614748646,0.0036342017653305,2,CHEMBL4105939,CHEMBL4649965
CHEMBL5086988,CNC(=O)c1c(-c2c(F)cc(O)cc2F)oc2ccc(O)c(CN3CCC4(COC4)C3)c12,6.309803919971486,0.0,1,CHEMBL4105939,CHEMBL5038057
CHEMBL4868912,CS(=O)(=O)c1cc([N+](=O)[O-])c2sc(N3CCN(CC4CCCCC4)CC3)nc(=O)c2c1,7.301029995663981,0.0,1,CHEMBL3804751,CHEMBL5050652
CHEMBL4295103,CCCCCCCCC(=O)Oc1ccc(COP(=O)(CCCC(=O)N(C)O)OCc2ccc(OC(=O)CCCCCCCC)cc2)cc1,5.7544873321858505,0.0,1,CHEMBL360,CHEMBL4269458
CHEMBL3323160,CCOC(=O)c1cc2cc(N3CCN(C(=O)CCc4ccc(F)cc4)CC3)ccc2o1,5.505149978319906,0.0,1,CHEMBL3430898,CHEMBL3367585
CHEMBL1550806,Cc1ccc(-n2nc3ccc(N)cc3n2)cc1C,6.048206080373914,0.0,1,CHEMBL1287620,CHEMBL2354305
CHEMBL585759,OC[C@H]1O[C@@H](n2cc(Cl)c3c(-c4ccco4)ncnc32)[C@H](O)[C@@H]1O,5.504048210927889,2.909118207827772,2,CHEMBL360,CHEMBL3135671
CHEMBL5079408,CNC(=O)c1c(-c2ccc(O)cc2)oc2ccc(O)c(CN3CCC[C@@H](O)C3)c12,6.356547323513812,0.0,1,CHEMBL4105939,CHEMBL5038057
CHEMBL3310316,Cc1nc2ccccn2c1C(=O)Nc1ccc(Br)cc1,5.158015195409886,0.0,1,CHEMBL6069,CHEMBL3365136
CHEMBL1447133,Cc1cc(-c2ccc(Cl)cc2)n2nc(N)nc2n1,5.853871964321762,0.0,1,CHEMBL1287620,CHEMBL2354305
CHEMBL3394156,COc1cccc(-c2cc(-c3cccnc3)c(C#N)c(=O)[nH]2)c1,5.580044251510242,0.0,1,CHEMBL2361,CHEMBL3396196
CHEMBL217204,O=C(Nc1cccc(Br)c1)C1CC(=O)N(c2ccccc2)C1,4.868060704789576,0.0,1,CHEMBL1849,CHEMBL907779
CHEMBL5405483,CCc1cccc(CC)c1Nc1cccc(NC)n1,4.698970004336019,0.0,1,CHEMBL5465373,CHEMBL5363735
CHEMBL3330957,O=C(NNC(=S)NCCc1ccccc1)c1cc(C23CC4CC(CC(C4)C2)C3)c2ccccc2n1,4.8399999311187,0.0,1,CHEMBL360,CHEMBL3380429
CHEMBL5437592,O=C(NCCc1ccc(C(=O)N2CCC2)cc1)c1nc(-c2ccc3nc[nH]c3c2)no1,5.958607314841775,0.0,1,CHEMBL4105939,CHEMBL5375438
CHEMBL559572,CC(C)C[C@H](NC(=O)OC(C)(C)C)C(=O)NNC(=O)c1cc(C23CC4CC(CC(C4)C2)C3)c2ccccc2n1,5.889999848866887,0.0,1,CHEMBL360,CHEMBL1030449
CHEMBL4638011,O=C(O)C(=O)Nc1ccc(C#Cc2ccc(C(F)(F)F)cc2F)cc1,7.095557066320094,2.8798601462734688,6,CHEMBL4295521,CHEMBL4626292
CHEMBL1934970,Nc1nc(-c2ccc(O)cc2)cc(-c2cn(-c3ccccc3)nc2-c2ccc(F)cc2)n1,6.328948815373957,0.0020933466193477,2,CHEMBL360,CHEMBL1936053
CHEMBL3330935,O=C(NNC(=O)c1cc(C23CC4CC(CC(C4)C2)C3)c2ccccc2n1)c1ccccc1,3.97000000212284,0.0,1,CHEMBL360,CHEMBL3380429
CHEMBL3885289,O=C1C(=O)N(CCN2CCN(NCc3ccccc3OCc3ccccc3)CC2)c2ccccc21,5.0,0.0,1,CHEMBL3430898,CHEMBL3875318
CHEMBL5432105,Cc1cc(Nc2ccc(N3CCC(C)CC3)cc2)c2cc(Br)ccc2n1,5.853871964321762,0.0,1,CHEMBL1849,CHEMBL5387352
CHEMBL228025,CC(C)(C)/C=N/NC(=O)c1cc(C23CC4CC(CC(C4)C2)C3)c2ccccc2n1,3.839999991210369,0.0,1,CHEMBL360,CHEMBL914626
CHEMBL3913398,CC(C)n1cnc(S(=O)(=O)N2CCC(C(=O)Nc3ccc(F)c(Cl)c3)CC2)c1,5.504455662453552,0.0,1,CHEMBL3988585,CHEMBL3887425
CHEMBL3403272,COc1ccc2nc(C)cc(N3CCC(NC(=S)Nc4ccccc4)CC3)c2c1,6.040958607678906,0.0,1,CHEMBL3430898,CHEMBL3405737
CHEMBL4638488,O=C(O)c1cccc(COc2ccc([N+](=O)[O-])cc2)c1,4.638272163982407,0.0,1,CHEMBL6065,CHEMBL4625598
CHEMBL4642912,O=C(O)c1cccc(CNc2ccccc2)c1,5.154901959985743,0.0,1,CHEMBL6065,CHEMBL4625598
CHEMBL3355782,CCOC(=O)c1cc2cc(N3CCN(C(=O)Nc4ccccc4)CC3)ccc2o1,5.146301788223826,0.0,1,CHEMBL3430898,CHEMBL3390735
CHEMBL5406387,COc1ccc(CCNC(=O)c2nc(-c3ccccc3)no2)cc1OC,5.769551078621726,0.0,1,CHEMBL4105939,CHEMBL5375438
CHEMBL444361,Cc1c(Cl)cccc1NC(=O)C1CC(=O)N(C2CCCCC2)C1,4.6362000951796825,0.000375849856347,2,CHEMBL1849,CHEMBL907779
CHEMBL3983097,COc1ccc(NC(=O)CN(C)S(=O)(=O)c2cc(Br)cnc2N)cc1OC,6.075720713938118,0.0,1,CHEMBL3988585,CHEMBL3887425
CHEMBL3487058,CC(C)c1cc(CN2CCC(CC(=O)O)CC2)no1,5.010380291311259,0.1991198274636456,2,CHEMBL4105939,CHEMBL4649965
CHEMBL4588307,CC1(c2ccc(C#N)cc2)NC(=O)N(CC(=O)c2ccccc2)C1=O,5.899998417198648,0.0,1,CHEMBL3804751,CHEMBL4406692
CHEMBL3446775,Oc1cc(C2CCCN(Cc3cccs3)C2)nc(-c2ccccn2)n1,5.006675135382807,0.3443487650969992,2,CHEMBL360,CHEMBL4649971
CHEMBL3323249,CCOC(=O)c1cc2cc(N3CCN(C(=O)c4c(Cl)cccc4Cl)CC3)ccc2o1,5.508638306165727,0.0,1,CHEMBL3430898,CHEMBL3367585
CHEMBL3191954,Cc1cc(/C=c2\sc3nc4ccccc4n3c2=O)c(C)n1-c1ccc(C(=O)O)cc1,3.767435859113216,0.0,1,CHEMBL1293297,CHEMBL1614471
CHEMBL1916850,Cc1ccccc1[C@@H]1CC(c2ccccc2O)=NN1C(N)=S,5.154901959985743,0.0,2,CHEMBL360,CHEMBL1918205
CHEMBL2017718,CS(=O)(=O)NCc1ccc(-c2nccc(Nc3cc(C4CC4)[nH]n3)n2)cc1,6.617982957425132,0.0,1,CHEMBL1908385,CHEMBL2020901
CHEMBL4450769,CCOC(=O)C1=C(C)Oc2nc(C)n(Cc3cn([C@@H]4O[C@H](COC(C)=O)[C@@H](OC(C)=O)[C@H](OC(C)=O)[C@H]4OC(C)=O)nn3)c(=O)c2C1c1ccc(Cl)cc1,4.452225294612178,0.0,1,CHEMBL4295521,CHEMBL4372872
CHEMBL4794820,CN1C[C@@H](c2cccc3ccccc23)[C@@]2(CSc3ccccc3C2=O)C12C(=O)c1ccccc1C2=O,5.16304326294045,0.0,1,CHEMBL360,CHEMBL4719106
CHEMBL3628358,CCOC(=O)c1cnc2ccc(C(F)(F)F)cc2c1Nc1ccc(OCCCN2CCN(CC)CC2)cc1,6.161150909262744,0.0,1,CHEMBL3430898,CHEMBL3630322
CHEMBL1289354,CCCCCCCCCCCC(=O)OCOC(=O)c1cn2c3c(c(N4CCN(C)CC4)c(F)cc3c1=O)OC[C@@H]2C,5.886056647693163,0.0,1,CHEMBL360,CHEMBL1921196
CHEMBL5283080,Cc1nc2cc(NC(=O)c3cc4sc(N(C)CCCO)nc4s3)ccc2o1,6.077450979992872,0.154901959985743,2,CHEMBL360,CHEMBL5223484
CHEMBL1374860,CC1=CC(=O)C=C(C)C1=NOS(=O)(=O)c1ccccc1,3.782779344355481,0.0,1,CHEMBL1293297,CHEMBL1614471
CHEMBL4282817,Cc1ccc(NC(=S)N/N=C/c2ccc(-c3cc(C(F)(F)F)ccc3Cl)o2)cc1,4.779757989588301,0.5224012361812109,2,CHEMBL4542,CHEMBL4265149
CHEMBL1555938,CCCCn1c(NC(=O)c2ccccc2)c(C#N)c2nc3ccccc3nc21,6.2839966563652006,0.0,1,CHEMBL3988585,CHEMBL3887425
CHEMBL3407532,O=C(Cn1cnc([N+](=O)[O-])n1)Nc1nc(-c2ccc(Cl)cc2)cs1,4.465973893943865,0.0,1,CHEMBL360,CHEMBL4179593
CHEMBL2071368,COc1cccc(-n2cnc3sc4c(c3c2=O)CCCC4)c1,4.703334809738469,0.0,1,CHEMBL2069157,CHEMBL2073106
CHEMBL5429448,OC(c1ccc(Cl)cc1)c1cn(-c2ccc(Cl)cc2)nn1,3.1954697250349566,1.2568780318187245,2,CHEMBL4450,CHEMBL5372641
CHEMBL3448087,CC(C)C(NC(=O)c1cnc(N2CCOCC2)nc1)c1cccs1,4.317245623456662,0.0,1,CHEMBL360,CHEMBL4649971
CHEMBL4633659,COC(=O)c1ccc(COc2ccc(OC)cc2)cc1,4.585026652029182,0.0,1,CHEMBL6065,CHEMBL4625598
CHEMBL4162491,CC(=O)N[C@@H](Cc1ccccc1)C(=O)NCC(=O)N1C[C@@H](NC(=N)N)C[C@H]1C(=O)N[C@@H](CCCCN)C(=O)N[C@@H](CCCCN)C(=O)N[C@@H](CCCNC(=N)N)C(=O)N1C[C@@H](NC(=N)N)C[C@H]1C(=O)N[C@@H](CCC(N)=O)C(=O)N1C[C@@H](NC(=N)N)C[C@H]1C(=O)N[C@@H](CCCNC(=N)N)C(=O)N1C[C@@H](NC(=N)N)C[C@H]1C(=O)NCCC(N)=O,5.423696848603197,0.7546701545341206,4,CHEMBL360,CHEMBL4154576
CHEMBL3446826,CC(C)c1cc(C(=O)N[C@@H]2CC[C@@H](Oc3ccccc3)[C@@H]2O)on1,5.787644571876697,0.0,1,CHEMBL360,CHEMBL4649971
CHEMBL1762027,C[C@]12CC[C@H]3[C@@H](CNC4=CC(=O)CC[C@@]43C)[C@@H]1CC[C@@H]2C1=N[C@H](c2ccccc2)[C@@H](c2ccccc2)O1,5.045757490560675,0.0,1,CHEMBL1744528,CHEMBL1764602
CHEMBL2425399,CC(C)C[C@H](NC(=O)[C@H](CO)NC(=O)[C@H](CO)NC(=O)[C@H](CO)NC(=O)[C@@H](N)CC(N)=O)C(=O)N[C@@H](C)C(=O)N[C@@H](CCC(N)=O)C(=O)O,3.721246399047171,0.0,1,CHEMBL1667699,CHEMBL2429128
CHEMBL3628438,CCOC(=O)c1cnc2ccc(F)cc2c1Nc1ccc(NCCCN2CCN(CC)CC2)cc1,5.097453220686009,0.0,1,CHEMBL3430898,CHEMBL3630322
CHEMBL1773172,CCCCCOC(=O)c1c(C)oc2ccc(NS(=O)(=O)c3ccc4c5c(cccc35)C(=O)N4)cc12,4.6788271048697725,0.0062191203349311,2,CHEMBL4540,CHEMBL1775840
CHEMBL4105150,Cc1cn(C2CCN(Cc3cc(Oc4cccc(Cl)c4)c4ccccc4n3)CC2)c(=O)[nH]c1=O,6.017728766960431,0.0,1,CHEMBL360,CHEMBL4024194
CHEMBL1383594,Cn1c(-c2cccs2)nc2ccccc21,5.829444941478791,0.0,1,CHEMBL1287620,CHEMBL2354305
CHEMBL272465,Cc1c(Br)c(=O)oc2c(Br)c(O)c(O)cc12,4.2564902352715706,0.0,1,CHEMBL1293297,CHEMBL1614471
CHEMBL3400654,CNC(=O)CCc1cc(-c2ccc(-c3ccc(C(F)(F)F)cc3)cc2)n(-c2ccc(NC(=O)c3ccncc3Cl)cc2)n1,6.366531544420414,0.0,1,CHEMBL360,CHEMBL3406705
CHEMBL1457077,CC(C)S(=O)(=O)C1=NSC2=NC(=O)/C(=C\c3ccc(-c4cccc(C(=O)O)c4)o3)C(=N)N21,4.870310107800699,0.0,1,CHEMBL1293297,CHEMBL1614471
CHEMBL1332547,O=C(Nc1nnc(-c2ccncc2)s1)C1CCCO1,5.960982678002588,0.0,1,CHEMBL1287620,CHEMBL2354305
CHEMBL1429479,Cc1ccc(N2C(=O)NC(=O)/C(=C/c3ccoc3)C2=O)cc1,4.177047759452519,0.0,1,CHEMBL1293297,CHEMBL1614471
CHEMBL3403243,Cc1cc(N2CCC(NC(=O)Nc3ccc(F)cc3)CC2)c2ccccc2n1,4.704652851666382,0.0,1,CHEMBL3430898,CHEMBL3405737
CHEMBL4779849,CC(C)(C)c1ccc(CCNc2ncnc3ccsc23)cc1,5.153576540361385,0.513033810610307,4,CHEMBL360,CHEMBL5346685
CHEMBL4570232,O=S(=O)(Nc1ccc2oc(-c3ccccc3)nc2c1)c1ccccc1O,4.008773924307505,0.0,1,CHEMBL4295521,CHEMBL4388634
CHEMBL405402,CCCCc1ccc(Oc2ccc(Cl)cc2Cl)c(O)c1,7.040958607678906,0.0,1,CHEMBL360,CHEMBL1228528
CHEMBL4564404,CN(O)C(=O)CS(=O)(=O)C(c1ccc(Cl)c(Cl)c1)P(=O)(O)O,4.6777807052660805,0.0,1,CHEMBL5630,CHEMBL4407818
CHEMBL5397489,CCc1cccc(CC)c1/N=C1\CN(CC)C(=N)N1.Cl,4.795880017344075,0.0,1,CHEMBL5465373,CHEMBL5363735
CHEMBL3915019,O=C(CN1C(=O)C2(OCCO2)c2ccccc21)c1cccc([N+](=O)[O-])c1,5.920818753952375,0.0,1,CHEMBL3879870,CHEMBL3865749
CHEMBL6083033,C=CS(=O)(=O)Nc1cc(C(F)(F)F)cc2c(=O)nc(N3CCC4(CC3)OC[C@H](C)O4)sc12,5.581698708680254,0.0,1,CHEMBL3804751,CHEMBL6075287
CHEMBL2435692,O=C(Nc1cccc2ccccc12)N1CCc2c(c(-c3ccccc3)nn2C(=O)c2ccccc2)C1,4.417936637088292,0.0,1,CHEMBL6069,CHEMBL2439105
CHEMBL5209184,O=C(CCCN1CCC(O)(c2ccc(F)cc2)CC1)c1ccccc1,5.508638306165727,0.0,1,CHEMBL3879870,CHEMBL5108515
CHEMBL3394243,CCCc1cc2[nH]c(=O)c(C#N)c(-c3ccc(NS(C)(=O)=O)cc3)c2c(C)n1,5.6777807052660805,0.0,1,CHEMBL2361,CHEMBL3396196
CHEMBL4455926,O=C1C2=C(C(=O)c3c1cnc1ccccc31)C1CCC2C1,5.497581469530845,0.790417121642573,2,CHEMBL360,CHEMBL4362174
CHEMBL3637797,NC(=O)c1ccc(CN(C2CC2)S(=O)(=O)c2ccccc2F)cc1,4.900000142057633,0.0,1,CHEMBL613086,CHEMBL3637832
CHEMBL5413205,O=C(O)C1CSc2c(C3CC3)c(-c3cc(-c4ccc5ccccc5c4)no3)cc(=O)n21.c1c[nH]cn1,5.807474059164673,0.6948558016421398,2,CHEMBL360,CHEMBL5363916
CHEMBL3088175,Cc1csc(C(C)(O)c2nnc(Nc3ncn(Cc4c(F)cccc4F)n3)s2)n1,7.522878745280337,0.0,1,CHEMBL1849,CHEMBL3089491
CHEMBL5200480,CC(C)c1ccc(C(=O)c2c(N)c(C(N)=O)c3ccccn23)cc1,5.236572006437063,0.0,1,CHEMBL6070,CHEMBL5148669
CHEMBL1916854,N=C(NO)N1N=C(c2ccccc2O)C[C@H]1c1ccc(O)cc1,4.492739730621038,0.3296751771135104,2,CHEMBL360,CHEMBL1918205
CHEMBL4462089,CN(O)C(=O)CS(=O)(=O)C(c1cc(F)cc(F)c1)P(=O)(O)O,4.356547323513812,0.0,1,CHEMBL5630,CHEMBL4407818
CHEMBL5421734,CCNc1ccc(F)c(Nc2c(CC)cccc2CC)n1,4.920818753952375,0.0,1,CHEMBL5465373,CHEMBL5363735
CHEMBL1451216,O=C1C=CC=CC1=C1c2cc(O)c(O)cc2Oc2cc(O)c(O)cc21,5.6777807052660805,0.0,1,CHEMBL1938225,CHEMBL1942013
CHEMBL4541826,CC1(c2ccc(C(N)=O)cc2)NC(=O)N(CC(=O)c2ccc(F)cc2F)C1=O,5.200000237109354,0.0,1,CHEMBL3804751,CHEMBL4406692
CHEMBL3637806,COc1ccc(Nc2nc(N[C@@H]3CCNC3)nc3cc[nH]c(=O)c23)cc1NC(=O)c1ccccc1,5.300000202445418,0.0,1,CHEMBL613086,CHEMBL3637832
CHEMBL460104,O=S(=O)(c1ccc(Cl)cc1)c1cc(O)c2ccccc2c1O,8.442492798094342,0.0,1,CHEMBL3640,CHEMBL1010089
CHEMBL3764614,Cc1nc2sccn2c1C(=O)N/N=C/c1ccc(C(F)(F)F)cc1,6.173925197299173,0.0,1,CHEMBL6069,CHEMBL3766329
CHEMBL4544750,COc1cc(OC)cc(C(SCC(=O)NO)P(=O)(O)O)c1,4.356547323513812,0.0,1,CHEMBL5630,CHEMBL4407818
CHEMBL5416636,CSc1ccc2nc(C)cc(Nc3ccc(N4CCCCC4)cc3)c2c1,6.0,0.0,1,CHEMBL1849,CHEMBL5387352
CHEMBL5190515,CCS(=O)(=O)N1N=Cc2ccc(Oc3ccc(C(F)(F)F)cc3/C=N/O)cc2B1O,7.522878745280337,0.4771212547196626,3,CHEMBL360,CHEMBL5105162
CHEMBL3628527,CCN1CCN(CCCNc2ccc(Nc3c(C(=O)O)cnc4ccc(OC)cc34)cc2)CC1,6.031517051446065,0.0,1,CHEMBL3430898,CHEMBL3630322
CHEMBL1916852,N=C(N)N1N=C(c2ccccc2O)C[C@H]1c1ccc(O)cc1,4.546832479097454,0.0763883458634548,2,CHEMBL360,CHEMBL1918205
CHEMBL203125,O=CN(O)CCCP(=O)(O)O,7.096910013008056,0.7403626894942441,7,CHEMBL5630,CHEMBL937902
CHEMBL3984076,CCn1cnc(S(=O)(=O)N2CCC(C(=O)Nc3ccc4c(c3)OCCO4)CC2)c1,5.570247719997592,0.0,1,CHEMBL3988585,CHEMBL3887425
CHEMBL216689,O=C(Nc1cc(-c2ccccc2)c(O)c(-c2ccccc2)c1)C1CC(=O)N(C2CCCCC2)C1,6.853871964321762,0.0,1,CHEMBL1849,CHEMBL907779
CHEMBL4444048,CCOC(=O)C1=C(C)Oc2nc(C)n(Cc3cn([C@@H]4O[C@H](COC(C)=O)[C@@H](OC(C)=O)[C@H](OC(C)=O)[C@H]4OC(C)=O)nn3)c(=O)c2C1c1cccc(OC)c1,4.549135307620234,0.0,1,CHEMBL4295521,CHEMBL4372872
CHEMBL5277619,COc1cccc(-c2ccnc(Nc3ccc(N4CCN(C)CC4)c(C(F)(F)F)c3)n2)c1,5.180456064458132,0.0,1,CHEMBL1908385,CHEMBL5229239
CHEMBL554747,CC(C)C[C@H](NC(=O)c1cc(C23CC4CC(CC(C4)C2)C3)c2ccccc2n1)C(=O)NN,5.529999886197673,0.0,1,CHEMBL360,CHEMBL1030449
CHEMBL4291138,Cc1c(CN2CCOCC2)cc(-c2ccc(C(C)C)cc2)n1-c1ccc(N(C)C)cc1,5.6020599913279625,0.0,1,CHEMBL360,CHEMBL4255037
CHEMBL3290356,COc1cnc2ccc(=O)n(CCN3CC[C@H](NCc4ccc5c(n4)NC(=O)CO5)[C@H](F)C3)c2c1,6.769551078621726,0.0,1,CHEMBL3430898,CHEMBL3294030
CHEMBL3403268,Cc1cc(N2CCC(NC(=S)Nc3ccc(Cl)cc3)CC2)c2ccccc2n1,5.090443970758825,0.0,1,CHEMBL3430898,CHEMBL3405737
CHEMBL1762034,CCCCCCN1C[C@H]2[C@@H]3CC[C@H](C(=O)N(CC)CC)[C@@]3(C)CC[C@@H]2[C@@]2(C)CCC(=O)C=C12,3.8068754016455375,0.0,1,CHEMBL1744528,CHEMBL1764602
CHEMBL583309,O=C(N/N=C\C=C\c1ccccc1)c1ccc(N2CCOCC2)cc1,0.0876999999982735,0.0,1,CHEMBL360,CHEMBL1040362
CHEMBL5283475,CN1CCN(c2ccc(Nc3nccc(-c4ccccc4)n3)cc2C(F)(F)F)CC1,5.337242168318426,0.0,1,CHEMBL1908385,CHEMBL5229239
CHEMBL1254805,CCCCCCCCCCCCc1cccc(C2(O)NC(=O)c3c[n+](CC(=O)OCC)ccc32)c1.[Br-],4.4089353929735005,0.0,1,CHEMBL360,CHEMBL1250924
CHEMBL4469657,O=S(=O)(Nc1ccc(-c2nc3ccccc3o2)cc1)c1ccccc1O,4.508638306165727,0.0,1,CHEMBL4295521,CHEMBL4388634
CHEMBL3330942,O=C(NNC(=S)Nc1ccccc1)c1cc(C23CC4CC(CC(C4)C2)C3)c2ccccc2n1,4.0,0.0,1,CHEMBL360,CHEMBL3380429
CHEMBL5415028,O=C(O)c1ccc(-c2ccc(C(F)(F)F)cc2C(F)(F)F)o1,4.882728704344236,0.0,1,CHEMBL360,CHEMBL5330224
CHEMBL3884677,O=C1C(=O)N(CCN2CCN(NCc3cccc(Cl)c3Cl)CC2)c2ccccc21,5.318758762624412,0.0,1,CHEMBL3430898,CHEMBL3875318
CHEMBL3125236,CCc1cc(C(=O)N[C@@H]2C[C@@H](C(=O)NC3CCOC3=O)N(C(=O)c3coc4ccccc34)C2)n(C)n1,7.096910013008056,0.0,1,CHEMBL1849,CHEMBL3132000
CHEMBL5592442,O=S(=O)(O)OC[C@H]1OC(O)[C@H](O)[C@@H]1O,3.9208187539523753,0.0,1,CHEMBL1770044,CHEMBL5580308
CHEMBL3637795,Nc1ccc(C(O)CNCCc2ccccc2)cc1O,5.700000503883016,0.0,1,CHEMBL613086,CHEMBL3637832
CHEMBL4277084,Cc1c(CN2CCOCC2)cc(-c2ccc(C(C)C)cc2)n1Cc1ccc(F)cc1,6.795880017344075,0.0,1,CHEMBL360,CHEMBL4255037
CHEMBL3394155,CCNC(=O)Nc1ccc(-c2cc(-c3cccc(OC)c3)[nH]c(=O)c2C#N)cc1,6.6020599913279625,0.0,1,CHEMBL2361,CHEMBL3396196
CHEMBL2323585,CC/C(C)=C1\OC(=O)[C@H](C)[C@H](O)[C@H](Cc2cccnc2)NC(=O)[C@@H](NC(=O)c2ncccc2O)[C@@H](C)OC1=O,5.343277314786793,0.242857130340873,2,CHEMBL1849,CHEMBL3089494
CHEMBL3401168,CCCCCCCCCCCCCCCCOP1(=O)OCCC(C(=O)OC)=C(C)O1,-1.0934216851622351,0.0,1,CHEMBL360,CHEMBL5113643
CHEMBL3612347,O=C(Cn1ccnc1[N+](=O)[O-])Nc1ccc(Oc2ccc(Cl)cc2)cc1,4.285285367809106,0.6780360975003754,4,CHEMBL360,CHEMBL4179593
CHEMBL3628441,COc1ccc2ncc(C(=O)NN)c(Nc3ccc(OCCCN4CCOCC4)cc3)c2c1,4.982549270489463,0.0,1,CHEMBL3430898,CHEMBL3630322
CHEMBL3358491,Cc1nc([N+](=O)[O-])cn1CCCNC(=O)c1sc2ccccc2c1Cl,3.7569619513137056,0.0,1,CHEMBL360,CHEMBL4179593
CHEMBL2325750,CCOC(=O)[C@H](Cc1ccccc1)NP(=O)(COCC(COCP(=O)(N[C@@H](Cc1ccccc1)C(=O)OCC)N[C@@H](Cc1ccccc1)C(=O)OCC)Cn1cnc2c(=O)[nH]cnc21)N[C@@H](Cc1ccccc1)C(=O)OCC,5.301029995663981,0.0,1,CHEMBL360,CHEMBL2422789
CHEMBL5430226,COc1ccc(-c2nnc(C(=O)NCCc3ccc(C(=O)N4CC(OC)C4)cc3)o2)cc1OC,5.853871964321762,0.0,1,CHEMBL4105939,CHEMBL5375438
CHEMBL5282031,COc1ccc(C2CCN(C(=O)CCC(F)(F)F)CC2)cn1,8.0,0.0,1,CHEMBL360,CHEMBL5246902
CHEMBL3490831,COc1cc(C(=O)Nc2nc(C)no2)cc(OC)c1Br,4.597432951770124,0.1590785422274532,2,CHEMBL360,CHEMBL4649971
CHEMBL3329647,COc1ccc(NC(=O)NNC(=O)c2cc(C34CC5CC(CC(C5)C3)C4)c3ccccc3n2)cc1,5.430000267796054,0.0,1,CHEMBL360,CHEMBL3380429
CHEMBL3794154,Cc1ccc2c(c1)[n+]([O-])c(C(=O)/C=C/c1ccccc1)c(C)[n+]2[O-],5.142667503568732,0.0,1,CHEMBL360,CHEMBL3796292
CHEMBL3262462,CCOC(=O)NC(=O)c1ccsc1NC(=O)c1nc2ccccc2s1,7.275724130399211,0.0,1,CHEMBL3804751,CHEMBL5144258
CHEMBL1946285,O=C(/C=C/c1ccc(Cl)c(Cl)c1)c1ccc2c(c1)OCO2,3.821023052706831,0.0,1,CHEMBL4542,CHEMBL1948973
CHEMBL44884,CC[C@@H](CO)NCCN[C@@H](CC)CO,5.903089986991944,0.9208187539523748,3,CHEMBL360,CHEMBL3796292
CHEMBL3330932,O=C(NNC(=O)c1c(F)c(F)c(F)c(F)c1F)c1cc(C23CC4CC(CC(C4)C2)C3)c2ccccc2n1,5.779999190713337,0.0,1,CHEMBL360,CHEMBL3380429
CHEMBL3956648,CC(C)c1ccc(NC(=O)C2CCN(S(=O)(=O)c3cn(C(C)C)cn3)CC2)cc1,5.542118103266008,0.0,1,CHEMBL3988585,CHEMBL3887425
CHEMBL1346055,O=C(O)c1ccc(-n2cccc2/C=C2/NC(=O)N(c3cccc(Cl)c3)C2=O)cc1,4.175288556535266,0.0,1,CHEMBL1293297,CHEMBL1614471
CHEMBL3503540,CC(C)Nc1nc2c(cc1C(=O)NCC1CC1)CCNCC2.O=C(O)C(F)(F)F.O=C(O)C(F)(F)F,4.71040996658871,0.008471485274426,2,CHEMBL4105939,CHEMBL4649965
CHEMBL463791,Cc1c(C(=O)/C=C/c2ccc(Br)cc2)[n+]([O-])c2ccccc2[n+]1[O-],5.430626090384954,0.0,1,CHEMBL360,CHEMBL1251034
CHEMBL5284573,O=C(CCC(F)(F)F)N1CC(c2ccc(F)cc2F)C1,8.0,0.0,1,CHEMBL360,CHEMBL5246902
CHEMBL3403280,Cc1cc(N2CCC(NC(=S)Nc3ccc(Cl)cc3)CC2)c2cc(F)ccc2n1,4.667561540084395,0.0,1,CHEMBL3430898,CHEMBL3405737
CHEMBL4125737,Fc1ccccc1-c1cc(CNCc2ccccc2)c2cnc3cc(Br)ccc3n12,4.267606240177032,0.0,1,CHEMBL1849,CHEMBL4122774
CHEMBL585761,OC[C@H]1O[C@@H](n2ccc3c(-c4cccs4)ncnc32)[C@H](O)[C@@H]1O,7.337242168318426,0.0,1,CHEMBL4105883,CHEMBL3135672
CHEMBL3884595,O=c1nc(N2CCN(C(=S)Nc3ccc([N+](=O)[O-])cc3)CC2)sc2ccc(Cl)cc12,5.205511953340831,0.0,1,CHEMBL3430898,CHEMBL3875318
CHEMBL3739706,COc1cnc2ccc(=O)n(CCN3CCN(C(=O)Nc4ccc(F)cc4)CC3)c2c1,4.935167780261426,0.0,1,CHEMBL3430898,CHEMBL3745429
CHEMBL4283055,COc1ccc(/C=C/C(=O)OC[C@]23CC[C@@H](C)[C@H](C)[C@@H]2C2=CC[C@@H]4[C@@]5(C)CCCNC(C)(C)[C@@H]5CC[C@@]4(C)[C@]2(C)CC3)cc1,5.7447274948966935,0.0,1,CHEMBL360,CHEMBL4252975
CHEMBL3330936,O=C(NNC(=O)c1cc(C23CC4CC(CC(C4)C2)C3)c2ccccc2n1)c1cccc(C(F)(F)F)c1,5.239999952707271,0.0,1,CHEMBL360,CHEMBL3380429
CHEMBL5281046,O=C(CCC(F)(F)F)N1CCC(c2ccncc2F)CC1,8.0,0.0,1,CHEMBL360,CHEMBL5246902
CHEMBL3493579,Cc1nc(C)n(C2CCCN(C(=O)c3nc(C)n4ccccc34)C2)n1,4.97655686440096,0.1603702446059287,2,CHEMBL4105939,CHEMBL4649965
CHEMBL584541,OC[C@H]1O[C@@H](n2cc(F)c3c(-c4ccccc4)ncnc32)[C@H](O)[C@@H]1O,5.412505174796333,2.572929659079372,2,CHEMBL360,CHEMBL3135671
CHEMBL1306005,CSc1nnc(SCc2nc(O)c3c(C)c(C(=O)O)sc3n2)s1,4.118102026426989,0.0,1,CHEMBL1293297,CHEMBL1614471
CHEMBL562056,Nc1ncnc2c1nc(Br)n2[C@@H]1O[C@H](CSSC[C@H]2O[C@@H](n3c(Br)nc4c(N)ncnc43)[C@H](O)[C@@H]2O)[C@@H](O)[C@H]1O,4.721246399047171,0.0,1,CHEMBL6176,CHEMBL1063152
CHEMBL1934963,Oc1ccccc1-c1cc(-c2cn(-c3ccccc3)nc2-c2ccc(F)cc2)[nH]c(=S)n1,5.080722674967011,0.0014455889654314,2,CHEMBL360,CHEMBL1936053
CHEMBL3488771,COc1cc(CNC(c2ccccc2)c2nccn2C)cc(OC)c1,5.617113437442746,0.0,1,CHEMBL360,CHEMBL4649971
CHEMBL3485408,COc1cnc(N2CC(N3CCOCC3)C2)nc1-c1ccnn1C,4.388280644614676,0.2185134569970914,2,CHEMBL4105939,CHEMBL4649965
CHEMBL425475,O=C(N/N=C/c1cccc(O)c1)c1cc(C23CC4CC(CC(C4)C2)C3)c2ccccc2n1,6.83000246293343,0.0,1,CHEMBL360,CHEMBL914626
CHEMBL3497604,Cl.NC1CCc2nc(-c3ccncc3)nc(Nc3cccc(F)c3)c2C1,4.29774614704669,0.0,1,CHEMBL360,CHEMBL4649971
CHEMBL2023358,CC[C@H](C)C(=O)c1c(O)cc(O)cc1OC/C=C(\C)CCC=C(C)C,4.1249387366083,0.0,1,CHEMBL5291569,CHEMBL5247532
CHEMBL3458639,CCCNC(=O)CCNc1cncc(-n2nc(C)cc2C)n1,4.60535833126112,0.1046883234547397,2,CHEMBL4105939,CHEMBL4649965
CHEMBL4206335,COc1ccc(-n2cc(Cn3nc(-c4ccccc4)c4c3CCN(C(=O)Nc3ccccc3)C4)nn2)cc1,5.995678626217358,0.0,2,CHEMBL6069,CHEMBL4192444
CHEMBL4202551,O=C(CCn1cnc([N+](=O)[O-])n1)Nc1cccc(OCc2ccccc2)c1,5.481685552318919,0.8498444750387186,8,CHEMBL360,CHEMBL4179593
CHEMBL3963651,COc1cccc(N(C)S(=O)(=O)c2ccc3[nH]c(=O)c(=O)[nH]c3c2)c1,5.236572006437063,0.0,1,CHEMBL3879870,CHEMBL5732838
CHEMBL4574391,C=Cc1ccc(S(=O)(=O)Nc2ccc3oc(-c4ccccc4)nc3c2)cc1,4.292429823902063,0.0,1,CHEMBL4295521,CHEMBL4388634
CHEMBL572327,OC[C@H]1O[C@@H](n2ccc3c(-c4nccs4)ncnc32)[C@H](O)[C@@H]1O,5.86615723244499,3.5442298630748343,2,CHEMBL360,CHEMBL3135671
CHEMBL3764636,Cc1nc2sc3ccccc3n2c1C(=O)NNC(=O)C1CCCCC1,5.536107011014093,0.0,1,CHEMBL6069,CHEMBL3766329
CHEMBL3437859,COc1cc(CN2CCCCCC2c2cccs2)cc(OC)c1O,4.774147672810375,0.0,1,CHEMBL4662931,CHEMBL4649972
CHEMBL4204151,COc1cccc(-c2c(C(=O)O)noc2-c2ccccc2)c1,4.42021640338319,0.0,1,CHEMBL4295521,CHEMBL4201103
CHEMBL564307,COC(=O)[C@H](CC(C)C)NC(=O)c1cc(C23CC4CC(CC(C4)C2)C3)c2ccccc2n1,5.529999886197673,0.0,1,CHEMBL360,CHEMBL1030449
CHEMBL3310307,Cc1nc2ccccn2c1C(=O)N/N=C/c1ccc(O)cc1,5.125518182300533,0.0,1,CHEMBL6069,CHEMBL3365136
CHEMBL4441087,CC1(c2ccc(S(N)(=O)=O)cc2)NC(=O)N(CC(=O)c2ccc(F)cc2F)C1=O,7.199970640755866,0.0,1,CHEMBL3804751,CHEMBL4406692
CHEMBL5625142,CCCC[C@@H](C(=O)O)N1C(=O)/C(=C/c2ccc(-c3cccc(C(F)(F)F)c3)c(Cl)c2)SC1=S,6.376750709602099,0.0,1,CHEMBL6066201,CHEMBL5622563
CHEMBL4060432,Cc1csc(Nc2ccc(C(C)(C)O)cc2)n1,7.221848749616356,0.0,1,CHEMBL360,CHEMBL4045152
CHEMBL3443231,CCOc1cccc2c1OCC(=O)N(c1ccc(N(C)C)cc1)C2,4.355563577086001,0.0,1,CHEMBL360,CHEMBL4649971
CHEMBL3409435,OC(c1ccc(F)cc1)c1cc(C23CC4CC(CC(C4)C2)C3)c2ccccc2n1,6.499996931948306,0.0,1,CHEMBL360,CHEMBL3412552
CHEMBL3497741,CCC(CN1CCOCC1)n1cncc1-c1ccc2c(c1)CCN2CC.Cl,4.006774707066344,0.0,1,CHEMBL360,CHEMBL4649971
CHEMBL2024343,CC(C)(COP(=O)(O)OP(=O)(O)OC[C@H]1O[C@@H](n2cnc3c(N)ncnc32)[C@H](O)[C@@H]1OP(=O)(O)O)[C@@H](O)C(=O)NCCC(=O)NCCSC(CC(=O)c1cccc(Cl)c1)C(=O)O,4.85078088734462,0.0,1,CHEMBL1275214,CHEMBL2027819
CHEMBL200655,CCCCCCCCCCCCCCC1(C)SC(O)=C(C)C1=O,4.096910013008056,0.0,1,CHEMBL3640,CHEMBL863389
CHEMBL5283919,CCOC(=O)[C@H](Cc1ccccc1)NP(=O)(N[C@@H](Cc1ccccc1)C(=O)OCC)OCOCCN,5.301029995663981,0.0,1,CHEMBL360,CHEMBL5257984
CHEMBL2431011,O=C(CSC(c1ccccc1)P(=O)(O)O)NO,4.823908740944319,0.0,1,CHEMBL5630,CHEMBL2434044
CHEMBL5630926,CCOC(=O)C1=C(C)Oc2nc(C)n(Cc3cn([C@@H]4O[C@H](COC(C)=O)[C@@H](OC(C)=O)[C@H](OC(C)=O)[C@H]4OC(C)=O)nn3)c(=O)c2C1c1cc(OC)c(OC)c(OC)c1,5.806875401645538,0.0,1,CHEMBL4295521,CHEMBL5622586
CHEMBL4081630,CCCCc1ccc(Nc2nc(C(C)(C)C(=O)O)cs2)cc1,6.853871964321762,0.0,1,CHEMBL360,CHEMBL4045152
CHEMBL4448007,O=S(=O)(Nc1ccc2oc(-c3ccccc3)nc2c1)c1ccc(C(F)(F)F)cc1,4.585026652029182,0.0,1,CHEMBL4295521,CHEMBL4388634
CHEMBL3754162,Cc1ccc(NC(=S)Nc2ccc(Nc3c4ccccc4nc4ccc(Cl)cc34)cc2)cc1,4.4698003017969175,0.0,1,CHEMBL3430898,CHEMBL3758003
CHEMBL4246612,CC[C@H](C)[C@@H]1NC(=O)[C@@H](CC(C)C)NC(=O)[C@H](CC(C)C)NC(=O)[C@H](Cc2c[nH]c3ccccc23)NC(=O)[C@@H](CCCNC(=N)N)NC(=O)[C@H](CC(N)=O)NC1=O,6.698970004336019,0.0,1,CHEMBL360,CHEMBL4234483
CHEMBL1571914,N#Cc1c(-c2ccco2)cc(C2CC2)nc1N,5.8449677712090296,0.0,1,CHEMBL1287620,CHEMBL2354305
CHEMBL250819,CC1=C(O)C(C)(Cc2ccc(-c3ccc(-c4ccccc4)cc3)cc2)SC1=O,4.167491087293763,0.0,1,CHEMBL3640,CHEMBL940953
CHEMBL3747112,COc1cc(CCc2ccccc2O)cc(OC)c1OC,3.747146969020106,0.0,1,CHEMBL360,CHEMBL3750542
CHEMBL373945,O=C(N/N=C/c1cccnc1)c1cc(C23CC4CC(CC(C4)C2)C3)c2ccccc2n1,4.869999962200743,0.0,1,CHEMBL360,CHEMBL914626
CHEMBL5634062,O=c1ccc2ccc(OCc3cnnn3Cc3ccc(Oc4ccccc4)c(O)c3)cc2o1,6.200659450546418,0.0,1,CHEMBL1849,CHEMBL5626588
CHEMBL4590127,CC1(c2ccc(S(N)(=O)=O)cc2)NC(=O)N(CC(=O)C2CCCCC2)C1=O,6.699991797446187,0.0,1,CHEMBL3804751,CHEMBL4406692
CHEMBL1462803,N#C/C(=C\c1ccco1)c1nc2ccccc2s1,4.789681480173768,0.0,1,CHEMBL2259247,CHEMBL4178649
CHEMBL3764292,Cc1nc2sccn2c1C(=O)N/N=C/c1ccc(Br)cc1,5.920818753952375,0.0,1,CHEMBL6069,CHEMBL3766329
CHEMBL3394245,C[S+]([O-])c1cc(-c2cccc(OC(F)(F)F)c2)[nH]c(=O)c1C#N,6.619788758288394,0.0,1,CHEMBL2361,CHEMBL3396196
CHEMBL5080306,CC(=O)c1c(-c2ccc(O)cn2)oc2ccc(O)c(CN3CCCC3)c12,6.6020599913279625,0.0,1,CHEMBL4105939,CHEMBL5038057
CHEMBL505210,O=c1cc(Cc2ccccc2)[nH]c2c(-c3ccc(Cl)cc3)cnn12,3.9427143555817854,0.0,1,CHEMBL5091,CHEMBL989742
CHEMBL5427566,COc1ccc(-c2noc(C(=O)NC(C#N)Cc3ccccc3)n2)cc1OC,6.522878745280337,0.0,1,CHEMBL4105939,CHEMBL5375438
CHEMBL5085116,CNC(=O)c1c(-c2ccc(O)c(C)c2)oc2ccc(O)c(CN3CCC4(COC4)C3)c12,6.823908740944319,0.0,1,CHEMBL4105939,CHEMBL5038057
CHEMBL3330941,O=C(NNC(=O)c1cc(C23CC4CC(CC(C4)C2)C3)c2ccccc2n1)c1ccc2ccccc2c1,5.330000131185909,0.0,1,CHEMBL360,CHEMBL3380429
CHEMBL3125281,CCc1cc(C(=O)N[C@@H]2C[C@@H](C(=O)NCC(F)(F)F)N(C(=O)c3coc4ccccc34)C2)n(C)n1,7.337242168318426,0.0,1,CHEMBL1849,CHEMBL3132000
CHEMBL240531,Cc1cccc(C(=O)N2CCC(Cc3ccccc3)CC2)c1,5.131355561605174,0.0,1,CHEMBL1849,CHEMBL899381
CHEMBL4205529,N#C/C(=C\c1ccc(-c2ccc(C(=O)O)cc2)o1)c1nc2ccccc2s1,4.852014679316195,0.0,1,CHEMBL2259247,CHEMBL4178649
CHEMBL414086,CN(Cc1c2ccccc2cc2ccccc12)C(=O)C1CC(=O)N(C2CCCCCCC2)C1,6.351229166090921,0.2872417111783472,2,CHEMBL360,CHEMBL1228528
CHEMBL1934951,O=C(c1ccccc1)N1N=C(c2cccc([N+](=O)[O-])c2)C[C@@H]1c1cn(-c2ccccc2)nc1-c1ccc(F)cc1,4.371112321956164,0.0022246056290651,2,CHEMBL360,CHEMBL1936053
CHEMBL3394241,CCCc1cc2[nH]c(=O)c(C#N)c(-c3ccccc3)c2c(C)n1,6.0,0.0,1,CHEMBL2361,CHEMBL3396196
CHEMBL1385690,CCCC(=O)OCCNc1cc(Sc2nccn2C)c2nonc2c1[N+](=O)[O-],3.86735614902692,0.0,1,CHEMBL1293297,CHEMBL1614471
CHEMBL3883228,O=c1nc(N2CCN(C(=S)Nc3ccc([N+](=O)[O-])cc3)CC2)sc2ccc([N+](=O)[O-])cc12,5.586700235918748,0.0,1,CHEMBL3430898,CHEMBL3875318
CHEMBL1488925,N=C1/C(=C\c2ccc(-c3ccc(C(=O)O)cc3)o2)C(=O)N=C2SC=C(c3ccccc3)N12,3.73969005420508,0.0,1,CHEMBL1293297,CHEMBL1614471
CHEMBL388931,CSc1ncnc2c1ncn2[C@@H]1O[C@H](CO)[C@@H](O)[C@H]1O,5.638272163982407,0.0,1,CHEMBL4523271,CHEMBL4394894
CHEMBL1926727,CCOC(=O)Nc1nc(NCCCCN(CC)CC)c2c(n1)SC(c1ccccc1)C(c1ccccc1)=N2,4.335358024443875,0.0,1,CHEMBL4213,CHEMBL1931925
CHEMBL1709376,COc1ccc(-c2cc(-c3ccccc3)c(C#N)c(SCC(=O)O)n2)cc1,5.869988050328096,0.0,1,CHEMBL1287620,CHEMBL2354305
CHEMBL1288972,O=C(/C=C/c1ccc(Cl)cc1)c1ccc2c(c1)OCO2,3.9318141382538383,0.0,1,CHEMBL4542,CHEMBL1948973
CHEMBL3330965,CC(C)(C)c1ccc(NC(=O)NNC(=O)c2cc(C34CC5CC(CC(C5)C3)C4)c3ccccc3n2)cc1,4.65000002688118,0.0,1,CHEMBL360,CHEMBL3380429
CHEMBL3355788,CCOC(=O)c1cc2cc(N3CCN(C(=O)NCc4ccc(Cl)cc4)CC3)ccc2o1,5.79317412396815,0.0,1,CHEMBL3430898,CHEMBL3390735
CHEMBL1777913,Cc1c(/C=N/NC(=O)c2ccncc2)[n+]([O-])c2ccccc2[n+]1[O-],5.931814138253839,0.0,1,CHEMBL360,CHEMBL1781055
CHEMBL3980253,O=S(=O)(Nc1ccc(-c2nc3cc(NS(=O)(=O)c4ccc5nsnc5c4)ccc3o2)cc1)c1ccc2nsnc2c1,5.1938200260161125,0.0,1,CHEMBL4295521,CHEMBL4388634
CHEMBL3331416,Cc1ccccc1N(Cc1cn(CC(=O)c2ccccc2)nn1)C1=CC(=O)c2ccccc2C1=O,4.718739312944988,0.0,1,CHEMBL360,CHEMBL3367829
CHEMBL389450,CCCCCCNNC(=O)c1cc(C23CC4CC(CC(C4)C2)C3)c2ccccc2n1,5.32000008377078,0.0,1,CHEMBL360,CHEMBL914626
CHEMBL1451018,Cc1cc(OCC(=O)NCCc2ccc(S(N)(=O)=O)cc2)c2c(C)c(C)c(=O)oc2c1,5.959793372425289,0.0,1,CHEMBL1287620,CHEMBL2354305
CHEMBL227966,O=C(NN(CCc1ccccc1)CCc1ccccc1)c1cc(C23CC4CC(CC(C4)C2)C3)c2ccccc2n1,5.019999811738259,0.0,1,CHEMBL360,CHEMBL914626
CHEMBL263646,CCCCCCc1ccc(Oc2cccc(NC(=O)C(=O)O)c2)c(O)c1,6.236572006437063,0.0,1,CHEMBL1849,CHEMBL936672
CHEMBL241243,CCOc1c(C)cc(Cl)c2c1C(=O)C=CC2=O,4.499994993483784,6.806189987016318,2,CHEMBL360,CHEMBL3077583
CHEMBL4094973,Cc1cn(C2CCN(Cc3cc(Oc4ccccc4)c4ccccc4n3)CC2)c(=O)[nH]c1=O,4.487983030503873,0.0,1,CHEMBL360,CHEMBL4024194
CHEMBL468963,CN1CCN(c2ccc(Nc3nccc(-c4cnn5ncccc45)n3)cc2C(F)(F)F)CC1,5.823908740944319,0.0,1,CHEMBL1908385,CHEMBL5229239
CHEMBL4087944,Cl.NCC1OB(O)c2c(OCCF)ccc(Br)c21,6.585026652029182,0.0,1,CHEMBL4105844,CHEMBL4020311
CHEMBL2259941,CCOC(=O)CC(C1O[C@H]2OC(C)(C)O[C@H]2[C@@H]1OCc1ccccc1)N(Cc1ccccc1)C(=O)Nc1ccc(Cl)cc1,5.015472686656207,0.0,1,CHEMBL2259249,CHEMBL3055275
CHEMBL4800574,O=[N+]([O-])c1ccc(NC(=S)NCc2ccccc2Cl)cc1,4.752026733638194,0.0,1,CHEMBL1849,CHEMBL4770222
CHEMBL4458221,O=S(=O)(Nc1ccc2oc(-c3ccccc3)nc2c1)c1cccc(O)c1,4.008773924307505,0.0,1,CHEMBL4295521,CHEMBL4388634
CHEMBL5400618,CC(C)=CCC/C(C)=C/CNCCNC1C2CC3CC(C2)C(O)C1C3,5.376750709602099,0.0,1,CHEMBL360,CHEMBL5333912
CHEMBL3931964,CN(c1ccc2ccccc2c1)S(=O)(=O)c1ccc2[nH]c(=O)c(=O)[nH]c2c1,9.619788758288394,0.0,1,CHEMBL3879870,CHEMBL5732838
CHEMBL6163545,COc1cc2c(cc1O)[n+]([O-])c1ccccc1[n+]2[O-],4.954677021213342,0.0,1,CHEMBL360,CHEMBL6154546
CHEMBL4076065,CCCCc1ccc(Nc2nc(CC(=O)O)c(Cl)s2)cc1,5.251811972993799,2.8872957198087112,5,CHEMBL360,CHEMBL4045152
CHEMBL607357,O=C(C1CC1)N(O)CCCP(=O)(O)O,3.8068754016455375,0.0,1,CHEMBL5630,CHEMBL2412049
CHEMBL3941245,Cc1ccc2nc(NC(=O)C3CCN(S(=O)(=O)c4cn(C(C)C)cn4)CC3)sc2c1,5.295849483160201,0.0,1,CHEMBL3988585,CHEMBL3887425
CHEMBL3885269,O=c1nc(N2CCN(Cc3ccc(Cl)cc3)CC2)sc2ccc(Cl)cc12,4.916855856856948,0.0,1,CHEMBL3430898,CHEMBL3875318
CHEMBL3793955,CCC(C)[C@H](CNC)N1CCN(CCC23CC4CC(CC(C4)C2)C3)[C@H](C(C)C)C1,4.42712839779952,0.0,1,CHEMBL360,CHEMBL3796194
CHEMBL259880,Oc1cc(CCCc2ccccc2)ccc1Oc1ccc(Cl)cc1Cl,7.301029995663981,0.0,1,CHEMBL360,CHEMBL1228528
CHEMBL5625064,O=C1NC(=S)NC(=O)C1Cc1cc(Br)ccc1OCc1ccc(Cl)cc1,4.649751981665837,0.0,1,CHEMBL6066201,CHEMBL5622585
CHEMBL240739,O=C(c1ccc2[nH]ccc2c1)N1CCN(C(c2ccc(F)cc2)c2ccc(F)cc2)CC1,5.981483029254318,0.0029672628938026,2,CHEMBL360,CHEMBL3073615
CHEMBL227385,O=C(NN(C(=O)c1ccccc1)C(=O)c1ccccc1)c1cc(C23CC4CC(CC(C4)C2)C3)c2ccccc2n1,4.950000175844591,0.0,1,CHEMBL360,CHEMBL914626
CHEMBL600848,C=CCn1c2ccccc2c2nnc(SCn3c(=O)[nH]c4ccccc43)nc21,4.987162775294828,0.0,1,CHEMBL4105851,CHEMBL1071690
CHEMBL519069,O=C(/C=C/c1ccc2ccccc2c1)c1ccc(Br)cc1,4.6020599913279625,0.0,1,CHEMBL4540,CHEMBL1948974
CHEMBL3394158,COc1cccc(-c2nc(SC)c(C#N)c(=O)[nH]2)c1,5.096910013008056,0.0,1,CHEMBL2361,CHEMBL3396196
CHEMBL3480961,Cn1cc(-c2ccnc(NCC3CCN(Cc4ccccc4)C3)n2)cn1,4.217764152359405,0.0,1,CHEMBL4105939,CHEMBL4649965
CHEMBL491607,COc1ccc(-c2cc(=O)n3nc(C)c(-c4ccc(Cl)cc4)c3[nH]2)cc1,4.962573502059376,0.0,1,CHEMBL5091,CHEMBL989742
CHEMBL3422256,CN(O)C(=O)CC(CCCCc1ccccc1)CP(=O)([O-])O.[Na+],5.175874166083451,0.0,1,CHEMBL5630,CHEMBL3423799
CHEMBL2017722,CC(C)CCNc1nccc(Nc2cc(C3CC3)[nH]n2)n1,6.450996737974212,0.0,1,CHEMBL1908385,CHEMBL2020901
CHEMBL3754465,Cc1ccc2nc3ccccc3c(Nc3ccc(NC(=S)Nc4ccccc4)cc3)c2c1,5.200659450546418,0.0,1,CHEMBL3430898,CHEMBL3758003
CHEMBL3344195,Clc1ccc(COc2ccc(CNCc3ccncc3)cc2)cc1,5.698970004336019,0.0,1,CHEMBL3879870,CHEMBL5347210
CHEMBL3487390,COCC(=O)N1CCC(c2cc(C(F)(F)F)n3ccnc3n2)CC1,4.493574973471371,0.1071730208489096,2,CHEMBL4105939,CHEMBL4649965
CHEMBL584957,OC[C@H]1O[C@@H](n2cc(F)c3c(-c4ccc[nH]4)ncnc32)[C@H](O)[C@@H]1O,5.747113085823609,2.815577748324268,2,CHEMBL360,CHEMBL3135671
CHEMBL1934968,Fc1ccc(-c2nn(-c3ccccc3)cc2-c2cc(-c3cccs3)nc(=S)[nH]2)cc1,4.648330465784937,0.003339122192485,2,CHEMBL360,CHEMBL1936053
CHEMBL3805943,COc1ccc(NC(=O)COc2cc(C)nc3ccc(OC)cc23)cc1,7.522878745280337,0.0,1,CHEMBL360,CHEMBL5253359
CHEMBL2418568,CN1C(=O)/C(=C/c2ccc(O)cc2)S/C1=N\c1cccc(C(=O)O)c1,7.20342566678957,0.0,1,CHEMBL2321612,CHEMBL2423608
CHEMBL4287041,COCCn1c(-c2ccc(C(C)C)cc2)cc(CN2CCOCC2)c1C,5.87942606879415,0.0,1,CHEMBL360,CHEMBL4255037
CHEMBL3394154,COc1cccc(-c2cc(-c3cccc(N)c3)c(C#N)c(=O)[nH]2)c1,5.920818753952375,0.0,1,CHEMBL2361,CHEMBL3396196
CHEMBL372159,CC(C)C[C@H](Oc1cccc2c(C#N)cc(C(=O)c3ccccc3)n12)C(=O)NC(CC(=O)O)c1ccccc1,4.657577319177793,0.0,1,CHEMBL4540,CHEMBL863943
CHEMBL3763769,Cc1nc2sc3ccccc3n2c1C(=O)N/N=C/c1ccc(Br)cc1,5.991399828238082,0.0,1,CHEMBL6069,CHEMBL3766329
CHEMBL3447705,CC(C)C[C@H](N)COc1cccc(F)c1Oc1cccc(Cl)c1,4.855874016269963,0.0,1,CHEMBL360,CHEMBL4649971
CHEMBL3967651,CCn1cnc(S(=O)(=O)N2CCC(C(=O)Nc3ccc(OC)c(Cl)c3)CC2)c1,5.628932137728264,0.0,1,CHEMBL3988585,CHEMBL3887425
CHEMBL5416260,COc1ccc(-c2noc(C(=O)NC(C#N)Cc3ccc(C(=O)N4CC(OC)C4)cc3)n2)cc1OC,6.3979400086720375,0.0,1,CHEMBL4105939,CHEMBL5375438
CHEMBL3752318,Cc1ccc(S(=O)(=O)Nc2ccc(Nc3c4ccccc4nc4ccccc34)cc2)cc1,5.031517051446065,0.0,1,CHEMBL3430898,CHEMBL3758003
CHEMBL2164257,O=CN(O)CCCP(=O)([O-])O.[Na+],6.867591088495232,0.4586378490256493,2,CHEMBL5630,CHEMBL4407818
CHEMBL3906981,COc1cc(OC)cc(N(C)S(=O)(=O)c2ccc3[nH]c(=O)c(=O)[nH]c3c2)c1,5.130768280269024,0.0,1,CHEMBL3879870,CHEMBL5732838
CHEMBL3125237,CCc1cc(C(=O)N[C@@H]2C[C@@H](C(=O)NCC3CCCO3)N(C(=O)c3coc4ccccc34)C2)n(C)n1,7.346787486224656,0.0,1,CHEMBL1849,CHEMBL3132000
CHEMBL1608811,CCOC(=O)c1[nH]c2cc3c(cc2c1NC(=O)CN1CCc2ccccc2C1)OCO3,6.314580744011219,0.0,1,CHEMBL1287620,CHEMBL2354305
CHEMBL387667,O=C(N/N=C/c1c2ccccc2cc2ccccc12)c1cc(C23CC4CC(CC(C4)C2)C3)c2ccccc2n1,5.200000237109354,0.0,1,CHEMBL360,CHEMBL914626
CHEMBL1452185,O=C1CCCC(=O)C1=NNc1cccc(C(=O)O)c1,3.920601660980145,0.0,1,CHEMBL1293297,CHEMBL1614471
CHEMBL4542758,O=S(=O)(Nc1ccc(-c2nc3ccccc3o2)cc1)c1cccs1,4.318758762624412,0.0,1,CHEMBL4295521,CHEMBL4388634
CHEMBL1409396,Cc1cc2c(SCc3ccccc3Cl)nc(N)nc2nc1C,6.0795583773565935,0.0,1,CHEMBL1287620,CHEMBL2354305
CHEMBL3763613,Cc1nc2sc3ccccc3n2c1C(=O)NNC(=O)c1ccccc1,5.958607314841775,0.0,1,CHEMBL6069,CHEMBL3766329
CHEMBL2012484,CN(O)C(=O)CCCP(=O)(OCOC(=O)C(C)(C)C)OCOC(=O)C(C)(C)C,4.353792387793315,0.0,1,CHEMBL360,CHEMBL4269458
CHEMBL3764864,O=[N+]([O-])c1ccc(-c2csc(N/N=C/c3cc(Br)cc(Br)c3O)n2)cc1,4.0655015487564325,0.0,1,CHEMBL360,CHEMBL3769289
CHEMBL5624636,CCCC[C@@H](C(=O)O)N1C(=O)/C(=C/c2ccc(-c3cccc(Cl)c3)s2)SC1=S,6.356547323513812,0.0,1,CHEMBL6066201,CHEMBL5622563
CHEMBL124117,CC(=O)Nc1cccc(-c2ccc(CC3(C)SC(O)=C(C)C3=O)cc2)c1,3.924453038607469,0.0,1,CHEMBL3640,CHEMBL648364
CHEMBL1934949,O=C(c1ccccc1)N1N=C(c2ccc(F)cc2)C[C@@H]1c1cn(-c2ccccc2)nc1-c1ccc(F)cc1,5.578376897248409,0.0032455423704336,2,CHEMBL360,CHEMBL1936053
CHEMBL333999,CCCCP(=O)(OCC)OCCN1C(=O)c2ccccc2C1=O,4.294820788890476,0.0003425035523765,2,CHEMBL4624,CHEMBL652028
CHEMBL3942669,CN(CC(=O)Nc1ccc(F)cc1)S(=O)(=O)c1cc(Br)cnc1N,5.366531544420414,0.0,1,CHEMBL3988585,CHEMBL3887425
CHEMBL427460,O=C(NNc1ccccc1F)c1cc(C23CC4CC(CC(C4)C2)C3)c2ccccc2n1,6.819988880942282,0.0,1,CHEMBL360,CHEMBL914626
CHEMBL5425768,Brc1cccc(COc2ccc(CNCc3ccccc3)cc2)c1,5.619788758288394,0.0,1,CHEMBL3879870,CHEMBL5347210
CHEMBL2017712,c1ccc2c(Nc3cc(C4CC4)[nH]n3)nc(NC3CCCCC3)nc2c1,6.97061622231479,0.0,1,CHEMBL1908385,CHEMBL2020901
CHEMBL1765364,COC(=O)C1C[C@H]2c3c([nH]c4ccccc34)C[C@@H](C1=O)N2CC1=C(Cl)c2cc(F)ccc2OC1,5.154901959985743,0.0,1,CHEMBL4540,CHEMBL1768070
CHEMBL5431439,Clc1cccc(COc2ccccc2CNCc2cccnc2)c1,5.376750709602099,0.0,1,CHEMBL3879870,CHEMBL5347210
CHEMBL4475625,CC1=CC(=O)[C@H]2/C(C=O)=C\C[C@H]3[C@@H]([C@@H](C)/C=C\[C@@H]4OC4(C)C)CC[C@]3(C)C[C@H]12,4.455931955649724,0.0,1,CHEMBL4295521,CHEMBL4390593
CHEMBL558073,COc1ccc(C(=O)Nc2cc(Cl)ccc2Cl)cc1[N+](=O)[O-],4.860120913598763,0.0,1,CHEMBL1849,CHEMBL1059058
CHEMBL2418551,CC(C)N1C(=O)/C(=C/c2ccc(O)cc2)S/C1=N\c1cccc(C(=O)O)c1,6.852014679316195,0.0,1,CHEMBL2321612,CHEMBL2423608
CHEMBL4517154,COc1ccc(C(=O)CN2C(=O)/C(=C\c3ccccc3OC)SC2=S)cc1,4.774690718274137,0.0,1,CHEMBL1849,CHEMBL4481956
CHEMBL2024338,CC(C)(COP(=O)(O)OP(=O)(O)OC[C@H]1O[C@@H](n2cnc3c(N)ncnc32)[C@H](O)[C@@H]1OP(=O)(O)O)[C@@H](O)C(=O)NCCC(=O)NCCSC(CC(=O)c1ccccc1Cl)C(=O)O,6.987162775294828,0.0,1,CHEMBL1275214,CHEMBL2027819
CHEMBL1409883,CCCNC(=O)c1nnsc1[S+]([O-])c1ccc(Cl)cc1,3.987711260165393,0.0,1,CHEMBL1293297,CHEMBL1614471
CHEMBL5202664,S=C(NCc1ccccc1)Nc1ccc2c(c1)OCCO2,4.94692155651658,0.0,1,CHEMBL360,CHEMBL5144865
CHEMBL3448396,Fc1cccc(Nc2nc(N3CCCC3)nc3c2CNCC3)c1,4.587649846280089,0.0,1,CHEMBL360,CHEMBL4649971
CHEMBL5272330,COc1ccc2nc(C)cc(OCC(=O)Nc3cc(F)cc(F)c3)c2c1,6.3979400086720375,0.0,1,CHEMBL360,CHEMBL5253359
CHEMBL3355802,O=C(NCc1ccc(Cl)cc1)N1CCN(c2nsc3ccccc23)CC1,5.449771646944906,0.0,1,CHEMBL3430898,CHEMBL3390735
CHEMBL3409425,CC(C)(C)C1CCC(c2cc(C(=O)NN)nc3ccccc23)CC1,6.459996055149973,0.0,1,CHEMBL360,CHEMBL3412552
CHEMBL3637830,COc1ccc(CN2CCN(C(=O)/C=C/c3csc(C)n3)CC2)cc1,5.300000202445418,0.0,1,CHEMBL613086,CHEMBL3637832
CHEMBL4868908,COc1ccc2nccc(CCN3CCC(NCc4ccc(Br)c(F)c4)CC3)c2n1,6.440093374963888,0.3245110915135036,3,CHEMBL3430898,CHEMBL6077503
CHEMBL5396365,Fc1ccc2c(NCCc3ccc(OC(F)(F)F)cc3)ncnc2c1,6.096910013008056,1.57978359661681,3,CHEMBL613086,CHEMBL5346686
CHEMBL3637811,COc1ccc(Nc2ncccc2N)cc1,6.0999990348465305,0.0,1,CHEMBL613086,CHEMBL3637832
CHEMBL3922732,CN(C(=O)Cc1cccs1)c1nc2c(s1)CCc1c-2cnn1C,5.539102157243452,0.0,1,CHEMBL3988585,CHEMBL3887425
CHEMBL223111,C=CCN(CC=C)NC(=O)c1cc(C23CC4CC(CC(C4)C2)C3)c2ccccc2n1,4.259999979340046,0.0,1,CHEMBL360,CHEMBL914626
CHEMBL3323162,CCOC(=O)c1cc2cc(N3CCN(C(=O)c4cccc5ccccc45)CC3)ccc2o1,5.443697499232712,0.0,1,CHEMBL3430898,CHEMBL3367585
CHEMBL4456557,Cc1ccc(O)c(C2=NNC(c3cn(-c4ccc(F)cc4)nc3-c3sc(C)nc3C)C2)c1,4.9255492810454085,1.0318534741412373,3,CHEMBL360,CHEMBL4393104
CHEMBL4526166,CC(C)(C)C(=O)Oc1cc(F)ccc1C(=O)CN1C(=O)NC(C)(c2ccc(C#N)cc2)C1=O,5.300000202445418,0.0,1,CHEMBL3804751,CHEMBL4406692
CHEMBL1449923,CCOC(=O)c1c(NS(=O)(=O)c2ccccc2)n(CCCOC)c2nc3ccccc3nc12,5.882728704344236,0.0,1,CHEMBL3988585,CHEMBL3887425
CHEMBL3764865,Cc1nc2sc3ccccc3n2c1C(=O)NNC(=O)c1ccc(Oc2ccccc2)cc1,6.275724130399211,0.0,1,CHEMBL6069,CHEMBL3766329
CHEMBL331729,CC1=C(O)C(C)(Cc2ccc(F)cc2F)SC1=O,3.6090648928966207,0.0,1,CHEMBL3640,CHEMBL648364
CHEMBL4591732,O=C(O)c1nc2ccc(C(F)(F)F)cc2nc1NCc1ccc(Cl)cc1,7.301029995663981,0.0,1,CHEMBL3804751,CHEMBL4371330
CHEMBL4282819,C/C(=N\O)[C@@H]1CC[C@]2(CO)CC[C@]3(C)[C@H](CC[C@@H]4[C@@]5(C)CCCNC(C)(C)[C@@H]5CC[C@]43C)[C@@H]12,4.366531544420414,0.0,1,CHEMBL360,CHEMBL4252975
CHEMBL1230587,O=C(O)C(=O)N(Cc1cccc(Cl)c1)Cc1ccc(S(=O)(=O)NCCC(c2ccccc2)c2ccccc2)s1,6.356547323513812,0.0,2,CHEMBL4540,CHEMBL1768070
CHEMBL4067937,CCCCOc1ccc(Br)c2c1B(O)O[C@@H]2CN.Cl,6.698970004336019,0.0,1,CHEMBL4105844,CHEMBL4020311
CHEMBL1269410,COC(=O)/C=C1\Nc2ccc(C)cc2OC1=O,4.739928612014925,0.0,1,CHEMBL1275214,CHEMBL1274290
CHEMBL4242349,CC[C@H](C)[C@@H]1NC(=O)[C@@H](CC(C)C)NC(=O)[C@H](CC(C)C)NC(=O)[C@H](Cc2c[nH]c3ccccc23)NC(=O)[C@@H](CCCN)NC(=O)[C@H](CC(N)=O)NC1=O,6.096910013008056,0.0,1,CHEMBL360,CHEMBL4234483
CHEMBL119480,CCCCCCCCCP(=O)(O)OCC,3.3266979528790808,9.214722566763813e-06,2,CHEMBL4624,CHEMBL652028
CHEMBL1325440,Cc1ccc(/C=C2/C(=O)c3ccc(C(=O)O)cc3C2=O)o1,3.7583041318601897,0.0,1,CHEMBL1293297,CHEMBL1614471
CHEMBL236615,N#C/C(=C\c1ccc(-c2ccc(C(=O)O)cc2)o1)c1nc2ccccc2[nH]1,4.289628735739237,0.0,1,CHEMBL1293297,CHEMBL1614471
CHEMBL4279264,CC(=O)Nc1ccc(-c2cc(CN3CCOCC3)c(C)n2-c2ccc(F)cc2)cc1,5.481486060122113,0.0,1,CHEMBL360,CHEMBL4255037
CHEMBL3125274,CCc1cc(C(=O)N[C@@H]2C[C@@H](C(=O)OC)N(C(=O)c3coc4ccccc34)C2)n(C)n1,6.667561540084395,0.0,1,CHEMBL1849,CHEMBL3132000
CHEMBL3099415,Cc1ccc(-c2cnnc(N3CCC(c4cccc(OCc5ccccc5)c4)C3)n2)o1,4.199282921717615,0.0,1,CHEMBL3137292,CHEMBL3101912
CHEMBL4647367,O=C(O)C(=O)Nc1ccc(C#Cc2ccc(C(F)(F)F)cc2Cl)cc1,7.897940008672037,2.9262137858390806,8,CHEMBL4295521,CHEMBL4626292
CHEMBL5220490,O=C1NC(=S)NC(=O)C1=Cc1cc(-c2cc(Cl)c(O)c(Cl)c2)ccc1OCc1cc(F)cc(F)c1,5.274088367704952,0.0,1,CHEMBL4540,CHEMBL5216850
CHEMBL4798070,O=c1nc(N2CCN(CC3CCCCC3)CC2)sc2c(Cl)cc(C(F)(F)F)cc12,6.036212172654444,0.0,1,CHEMBL3804751,CHEMBL4710418
CHEMBL3121943,NC(=O)c1c(NC(=O)c2ccc([N+](=O)[O-])s2)sc2c1CCN(S(=O)(=O)c1ccc(F)cc1)C2,4.931072388317928,0.0,1,CHEMBL6069,CHEMBL3123111
CHEMBL3754614,Cc1ccc(NC(=S)Nc2ccc(Nc3c4ccccc4nc4ccccc34)cc2)cc1,4.507239610973162,0.0,1,CHEMBL3430898,CHEMBL3758003
CHEMBL4531689,O=S(=O)(Nc1ccc2oc(-c3ccc(NS(=O)(=O)c4ccc(Cl)s4)cc3)nc2c1)c1ccc2ccccc2c1,5.267606240177032,0.0,1,CHEMBL4295521,CHEMBL4388634
CHEMBL3628351,CCOC(=O)c1cnc2ccccc2c1Nc1ccc(NCCCN2CCOCC2)cc1,5.058985756294431,0.0,1,CHEMBL3430898,CHEMBL3630322
CHEMBL3482468,N#Cc1cccc(N2CCC(CO)(CCCc3ccccc3)CC2)n1,4.593760693980879,0.0,1,CHEMBL4105939,CHEMBL4649965
CHEMBL227845,CCCCCCP(=O)(OCC)OCc1cc(OC)c(OC)c(OC)c1,3.993106292052099,0.0,1,CHEMBL4624,CHEMBL915964
CHEMBL1488035,CCn1nc(-c2ccccc2)nc2c(=O)n(C)c(=O)nc1-2,6.638272163982407,0.0,1,CHEMBL3988585,CHEMBL3887425
CHEMBL353640,N#Cc1ccc(C(F)(F)F)cc1N=NNc1cc(C(F)(F)F)ccc1C#N,5.34008379993015,0.0,1,CHEMBL360,CHEMBL3239483
CHEMBL3409445,O=C(c1cc(C23CC4CC(CC(C4)C2)C3)c2ccccc2c1)N1CCCC1,4.879999913868448,0.0,1,CHEMBL360,CHEMBL3412552
CHEMBL3488109,Cc1noc(NC(=O)c2ccc(C#N)cc2)n1,4.413807867559271,0.5182371954758898,2,CHEMBL360,CHEMBL4649971
CHEMBL4638797,O=C(O)C(=O)Nc1cccc(-c2ccccc2)c1,5.075720713938118,0.0,2,CHEMBL4295521,CHEMBL4626292
CHEMBL4167466,CNC(=O)[C@@H]1C[C@H](NC(=O)[C@@H](NC(=O)c2ccc(Cn3cccn3)cc2)[C@@H](C)OC(C)(C)C)CN1C(=O)c1ccccc1,4.920818753952375,0.0,1,CHEMBL1849,CHEMBL4147603
CHEMBL531405,COc1ccc(-c2nc3c(N)nc(N)nc3nc2C(C)C)cc1,7.263603497723357,0.0,1,CHEMBL6065,CHEMBL4146154
CHEMBL4437706,CCCC/C=C1\SC(=O)N(C(C)C(=O)NOCc2ccccc2)C1=O,4.35261702988538,0.0,1,CHEMBL360,CHEMBL4376611
CHEMBL4786399,O=C(Nc1cccc(C(=O)O)c1)Nc1cccc(-c2ccccc2)c1,5.2451299922148085,0.1293478555133544,2,CHEMBL2321612,CHEMBL5262989
CHEMBL199226,O=C(CCCN1CCC(O)(c2ccc(Cl)cc2)CC1)c1ccccc1,5.275724130399211,0.0,1,CHEMBL3879870,CHEMBL5108515
CHEMBL4531772,COc1ccc(S(=O)(=O)Nc2ccc(-c3nc4cc(NS(=O)(=O)c5ccc(Cl)s5)ccc4o3)cc2)cc1,4.958607314841775,0.0,1,CHEMBL4295521,CHEMBL4388634
CHEMBL3577666,C[C@@H]1O[C@@H](O[C@H]2C[C@](C)(O)Cc3cc4c(c(O)c32)C(=O)c2c(O)cccc2C4=O)[C@H](O)[C@H](O)[C@H]1O,6.096910013008056,0.0,1,CHEMBL360,CHEMBL3579500
CHEMBL1269812,Cc1ncnc2c1ccn2[C@@H]1O[C@H](CO)[C@@H](O)[C@H]1O,6.522878745280337,1.4673614174305056,3,CHEMBL360,CHEMBL3129228
CHEMBL240957,O=C(c1ccccc1)N1CCN(C(c2ccc(F)cc2)c2ccc(F)cc2)CC1,5.690184697694299,0.0003702697596059,2,CHEMBL360,CHEMBL3073615
CHEMBL1545432,CCOc1c2ccc(C(=O)NC3CCCc4ccccc43)cc2nn1CC,5.784626847216578,0.0,1,CHEMBL1287620,CHEMBL2354305
CHEMBL36506,CO[C@@H]1[C@@H](OC(N)=O)[C@@H](O)[C@H](Oc2ccc3c(O)c(NC(=O)c4ccc(O)c(CC=C(C)C)c4)c(=O)oc3c2C)OC1(C)C,7.337242168318426,3.486666572625893,11,CHEMBL3430898,CHEMBL3090429
CHEMBL3449965,Cc1cc(C)c2cc(CNCc3cccnc3)c3nn(C)c(=O)n3c2c1,4.228766786264435,0.0,1,CHEMBL4105939,CHEMBL4649965
CHEMBL3828485,CCc1nc(N)nc(N)c1C#C[C@H](C)c1cc(OC)cc(-c2ccc(C(=O)O)cc2)c1,6.752026733638194,0.0,1,CHEMBL6065,CHEMBL5234352
CHEMBL3903813,O=S(=O)(Nc1ccc(-c2nc3cc(NS(=O)(=O)c4ccccc4)ccc3o2)cc1)c1ccccc1,4.7447274948966935,0.0,1,CHEMBL4295521,CHEMBL4388634
CHEMBL3896515,O=C(c1ccc2[nH]ccc2c1)N1CCN(c2cccc(Cl)c2)CC1,5.91721462968355,0.0,1,CHEMBL613086,CHEMBL3880092
CHEMBL4558646,COc1ccc(S(=O)(=O)Nc2ccc(-c3nc4ccccc4o3)cc2)cc1,4.214670164989233,0.0,1,CHEMBL4295521,CHEMBL4388634
CHEMBL3309272,Cc1nc2ccccn2c1C(=O)NNC(=O)c1ccc(Cl)cc1Cl,5.289882634888183,0.0,1,CHEMBL6069,CHEMBL3365136
CHEMBL2418504,COc1ccc(/C=C2\S/C(=N\c3cccc(C(=O)O)c3)N(C)C2=O)cc1OC,7.265200170411153,0.0,1,CHEMBL2321612,CHEMBL2423608
CHEMBL3628444,NNC(=O)c1cnc2ccccc2c1Nc1ccc(NCCCN2CCOCC2)cc1,4.640733835393252,0.0,1,CHEMBL3430898,CHEMBL3630322
CHEMBL4748016,[O-][n+]1c2ccccc2[n+]([O-])c2c(O)cccc21,6.9430283238465815,0.7160033436347994,2,CHEMBL360,CHEMBL6154546
CHEMBL4549877,COc1cc(O)c2c(c1)[C@@]13CC(=C(C)C)C[C@H]1[C@](C)(CCC=C(C)C)[C@@](Br)(C2=O)C3=O,6.1938200260161125,0.0,1,CHEMBL360,CHEMBL4400911
CHEMBL3498261,CSc1ccc(CNC(c2ccccc2F)c2nccn2C)cc1.Cl,4.78412566128186,0.0,1,CHEMBL360,CHEMBL4649971
CHEMBL1814778,Nc1ncnc2c1c(-c1nccs1)cn2[C@@H]1O[C@H](CO)[C@@H](O)[C@H]1O,5.600326278518962,0.0,1,CHEMBL360,CHEMBL3385546
CHEMBL3496692,CN(CC1CCCCC1)C(=O)c1ccc(-n2ncc(C#N)c2N)cc1,4.78381770164804,0.7879944276201014,2,CHEMBL4105939,CHEMBL4649965
CHEMBL4285188,C[C@H]1[C@H](C)CC[C@]2(CO)CC[C@]3(C)C(=CC[C@@H]4[C@@]5(C)CCCNC(C)(C)[C@@H]5CC[C@]43C)[C@@H]12,5.309803919971486,0.0,1,CHEMBL360,CHEMBL4252975
CHEMBL4541593,NCc1cccc(NS(=O)(=O)c2cc3ccccc3o2)c1,4.657577319177793,0.0,1,CHEMBL1849,CHEMBL4405868
CHEMBL3309661,Cc1nc2ccccn2c1C(=O)NNC(=O)c1ccccc1,5.450996737974212,0.0,1,CHEMBL6069,CHEMBL3365136
CHEMBL3403273,COc1ccc2nc(C)cc(N3CCC(NC(=S)Nc4ccc(F)cc4)CC3)c2c1,5.636388020107856,0.0,1,CHEMBL3430898,CHEMBL3405737
CHEMBL3134378,OC[C@H]1O[C@@H](n2ccc3c(-c4cc5ccccc5[nH]4)ncnc32)[C@H](O)[C@@H]1O,7.397940008672037,0.0,1,CHEMBL4105883,CHEMBL3135672
CHEMBL3438876,Cc1cc(NCc2ccccc2)nc2[nH]nc(N)c12,4.09780955353008,0.0,1,CHEMBL360,CHEMBL4649971
CHEMBL3741142,COc1cnc2ccc(=O)n(CCN3CCN(Cc4ccc(Br)cc4)CC3)c2c1,5.191114132640188,0.0,1,CHEMBL3430898,CHEMBL3745429
CHEMBL3793410,O=C(c1ccco1)c1c(C(F)(F)F)[n+]([O-])c2cc(Cl)c(N3CCOCC3)cc2[n+]1[O-],5.920818753952375,0.0,1,CHEMBL360,CHEMBL3796292
CHEMBL5279870,COc1ccc2nc(C)cc(OCC(=O)Nc3ccc(Cl)cc3Cl)c2c1,6.102372908709558,0.0,1,CHEMBL360,CHEMBL5253359
CHEMBL564125,COC(=O)[C@H](Cc1c[nH]c2ccccc12)NC(=O)c1cc(C23CC4CC(CC(C4)C2)C3)c2ccccc2n1,5.380000399499541,0.0,1,CHEMBL360,CHEMBL1030449
CHEMBL3403250,COc1ccc2nc(C)cc(N3CCC(NC(=O)Nc4ccc(Cl)cc4)CC3)c2c1,4.843753809602656,0.0,1,CHEMBL3430898,CHEMBL3405737
CHEMBL1916851,N=C(N)N1N=C(c2ccccc2O)C[C@H]1c1ccccc1O,4.4974097437481095,0.2817248404685948,2,CHEMBL360,CHEMBL1918205
CHEMBL4074377,Cc1cn(C2CCN(Cc3cccc(Oc4ccccc4)c3)CC2)c(=O)[nH]c1=O,5.214670164989233,0.0,1,CHEMBL2361,CHEMBL4832952
CHEMBL1773180,COc1ccc(N2CCN(C(c3cccs3)C(C)NC(=O)C(=O)NCc3ccco3)CC2)cc1,5.251811972993799,0.1180993120779945,3,CHEMBL4540,CHEMBL1775824
CHEMBL3126898,CNc1ncnc2c1ccn2[C@@H]1O[C@H](CO)[C@@H](O)[C@H]1O,4.059981844992337,0.0,1,CHEMBL360,CHEMBL3129228
CHEMBL3394242,CCc1cc2[nH]c(=O)c(C#N)c(-c3ccc(NS(C)(=O)=O)cc3)c2c(C)n1,6.698970004336019,0.0,1,CHEMBL2361,CHEMBL3396196
CHEMBL454282,Cc1ccc(S(=O)(=O)C2=CC(=O)c3ccccc3C2=O)cc1,8.701146923590294,0.0,1,CHEMBL3640,CHEMBL1010089
CHEMBL3494849,Cc1cccc(-c2ccc(C(=O)NCC(C)(C)C(N)=O)c(=O)[nH]2)c1,4.549035226960044,0.1075785480194388,2,CHEMBL4105939,CHEMBL4649965
CHEMBL3922861,O=S(=O)(Nc1ccc(-c2nc3cc(NS(=O)(=O)c4ccccc4F)ccc3o2)cc1)c1ccccc1F,4.795880017344075,0.0,1,CHEMBL4295521,CHEMBL4388634
CHEMBL4448846,C[C@@]1(c2ccc(S(N)(=O)=O)cc2)NC(=O)N(CC(=O)c2ccc(F)cc2F)C1=O,5.100000128334196,0.0,1,CHEMBL3804751,CHEMBL4406692
CHEMBL3355789,CCOC(=O)c1cc2cc(N3CCN(C(=S)Nc4ccccc4)CC3)ccc2o1,5.142667503568732,0.0,1,CHEMBL3430898,CHEMBL3390735
CHEMBL3440061,Cc1ccc(S(=O)(=O)NCCc2ccoc2)s1,4.508112008107642,0.0,1,CHEMBL360,CHEMBL4649971
CHEMBL2425397,CC(C)[C@H](NC(=O)[C@H](CCCNC(=N)N)NC(=O)[C@H](C)NC(=O)[C@@H](N)CO)C(=O)N[C@H](C(=O)N[C@@H](CO)C(=O)N[C@@H](CCCNC(=N)N)C(=O)O)[C@@H](C)O,3.779891911959945,0.0,1,CHEMBL1667699,CHEMBL2429128
CHEMBL4434826,CC1(c2ccc(S(=O)(=O)Nc3ccccc3)cc2)NC(=O)N(CC(=O)c2ccc(F)cc2F)C1=O,4.70000006855703,0.0,1,CHEMBL3804751,CHEMBL4406692
CHEMBL4740005,CNC(=O)/C=C/c1cc(C(F)(F)F)cc2c(=O)nc(N3CCN(CC4CCCCC4)CC3)sc12,6.4089353929735005,0.0,1,CHEMBL3804751,CHEMBL4710418
CHEMBL332364,CC1=C(O)C(C)(Cc2cccc(Oc3ccccc3)c2)SC1=O,4.2839966563652006,0.0,1,CHEMBL3640,CHEMBL648364
CHEMBL3190510,Cn1c(/C=N/n2cnnc2)nc2ccccc21,5.813043664534588,0.0,1,CHEMBL1287620,CHEMBL2354305
CHEMBL5272617,O=C(Nc1ccc(-c2ccc(C(F)(F)F)cn2)cc1)c1cc2sc(NCCN3CCOCC3)nc2s1,6.012284095745368,1.3309932190414244,2,CHEMBL360,CHEMBL5223484
CHEMBL5268730,O=C(CCC(F)(F)F)N1CC(C2CCCCC2)C1,8.0,0.0,1,CHEMBL360,CHEMBL5246902
CHEMBL3329642,O=C(NNC(=O)c1cc(C23CC4CC(CC(C4)C2)C3)c2ccccc2n1)NC1CCCC1,5.559999795538785,0.0,1,CHEMBL360,CHEMBL3380429
CHEMBL2436531,CCOC(=O)c1sc(N/N=C/c2ccc(O)c(OC)c2)nc1C,4.229147988357856,0.0,1,CHEMBL360,CHEMBL3769289
CHEMBL3904482,CCOc1ccccc1CNC(=O)C1CCN(S(=O)(=O)c2cn(C(C)C)cn2)CC1,5.465973893943865,0.0,1,CHEMBL3988585,CHEMBL3887425
CHEMBL5276996,Cc1ccn2c(C(=O)NCc3cccc(OC(C)C)c3)c(C)nc2c1,6.4089353929735005,0.0,1,CHEMBL360,CHEMBL5226811
CHEMBL3394159,CSc1cc(-c2cccc(Cl)c2)[nH]c(=O)c1C(N)=O,4.844663962534939,0.0,1,CHEMBL2361,CHEMBL3396196
CHEMBL5633965,Cc1cc(=O)oc2cc(OCc3cnnn3Cc3ccc(Oc4ccccc4)c(O)c3)ccc12,6.292429823902063,0.0,1,CHEMBL1849,CHEMBL5626588
CHEMBL3497556,Cc1cc(C)n(CCCn2cncc2-c2ccc3c(c2)CC(C)N3C)n1.Cl,4.07589786733673,0.0785727701940377,2,CHEMBL360,CHEMBL4649971
CHEMBL1587605,O=S(=O)(Nc1ccc(-c2nc3ccccc3o2)cc1)c1ccccc1,4.096910013008056,0.0,1,CHEMBL4295521,CHEMBL4388634
CHEMBL3753581,CC(=O)c1c(C(F)(F)F)[n+]([O-])c2cc(N3CCCCC3)c(N3CCCCC3)cc2[n+]1[O-],5.657577319177793,0.0,1,CHEMBL360,CHEMBL3796292
CHEMBL552222,CCN(CC)c1ccc(NC(=O)c2ccccc2[N+](=O)[O-])cc1,5.359518563029578,0.0,1,CHEMBL1849,CHEMBL1059058
CHEMBL3953349,COC1CCCC(C(=O)N(CC2CCCO2)c2nc3c(s2)CCc2c-3cnn2C)C1,5.492144128304169,0.0,1,CHEMBL3988585,CHEMBL3887425
CHEMBL4791351,CN1C[C@@H](c2ccc(F)cc2)[C@@]2(CSc3ccccc3C2=O)C12C(=O)c1ccccc1C2=O,4.955852379121277,0.0,1,CHEMBL360,CHEMBL4719106
CHEMBL554145,COC(=O)[C@H](Cc1ccc(OCc2ccccc2)cc1)NC(=O)c1cc(C23CC4CC(CC(C4)C2)C3)c2ccccc2n1,5.100000128334196,0.0,1,CHEMBL360,CHEMBL1030449
CHEMBL1471458,CCOc1ccc(-n2nc3ccc(N)cc3n2)cc1,6.14510517476954,0.0,1,CHEMBL1287620,CHEMBL2354305
CHEMBL428260,Oc1cc(CC2CCCCC2)ccc1Oc1ccc(Cl)cc1Cl,6.958607314841775,0.0,1,CHEMBL1849,CHEMBL4147581
CHEMBL1934957,O=NN1N=C(c2ccc(Br)cc2)C[C@@H]1c1cn(-c2ccccc2)nc1-c1ccc(F)cc1,4.670301069409987,0.0006021024579396,2,CHEMBL360,CHEMBL1936053
CHEMBL101892,NC(=O)c1cn([C@@H]2O[C@H](CO)[C@@H](O)[C@H]2O)c2ncnc(N)c12,4.782516055786093,0.0,1,CHEMBL4523271,CHEMBL4394894
CHEMBL3986320,O=S(=O)(Nc1ccc(-c2nc3cc(NS(=O)(=O)c4ccc(O)cc4)ccc3o2)cc1)c1ccc(O)cc1,4.920818753952375,0.0,1,CHEMBL4295521,CHEMBL4388634
CHEMBL3125270,CCc1cc(C(=O)N[C@@H]2C[C@@H](C(N)=O)N(C(=O)c3coc4ccccc34)C2)n(CC)n1,8.397940008672037,0.0,1,CHEMBL1849,CHEMBL3132000
CHEMBL3403244,Cc1cc(N2CCC(NC(=O)Nc3ccc(Cl)cc3)CC2)c2ccccc2n1,5.086186147616283,0.0,1,CHEMBL3430898,CHEMBL3405737
CHEMBL3958709,COC(=O)c1cc2occc2n1CC(=O)c1ccccc1,5.522878745280337,0.0,1,CHEMBL3879870,CHEMBL3865749
CHEMBL3488866,COC(=O)CNC(=O)c1sc(-c2ccc(Cl)s2)nc1C,4.651440282830269,0.0,1,CHEMBL4105939,CHEMBL4649965
CHEMBL2097844,COc1ccc(CCNC(=O)c2nc(-c3ccc(OC)c(OC)c3)no2)cc1OC,6.522878745280337,0.0,1,CHEMBL4105939,CHEMBL5375438
CHEMBL4074178,Cl.NCC1OB(O)c2c3c(cc(Cl)c21)OCO3,6.6020599913279625,0.0,1,CHEMBL4105844,CHEMBL4020311
CHEMBL1410785,O=C(CN1C(=O)C2(OCCO2)c2ccccc21)c1ccc(F)cc1,7.045757490560675,0.0,1,CHEMBL3879870,CHEMBL3865749
CHEMBL249805,CC(=O)c1ccc(-c2ccc(CC3(C)SC(=O)C(C)=C3O)cc2)cc1,4.267606240177032,0.0,1,CHEMBL3640,CHEMBL940953
CHEMBL451226,O=C(O)CC[N+](=O)[O-],4.294992040666664,0.8971406544787421,3,CHEMBL1667699,CHEMBL1820652
CHEMBL4163914,CC(=O)N[C@@H](Cc1ccccc1)C(=O)NCC(=O)N[C@@H](CCCNC(=N)N)C(=O)N[C@@H](CCCCN)C(=O)N[C@@H](CCCCN)C(=O)N[C@@H](CCCNC(=N)N)C(=O)N[C@@H](CCCNC(=N)N)C(=O)N[C@@H](CCC(N)=O)C(=O)N[C@@H](CCCNC(=N)N)C(=O)N[C@@H](CCCNC(=N)N)C(=O)N[C@@H](CCCNC(=N)N)C(N)=O,4.557319389984244,0.3187587626244132,2,CHEMBL360,CHEMBL4154576
CHEMBL4788300,O=C1c2ccccc2C(=O)C12N1CSC[C@@H]1[C@@H](c1ccc(F)cc1)[C@@]21CSc2ccccc2C1=O,4.879755204453635,0.0,1,CHEMBL360,CHEMBL4719106
CHEMBL2316905,O=C(O)c1cc2c(C#Cc3cccc(Cl)c3)c(-c3ccccc3)oc2cc1O,5.958607314841775,0.0,1,CHEMBL4542,CHEMBL2317721
CHEMBL3754191,O=C(Nc1ccc(Nc2c3ccccc3nc3ccc(Cl)cc23)cc1)Nc1ccc([N+](=O)[O-])cc1,5.136677139879544,0.0,1,CHEMBL3430898,CHEMBL3758003
CHEMBL3461188,CN(C)C(=O)c1cnc(-c2ccc3c(c2)OCO3)s1,5.011421649783947,0.1117181918106346,2,CHEMBL4105939,CHEMBL4649965
CHEMBL2325749,CCOC(=O)[C@H](Cc1ccccc1)NP(=O)(COCC(COCP(=O)(N[C@@H](Cc1ccccc1)C(=O)OCC)N[C@@H](Cc1ccccc1)C(=O)OCC)Cn1cnc2c(=O)[nH]c(N)nc21)N[C@@H](Cc1ccccc1)C(=O)OCC,5.301029995663981,0.0,1,CHEMBL360,CHEMBL2422789
CHEMBL3331426,Cc1ccc(N(Cc2cn(-c3cc4cc(Br)ccc4oc3=N)nn2)C2=CC(=O)c3ccccc3C2=O)cc1,4.660151216962363,0.0,1,CHEMBL360,CHEMBL3367829
CHEMBL5400596,Clc1ccc(COc2cccc(CNCc3ccccc3)c2)cc1,5.267606240177032,0.0,1,CHEMBL3879870,CHEMBL5347210
CHEMBL4071071,CCCCc1ccc(Nc2nc(CC(N)=O)cs2)cc1,6.0655015487564325,0.0,1,CHEMBL360,CHEMBL4045152
CHEMBL5174930,CS(=O)(=O)N1N=Cc2ccc(Oc3ccc(C(F)(F)F)cc3/C=N/O)cc2B1O,6.678273661756906,0.5606673061697371,2,CHEMBL360,CHEMBL5105162
CHEMBL3753028,COc1nc2ccccc2cc1C(c1cc2ccccc2nc1OC)C(O)(CCN(C)C)c1ccc2ccccc2c1,7.522878745280337,0.0,1,CHEMBL2364166,CHEMBL3757365
CHEMBL409940,CC(C)(C)C1CCc2onc(C(=O)Nc3cnn(Cc4ccccc4Br)c3)c2C1,6.853871964321762,0.0,1,CHEMBL6069,CHEMBL935788
CHEMBL1934956,O=NN1N=C(c2cccc([N+](=O)[O-])c2)C[C@@H]1c1cn(-c2ccccc2)nc1-c1ccc(F)cc1,4.649005285722774,0.0019894823168122,2,CHEMBL360,CHEMBL1936053
CHEMBL4449221,O=[N+]([O-])c1cc(S(=O)(=O)Nc2ccc(-c3nc4ccccc4o3)cc2)ccc1Cl,4.455931955649724,0.0,1,CHEMBL4295521,CHEMBL4388634
CHEMBL1934958,Nc1ccc(C2=NN(N=O)[C@@H](c3cn(-c4ccccc4)nc3-c3ccc(F)cc3)C2)cc1,4.680030793609926,6.153281953125145e-05,2,CHEMBL360,CHEMBL1936053
CHEMBL5080864,O=C(c1c(-c2ccc(O)cn2)oc2ccc(O)c(CN3CCCCC3)c12)N1CC(F)C1,6.6020599913279625,0.0,1,CHEMBL4105939,CHEMBL5038057
CHEMBL4456728,CC1(c2ccc(-c3nnn[nH]3)cc2)NC(=O)N(CC(=O)c2ccc(F)cc2F)C1=O,5.0,0.0,1,CHEMBL3804751,CHEMBL4406692
CHEMBL3286436,COc1cc(C#N)c2ccc(=O)n(CCN3CCC(NCc4cnc(C)c(C#N)c4)CC3)c2c1,7.187086643357144,0.0,1,CHEMBL3430898,CHEMBL3294030
CHEMBL3445433,Cc1cccc(-n2nnnc2C(C)(C)Nc2ccccc2C)c1,4.895906489476024,0.0692726465924096,2,CHEMBL4105939,CHEMBL4649965
CHEMBL2316894,O=C(O)c1cc2c(CCc3cccc(C(F)(F)F)c3)c(-c3ccccc3)oc2cc1O,5.292429823902063,0.0,1,CHEMBL4542,CHEMBL2317721
CHEMBL3441986,CNC(=O)c1cc2c(nc1NCC(C)C)CCN(S(C)(=O)=O)CC2,4.784211001778216,0.0,1,CHEMBL4105939,CHEMBL4649965
CHEMBL3964364,CCn1cnc(S(=O)(=O)N2CCC(C(=O)Nc3ccc(OC)cc3)CC2)c1,5.480172006224281,0.0,1,CHEMBL3988585,CHEMBL3887425
CHEMBL5624869,N#Cc1ccc(N2CCC(CCC(=O)N3CCCC3)CC2)cc1,5.522878745280337,0.0,1,CHEMBL1772929,CHEMBL5623718
CHEMBL5404356,Fc1ccc(COc2cccc(CNCc3ccccc3)c2)cc1,5.136677139879544,0.0,1,CHEMBL3879870,CHEMBL5347210
CHEMBL3970551,O=S(=O)(Nc1ccc(-c2nc3cc(NS(=O)(=O)c4cccc(C(F)(F)F)c4)ccc3o2)cc1)c1cccc(C(F)(F)F)c1,5.537602002101044,0.0,1,CHEMBL4295521,CHEMBL4388634
CHEMBL260399,CCCCCCc1ccc(Oc2ccc(NC(=O)c3ccno3)cc2)c(O)c1,4.49952832386473,4.773056647656865,2,CHEMBL1849,CHEMBL936672
CHEMBL106562,COC1=CC(=O)c2ccccc2C1=O,5.638272163982407,0.0,1,CHEMBL6068,CHEMBL4262457
CHEMBL3883656,O=c1nc(N2CCN(C(=S)Nc3ccc(Cl)cc3)CC2)sc2ccc(C(F)(F)F)cc12,5.373659632624958,0.0,1,CHEMBL3430898,CHEMBL3875318
CHEMBL3764695,Cc1ccc(C(=O)NNC(=O)c2c(C)nc3sc4ccccc4n23)cc1,5.2343314452409855,0.0,1,CHEMBL6069,CHEMBL3766329
CHEMBL1460052,CC1C=CC(C)C(C(=O)O)C1C(=O)O,3.8429665503387977,0.0,1,CHEMBL1293297,CHEMBL1614471
CHEMBL2418569,CCN1C(=O)/C(=C/c2ccc(O)cc2)S/C1=N\c1cccc(C(=O)O)c1,6.993962045002683,0.0,1,CHEMBL2321612,CHEMBL2423608
CHEMBL4591688,CC1(c2ccc(S(N)(=O)=O)cc2)NC(=O)N(CC(=O)c2ccc(C#N)cc2)C1=O,5.300000202445418,0.0,1,CHEMBL3804751,CHEMBL4406692
CHEMBL3443166,CCc1ccc(C(O)CN2CCN(c3cccc(OC)c3)CC2)cc1,4.59934230059574,0.0710712988424564,2,CHEMBL4105939,CHEMBL4649965
CHEMBL572317,OC[C@H]1O[C@@H](n2ccc3c(-c4ccn[nH]4)ncnc32)[C@H](O)[C@@H]1O,5.634814805692429,3.188666365330854,2,CHEMBL360,CHEMBL3135671
CHEMBL3342666,COc1cc(-c2cn([C@@H]3O[C@H](CO)[C@@H](O)[C@H]3O)c3ncnc(N)c23)cc(OC)c1OC,5.151810883008602,0.0,1,CHEMBL360,CHEMBL3385546
CHEMBL1830117,CN(O)C(=O)CCC(c1cccc2ccccc12)P(=O)(O)O,4.886056647693163,0.0,1,CHEMBL5630,CHEMBL2434044
CHEMBL5408135,O=c1[nH]cnc2c(Sc3ccc(Oc4c(F)c(F)c(F)c(F)c4F)cc3/C=C/P(=O)([O-])[O-])c[nH]c12.[Na+].[Na+],7.661653195187567,0.1191864077192086,2,CHEMBL1169594,CHEMBL5341494
CHEMBL4441702,CCOC(=O)C1=C(C)Oc2nc(C)n(Cc3cn([C@@H]4O[C@H](COC(C)=O)[C@@H](OC(C)=O)[C@H](OC(C)=O)[C@H]4OC(C)=O)nn3)c(=O)c2C1c1ccc(Cl)cc1Cl,4.356349961782671,0.0,1,CHEMBL4295521,CHEMBL4372872
CHEMBL4095832,Cc1nc(-c2ccc(F)cc2)oc1-c1csc(Cc2ccc(F)cc2)n1,6.732986946971932,0.0234810958495224,2,CHEMBL360,CHEMBL4026075
CHEMBL569854,OC[C@H]1O[C@@H](n2cc(F)c3c(-c4cccs4)ncnc32)[C@H](O)[C@@H]1O,7.455931955649724,0.0,1,CHEMBL4105883,CHEMBL3135672
CHEMBL1342859,CC(=O)N1C(=O)/C(=C2\SC(=S)N(NC(=O)c3ccc(O)cc3)C2=O)c2ccccc21,5.324313291300599,0.0,1,CHEMBL1287620,CHEMBL2354305
CHEMBL4447607,O=S(=O)(Nc1ccc2oc(-c3ccccc3)nc2c1)c1ccc(F)cc1,4.070581074285707,0.0,1,CHEMBL4295521,CHEMBL4388634
CHEMBL5176925,COc1cc(NC(=S)NCCc2ccccc2)cc(OC)c1OC,4.605548319173784,0.0,1,CHEMBL360,CHEMBL5144865
CHEMBL1880953,O=C1CCC(=O)c2ccc3c4c(ccc1c24)CC3,5.805485658117533,0.0,1,CHEMBL1287620,CHEMBL2354305
CHEMBL429275,Cc1ccc(N2CCN(C(=O)c3ccc(C(C)(C)C)cc3)CC2)cc1Cl,4.0,0.0,1,CHEMBL360,CHEMBL3073615
CHEMBL462375,Cc1ccc(S(=O)(=O)c2cc(O)ccc2O)cc1,7.46344155742847,0.0,1,CHEMBL3640,CHEMBL1010089
CHEMBL59213,O=C(CCCN1CCC(O)CC1)c1ccc(F)cc1,6.161150909262744,0.0,1,CHEMBL3879870,CHEMBL5108515
CHEMBL3792655,CNC[C@@H](Cc1ccccc1)N1CCN(CCC(c2ccccc2)c2ccccc2)CC1,4.638272163982407,0.0,1,CHEMBL360,CHEMBL3796194
CHEMBL3126908,Cc1ncnc2c1c(-c1ccco1)cn2[C@@H]1O[C@H](CO)[C@@H](O)[C@H]1O,4.410050398674292,0.0,1,CHEMBL360,CHEMBL3129228
CHEMBL4542398,CC1(c2ccc(C#N)cc2)NC(=O)N(CC(=O)c2ccc(F)cc2O)C1=O,6.199998172182031,0.0,1,CHEMBL3804751,CHEMBL4406692
CHEMBL5079632,CNC(=O)c1c(-c2ccc(O)cc2)oc2ccc(O)c(CN3CCC4(COC4)C3)c12,6.568636235841013,0.0,1,CHEMBL4105939,CHEMBL5038057
CHEMBL3444401,CNc1nc2c(s1)C(c1c(F)cccc1Cl)CC(=O)N2,4.573226618527687,0.4805149873119312,2,CHEMBL4662921,CHEMBL4649947
CHEMBL4641525,O=C(O)C(=O)Nc1ccc(/C=C\c2ccccc2)cc1,6.113509274827518,0.0,2,CHEMBL4295521,CHEMBL4626292
CHEMBL2017707,c1ccc2c(Nc3cc(C4CC4)[nH]n3)nc(-c3ccncc3)nc2c1,6.492144128304169,0.0,1,CHEMBL1908385,CHEMBL2020901
CHEMBL560315,Nc1ncnc2c1ncn2[C@@H]1O[C@H](CSSC[C@H]2O[C@@H](n3c(Br)nc4c(N)ncnc43)[C@H](O)[C@@H]2O)[C@@H](O)[C@H]1O,4.853871964321762,0.0,1,CHEMBL6176,CHEMBL1063152
CHEMBL4645770,CC(C)(C)c1ccc(C#Cc2ccc(NC(=O)C(=O)O)cc2)cc1,7.585026652029182,0.0,2,CHEMBL4295521,CHEMBL4626292
CHEMBL3310310,COc1cc(/C=N/NC(=O)c2c(C)nc3ccccn23)cc(OC)c1OC,5.151810883008602,0.0,1,CHEMBL6069,CHEMBL3365136
CHEMBL3637817,CC(C)c1noc(N2CCC([C@H](C)Oc3cnc(-c4ccc(S(C)(=O)=O)c(F)c4)cn3)CC2)n1,5.200000237109354,0.0,1,CHEMBL613086,CHEMBL3637832
CHEMBL3497572,CCOc1ccccc1-c1cc(N)[nH]n1.Cl,4.577651009235474,0.0,1,CHEMBL360,CHEMBL4649971
CHEMBL3448405,Cc1cccc(CN2CCCC2c2cncc(Nc3nncs3)n2)c1,4.766684508559789,0.0,1,CHEMBL360,CHEMBL4649971
CHEMBL5074920,CNC(=O)c1c(-c2ccc(O)cc2)oc2ccc(O)c(CN3CCC4(CCO4)C3)c12,6.096910013008056,0.0,1,CHEMBL4105939,CHEMBL5038057
CHEMBL5405100,O=C(O)C1CSc2c(C3CC3)c(-c3cc(-c4cccc(C(F)(F)F)c4)on3)cc(=O)n21,5.293282217663241,0.0,1,CHEMBL360,CHEMBL5363916
CHEMBL4094412,CCCOc1ccc(Br)c2c1B(O)O[C@@H]2CN.Cl,6.619788758288394,0.0,1,CHEMBL4105844,CHEMBL4020311
CHEMBL3500453,CC(C)(CO)CNC(=O)c1cc(-c2cc[nH]n2)n2ccccc12.O=C(O)C(F)(F)F,4.701890205982687,0.1094488972913101,2,CHEMBL4105939,CHEMBL4649965
CHEMBL3460069,CC(CN1CCCC1=O)NC(=O)c1ccc(-c2ccco2)[nH]c1=O,4.993605519232098,0.2604479986750654,2,CHEMBL4105939,CHEMBL4649965
CHEMBL3893829,O=C(c1ccc2[nH]ccc2c1)N1CCN(c2cccc(C(F)(F)F)c2)CC1,5.723538195826756,0.0,1,CHEMBL613086,CHEMBL3880092
CHEMBL1762025,C[C@]12CC[C@H]3[C@@H](CNC4=CC(=O)CC[C@@]43C)[C@@H]1CC[C@@H]2C(=O)Nc1ccccc1C(=O)c1ccccc1,4.568636235841013,0.0,1,CHEMBL1744528,CHEMBL1764602
CHEMBL4291770,Cc1c(CN2CCOCC2)cc(-c2ccc(C(C)C)cc2)n1C1CCCOC1,6.522878745280337,0.0,1,CHEMBL360,CHEMBL4255037
CHEMBL3754554,Cc1ccc2nc3ccccc3c(Nc3ccc(NS(=O)(=O)c4ccc([N+](=O)[O-])cc4)cc3)c2c1,5.078833949362261,0.0,1,CHEMBL3430898,CHEMBL3758003
CHEMBL4239753,c1ccc2c(c1)nc(-c1ccc3c(c1)OCO3)n2Cc1ccc2c(c1)OCO2,4.066836782295539,0.0,1,CHEMBL3430898,CHEMBL4235607
CHEMBL4208967,CC(O)(Cn1cnc([N+](=O)[O-])n1)c1ccc(-c2ccc(C#N)cc2)cc1,4.19815722519265,0.1229601706262117,2,CHEMBL360,CHEMBL4179593
CHEMBL1773171,CCCCCCCOC(=O)c1c(C)oc2ccc(NS(=O)(=O)c3ccc4c5c(cccc35)C(=O)N4)cc12,4.676015270818514,0.0679002356379356,2,CHEMBL4540,CHEMBL1775840
CHEMBL3409424,CC1CCCCC1c1cc(C(=O)NN)nc2ccccc12,6.339998279897117,0.0,1,CHEMBL360,CHEMBL3412552
CHEMBL5084527,CNC(=O)c1c(-c2ccc(O)cc2F)oc2ccc(O)c(CN3CCC4(COC4)C3)c12,6.481486060122113,0.0,1,CHEMBL4105939,CHEMBL5038057
CHEMBL3121936,NC(=O)c1c(NC(=O)c2ccc([N+](=O)[O-])s2)sc2c1CCN(C(=O)Nc1ccc([N+](=O)[O-])cc1)C2,5.014124642691606,0.0,1,CHEMBL6069,CHEMBL3123111
CHEMBL3637820,O=C(O)CCc1nc2ccccc2oc1=O,5.100000128334196,0.0,1,CHEMBL613086,CHEMBL3637832
CHEMBL3403251,COc1ccc2nc(C)cc(N3CCC(NC(=O)Nc4ccc([N+](=O)[O-])cc4)CC3)c2c1,5.273272790973428,0.0,1,CHEMBL3430898,CHEMBL3405737
CHEMBL3409448,O=C(NO)c1cc(C23CC4CC(CC(C4)C2)C3)c2ccccc2c1,5.929999096197655,0.0,1,CHEMBL360,CHEMBL3412552
CHEMBL1492926,CC1=NN(c2ccc(Cl)c(C(=O)O)c2)C(=O)/C1=C\c1ccc(-c2ccc(C(=O)O)cc2)o1,4.026548855975065,0.0,1,CHEMBL1293297,CHEMBL1614471
CHEMBL5404279,COc1ccc(Sc2c[nH]c3c(=O)[nH]cnc23)c(/C=C/P(=O)([O-])[O-])c1.[Na+].[Na+],8.154901959985743,0.0,1,CHEMBL1169594,CHEMBL5341494
CHEMBL2407186,O=C(c1ccccc1C(F)(F)F)N(O)CCC(c1ccc(Cl)c(Cl)c1)P(=O)(O)O,5.045757490560675,0.0,1,CHEMBL5630,CHEMBL2412049
CHEMBL5403408,CC(C)(C)c1ccc(CCNc2ncnc3ccccc23)cc1,6.096910013008056,1.763427993562937,3,CHEMBL613086,CHEMBL5346686
CHEMBL3439608,O=C(NCC(O)c1ccsc1)Nc1cccs1,4.170622178230499,0.0,1,CHEMBL360,CHEMBL4649971
CHEMBL5631051,CCCC[C@@H](C(=O)O)N1C(=O)/C(=C/c2ccc(-c3ccc(F)c(C(F)(F)F)c3)cc2)SC1=S,6.318758762624412,0.0,1,CHEMBL6066201,CHEMBL5622563
CHEMBL3472843,COc1ccc(-n2cc(CCO)cn2)cc1C,4.383108036217031,0.0,1,CHEMBL360,CHEMBL4649971
CHEMBL3884207,O=c1nc(N2CCN(C(=S)Nc3ccccc3)CC2)sc2ccc(Cl)cc12,4.961379838050298,0.0,1,CHEMBL3430898,CHEMBL3875318
CHEMBL572052,OC[C@H]1O[C@@H](n2ccc3c(-c4ccc(F)cc4)ncnc32)[C@H](O)[C@@H]1O,5.562307292198458,3.069205441619196,2,CHEMBL360,CHEMBL3135671
CHEMBL4452397,CC1(c2ccc(NS(=O)(=O)C(F)(F)F)cc2)NC(=O)N(CC(=O)c2ccc(F)cc2F)C1=O,5.0,0.0,1,CHEMBL3804751,CHEMBL4406692
CHEMBL3637821,O=C(Nc1nc(-c2ccccn2)cs1)N1CCC(Cc2ccc(F)cc2)CC1,5.40000018605658,0.0,1,CHEMBL613086,CHEMBL3637832
CHEMBL4278096,C=C(C)[C@@H]1CC[C@]2(COC(=O)/C=C/c3ccc(OC)cc3)CC[C@]3(C)[C@H](CC[C@@H]4[C@@]5(C)CCCNC(C)(C)[C@@H]5CC[C@]43C)[C@@H]12,3.795880017344075,0.0,1,CHEMBL360,CHEMBL4252975
CHEMBL3741038,COc1cnc2ccc(=O)n(CCN3CCN(C(=O)Nc4ccccc4)CC3)c2c1,4.869023308394383,0.0,1,CHEMBL3430898,CHEMBL3745429
CHEMBL3403242,Cc1cc(N2CCC(NC(=O)Nc3ccccc3)CC2)c2ccccc2n1,5.009217308196862,0.0,1,CHEMBL3430898,CHEMBL3405737
CHEMBL6143491,C=CP(=O)(Nc1cc(C(F)(F)F)cc2c(=O)nc(N3CCC4(CC3)OC[C@H](C)O4)sc12)OCC,4.710857164067667,0.0,1,CHEMBL3804751,CHEMBL6075287
CHEMBL3906378,N#Cc1ccc(S(=O)(=O)Nc2ccc(-c3nc4cc(NS(=O)(=O)c5ccc(C#N)cc5)ccc4o3)cc2)cc1,4.920818753952375,0.0,1,CHEMBL4295521,CHEMBL4388634
CHEMBL3126910,Cc1ncnc2c1c(-c1cccs1)cn2[C@@H]1O[C@H](CO)[C@@H](O)[C@H]1O,4.853871964321762,0.0,1,CHEMBL360,CHEMBL3129228
CHEMBL3628348,CCOC(=O)c1cnc2ccc(OC)cc2c1Nc1ccc(OCCCN2CCOCC2)cc1,4.875495775165717,0.0,1,CHEMBL3430898,CHEMBL3630322
CHEMBL3393967,O=S(=O)(c1ccccc1)N1CCN(C2c3ccccc3-c3ccccc32)CC1,4.699839463048647,0.0,1,CHEMBL1849,CHEMBL3395431
CHEMBL4549691,O=S(=O)(Nc1ccc2oc(-c3ccccc3)nc2c1)c1ccccc1Cl,4.301029995663981,0.0,1,CHEMBL4295521,CHEMBL4388634
CHEMBL3603852,Nc1nc2c(ncn2CCN(CCOCc2ccccc2)CCP(=O)(O)O)c(=O)[nH]1,5.958607314841775,0.0,1,CHEMBL360,CHEMBL4826255
CHEMBL268773,O[C@@H]1[C@@H](OC[C@H]2O[C@H](CN(CC3CCCCC3)CC3CCCCC3)[C@@H](O)[C@@H]2O)O[C@H](CN(CC2CCCCC2)CC2CCCCC2)[C@H]1O,2.552841968657781,0.0,1,CHEMBL1877,CHEMBL896692
CHEMBL3495039,Cn1cc(NC(=O)N2CCC(NS(C)(=O)=O)CC2)ccc1=O,5.060500216191081,0.0,1,CHEMBL4662921,CHEMBL4649947
CHEMBL1934964,O=[N+]([O-])c1ccc(-c2cc(-c3cn(-c4ccccc4)nc3-c3ccc(F)cc3)[nH]c(=S)n2)cc1,4.91753329103017,0.0049337319337734,2,CHEMBL360,CHEMBL1936053
CHEMBL1935074,Nc1nc(-c2ccc([N+](=O)[O-])cc2)cc(-c2cn(-c3ccccc3)nc2-c2ccc(F)cc2)n1,4.121429547959549,0.0028591245112616,2,CHEMBL360,CHEMBL1936053
CHEMBL4214659,N#C/C(=C\c1ccc(F)cc1)c1nc2ccccc2s1,5.386158178123931,0.0,1,CHEMBL2259247,CHEMBL4178649
CHEMBL3919336,O=S(=O)(Cc1ccccc1)Nc1ccc(-c2nc3cc(NS(=O)(=O)Cc4ccccc4)ccc3o2)cc1,4.568636235841013,0.0,1,CHEMBL4295521,CHEMBL4388634
CHEMBL240734,O=C(c1ccccc1)N1CCN(c2ccccc2)CC1,4.410248626981874,0.0004971535087259,2,CHEMBL360,CHEMBL3073615
CHEMBL3342665,Nc1ncnc2c1c(-c1ccc3c(c1)OCO3)cn2[C@@H]1O[C@H](CO)[C@@H](O)[C@H]1O,5.860120913598763,0.0,1,CHEMBL360,CHEMBL3385546
CHEMBL1926725,CCN(CC)CCCC(C)Nc1cc(N)nc2nc(-c3cccs3)c(-c3cccs3)nc12,4.530177984021837,0.0,1,CHEMBL4213,CHEMBL1931925
CHEMBL3947125,O=S(=O)(Nc1ccc(-c2nc3cc(NS(=O)(=O)c4cccc5nonc45)ccc3o2)cc1)c1cccc2nonc12,5.055517327849832,0.0,1,CHEMBL4295521,CHEMBL4388634
CHEMBL3883348,COc1ccc2c(c1)C(=O)C(=O)N2CCN1CCN(NCc2cccc(Cl)c2Cl)CC1,4.313363730737707,0.0,1,CHEMBL3430898,CHEMBL3875318
CHEMBL3330966,CCCCCCNC(=O)NNC(=O)c1cc(C23CC4CC(CC(C4)C2)C3)c2ccccc2n1,4.800000052738446,0.0,1,CHEMBL360,CHEMBL3380429
CHEMBL1946988,COc1ccc(/C=C/C(=O)c2ccc3c(c2)OCO3)c(OC)c1OC,4.080921907623926,0.0,1,CHEMBL4542,CHEMBL1948973
CHEMBL3355787,CCOC(=O)c1cc2cc(N3CCN(C(=O)NCc4ccccc4)CC3)ccc2o1,5.505845405981558,0.0,1,CHEMBL3430898,CHEMBL3390735
CHEMBL3637800,Clc1nnc(N2CCCC2)c2ccccc12,5.499999678657065,0.0,1,CHEMBL613086,CHEMBL3637832
CHEMBL1878419,Cc1nn(C)cc1-c1cc(C(=O)O)c2ccccc2n1,5.7198771036976925,0.0,1,CHEMBL1287620,CHEMBL2354305
CHEMBL256541,NC(=S)N1N=C(c2ccccc2O)C[C@H]1c1ccc(O)cc1,4.5,1.1938200260161125,2,CHEMBL360,CHEMBL932548
CHEMBL3960743,COC(=O)c1ccccc1S(=O)(=O)Nc1ccc(-c2nc3cc(NS(=O)(=O)c4ccccc4C(=O)OC)ccc3o2)cc1,4.958607314841775,0.0,1,CHEMBL4295521,CHEMBL4388634
CHEMBL1914622,CCCCCCCCCCCCOC1(c2ccccc2)NC(=O)c2cnccc21,5.022276394711152,0.0,1,CHEMBL360,CHEMBL1919492
CHEMBL2131581,COc1cccc(/C=C/c2nc(S(=O)(=O)c3ccccc3)c(N3CCC(C(N)=O)CC3)o2)c1,6.170303930870304,0.0,1,CHEMBL1287620,CHEMBL2354305
CHEMBL5406022,COc1ccc(-c2nc(C(=O)NCCc3ccccc3)no2)cc1OC,6.096910013008056,0.0,1,CHEMBL4105939,CHEMBL5375438
CHEMBL250824,CC1=C(O)C(C)(Cc2ccc(-c3ccc(C)s3)cc2)SC1=O,4.0655015487564325,0.0,1,CHEMBL3640,CHEMBL940953
CHEMBL5630776,O=C(O)[C@H](C1CCCCC1)N1C(=O)/C(=C/c2ccc(-c3ccccc3C(F)(F)F)cc2)SC1=S,6.036212172654444,0.0,1,CHEMBL6066201,CHEMBL5622563
CHEMBL250087,NC(=O)c1cc([C@@H]2O[C@H](COP(=O)(O)OP(=O)(O)OC[C@H]3O[C@@H](n4cnc5c(N)ncnc54)[C@H](O)[C@@H]3O)[C@@H](O)[C@H]2O)ccc1Oc1ccccc1,4.568636235841013,0.0,1,CHEMBL1849,CHEMBL907524
CHEMBL4586001,COc1ccc(C(=O)CN2C(=O)/C(=C\c3ccc(C)cc3)SC2=S)cc1,5.29929628285498,0.0,1,CHEMBL1849,CHEMBL4481956
CHEMBL3637784,O=C(NCc1ccoc1)N1CCN(Cc2ccc3c(c2)OCO3)CC1,5.899998417198648,0.0,1,CHEMBL613086,CHEMBL3637832
CHEMBL3953375,CCOc1ccc2nc(NC(=O)C3CCN(S(=O)(=O)c4cn(C(C)C)cn4)CC3)sc2c1,5.671620396561262,0.0,1,CHEMBL3988585,CHEMBL3887425
CHEMBL3910232,CCn1cnc(S(=O)(=O)N2CCC(C(=O)Nc3nc4ccc(OC)cc4s3)CC2)c1,5.519993057042849,0.0,1,CHEMBL3988585,CHEMBL3887425
CHEMBL3125239,CCc1cc(C(=O)N[C@@H]2C[C@@H](C(=O)NCc3ccccc3)N(C(=O)c3coc4ccccc34)C2)n(C)n1,7.387216143280264,0.0,1,CHEMBL1849,CHEMBL3132000
CHEMBL1814770,Nc1ncnc2c1c(-c1ccsc1)cn2[C@@H]1O[C@H](CO)[C@@H](O)[C@H]1O,5.405607449624573,0.0,1,CHEMBL360,CHEMBL3385546
CHEMBL443904,CCCC[C@H](CN(O)C=O)C(=O)N1CCC[C@H]1c1nc2ccccc2[nH]1,8.0,0.0,1,CHEMBL5765,CHEMBL1014575
CHEMBL3448695,CCn1ccc(-c2cc(NCCCOc3ccccc3C)nc(C)n2)n1,5.278227188441539,1.2055818356554069,2,CHEMBL360,CHEMBL4649971
CHEMBL3409430,CO[C@H]1CC[C@@H](c2cc(C(=O)NN)nc3ccccc32)CC1,5.6299997805248845,0.0,1,CHEMBL360,CHEMBL3412552
CHEMBL4644947,O=C(O)c1cccc(OCc2ccccc2)c1,3.638272163982407,0.0,1,CHEMBL6065,CHEMBL4625598
CHEMBL1425085,CCOC(=O)COc1ccc2c(c1)C(=O)CC(C)(C)O2,5.810509686300632,0.0,1,CHEMBL1287620,CHEMBL2354305
CHEMBL1762028,CC(C)CCC[C@@H](C)[C@H]1CC[C@H]2[C@@H]3CNC4=CC(=O)CC[C@]4(C)[C@H]3CC[C@]12C,6.301029995663981,0.0,1,CHEMBL1744528,CHEMBL1764602
CHEMBL5423401,O=C(O)C1CSc2c(C3CC3)c(-c3cc(-c4cc(F)cc(F)c4)no3)cc(=O)n21,4.628009088535085,0.0,1,CHEMBL360,CHEMBL5363916
CHEMBL237949,Cc1c(C(=O)/C=C/c2ccc3c(c2)OCO3)[n+]([O-])c2ccccc2[n+]1[O-],4.705533773838407,0.0,1,CHEMBL360,CHEMBL1251034
CHEMBL1814773,Nc1ncnc2c1c(-c1cc[nH]c1)cn2[C@@H]1O[C@H](CO)[C@@H](O)[C@H]1O,5.950781977329818,0.0,1,CHEMBL360,CHEMBL3385546
CHEMBL5277580,CN1CCN(c2ccc(Nc3nccc(-c4ccc5ccccc5c4)n3)cc2C(F)(F)F)CC1,5.468521082957745,0.0,1,CHEMBL1908385,CHEMBL5229239
CHEMBL2316897,O=C(O)c1cc2c(/C=C\c3ccc(OC(F)(F)F)cc3)c(-c3ccccc3)oc2cc1O,5.161150909262744,0.0,1,CHEMBL4542,CHEMBL2317721
CHEMBL563591,N[C@@H](Cc1ccc(O)cc1)C(=O)NNC(=O)c1cc(C23CC4CC(CC(C4)C2)C3)c2ccccc2n1,4.860000083248981,0.0,1,CHEMBL360,CHEMBL1030449
CHEMBL133541,COC(=O)c1c(O)cccc1OC/C=C/c1cccc(-c2cc(C(=O)O)no2)c1,5.154901959985743,0.0,1,CHEMBL4295521,CHEMBL4201103
CHEMBL217057,O=C(Nc1cc(-c2ccccc2)c(O)c(-c2ccccc2)c1)C1CC(=O)N(C2CCCCCC2)C1,6.568636235841013,0.0,1,CHEMBL1849,CHEMBL907779
CHEMBL4449102,O=C(O)CCCCC(O)C(=O)O,4.508638306165727,0.0,1,CHEMBL6063,CHEMBL4334757
CHEMBL3310304,Cc1nc2ccccn2c1C(=O)NNC(=O)c1ccc(Oc2ccccc2)cc1,5.141462802430361,0.0,1,CHEMBL6069,CHEMBL3365136
CHEMBL5399436,CCc1cc(Nc2ccc(N3CCCCC3)cc2)c2cc(Cl)ccc2n1,5.537602002101044,0.0,1,CHEMBL1849,CHEMBL5387352
CHEMBL5283107,O=C(Nc1ccc(-c2ccc(Cl)cn2)cc1)c1cc2sc(NCCN3CCOCC3)nc2s1,6.086315363473087,1.1829306835859867,2,CHEMBL360,CHEMBL5223484
CHEMBL6120882,C=C(F)C(=O)Nc1cc(C(F)(F)F)cc2c(=O)nc(N3CCC4(CC3)OC[C@H](C)O4)sc12,5.94692155651658,0.0,1,CHEMBL3804751,CHEMBL6075287
CHEMBL3394250,CC(C)c1ccc(COc2cccc(-c3cc([S+](C)[O-])c(C#N)c(=O)[nH]3)c2)cc1,7.494850021680094,0.0,1,CHEMBL2361,CHEMBL3396196
CHEMBL4466556,CC1=CC(=O)[C@@H]2/C(C=O)=C\C[C@H]3[C@@H]([C@@H](C)/C=C\[C@H](O)C(C)(C)O)CC[C@]3(C)C[C@H]12,4.721246399047171,0.0,1,CHEMBL4295521,CHEMBL4390593
CHEMBL3360780,C=CCCCCCCCCC(=O)NNC(=O)c1cc(C23CC4CC(CC(C4)C2)C3)c2ccccc2n1,4.889999848866887,0.0,1,CHEMBL360,CHEMBL3380429
CHEMBL3478109,COc1cnc(N2CCN(C)CC2)nc1-c1ccnn1C,4.614383162353414,0.0213537159218848,2,CHEMBL4105939,CHEMBL4649965
CHEMBL4856596,Cc1cn(C2CCN(Cc3cc(Oc4ccccc4)ccn3)CC2)c(=O)[nH]c1=O,5.060480747381382,0.0,1,CHEMBL2361,CHEMBL4832952
CHEMBL1762030,CC(C)(C)NC(=O)[C@H]1CC[C@H]2[C@@H]3CNC4=CC(=O)C=C[C@]4(C)[C@H]3CC[C@]12C,3.853871964321762,0.0,1,CHEMBL1744528,CHEMBL1764602
CHEMBL22,COc1cc(Cc2cnc(N)nc2N)cc(OC)c1OC,4.055517327849831,0.0,1,CHEMBL6065,CHEMBL4625598
CHEMBL2259938,CCOC(=O)CC(NC(=S)NC(=O)c1ccccc1)C1O[C@H]2OC(C)(C)O[C@H]2[C@@H]1OCc1ccccc1,5.3979400086720375,0.0,1,CHEMBL2259249,CHEMBL3055275
CHEMBL517164,CCCC[C@H](C(=O)NO)C(=O)N1CCC[C@H]1c1nc2ccccc2o1,7.309803919971486,0.0,1,CHEMBL5765,CHEMBL1014575
CHEMBL3752604,O=S(=O)(Nc1ccc(Nc2c3ccccc3nc3ccccc23)cc1)c1ccc(Cl)cc1,4.623423042943488,0.0,1,CHEMBL3430898,CHEMBL3758003
CHEMBL4536015,CC(C)=C1C[C@H]2C(C)(C)[C@@]3(Br)C(=O)c4c(O)cc(O)cc4[C@]2(C1)C3=O,6.657577319177793,0.0,1,CHEMBL360,CHEMBL4400911
CHEMBL574968,COc1ccc(/C=N/NC(=O)c2ccc(N3CCOCC3)cc2)cc1,0.5135000000036534,0.0,1,CHEMBL360,CHEMBL1040362
CHEMBL3358484,Cc1ccoc1C(=O)NCCCn1cnc([N+](=O)[O-])n1,4.3872161432802645,0.0,1,CHEMBL360,CHEMBL4179593
CHEMBL4447874,CCOC(=O)[C@H](CC(C)C)NP(=O)(CCCC(=O)N(C)O)N[C@@H](CC(C)C)C(=O)OCC,4.531652669587842,0.0,1,CHEMBL360,CHEMBL4321385
CHEMBL5432061,COc1ccc(-c2noc(C(=O)NCCc3ccc(C(=O)N4CCC4)nc3)n2)cc1OC,6.3979400086720375,0.0,1,CHEMBL4105939,CHEMBL5375438
CHEMBL571410,OC[C@H]1O[C@@H](n2ccc3c(-c4ccoc4)ncnc32)[C@H](O)[C@@H]1O,5.28614012634719,2.4174197906658064,2,CHEMBL360,CHEMBL3135671
CHEMBL3451757,O=S(=O)(CCCn1cncn1)Cc1ccc(F)cc1Cl,5.356817254131247,0.0535321042892169,2,CHEMBL4662928,CHEMBL4649941
CHEMBL1495778,O=C1C(=Cc2ccc(Br)o2)C(=O)c2ccccc21,4.733533104559759,0.0,1,CHEMBL1293297,CHEMBL1614471
CHEMBL491211,Cc1nn2c(=O)cc(-c3ccccc3)[nH]c2c1-c1ccccc1,4.51427857351842,0.0,1,CHEMBL5091,CHEMBL989742
CHEMBL559921,NC(=O)c1csc([C@@H]2O[C@H](CSSC[C@H]3O[C@@H](n4cnc5c(N)ncnc54)[C@H](O)[C@@H]3O)[C@@H](O)[C@H]2O)n1,4.096910013008056,0.0,1,CHEMBL6176,CHEMBL1063152
CHEMBL3924724,O=c1ccc2cc(S(=O)(=O)Nc3ccc(-c4nc5cc(NS(=O)(=O)c6ccc7oc(=O)ccc7c6)ccc5o4)cc3)ccc2o1,5.060480747381382,0.0,1,CHEMBL4295521,CHEMBL4388634
CHEMBL3765612,Cc1nc2sc3ccccc3n2c1C(=O)Nc1ccccc1,5.987162775294828,0.0,1,CHEMBL6069,CHEMBL3766329
CHEMBL2017737,CN1CCC(CNc2cc(Nc3cc(C4CC4)[nH]n3)nc(-c3cccc(S(C)(=O)=O)c3)n2)CC1,7.397940008672037,0.0,1,CHEMBL1908385,CHEMBL2020901
CHEMBL3342262,COc1ccc(C(OCC(=O)N(C)O)P(=O)(O)O)cc1,5.552841968657781,0.0,1,CHEMBL5630,CHEMBL3386562
CHEMBL3290351,COc1cnc2ccc(=O)n(CCN3CC[C@@H](NCc4cnc(C)c(C#N)c4)[C@@H](F)C3)c2c1,6.6020599913279625,0.0,1,CHEMBL3430898,CHEMBL3294030
CHEMBL4873479,COc1ccc2nccc(CCN3CCC(NCc4cc(F)c(Br)c(F)c4)CC3)c2n1,7.102372908709558,0.6108339156354674,3,CHEMBL3430898,CHEMBL6077503
CHEMBL3984204,COc1cc(N(C)S(=O)(=O)c2ccc3[nH]c(=O)c(=O)[nH]c3c2)cc2ccccc12,6.522878745280337,0.0,1,CHEMBL3879870,CHEMBL5732838
CHEMBL5274889,CCOC1=NOC2(CCN(C(=O)CCC(F)(F)F)CC2)C1,7.301029995663981,0.0,1,CHEMBL360,CHEMBL5246902
CHEMBL5413304,CCNc1ccc(C)c(Nc2c(CC)cccc2CC)n1,5.7447274948966935,0.0,1,CHEMBL5465373,CHEMBL5363735
CHEMBL464050,CCCC[C@H](CC(=O)O)C(=O)N1CCC[C@H]1c1nc2ccccc2o1,6.095284454721319,0.0,1,CHEMBL5765,CHEMBL1014575
CHEMBL110168,CCOC(=O)Nc1cc(NC(C)CCCN(CC)CC)c2nc(-c3ccccc3)c(-c3ccccc3)nc2n1,4.465973893943865,0.0,1,CHEMBL4213,CHEMBL1931925
CHEMBL4565061,O=S(=O)(Nc1ccc(-c2nc3ccccc3o2)cc1)c1cccc(F)c1,4.040958607678906,0.0,1,CHEMBL4295521,CHEMBL4388634
CHEMBL1909658,CO[C@H]1/C=C/O[C@@]2(C)Oc3c(C)c(O)c4c(c3C2=O)C(=O)C(/C=N/N2CCN(C)CC2)=C(NC(=O)/C(C)=C\C=C\[C@H](C)[C@H](O)[C@@H](C)[C@@H](O)[C@@H](C)[C@H](OC(C)=O)[C@@H]1C)C4=O,7.886056647693163,0.0,1,CHEMBL2006,CHEMBL1914226
CHEMBL216786,O=C(Nc1cccc([N+](=O)[O-])c1)C1CC(=O)N(C2CCCCC2)C1,4.975104039892515,0.0,1,CHEMBL1849,CHEMBL907779
CHEMBL3198615,CN(C)/C=N/c1nc2nccc(-c3cccc(Cl)c3)n2n1,5.938547520912807,0.0,1,CHEMBL1287620,CHEMBL2354305
CHEMBL3464763,Cc1cc(NCc2cccc(C#N)c2)ccc1Br,4.715914445261864,0.0577699109028477,2,CHEMBL4105939,CHEMBL4649965
CHEMBL5275825,CCCCCCOC1=NOC2(CCN(C(=O)CCC(F)(F)F)CC2)C1,7.301029995663981,0.0,1,CHEMBL360,CHEMBL5246902
CHEMBL3628350,CCOC(=O)c1cnc2ccc(C(F)(F)F)cc2c1Nc1ccc(OCCCN2CCOCC2)cc1,4.784626847216578,0.0,1,CHEMBL3430898,CHEMBL3630322
CHEMBL3904842,COCCN(C(=O)c1nsc(Cl)c1Cl)c1nc2c(s1)CCc1c-2cnn1C,5.649751981665837,0.0,1,CHEMBL3988585,CHEMBL3887425
CHEMBL2418514,COc1ccccc1/C=C1\S/C(=N\c2cccc(C(=O)O)c2)N(C)C1=O,6.795066477645855,0.0,1,CHEMBL2321612,CHEMBL2423608
CHEMBL1814772,Nc1ncnc2c1c(-c1ccc[nH]1)cn2[C@@H]1O[C@H](CO)[C@@H](O)[C@H]1O,5.138465589140962,0.0,1,CHEMBL360,CHEMBL3385546
CHEMBL497057,COc1ccc(/C=C/C(=O)c2c(C)[n+]([O-])c3ccccc3[n+]2[O-])cc1OC,5.038578905933552,0.0,1,CHEMBL360,CHEMBL1251034
CHEMBL3637814,FC(F)(F)c1nnc2ccc(Sc3nnc(-c4ccco4)o3)nn12,5.499999678657065,0.0,1,CHEMBL613086,CHEMBL3637832
CHEMBL2431005,O=C(CCC(c1ccccc1)P(=O)(O)O)NO,4.853871964321762,0.0,1,CHEMBL5630,CHEMBL2434044
CHEMBL539953,CC(C)(C)OC(=O)NCCCC[C@H](NC(=O)OC(C)(C)C)C(=O)NNC(=O)c1cc(C23CC4CC(CC(C4)C2)C3)c2ccccc2n1,5.470000200122707,0.0,1,CHEMBL360,CHEMBL1030449
CHEMBL2024256,C[C@H](NC(CC(=O)c1ccccc1Cl)C(=O)O)c1ccccc1,5.075720713938118,0.0,1,CHEMBL1275214,CHEMBL2027818
CHEMBL5184622,CCOC(=O)NC(=O)c1ccsc1NC(=O)c1ccc(C(C)=O)cc1,4.438540828758084,0.0,1,CHEMBL3804751,CHEMBL5144258
CHEMBL3909504,CN(c1ccc(Cl)cc1)S(=O)(=O)c1ccc2[nH]c(=O)c(=O)[nH]c2c1,7.0,0.0,1,CHEMBL3879870,CHEMBL5732838
CHEMBL3125282,CCCNC(=O)[C@@H]1C[C@@H](NC(=O)c2cc(CC)nn2C)CN1C(=O)c1coc2ccccc12,7.67778070526608,0.0,1,CHEMBL1849,CHEMBL3132000
CHEMBL1530961,Cc1cc(OCC(=O)NCC(O)c2ccccc2)c2c(C)cc(=O)oc2c1,5.898596649444669,0.0,1,CHEMBL1287620,CHEMBL2354305
CHEMBL5090912,CCS(=O)(=O)N1CCN(c2nc(=O)c3cc(S(C)(=O)=O)cc([N+](=O)[O-])c3s2)CC1,5.173925197299174,0.0,1,CHEMBL3804751,CHEMBL5050652
CHEMBL1773168,CCCCc1ccc(NS(=O)(=O)c2ccc3c4c(cccc24)C(=O)N3)cc1,5.886056647693163,0.066946789630613,3,CHEMBL4540,CHEMBL1775840
CHEMBL4081018,Cl.NC[C@@H]1OB(O)c2c3c(cc(Cl)c21)OCCO3,4.899629454882437,0.0,1,CHEMBL4105844,CHEMBL4020311
CHEMBL4517718,Cc1ccc2oc(-c3cn(-c4ccc(F)cc4)nc3-c3sc(C)nc3C)cc(=O)c2c1,5.97061622231479,1.565995312131177,3,CHEMBL360,CHEMBL4393104
CHEMBL1208368,O=P(O)(O)CCc1ccc(O)c(O)c1,4.3872161432802645,0.0,1,CHEMBL5630,CHEMBL1826116
CHEMBL1236228,O=C(COP(=O)(O)O)N(O)CCCCOP(=O)(O)O,8.494850021680094,0.0,1,CHEMBL1287620,CHEMBL1286072
CHEMBL3628349,CCOC(=O)c1cnc2ccc(F)cc2c1Nc1ccc(OCCCN2CCOCC2)cc1,5.117475462045119,0.0,1,CHEMBL3430898,CHEMBL3630322
CHEMBL1312332,O=C1NC(=O)c2cc(NC(=O)C3CCCO3)ccc21,5.6221475809932455,0.0,1,CHEMBL1287620,CHEMBL2354305
CHEMBL3459182,CCOC(=O)N1CCN(C(=O)C2CC(=O)N(c3ccccc3Br)C2)CC1,4.681216505524023,0.0610327573312083,2,CHEMBL4105939,CHEMBL4649965
CHEMBL5412708,COc1ccc(-c2noc(C(=O)NCCc3ccc(C(=O)N4CC(OC)C4)cc3)n2)cc1OC1CCC1,6.3979400086720375,0.0,1,CHEMBL4105939,CHEMBL5375438
CHEMBL438202,CC(C)(C)C1CCc2onc(C(=O)Nc3cnn(Cc4ccc(C(=O)NCCc5ccccc5)cc4)c3)c2C1,6.853871964321762,0.0,1,CHEMBL6069,CHEMBL935788
CHEMBL3497602,Cl.NC1CCc2nc(-c3cccnc3)nc(Nc3ccc(F)cc3)c2C1,5.04215203056382,0.299076793033775,2,CHEMBL360,CHEMBL4649971
CHEMBL4632818,CN(C)c1cc(O)c(C(=O)O)cc1C#Cc1cccc(NC(=O)C(=O)O)c1,6.795880017344075,0.0,2,CHEMBL4295521,CHEMBL4626292
CHEMBL4871611,Cc1cn(C2CCN(Cc3cccc(Oc4ccc(O)cc4)n3)CC2)c(=O)[nH]c1=O,5.958607314841775,0.0,1,CHEMBL2361,CHEMBL4832952
CHEMBL5288145,O=C(CCC(F)(F)F)N1CCC(c2ccnc(F)c2)CC1,8.0,0.0,1,CHEMBL360,CHEMBL5246902
CHEMBL4593173,CC1(c2ccc(S(N)(=O)=O)cc2)NC(=O)N(CC(=O)c2ccc(F)c(F)c2)C1=O,7.199970640755866,0.0,1,CHEMBL3804751,CHEMBL4406692
CHEMBL5316225,C[C@@H]1[C@@H](C)[C@H](C)O[C@@H](O[C@@H]2[C@@H](O)[C@H](OCCc3ccc(O)c(O)c3)O[C@H](CO[C@@H]3OC[C@](O)(CO)[C@H]3O)[C@H]2OC(=O)/C=C/c2ccc(O)c(O)c2)[C@@H]1C,5.6777807052660805,0.0,1,CHEMBL1908385,CHEMBL5229239
CHEMBL3905458,CCc1ccc2nc(O)c(CNc3ccc(N(C)C)cc3)cc2c1,5.325138859262188,0.0,1,CHEMBL3988585,CHEMBL3887425
CHEMBL4171905,O=[N+]([O-])c1nccn1CCCCNc1ccnc2c(Cl)cccc12,5.605562442112292,2.436692597664054,2,CHEMBL360,CHEMBL4132277
CHEMBL3409443,O=C(c1cc(C23CC4CC(CC(C4)C2)C3)c2ccccc2c1)N1CCCCC1,3.9200000125048624,0.0,1,CHEMBL360,CHEMBL3412552
CHEMBL1487172,Cc1nc2ccccn2c1C(=O)NC1CCCCC1,5.701146923590294,0.0,1,CHEMBL6069,CHEMBL3365136
CHEMBL227499,O=C(N/N=C/c1ccnc2cc(Cl)ccc12)c1cc(C23CC4CC(CC(C4)C2)C3)c2ccccc2n1,6.180002266489224,0.0,1,CHEMBL360,CHEMBL914626
CHEMBL2017726,c1cc(Nc2cc(C3CC3)[nH]n2)nc(NCC2CC2)n1,6.663540266151471,0.0,1,CHEMBL1908385,CHEMBL2020901
CHEMBL83995,NCCCOc1c(Br)cc(C/C(=N\O)C(=O)NCCc2c[nH]c(N)n2)cc1Br,4.443697499232712,0.0,1,CHEMBL3703,CHEMBL752054
CHEMBL3446692,Cc1cnc(Nc2cccc(C3CCCN3Cc3cn(C)nc3C)n2)s1,4.8934586875852535,0.3033670119683469,2,CHEMBL360,CHEMBL4649971
CHEMBL3637785,CCCC/C=C/c1cc2ccncc2cc1OC1CCNCC1,5.59999938302362,0.0,1,CHEMBL613086,CHEMBL3637832
CHEMBL3487265,CCCN(C(=O)c1ccccn1)c1nc2c(s1)CCc1c-2cnn1C,4.507713102944644,0.1115984152166662,2,CHEMBL4662921,CHEMBL4649947
CHEMBL428967,CCCCCCc1ccc(Oc2ccccc2NC(=O)c2ccno2)c(O)c1,4.499572066741481,1.9851441231253744,2,CHEMBL1849,CHEMBL936672
CHEMBL3115424,O=[N+]([O-])c1ccc2nc3c(c(-c4ccccc4)c2c1)CCCC3,4.353106375832255,0.0,1,CHEMBL360,CHEMBL3119863
CHEMBL3466410,Cn1c(CCN2CCN(c3ccc(O)cc3)CC2)nc2ccccc21,4.164605991199526,0.0,1,CHEMBL360,CHEMBL4649971
CHEMBL81748,Nc1ccc(SSCCNC(=O)/C(Cc2cc(F)cc(F)c2)=N\O)cc1,3.3467874862246565,0.0,1,CHEMBL3703,CHEMBL752054
CHEMBL1090328,Cc1c(C(=O)NCc2ccccc2)[n+]([O-])c2cc(F)ccc2[n+]1[O-],5.548213564475709,0.0,1,CHEMBL360,CHEMBL1781055
CHEMBL5184111,CCc1ccc(C(=O)CCCN2CCC(O)(c3ccc(Cl)cc3)CC2)cc1,4.3979400086720375,0.0,1,CHEMBL3879870,CHEMBL5108515
CHEMBL4278712,Cc1c(CN2CCOCC2)cc(-c2ccc(C(C)C)cc2)n1CC(C)(C)O,5.6020599913279625,0.0,1,CHEMBL360,CHEMBL4255037
CHEMBL1795954,CN(CCCNC(=O)c1ccc2c(c1)N(Cc1cccc(Cl)c1)C(=O)c1ccccc1S2)C1CCCCC1,3.552841968657781,0.0,1,CHEMBL1744527,CHEMBL1798854
CHEMBL4553236,CC1(c2ccc(S(=O)(=O)NC3CC3)cc2)NC(=O)N(CC(=O)c2ccc(F)cc2F)C1=O,5.700000503883016,0.0,1,CHEMBL3804751,CHEMBL4406692
CHEMBL3394244,C[S+]([O-])c1cc(-c2cccs2)[nH]c(=O)c1C#N,6.086186147616283,0.0,1,CHEMBL2361,CHEMBL3396196
CHEMBL3403264,Cc1ccc(NC(=O)NC2CCN(c3cc(C)nc4ccc(C(F)(F)F)cc34)CC2)cc1,5.036212172654444,0.0,1,CHEMBL3430898,CHEMBL3405737
CHEMBL826,CCn1cc(C(=O)O)c(=O)c2cc(F)c(N3CCNCC3)nc21,3.8068754016455375,0.0,1,CHEMBL3430898,CHEMBL1280244
CHEMBL5422039,CCCN(C)c1ccc(CN2CCC(COc3cc(=O)n(C)c4ccccc34)CC2)cc1,3.9913998282380825,0.0,1,CHEMBL4879548,CHEMBL5347778
CHEMBL4779833,O=C(Nc1ccc(Cl)c(Cl)c1)Nc1ccc(O)c(C(=O)O)c1,5.063194401501766,1.0777311796523923,2,CHEMBL2321612,CHEMBL5262989
CHEMBL1945813,O=C(CCC(F)(F)F)N1CCC(c2nc(-c3ccccc3)no2)CC1,5.040958607678906,0.0,1,CHEMBL1772929,CHEMBL1947973
CHEMBL1224745,CCCCCc1ccc(Oc2ccccc2)c(O)c1,7.769551078621726,0.0,1,CHEMBL360,CHEMBL1228528
CHEMBL417727,Nc1ccc2c(c1)C(=O)C(=O)c1ccccc1-2,6.138699489904809,0.070451414788728,2,CHEMBL3988585,CHEMBL3887425
CHEMBL5625039,CCNc1nc(N2CCOCC2)nc2ncn(Cc3ccc4ccccc4c3)c12,4.2441251443275085,0.0,1,CHEMBL360,CHEMBL5623533
CHEMBL1223644,O=C(c1ccc(F)cc1)N1CCN(C2c3ccccc3-c3ccccc32)CC1,6.401209493236885,0.0,1,CHEMBL1849,CHEMBL3395431
CHEMBL3409423,NNC(=O)c1cc(CC2CC3CCC2C3)c2ccccc2n1,5.710001024518514,0.0,1,CHEMBL360,CHEMBL3412552
CHEMBL1539910,Nc1c2c(nc3sc4c(c13)CCCCC4)CCCC2,5.468521082957745,0.0,1,CHEMBL360,CHEMBL5226840
CHEMBL242255,O=C(NC1CCCCC1)NC12CC3CC(CC(C3)C1)C2,6.886056647693163,0.0,1,CHEMBL1795155,CHEMBL1819932
CHEMBL899,Cc1c(OCC(F)(F)F)ccnc1CSc1nc2ccccc2[nH]1,6.2831950783381405,0.1080941799605703,2,CHEMBL360,CHEMBL5244572
CHEMBL66953,O=c1c(O)cccc2cc(O)c(O)c(O)c12,4.667561540084395,0.0,1,CHEMBL1293297,CHEMBL1614471
CHEMBL3968846,CCc1cccc(NC(=O)C2CCN(S(=O)(=O)c3cn(C(C)C)cn3)CC2)c1,5.5934598195660445,0.0,1,CHEMBL3988585,CHEMBL3887425
CHEMBL3947991,CC(C)n1cnc(S(=O)(=O)N2CCC(C(=O)Nc3ccccc3)CC2)c1,5.557520230935552,0.0,1,CHEMBL3988585,CHEMBL3887425
CHEMBL1501577,COC(=O)c1ccccc1NC(=O)CCS(=O)(=O)c1ccc(Br)cc1,4.543178651978401,0.0,1,CHEMBL1293297,CHEMBL1614471
CHEMBL407324,CCCCCCc1ccc(Oc2ccccc2NC(=O)C(=O)O)c(O)c1,5.627087997029894,0.0,1,CHEMBL1849,CHEMBL936672
CHEMBL584002,CN(C)c1ccc(/C=N/NC(=O)c2ccc(N3CCOCC3)cc2)cc1,0.7253000000007775,0.0,1,CHEMBL360,CHEMBL1040362
CHEMBL2086889,CCn1nc(-c2ccc(OC)cc2)nc2c(=O)n(C)c(=O)nc1-2,7.221848749616356,0.0,1,CHEMBL3988585,CHEMBL3887425
CHEMBL5583980,CC(=O)N(CCC(c1ccc(Cl)c(Cl)c1)P(=O)(O)O)OC(C)c1ccc(F)cc1.N.N,5.320572103387881,0.0,1,CHEMBL5630,CHEMBL5577887
CHEMBL506131,CCCC[C@H](CC(=O)O)C(=O)N1CCC[C@H]1c1nc2ccccc2[nH]1,6.694648630553377,0.0,1,CHEMBL5765,CHEMBL1014575
CHEMBL2017720,c1cncc(-c2nccc(Nc3cc(C4CC4)[nH]n3)n2)c1,6.694648630553377,0.0,1,CHEMBL1908385,CHEMBL2020901
CHEMBL3329648,Cc1cc(C)c(NC(=O)NNC(=O)c2cc(C34CC5CC(CC(C5)C3)C4)c3ccccc3n2)c(C)c1,5.410000161858408,0.0,1,CHEMBL360,CHEMBL3380429
CHEMBL3890411,Cc1cccc(S(=O)(=O)Nc2ccc(-c3nc4cc(NS(=O)(=O)c5cccc(C)c5)ccc4o3)cc2)c1,5.236572006437063,0.0,1,CHEMBL4295521,CHEMBL4388634
CHEMBL3330963,COc1cc(NC(=O)NNC(=O)c2cc(C34CC5CC(CC(C5)C3)C4)c3ccccc3n2)cc(OC)c1OC,4.379999982779397,0.0,1,CHEMBL360,CHEMBL3380429
CHEMBL3637808,Cn1cc(CCNC(=O)Nc2ccc(N3CCCCC3)nc2)cn1,4.70000006855703,0.0,1,CHEMBL613086,CHEMBL3637832
CHEMBL4635176,O=C(O)C(=O)Nc1ccc(C#Cc2ccc3ccccc3c2)cc1,7.031517051446065,0.0,2,CHEMBL4295521,CHEMBL4626292
CHEMBL3753557,O=S(=O)(Nc1ccc(Nc2c3ccccc3nc3ccc(Cl)cc23)cc1)c1ccc(Cl)cc1,4.906578314837765,0.0,1,CHEMBL3430898,CHEMBL3758003
CHEMBL3342661,CC(C)c1ccc(-c2cn([C@@H]3O[C@H](CO)[C@@H](O)[C@H]3O)c3ncnc(N)c23)cc1,5.276544327964814,0.0,1,CHEMBL360,CHEMBL3385546
CHEMBL3475532,CN(C)C[C@@H]1[C@H]2CN(C(=O)c3cc(=O)[nH]c4ccc(F)cc34)C[C@@H]12,4.006629513876621,0.0,1,CHEMBL4105939,CHEMBL4649965
CHEMBL1916864,O=C(NO)N/N=C/c1ccc(O)cc1,4.205584137202896,0.3847117429382827,2,CHEMBL360,CHEMBL1918205
CHEMBL5084231,CC(=O)c1c(-c2ccc(O)cn2)oc2ccc(O)c(CN3CCC4(COC4)C3)c12,6.443697499232712,0.0,1,CHEMBL4105939,CHEMBL5038057
CHEMBL4638054,O=C(O)c1ccc(/C=C/C(=O)c2cccc([N+](=O)[O-])c2)cc1,5.580575454631372,0.1153934187020695,2,CHEMBL4542,CHEMBL4625404
CHEMBL333742,CC1=C(O)C(C)(Cc2ccc(-c3ccccc3)cc2)SC1=O,4.292429823902063,0.0,1,CHEMBL3640,CHEMBL648364
CHEMBL4458229,O=S(=O)(Nc1ccc(-c2nc3ccccc3o2)cc1)c1ccc(O)cc1,4.031517051446065,0.0,1,CHEMBL4295521,CHEMBL4388634
CHEMBL3448249,c1nnc(Nc2cncc(C3CCCN3CC3CC3)n2)s1,4.525685812101372,0.0,1,CHEMBL360,CHEMBL4649971
CHEMBL557880,CC[C@H](C)[C@H](NC(=O)c1cc(C23CC4CC(CC(C4)C2)C3)c2ccccc2n1)C(=O)NN,5.210000001311122,0.0,1,CHEMBL360,CHEMBL1030449
CHEMBL4167333,O=[N+]([O-])c1cc(S(=O)(=O)Nc2ccc(-c3nc4cc(NS(=O)(=O)c5ccc(Cl)s5)ccc4o3)cc2)ccc1Cl,5.3979400086720375,0.0,1,CHEMBL4295521,CHEMBL4388634
CHEMBL4583291,CCc1ccc(S(=O)(=O)Nc2ccc3oc(-c4ccc(NS(=O)(=O)c5ccc(Cl)s5)cc4)nc3c2)cc1,5.1487416512809245,0.0,1,CHEMBL4295521,CHEMBL4388634
CHEMBL5435723,O=c1[nH]cnc2c(Sc3cc(OCc4c(F)c(F)c(F)c(F)c4F)ccc3/C=C/P(=O)([O-])[O-])c[nH]c12.[Na+].[Na+],7.552841968657781,0.0,1,CHEMBL1169594,CHEMBL5341494
CHEMBL1336922,COc1cc(/C=C(\C#N)c2nc3cc(C)ccc3[nH]2)cc([N+](=O)[O-])c1O,4.025626492918577,0.0,1,CHEMBL1293297,CHEMBL1614471
CHEMBL54206,O=C(CCCN1CCC(O)(c2ccccc2)CC1)c1ccc(F)cc1,6.070581074285707,0.0,1,CHEMBL3879870,CHEMBL5108515
CHEMBL3355806,O=[N+]([O-])c1ccc(NC(=S)N2CCN(c3nsc4ccccc34)CC2)cc1,6.080921907623926,0.0,1,CHEMBL3430898,CHEMBL3390735
CHEMBL3950034,COC(=O)c1cc2occc2n1CC(=O)c1cccc(F)c1,6.795880017344075,0.0,1,CHEMBL3879870,CHEMBL3865749
CHEMBL3456754,COC(=O)C(C)(C)NC(=O)c1cc2sc(N(C)C)nc2s1,4.813235657825079,0.3078175160145795,2,CHEMBL4105939,CHEMBL4649965
CHEMBL4290458,Cc1c(CN2CCOCC2)cc(-c2ccc(C(C)C)cc2)n1C1CCC1,7.096910013008056,0.0,1,CHEMBL360,CHEMBL4255037
CHEMBL5286085,CN1CCN(c2ccc(Nc3nccc(-c4ccc(Cl)cc4)n3)cc2C(F)(F)F)CC1,5.091514981121351,0.0,1,CHEMBL1908385,CHEMBL5229239
CHEMBL3121929,NC(=O)c1c(NC(=O)c2ccc([N+](=O)[O-])o2)sc2c1CCN(S(=O)(=O)c1ccc(F)cc1)C2,4.755475488429917,0.0,1,CHEMBL6069,CHEMBL3123111
CHEMBL5418273,COc1cc(C(=O)Nc2ccc3[nH]c(C)cc3c2F)ccc1OCCCN1CCCC1,4.571865205971212,0.0,1,CHEMBL4662931,CHEMBL5379299
CHEMBL3628458,O=C(O)c1cnc2ccc(C(F)(F)F)cc2c1Nc1ccc(OCCCN2CCOCC2)cc1,4.843753809602656,0.0,1,CHEMBL3430898,CHEMBL3630322
CHEMBL1334062,Cn1nc(-c2ccc(Cl)cc2)nc2c(=O)n(C)c(=O)nc1-2,7.0,0.0,1,CHEMBL3988585,CHEMBL3887425
CHEMBL4456802,C=Cc1ccc(S(=O)(=O)Nc2ccc(-c3nc4ccccc4o3)cc2)cc1,4.2839966563652006,0.0,1,CHEMBL4295521,CHEMBL4388634
CHEMBL1762024,CC(C)(C)c1ccc(C(F)(F)F)cc1NC(=O)[C@H]1CC[C@H]2[C@@H]3CNC4=CC(=O)CC[C@]4(C)[C@H]3CC[C@]12C,4.568636235841013,0.0,1,CHEMBL1744528,CHEMBL1764602
CHEMBL3904392,Cc1ccc(C)c(NC(=O)C2CCN(S(=O)(=O)c3cn(C(C)C)cn3)CC2)c1,5.406713932979542,0.0,1,CHEMBL3988585,CHEMBL3887425
CHEMBL4552155,COc1ccc(/C=C2/SC(=S)N(CC(=O)c3ccccc3)C2=O)cc1,5.084072788302884,0.0,1,CHEMBL1849,CHEMBL4481956
CHEMBL418868,CCCCCCP(=O)(O)OCCN1C(=O)c2ccccc2C1=O,5.357535479757878,0.0,1,CHEMBL4624,CHEMBL652028
CHEMBL1235660,O=C(Cc1cccs1)N1CCC(c2nc(-c3cccs3)no2)CC1,6.301029995663981,0.0,1,CHEMBL1772929,CHEMBL1776262
CHEMBL2362025,CC(=O)NCCNC(=O)C1Cc2c(-c3ccc4c(c3)OCO4)ccnc2O1,5.762959208620809,0.0,1,CHEMBL1287620,CHEMBL2354305
CHEMBL4060832,CN1CC2C(=O)N(Cc3ccccc3)C(=O)C2C12C(=O)c1ccccc1C2=O,4.26003230324049,0.0,1,CHEMBL360,CHEMBL4022472
CHEMBL5431446,O=C(CCc1cn(-c2ccc(Cl)cc2)nn1)Oc1ccc(Cl)cc1,3.086816802443688,0.3778146559110475,2,CHEMBL4450,CHEMBL5372641
CHEMBL319177,CNc1ncnc2c1c(I)cn2[C@@H]1O[C@H](CO)[C@@H](O)[C@H]1O,4.000434511774018,0.0,1,CHEMBL360,CHEMBL3129228
CHEMBL4647989,O=C(O)C(=O)Nc1ccc(CCc2ccc(C(F)(F)F)cc2)cc1,6.705533773838407,0.0,2,CHEMBL4295521,CHEMBL4626292
CHEMBL5409820,O=C(O)C1CSc2c(C3CC3)c(-c3cc(-c4c5ccccc5cc5ccccc45)no3)cc(=O)n21,5.806875401645538,0.0,1,CHEMBL360,CHEMBL5363916
CHEMBL589357,O=c1[nH]c2ccccc2n1CCCSc1nnc2c3ccccc3n(Cc3ccccc3)c2n1,5.537602002101044,0.0,1,CHEMBL4105851,CHEMBL1071690
CHEMBL5403757,O=c1[nH]cnc2c(Sc3cccc(O)c3/C=C/P(=O)([O-])[O-])c[nH]c12.[Na+].[Na+],6.838631997765025,0.0,1,CHEMBL1169594,CHEMBL5341494
CHEMBL1773966,O=C(CCC(F)(F)F)N1CCC(c2nc(-c3cccs3)no2)CC1,5.795880017344075,0.0,2,CHEMBL1772929,CHEMBL1776262
CHEMBL4069395,Cc1c(CN2CCOCC2)cc(-c2ccc(C(C)C)cc2)n1-c1ccc(F)cc1,7.0,0.0,1,CHEMBL360,CHEMBL4255037
CHEMBL3950773,Cc1ccccc1S(=O)(=O)Nc1ccc(-c2nc3cc(NS(=O)(=O)c4ccccc4C)ccc3o2)cc1,5.309803919971486,0.0,1,CHEMBL4295521,CHEMBL4388634
CHEMBL539344,Cl.Cl.O=C(Nc1cc(-c2ccccc2)c(O)c(-c2ccccc2)c1)C1CC(=O)N(C2CCCCC2)C1,7.207608310501746,0.0,1,CHEMBL1849,CHEMBL907779
CHEMBL3746230,COc1cc2c(c(O)c1OC)Oc1ccccc1CC2,3.9788107009300617,0.0,1,CHEMBL360,CHEMBL3750542
CHEMBL3885470,Cc1ccc(CN2CCN(c3nc(=O)c4cc([N+](=O)[O-])ccc4s3)CC2)cc1,5.049148541111453,0.0,1,CHEMBL3430898,CHEMBL3875318
CHEMBL5219114,Cc1ccc2nc(-c3ccccc3)c(C(c3ccccc3)N(CC(=O)N3CCN(c4ccccn4)CC3)Cc3ccccc3)cc2c1,5.40000018605658,0.0,1,CHEMBL360,CHEMBL5215160
CHEMBL4649843,N#Cc1ccc(C#Cc2ccc(NC(=O)C(=O)O)cc2)cc1,6.889410289700751,0.0,2,CHEMBL4295521,CHEMBL4626292
CHEMBL1958225,Cc1cccc(-c2cccc(COc3c4cc(CP(=O)([O-])O)cc3Cc3cc(CP(=O)([O-])O)cc(c3O)Cc3cc(CP(=O)([O-])O)cc(c3OCc3cccc(-c5cccc(C)n5)n3)Cc3cc(CP(=O)([O-])O)cc(c3O)C4)n2)n1.[Na+].[Na+].[Na+].[Na+],4.906578314837765,0.0,1,CHEMBL360,CHEMBL1959144
CHEMBL3330945,O=C(NNC(=S)Nc1cccc(Cl)c1Cl)c1cc(C23CC4CC(CC(C4)C2)C3)c2ccccc2n1,5.380000399499541,0.0,1,CHEMBL360,CHEMBL3380429
CHEMBL3330949,Cc1cccc(C)c1NC(=S)NNC(=O)c1cc(C23CC4CC(CC(C4)C2)C3)c2ccccc2n1,4.909999919094989,0.0,1,CHEMBL360,CHEMBL3380429
CHEMBL4462807,CC1(c2ccc(S(N)(=O)=O)cc2)NC(=O)N(CC(=O)c2nccs2)C1=O,6.199998172182031,0.0,1,CHEMBL3804751,CHEMBL4406692
CHEMBL1541244,O=C(O)CSCC(=O)Nc1ccc(-c2nc3ccccc3s2)cc1,4.061430243778939,0.0,1,CHEMBL1293297,CHEMBL1614471
CHEMBL3924343,O=C(O)c1ccccc1S(=O)(=O)Nc1ccc(-c2nc3cc(NS(=O)(=O)c4ccccc4C(=O)O)ccc3o2)cc1,5.376750709602099,0.0,1,CHEMBL4295521,CHEMBL4388634
CHEMBL5274852,O=C(CCC(F)(F)F)N1CCC(c2ccnc(Cl)c2)CC1,8.0,0.0,1,CHEMBL360,CHEMBL5246902
CHEMBL1797249,COC(=O)c1cc2c(OCc3ccccc3)cc(N)cc2[nH]1,4.648977147415876,0.0,1,CHEMBL6069,CHEMBL1799372
CHEMBL197081,Nc1ccc(SSCCNC(=O)/C(Cc2ccc(O)c(Cl)c2)=N/O)cc1,4.455931955649724,0.0,2,CHEMBL3703,CHEMBL881945
CHEMBL4518473,O=S(=O)(Nc1ccc(-c2nc3cc(NS(=O)(=O)c4ccc(Cl)s4)ccc3o2)cc1)c1ccc2ccccc2c1,5.4089353929735005,0.0,1,CHEMBL4295521,CHEMBL4388634
CHEMBL4781667,CCCCNc1nc(CC)nc2sc(C)cc12,5.568636235841013,0.5070844780971049,3,CHEMBL360,CHEMBL5226816
CHEMBL4211774,N#C/C(=C\c1ccc(-c2cccc(C(=O)O)c2)s1)c1nc2ccccc2s1,5.24184537803261,0.0,1,CHEMBL2259247,CHEMBL4178649
CHEMBL5082225,O=C(c1c(-c2ccc(O)cc2)oc2ccc(O)c(CN3CCC4(COC4)C3)c12)N1CCC1,6.187086643357144,0.0,1,CHEMBL4105939,CHEMBL5038057
CHEMBL363548,O=C(CCCN1CCC(O)(c2ccc(Cl)cc2)CC1)c1ccc(Cl)cc1,5.292429823902063,0.0,1,CHEMBL3879870,CHEMBL5108515
CHEMBL5283689,O=C(CCC(F)(F)F)N1CCC(c2cc(C(F)(F)F)ccn2)CC1,8.0,0.0,1,CHEMBL360,CHEMBL5246902
CHEMBL2407185,Cc1ccccc1C(=O)N(O)CCC(c1ccc(Cl)c(Cl)c1)P(=O)(O)O,6.080921907623926,0.0,1,CHEMBL5630,CHEMBL2412049
CHEMBL5411413,COc1ccc(/C=C/P(=O)([O-])[O-])c(Sc2c[nH]c3c(=O)[nH]cnc23)c1.[Na+].[Na+],7.443697499232712,0.0,1,CHEMBL1169594,CHEMBL5341494
CHEMBL1096287,O=C(/C=C/c1ccc([N+](=O)[O-])cc1)c1ccc2ccccc2c1,4.207608310501746,0.0,1,CHEMBL4540,CHEMBL1948974
CHEMBL3487779,COCc1ccc(CNc2cncc(-n3cccn3)n2)cc1,4.723288490853115,0.0,1,CHEMBL4105939,CHEMBL4649965
CHEMBL3544895,O=C(CCCN1CC=C(c2ccc(Cl)cc2)CC1)c1ccc(F)cc1,6.251811972993799,0.0,1,CHEMBL3879870,CHEMBL5108515
CHEMBL4524408,C/C=C(\C)C(=O)O[C@@H]1[C@@H](C)[C@]2(O)[C@@H]3C=C(C)C(=O)[C@@H]3CC(C=O)=C[C@H]2[C@@H]2C(C)(C)[C@]12OC(C)=O,4.709965388637482,0.0,1,CHEMBL360,CHEMBL4430767
CHEMBL4161583,O=[N+]([O-])c1cc(S(=O)(=O)Nc2ccc3oc(-c4ccc(NS(=O)(=O)c5ccc(Cl)s5)cc4)nc3c2)ccc1Cl,5.337242168318426,0.0,1,CHEMBL4295521,CHEMBL4388634
CHEMBL4097877,CN1CC2C(=O)N(c3ccc(Br)cc3)C(=O)C2C12C(=O)c1ccccc1C2=O,4.955852379121277,0.0,1,CHEMBL360,CHEMBL4022472
CHEMBL2164262,CN(O)C(=O)COC(c1ccc(F)c(F)c1)P(=O)(O)O,5.337242168318426,0.0,1,CHEMBL5630,CHEMBL2434044
CHEMBL4071838,CCCCCCc1ccc(Nc2nc(C)cs2)cc1,7.301029995663981,0.0,1,CHEMBL360,CHEMBL4045152
CHEMBL3355792,CCOC(=O)c1cc2cc(N3CCN(C(=S)Nc4ccc([N+](=O)[O-])cc4)CC3)ccc2o1,4.976747540366288,0.0,1,CHEMBL3430898,CHEMBL3390735
CHEMBL3924071,CCCCn1c(NC(=O)c2ccc(Br)o2)c(C#N)c2nc3ccccc3nc21,5.9935139349044775,0.0538753807828547,2,CHEMBL3988585,CHEMBL3887425
CHEMBL3237103,O=[N+]([O-])c1cc(/N=N/Nc2ccc(Nc3ccc(F)c([N+](=O)[O-])c3)c([N+](=O)[O-])c2)ccc1F,4.019269623464055,0.0,1,CHEMBL360,CHEMBL3239483
CHEMBL1946439,O=C(/C=C/c1ccccc1[N+](=O)[O-])c1ccc2c(c1)OCO2,4.091514981121351,0.0,1,CHEMBL4540,CHEMBL1948974
CHEMBL5176318,CC1CC(C)CN(CCCOc2ccc(F)cc2)C1,4.376750709602099,0.0,1,CHEMBL3879870,CHEMBL5108515
CHEMBL3394152,COc1cccc(-c2cc(-c3cccc(C(=O)O)c3)c(C#N)c(=O)[nH]2)c1,5.563837352959244,0.0,1,CHEMBL2361,CHEMBL3396196
CHEMBL3909271,COC(=O)c1cc2occc2n1CC(=O)c1ccc(C)cc1,5.236572006437063,0.0,1,CHEMBL3879870,CHEMBL3865749
CHEMBL5632798,CCN(CC)c1ccc2cc(C(=O)NCc3cn(Cc4ccc(Oc5ccccc5)c(O)c4)nn3)c(=O)oc2c1,5.449771646944906,0.0,1,CHEMBL1849,CHEMBL5626588
CHEMBL3197798,Cc1ccc(OCC(=O)N/N=C\c2ccc(-c3cccc(C(=O)O)c3)o2)c(C)c1,3.86442214665507,0.0,1,CHEMBL1293297,CHEMBL1614471
CHEMBL5405539,Brc1ccc(COc2ccccc2CNCc2ccccc2)cc1,5.886056647693163,0.0,1,CHEMBL3879870,CHEMBL5347210
CHEMBL4457015,COc1ccccc1S(=O)(=O)Nc1ccc2oc(-c3ccccc3)nc2c1,4.173925197299174,0.0,1,CHEMBL4295521,CHEMBL4388634
CHEMBL5409546,COc1cccc(Sc2c[nH]c3c(=O)[nH]cnc23)c1OCP(=O)([O-])[O-].[Na+].[Na+],7.481486060122112,0.0,1,CHEMBL1169594,CHEMBL5341494
CHEMBL4283943,CO[C@H]1[C@H](O[C@H]([C@H]2O[C@@H](n3ccc(=O)[nH]c3=O)[C@H](O)[C@@H]2O)[C@H](NCCCNC(=O)[C@H](CC(C)C)NC(=O)[C@@H](NC(=O)N[C@H](C(=O)O)C(C)C)[C@@H]2CCNC(=N)N2)C(=O)O)O[C@H](CN)[C@H]1O,7.958607314841775,0.0,1,CHEMBL1921665,CHEMBL4256093
CHEMBL3478250,CC(C)Cc1ncc2c(n1)CN(c1nccc(NC(C)C)n1)C2,4.461622723316418,0.0,1,CHEMBL360,CHEMBL4649971
CHEMBL223447,CCCN(CCC)NC(=O)c1cc(C23CC4CC(CC(C4)C2)C3)c2ccccc2n1,5.290000325166601,0.0,1,CHEMBL360,CHEMBL914626
CHEMBL1566701,CC1(C)CC(=O)C2=C(C1)N(CCN1CCOCC1)C1=C(C(=O)CC(C)(C)C1)C2c1ccc(Cl)cc1,5.633017024022149,0.0,1,CHEMBL1287620,CHEMBL2354305
CHEMBL6142943,C=C(C)C(=O)Nc1cc(C(F)(F)F)cc2c(=O)nc(N3CCC4(CC3)OC[C@H](C)O4)sc12,4.469288162018343,0.0,1,CHEMBL3804751,CHEMBL6075288
CHEMBL564206,CC(C)(C)OC(=O)N[C@@H](CCC(N)=O)C(=O)NNC(=O)c1cc(C23CC4CC(CC(C4)C2)C3)c2ccccc2n1,4.96000007768865,0.0,1,CHEMBL360,CHEMBL1030449
CHEMBL1945189,COc1cc(-c2[nH]ccc2Cl)oc1C1=C2N=C3C=C2[C@H](C(C)C)[C@H]1CCCCCCCC3,5.055517327849832,0.0,1,CHEMBL4542,CHEMBL1948968
CHEMBL217864,COC(=O)c1ccccc1NC(=O)C1CC(=O)N(C2CCCCC2)C1,4.45742352373947,0.0,1,CHEMBL1849,CHEMBL907779
CHEMBL4214022,Cc1onc(C(=O)O)c1-c1cccc(-c2cc(Cl)c(O)c(Cl)c2)c1,5.525783735923745,0.9374034418869748,3,CHEMBL4540,CHEMBL5161730
CHEMBL391010,O=C(N[C@H]1[C@H](O)[C@@H](O)[C@H](CO)O[C@H]1SC1CCCCC1)C1COC(c2cccc(F)c2)=N1,4.552841968657781,0.0,1,CHEMBL6067,CHEMBL902566
CHEMBL4524771,CC(=O)Nc1ccc(/C=C2/SC(=S)N(CC(=O)c3ccccc3)C2=O)cc1,4.935542010773082,0.0,1,CHEMBL1849,CHEMBL4481956
CHEMBL4457499,CC1(c2ccc(S(N)(=O)=O)cc2)NC(=O)N(CC(=O)c2ccncc2)C1=O,5.59999938302362,0.0,1,CHEMBL3804751,CHEMBL4406692
CHEMBL3490833,COc1cc(C(=O)Nc2nc(C)no2)cc(Cl)c1OC,4.552337639901305,0.10615486870332,2,CHEMBL360,CHEMBL4649971
CHEMBL3487766,CNC(=O)COc1ccc(CNc2cncc(-n3cccn3)n2)cc1,4.927348354420941,0.0,1,CHEMBL4105939,CHEMBL4649965
CHEMBL4160241,Cl.NC1=NC2(CCCCC2)N(c2ccc(OCc3cn(CCCc4ccccc4)nn3)cc2)C(N)=N1,5.235077015350112,0.0,1,CHEMBL6065,CHEMBL4146166
CHEMBL5593075,O=S(=O)(O)CC[C@H]1OC(O)[C@H](O)[C@@H]1O,3.619788758288394,0.0,1,CHEMBL1770044,CHEMBL5580308
CHEMBL302376,NC[C@H]1O[C@@H](n2cnc3c(N)ncnc32)[C@H](O)[C@@H]1O,5.096910013008056,0.0,1,CHEMBL4523271,CHEMBL4394894
CHEMBL3932842,CN(C(=O)c1ccc(Cn2cccn2)o1)c1nc2c(s1)CCc1c-2cnn1C,5.438898616350944,0.0,1,CHEMBL3988585,CHEMBL3887425
CHEMBL3463494,Cc1cccc(OC2CCN(c3nccnc3C#N)CC2)n1,4.355939055038019,0.0366528910494121,2,CHEMBL4105939,CHEMBL4649965
CHEMBL1548989,Cc1ccc(-c2cnc(-c3ccccc3C(=O)O)o2)cc1,6.036684488613889,0.0,1,CHEMBL1287620,CHEMBL2354305
CHEMBL4566758,COc1cc(OC)c2c(c1)[C@@]13CC(=C(C)C)C[C@H]1[C@](C)(CCC=C(C)C)[C@@](Br)(C2=O)C3=O,6.795880017344075,0.0,1,CHEMBL360,CHEMBL4400911
CHEMBL4797884,O=C1c2ccccc2C(=O)C12N1CSC[C@@H]1[C@@H](c1ccc(Cl)cc1Cl)[C@@]21CSc2ccccc2C1=O,5.542118103266008,0.0,1,CHEMBL360,CHEMBL4719106
CHEMBL4207543,O=C(O)c1noc(-c2ccccc2)c1-c1cccc(-c2cc(Cl)cc(Cl)c2)c1,5.561314327065112,0.6916707655945187,4,CHEMBL4540,CHEMBL4201109
CHEMBL3934352,N#Cc1cccc(S(=O)(=O)Nc2ccc(-c3nc4cc(NS(=O)(=O)c5cccc(C#N)c5)ccc4o3)cc2)c1,4.481486060122113,0.0,1,CHEMBL4295521,CHEMBL4388634
CHEMBL3121949,NC(=O)c1c(NC(=O)c2ccc([N+](=O)[O-])o2)sc2c1CCN(C(=O)Nc1ccc([N+](=O)[O-])cc1)C2,4.703554205793604,0.0,1,CHEMBL6069,CHEMBL3123111
CHEMBL3393965,O=C(c1cc(F)ccc1F)N1CCN(C2c3ccccc3-c3ccccc32)CC1,5.804100347590766,0.0,1,CHEMBL1849,CHEMBL3395431
CHEMBL4643280,O=C(O)c1cccc(COc2ccc(O)cc2)c1,4.443697499232712,0.0,1,CHEMBL6065,CHEMBL4625598
CHEMBL3355803,S=C(Nc1ccccc1)N1CCN(c2nsc3ccccc23)CC1,5.4089353929735005,0.0,1,CHEMBL3430898,CHEMBL3390735
CHEMBL5171834,CC(C)[C@H]1CO[C@]23CCN(Cc4ccc(Cl)cc4)C[C@H]2CCC(=O)N13,7.376750709602099,0.5351132016973494,3,CHEMBL5169228,CHEMBL5154107
CHEMBL463790,Cc1c(C(=O)/C=C/c2ccc(Cl)c(Cl)c2)[n+]([O-])c2ccccc2[n+]1[O-],5.987162775294828,0.0,1,CHEMBL360,CHEMBL1251034
CHEMBL2425400,CC(C)C[C@H](NC(=O)[C@H](CCC(=O)O)NC(=O)[C@@H](N)[C@@H](C)O)C(=O)N[C@@H](CO)C(=O)N[C@@H](CC(C)C)C(=O)N1CCC[C@H]1C(=O)N[C@@H](CO)C(=O)O,3.739928612014925,0.0,1,CHEMBL1667699,CHEMBL2429128
CHEMBL3741294,COc1cnc2ccc(=O)n(CCN3CCN(C(=O)Nc4ccc(Br)cc4)CC3)c2c1,6.1249387366083,0.0,1,CHEMBL3430898,CHEMBL3745429
CHEMBL5093986,CNC(=O)c1c(-c2ccc(O)cn2)oc2ccc(O)c(CN3CCC4(COC4)C3)c12,5.6020599913279625,0.0,1,CHEMBL4105939,CHEMBL5038057
CHEMBL3981010,Cc1cccc(CNC(=O)C2CCN(S(=O)(=O)c3cn(C(C)C)cn3)CC2)c1,5.3788237182249645,0.0,1,CHEMBL3988585,CHEMBL3887425
CHEMBL3981691,CC(C)Oc1ccc(CNC(=O)C2CCN(S(=O)(=O)c3cn(C(C)C)cn3)CC2)cc1,5.413412695328245,0.0,1,CHEMBL3988585,CHEMBL3887425
CHEMBL3971460,CCCC(=O)Nc1ccc2c(c1)C(N1CCN(C(=O)c3ccc4[nH]ccc4c3)CC1)c1ccccc1-2,6.341988603342887,0.0,1,CHEMBL613086,CHEMBL3880092
CHEMBL4586199,Cc1ccccc1S(=O)(=O)Nc1ccc2oc(-c3ccccc3)nc2c1,4.229147988357856,0.0,1,CHEMBL4295521,CHEMBL4388634
CHEMBL2425394,C[C@H](NC(=O)CNC(=O)[C@@H]1CCCN1C(=O)[C@H](CO)NC(=O)[C@H](C)NC(=O)[C@H](CCCCN)NC(=O)[C@@H](N)CCC(N)=O)C(=O)O,3.764471553092451,0.0,1,CHEMBL1667699,CHEMBL2429128
CHEMBL3403262,Cc1cc(N2CCC(NC(=O)Nc3ccc(Cl)cc3)CC2)c2cc(C(F)(F)F)ccc2n1,4.761953896871205,0.0,1,CHEMBL3430898,CHEMBL3405737
CHEMBL4245587,CC[C@@H](C)[C@@H]1NC(=O)[C@@H](CC(C)C)NC(=O)[C@H](CC(C)C)NC(=O)[C@H](Cc2c[nH]c3ccccc23)NC(=O)[C@@H](CCCN)NC(=O)[C@H](CC(N)=O)NC1=O,5.824875990832918,0.5440680443502757,2,CHEMBL360,CHEMBL4234505
CHEMBL1818380,CCn1cc(C(=O)O)c(=O)c2cc(F)c(N3CCN(C(=O)CC[N+](=O)[O-])CC3)cc21,6.698970004336019,0.0,1,CHEMBL1667699,CHEMBL1820652
CHEMBL4076333,Cl.NCC1OB(O)c2c(OCC(F)F)ccc(Cl)c21,6.537602002101044,0.0,1,CHEMBL4105844,CHEMBL4020311
CHEMBL5277737,CN1CCN(c2ccc(Nc3nccc(-c4ccc(C#N)cc4)n3)cc2C(F)(F)F)CC1,5.292429823902063,0.0,1,CHEMBL1908385,CHEMBL5229239
CHEMBL5414769,COc1cc(-c2noc(C(=O)NCCc3ccc(C(=O)N4CCC4)cc3)n2)ccc1F,6.045757490560675,0.0,1,CHEMBL4105939,CHEMBL5375438
CHEMBL1796130,Cc1ccc(CN2C(=O)c3ccccc3[S+]([O-])c3ccc(C(=O)NCCCN(C)C4CCCCC4)cc32)c(C)c1,2.6989700043360187,0.0,1,CHEMBL1744527,CHEMBL1798854
CHEMBL4454187,C=CCONC(=O)C(C)N1C(=O)S/C(=C\c2ccc(F)cc2)C1=O,4.221848749616356,0.0,1,CHEMBL360,CHEMBL4376611
CHEMBL4116378,NC[C@H]1OB(O)c2c(OCCO)ccc(Cl)c21,6.698970004336019,0.0,1,CHEMBL360,CHEMBL6081538
CHEMBL3134384,CCCCCCCCCCCCCCCCCCOP(=O)(O)OC[C@H]1O[C@@H](n2ccc3c(-c4ccoc4)ncnc32)[C@H](O)[C@@H]1O,4.247490599211157,0.0,1,CHEMBL360,CHEMBL3135671
CHEMBL3905343,COC(=O)c1cc2occc2n1CC(=O)c1cccc(Br)c1,6.301029995663981,0.0,1,CHEMBL3879870,CHEMBL3865749
CHEMBL4588928,COc1ccc(C(=O)CN2C(=O)/C(=C\c3ccc(Cl)cc3)SC2=S)cc1,4.782516055786093,0.0,1,CHEMBL1849,CHEMBL4481956
CHEMBL5409895,COc1ccc(CNC(=O)c2nc(-c3ccc(OC)c(OC)c3)no2)cc1OC,4.42021640338319,0.0,1,CHEMBL4105939,CHEMBL5375438
CHEMBL258966,CC(C)(C)C1CCc2onc(C(=O)Nc3cnn(Cc4ccc(Cl)cc4)c3)c2C1,6.853871964321762,0.0,1,CHEMBL6069,CHEMBL935788
CHEMBL3125258,CCc1cc(C(=O)N[C@@H]2C[C@@H](C(=O)NCc3nccs3)N(C(=O)c3coc4ccccc34)C2)n(C)n1,7.769551078621726,0.0,1,CHEMBL1849,CHEMBL3132000
CHEMBL3331419,O=C1C=C(N(Cc2cn(C3=CC(=O)c4ccccc4C3=O)nn2)c2ccc(Br)cc2)C(=O)c2ccccc21,4.716698771296451,0.0,1,CHEMBL360,CHEMBL3367829
CHEMBL4573440,CCOC(=O)C1=C(C)Oc2nc(C)n(Cc3cn([C@@H]4O[C@H](COC(C)=O)[C@@H](OC(C)=O)[C@H](OC(C)=O)[C@H]4OC(C)=O)nn3)c(=O)c2C1c1ccc(O)c(OC)c1,5.124360062995832,0.0,1,CHEMBL4295521,CHEMBL4372872
CHEMBL3503262,CC(C)Nc1nc2c(cc1C(=O)NCC1CC1)CCN(C)CC2.O=C(O)C(F)(F)F.O=C(O)C(F)(F)F,4.66088272421371,0.2934660013216748,2,CHEMBL4105939,CHEMBL4649965
CHEMBL5437878,COc1ccc(-c2noc(C(=O)NCCc3cccnc3)n2)cc1OC,6.221848749616356,0.0,1,CHEMBL4105939,CHEMBL5375438
CHEMBL2138373,COc1ccc(OC)c2c1C(=O)CC2C,5.651305809734459,0.0,1,CHEMBL1287620,CHEMBL2354305
CHEMBL4206173,Cc1cc(-c2cccc(-c3c(C(=O)O)noc3-c3ccccc3)c2)cc(C)c1O,5.667679012221937,0.7144821705142661,4,CHEMBL4540,CHEMBL4201110
CHEMBL526243,N#Cc1ccc(Cn2ccc3c4c(N)nc(N)nc4ccc32)cc1,7.995678626217358,0.0,1,CHEMBL6065,CHEMBL4146154
CHEMBL3199451,O=[N+]([O-])c1cc(/C=N\Nc2nccs2)ccc1O,4.226506107729029,0.0,1,CHEMBL360,CHEMBL3769289
CHEMBL2431012,O=C(CSC(c1ccc(F)c(F)c1)P(=O)(O)O)NO,5.769551078621726,0.0,1,CHEMBL5630,CHEMBL2434044
CHEMBL1946279,O=C(/C=C/c1ccc2ccccc2c1)c1ccc(-n2ccnc2)cc1,4.0,0.0,1,CHEMBL4542,CHEMBL1948973
CHEMBL3491346,NC(=O)NC(=O)CCN1CCN(c2nccs2)CC1,4.454757599470835,0.0,1,CHEMBL360,CHEMBL4649971
CHEMBL4584952,O=S(=O)(Nc1ccc2oc(-c3ccccc3)nc2c1)c1ccc(Cl)cc1,4.251811972993799,0.0,1,CHEMBL4295521,CHEMBL4388634
CHEMBL3394160,COc1cccc(-c2cc(-c3ccc(C(=O)O)cc3)c(C)c(=O)[nH]2)c1,5.920818753952375,0.0,1,CHEMBL2361,CHEMBL3396196
CHEMBL257608,Oc1ccc([C@@H]2CC(c3ccc(O)cc3O)=NN2C(=S)Nc2ccccc2)cc1,3.7772835288524167,0.0,1,CHEMBL360,CHEMBL932549
CHEMBL2407349,O=C(Cc1ccccc1)N(O)CCCP(=O)(O)O,4.169411331314856,0.0,1,CHEMBL5630,CHEMBL2412049
CHEMBL3409429,CO[C@H]1CC[C@H](c2cc(C(=O)NN)nc3ccccc32)CC1,4.489999942195333,0.0,1,CHEMBL360,CHEMBL3412552
CHEMBL378506,OB1OCc2ccccc21,4.671620396561262,0.0,1,CHEMBL4105844,CHEMBL4374104
CHEMBL1773975,O=C(CCC(F)(F)F)N1CC[C@@H](c2nc(-c3cccs3)no2)C1,5.698970004336019,0.0,2,CHEMBL1772929,CHEMBL1776262
CHEMBL5400737,Brc1ccc(COc2ccccc2CNCc2ccncc2)cc1,5.366531544420414,0.0,1,CHEMBL3879870,CHEMBL5347210
CHEMBL4545197,O=C(CN1C(=O)/C(=C\c2ccccc2)SC1=S)c1ccccc1,4.39577394691553,0.0,1,CHEMBL1849,CHEMBL4481956
CHEMBL3448584,COc1cccc(CNCc2nc3ccccc3c(=O)[nH]2)c1,4.171256538812886,0.0,1,CHEMBL360,CHEMBL4649971
CHEMBL5398358,COc1ccc(-c2noc(C(=O)NC(C#N)Cc3ccc(C(=O)N4CC(OC)C4)cc3)n2)cc1OCC1(O)CC1,6.045757490560675,0.0,1,CHEMBL4105939,CHEMBL5375438
CHEMBL4467330,Cc1ccc(C(=O)CN2C(=O)NC(C)(c3ccc(S(N)(=O)=O)cc3)C2=O)cc1,6.799998134593398,0.0,1,CHEMBL3804751,CHEMBL4406692
CHEMBL1823494,O=c1[nH]c(=O)n([C@H]2C[C@H](O)[C@@H](COP(=O)([O-])[O-])O2)cc1-c1ccc(F)cc1.[Na+].[Na+],5.0,0.0,1,CHEMBL1795161,CHEMBL1827108
CHEMBL3409436,CN(C)c1ccc(C(O)c2cc(C34CC5CC(CC(C5)C3)C4)c3ccccc3n2)cc1,3.48000000194449,0.0,1,CHEMBL360,CHEMBL3412552
CHEMBL3331412,COc1cccc(N(Cc2cn(Cc3ccccc3)nn2)C2=CC(=O)c3ccccc3C2=O)c1,4.602929450040591,0.0,1,CHEMBL360,CHEMBL3367829
CHEMBL5424902,COc1ccc(-c2noc(CNCCc3ccccc3)n2)cc1OC,4.6777807052660805,0.0,1,CHEMBL4105939,CHEMBL5375438
CHEMBL3608758,O=C1COc2ccc(CNC3CCN(CCn4c(=O)ccc5ccc(Cl)nc54)CC3)nc2N1,6.958607314841775,0.0,1,CHEMBL3430898,CHEMBL3610297
CHEMBL404983,CCCCCCc1ccc(Oc2cccc(NC(C)=O)c2)c(O)c1,4.00740598674731,2.488811972492979,2,CHEMBL1849,CHEMBL936672
CHEMBL4284982,C[C@H]1[C@H](C)CC[C@]2(COC(=O)CCC(=O)O)CC[C@]3(C)C(=CC[C@@H]4[C@@]5(C)CCCNC(C)(C)[C@@H]5CC[C@]43C)[C@@H]12,4.036212172654444,0.0,1,CHEMBL360,CHEMBL4252975
CHEMBL5396959,N#Cc1cc(OCCOc2ccccc2)cc(-c2ccc(C(=O)O)o2)c1,4.91721462968355,0.0,1,CHEMBL613086,CHEMBL5330229
CHEMBL3890778,Cc1ccc(NC(=O)C2CCN(S(=O)(=O)c3cn(C(C)C)cn3)CC2)cc1Cl,5.578396073130169,0.0,1,CHEMBL3988585,CHEMBL3887425
CHEMBL3087015,Cc1csc(C(C)(O)c2nnc(Nc3cc(C4CC4)n(Cc4c(F)cccc4F)n3)s2)n1,6.013228265733755,0.0,1,CHEMBL1849,CHEMBL3089491
CHEMBL4205597,O=C(O)c1noc(-c2ccccc2)c1-c1cccc(O)c1,4.070581074285707,0.0,1,CHEMBL4295521,CHEMBL4201103
CHEMBL574275,O=C(N/N=C1\C=CCO1)c1ccc(N2CCOCC2)cc1,0.8995599999975316,0.0,1,CHEMBL360,CHEMBL1040362
CHEMBL368885,O=C(c1ccc(-c2ccccc2)cc1)n1c2c(c3cc(S(=O)(=O)O)ccc31)CSCC2,6.443697499232712,0.0,1,CHEMBL4540,CHEMBL1768070
CHEMBL4435429,CCCCS(=O)(=O)Nc1ccc(C2(C)NC(=O)N(CC(=O)c3ccc(F)cc3F)C2=O)cc1,5.40000018605658,0.0,1,CHEMBL3804751,CHEMBL4406692
CHEMBL4541977,O=S(=O)(Nc1ccc(-c2nc3ccccc3o2)cc1)c1ccccc1F,4.070581074285707,0.0,1,CHEMBL4295521,CHEMBL4388634
CHEMBL3450638,COC(=O)CNC(=O)c1nc(-c2ccccc2OC)c2cnccn12,4.099343219788627,0.0,1,CHEMBL4105939,CHEMBL4649965
CHEMBL3763563,COc1ccc(NC(=O)c2c(C)nc3sccn23)cc1,5.2343314452409855,0.0,1,CHEMBL6069,CHEMBL3766329
CHEMBL1508896,Cn1cnc([N+](=O)[O-])c1S(=O)(=O)c1ccc(Cl)cc1,3.993576747492357,0.0,1,CHEMBL1293297,CHEMBL1614471
CHEMBL3458858,O=C(c1ccccc1)C1CCN(c2cncc(-n3cccn3)n2)CC1,4.5044774292741705,0.0656745694549663,2,CHEMBL4105939,CHEMBL4649965
CHEMBL4592594,C/C=C(\C)C(=O)O[C@@H]1C[C@H]2C(=C1C)[C@@H]1OC(=O)[C@@](C)(O)[C@@]1(O)[C@@H](OC(=O)[C@H](C)CC)C[C@@]2(C)OC(C)=O,4.563837352959244,0.0,1,CHEMBL613086,CHEMBL4404221
CHEMBL43065,Oc1cc(O)cc(/C=C/c2ccc(O)cc2O)c1,5.070000019492821,0.9022510197550736,3,CHEMBL4542,CHEMBL4253917
CHEMBL4286765,CC(C)C(=O)Oc1ccc(COP(=O)(CCCC(=O)N(C)O)OCc2ccc(OC(=O)C(C)C)cc2)cc1,6.1938200260161125,0.0,1,CHEMBL360,CHEMBL4269458
CHEMBL3984383,CCCC(=O)C1(c2ccccc2)CCN(C(=O)c2ccc3[nH]ccc3c2)CC1,6.638272163982407,0.0,1,CHEMBL613086,CHEMBL3880092
CHEMBL5280265,O=C(CCC(F)(F)F)N1CCC(c2cncc(C(F)(F)F)n2)CC1,8.0,0.0,1,CHEMBL360,CHEMBL5246902
CHEMBL562408,NNC(=O)[C@H](CCC(N)=O)NC(=O)c1cc(C23CC4CC(CC(C4)C2)C3)c2ccccc2n1,4.849999859991125,0.0,1,CHEMBL360,CHEMBL1030449
CHEMBL5220804,O=C1NC(=S)NC(=O)C1=Cc1cc(-c2cc(Cl)c(O)c(Cl)c2)ccc1OCc1ccc(Cl)cc1,5.487662774824892,0.8809104357379667,2,CHEMBL4542,CHEMBL5216856
CHEMBL1377376,Cc1ccc(Nc2nnc(-c3ccccc3N)o2)cc1C,5.838931614528826,0.0,1,CHEMBL1287620,CHEMBL2354305
CHEMBL5086229,CNC(=O)c1c(-c2ccc(O)cc2)oc2ccc(O)c(CN3CCCC(F)(F)C3)c12,5.920818753952375,0.0,1,CHEMBL4105939,CHEMBL5038057
CHEMBL4564531,CN(C)c1ccc(/C=C2/SC(=S)N(CC(=O)c3ccccc3)C2=O)cc1,4.7594507517174005,0.0,1,CHEMBL1849,CHEMBL4481956
CHEMBL4879210,C=CCN(C)CCCCCCCCOc1ccc2ccc(OC)cc2c1,4.772113295386326,0.0,1,CHEMBL4879548,CHEMBL5347776
CHEMBL3883968,O=C(Nc1ccc([N+](=O)[O-])cc1)N1CCN(c2nc(=O)c3cc([N+](=O)[O-])ccc3s2)CC1,5.040481623027001,0.0,1,CHEMBL3430898,CHEMBL3875318
CHEMBL3409434,Cc1ccc(C(O)c2cc(C34CC5CC(CC(C5)C3)C4)c3ccccc3n2)cc1,5.300000202445418,0.0,1,CHEMBL360,CHEMBL3412552
CHEMBL3805705,C[C@H]1COC2(CCN(c3nc(=O)c4cc(C(F)(F)F)cc(N=[N+]=[N-])c4s3)CC2)O1,5.017728766960431,0.0,1,CHEMBL3804751,CHEMBL3806437
CHEMBL5422572,CCCN(C)c1ccc(CN2CCC(COc3cccc(Cc4ccc(Cl)cc4)c3)CC2)cc1,4.259637310505756,0.0,1,CHEMBL4879548,CHEMBL5347778
CHEMBL1578834,Nc1nc2n(n1)C(c1cccs1)CC(c1ccc(Br)cc1)N2,5.335922409814925,0.0,1,CHEMBL1287620,CHEMBL2354305
CHEMBL1504487,CN1Cc2c(N3CCOCC3)nc3sc(C#N)c(N)c3c2CC1(C)C,5.97469413473523,0.0,1,CHEMBL1287620,CHEMBL2354305
CHEMBL185075,O=C(O)CCCCC(=O)C(=O)O,4.6777807052660805,0.0,1,CHEMBL6063,CHEMBL4334757
CHEMBL5069638,CS(=O)(=O)c1cc([N+](=O)[O-])c2sc(N3CCN(CC4CCCCC4)C4(CC4)C3)nc(=O)c2c1,5.4089353929735005,0.0,1,CHEMBL3804751,CHEMBL5050652
CHEMBL5630421,CCCC[C@@H](C(=O)O)N1C(=O)/C(=C/c2ccc(-c3cccc(OC)c3)cc2)SC1=S,6.1249387366083,0.0,1,CHEMBL6066201,CHEMBL5622563
CHEMBL3637801,Cc1nc(Nc2cnn(Cc3ccccc3F)c2)c2nn(C)c(C)c2n1,5.59999938302362,0.0,1,CHEMBL613086,CHEMBL3637832
CHEMBL571630,OC[C@H]1O[C@@H](n2cc(F)c3c(-c4c[nH]cn4)ncnc32)[C@H](O)[C@@H]1O,5.465350993942236,1.0692980121155289,2,CHEMBL360,CHEMBL3135671
CHEMBL2097962,COc1ccc2nc(C)cc(OCC(=O)Nc3cc(C)cc(C)c3)c2c1,7.301029995663981,0.0,1,CHEMBL360,CHEMBL5253359
CHEMBL258932,CCCCCCc1ccc(Oc2cnccn2)c(O)c1,4.499543322094015,3.3750866425262585,2,CHEMBL1849,CHEMBL936672
CHEMBL4748587,O=C1c2ccccc2C(=O)C12N1CSC[C@@H]1[C@@H](c1ccccc1Cl)[C@@]21CSc2ccccc2C1=O,5.0670191780768015,0.0,1,CHEMBL360,CHEMBL4719106
CHEMBL1765367,O=C(Cn1cc(-c2c(-c3ccccc3)oc3cc(O)c(C(=O)O)cc23)nn1)Nc1ccc(N2CCOCC2)cc1,5.8996294548824375,0.0034331758383947,5,CHEMBL4540,CHEMBL1768070
CHEMBL3740389,COc1cnc2ccc(=O)n(CCN3CCN(C(=S)Nc4ccccc4)CC3)c2c1,4.812197361281581,0.0,1,CHEMBL3430898,CHEMBL3745429
CHEMBL5415693,N#Cc1cc(C(F)(F)F)ccc1-c1ccc(C(=O)O)o1,4.732828271596986,0.0,1,CHEMBL360,CHEMBL5330224
CHEMBL3125245,CCc1cc(C(=O)N[C@@H]2C[C@@H](C(=O)Nc3ccc4c(c3)B(O)OC4)N(C(=O)c3coc4ccccc34)C2)n(C)n1,7.585026652029182,0.0,1,CHEMBL1849,CHEMBL3132000
CHEMBL4539586,COc1ccc(-c2csc(N/N=C(C)/C=C/c3ccc(OC)c(OC)c3)n2)cc1,5.009544031111578,0.4586378490256493,6,CHEMBL360,CHEMBL4427455
CHEMBL3496605,Cc1ccc(-c2nc(CN3CCc4nn(C)c(=O)cc4C3)co2)cc1,4.278259602778393,0.0,1,CHEMBL4662921,CHEMBL4649947
CHEMBL554333,CC(C)(C)OC(=O)N[C@@H](Cc1c[nH]c2ccccc12)C(=O)NNC(=O)c1cc(C23CC4CC(CC(C4)C2)C3)c2ccccc2n1,7.289967300934246,0.0,1,CHEMBL360,CHEMBL1030449
CHEMBL4434972,Cc1ccccc1S(=O)(=O)Nc1ccc(-c2nc3ccccc3o2)cc1,4.42021640338319,0.0,1,CHEMBL4295521,CHEMBL4388634
CHEMBL490176,O=c1cc(Cc2ccccc2)[nH]c2c(-c3ccccc3)c(C(F)(F)F)nn12,4.148130399270234,0.0,1,CHEMBL5091,CHEMBL989742
CHEMBL3331283,Cc1nc2ccccc2c(=O)n1CC(=O)NCc1cccs1,5.221125527997261,0.0,1,CHEMBL1849,CHEMBL3385192
CHEMBL3637805,CCCCNCC1COc2ccc(OC)cc2C1=O,5.200000237109354,0.0,1,CHEMBL613086,CHEMBL3637832
CHEMBL3608757,O=C1COc2ccc(CN[C@@H]3CCN(CCn4c(=O)ccc5ncc(Oc6cccnc6)cc54)C[C@@H]3F)nc2N1,6.096910013008056,0.0,1,CHEMBL3430898,CHEMBL3610297
CHEMBL3342660,CC(C)c1cccc(-c2cn([C@@H]3O[C@H](CO)[C@@H](O)[C@H]3O)c3ncnc(N)c23)c1,5.170696227168975,0.0,1,CHEMBL360,CHEMBL3385546
CHEMBL399477,CC1=C(O)C(C)(Cc2ccc(-c3ccc(C(N)=O)cc3)cc2)SC1=O,5.3979400086720375,0.0,1,CHEMBL3640,CHEMBL940953
CHEMBL1420023,CC1(C)Cc2ccccc2-c2nc(NCCCO)[nH]c(=O)c21,4.555214296568311,0.0232274713607267,2,CHEMBL4105939,CHEMBL4649965
CHEMBL3448205,c1ccc(CCN2CCCC2c2cncc(Nc3nncs3)n2)cc1,4.59279322102238,0.0,1,CHEMBL360,CHEMBL4649971
CHEMBL2338333,CN1C/C(=C\c2ccccn2)C(=O)/C(=C/c2ccccn2)C1,5.077450979992872,0.6989700043360187,4,CHEMBL360,CHEMBL3413273
CHEMBL259615,CN1CCN(C(=O)COc2ccc(-c3nc4ccccc4s3)cc2)CC1,5.447453452044339,0.0,1,CHEMBL1287620,CHEMBL2354305
CHEMBL264416,CCCCCCc1ccc(Oc2cccc([N+](=O)[O-])c2)c(O)c1,4.499879381322341,5.637758762604142,2,CHEMBL1849,CHEMBL936672
CHEMBL3403278,Cc1cc(N2CCC(NC(=S)Nc3ccccc3)CC2)c2cc(F)ccc2n1,4.4040630937308265,0.0,1,CHEMBL3430898,CHEMBL3405737
CHEMBL3443773,COc1ccc(-c2ccnc3nc(N4CCCCC4)[nH]c(=O)c23)cc1,5.056357563970817,0.6970069933810015,2,CHEMBL4105939,CHEMBL4649965
CHEMBL1349788,COc1ccc2nc(C)cc(C(=O)O)c2c1,5.935916564036404,0.0,1,CHEMBL1287620,CHEMBL2354305
CHEMBL1916868,CSC(=S)N/N=C/c1ccc(O)cc1,4.49506218314392,0.0271522460436139,2,CHEMBL360,CHEMBL1918205
CHEMBL1462687,O=C(Nc1cccc(Oc2ccc(C(=O)O)c(C(=O)O)c2)c1)c1ccc(-c2ccccc2)cc1,3.833126049141181,0.0,1,CHEMBL1293297,CHEMBL1614471
CHEMBL1488814,Cc1cc(N)n(-c2ccc(Oc3ccccc3)c(S(=O)(=O)O)c2)n1,3.911120043891948,0.0,1,CHEMBL1293297,CHEMBL1614471
CHEMBL3763254,Cc1nc2sc3ccccc3n2c1C(=O)NNC(=O)c1cccc2ccccc12,5.856985199745905,0.0,1,CHEMBL6069,CHEMBL3766329
CHEMBL3763895,Cc1nc2sccn2c1C(=O)N/N=C/c1ccc(N(C)C)cc1,5.6020599913279625,0.0,1,CHEMBL6069,CHEMBL3766329
CHEMBL3400653,CNC(=O)CCc1cc(-c2ccc(-c3ccc(C(F)(F)F)cc3)cc2)n(-c2ccc(NC(=O)c3ccnc(C)c3)cc2)n1,6.537602002101044,0.0,1,CHEMBL360,CHEMBL3406705
CHEMBL2017715,NC(=O)c1cccc(-c2nccc(Nc3cc(C4CC4)[nH]n3)n2)c1,6.4156687756324695,0.0,1,CHEMBL1908385,CHEMBL2020901
CHEMBL3612954,Cc1ccn2nc(C)c(C(=O)NCc3ccc(N4CCC(c5ccc(OC(F)(F)F)cc5)CC4)cc3)c2c1,8.292429823902063,0.0,1,CHEMBL360,CHEMBL3616315
CHEMBL4169358,Nc1nc(N)nc(-c2ccc(OCc3ccc(Cl)cc3)cc2)n1,5.286089645871044,0.0,1,CHEMBL6065,CHEMBL4146157
CHEMBL32,COc1c(N2C[C@@H]3CCCN[C@@H]3C2)c(F)cc2c(=O)c(C(=O)O)cn(C3CC3)c12,4.950781977329818,3.293730756922481,15,CHEMBL3430898,CHEMBL1280244
CHEMBL5440886,COc1cc2c(Oc3ccc4[nH]c(C)cc4c3F)ncnc2cc1OCCCN1CCC(c2ccc(C(N)=O)cc2)CC1,5.317818322692134,0.534416658674095,2,CHEMBL4662931,CHEMBL5379299
CHEMBL3793320,CCC(C)[C@@H]1CN([C@@H](CNC)Cc2ccccc2)CCN1CCC12CC3CC(CC(C3)C1)C2,4.769551078621726,0.0,1,CHEMBL360,CHEMBL3796194
CHEMBL5280163,O=C(CCC(F)(F)F)N1CCC2(CC1)CC(F)=NO2,7.301029995663981,0.0,1,CHEMBL360,CHEMBL5246902
CHEMBL4747610,CN(C)C(=O)/C=C/c1cc(C(F)(F)F)cc2c(=O)nc(N3CCN(CC4CCCCC4)CC3)sc12,5.903089986991944,0.0,1,CHEMBL3804751,CHEMBL4710418
CHEMBL4446492,CN(C)S(=O)(=O)c1ccc(C2(C)NC(=O)N(CC(=O)c3ccc(F)cc3F)C2=O)cc1,5.700000503883016,0.0,1,CHEMBL3804751,CHEMBL4406692
CHEMBL4446055,O=S(=O)(Nc1ccc(-c2nc3cc(NS(=O)(=O)c4ccc(Cl)s4)ccc3o2)cc1)c1cccs1,5.468521082957745,0.0,1,CHEMBL4295521,CHEMBL4388634
CHEMBL3884147,COc1ccccc1CNN1CCN(CCN2C(=O)C(=O)c3cc(Cl)ccc32)CC1,4.301029995663981,0.0,1,CHEMBL3430898,CHEMBL3875318
CHEMBL4069926,Cc1cn(C2CCN(Cc3ccc(Cl)c(Cl)c3)CC2)c(=O)[nH]c1=O,4.2186036948032095,0.0,1,CHEMBL360,CHEMBL4024194
CHEMBL3939309,Cc1ccc(NC(=O)C2CCN(S(=O)(=O)c3cn(C(C)C)cn3)CC2)cc1C,5.610833915635467,0.0,1,CHEMBL3988585,CHEMBL3887425
CHEMBL2017730,CN1CCC(CNc2cc(Nc3cc(C4CC4)[nH]n3)nc(-c3ccccc3)n2)CC1,7.259637310505756,0.0,1,CHEMBL1908385,CHEMBL2020901
CHEMBL1946985,O=C(/C=C/c1ccc(Cl)cc1Cl)c1ccc2c(c1)OCO2,3.39040559077478,0.0,1,CHEMBL4542,CHEMBL1948973
CHEMBL4557146,O=C(CN1C(=O)/C(=C\c2ccccc2Cl)SC1=S)c1ccccc1,4.58838029403677,0.0,1,CHEMBL1849,CHEMBL4481956
CHEMBL1926724,CCN(CC)CCCC(C)Nc1cc(N)nc2nc(-c3ccco3)c(-c3ccco3)nc12,4.730487055782084,0.0,1,CHEMBL4213,CHEMBL1931925
CHEMBL4091900,CCCCc1ccc(Nc2nc(CC(=O)O)cs2)cc1,4.749579997691106,2.7829501332654125,5,CHEMBL360,CHEMBL4045152
CHEMBL238991,CC(C)(C)C(=O)ON[C@@H](CCc1ccccc1)C(=O)N[C@H]1[C@H](O)[C@@H](O)[C@H](CO)O[C@H]1SC1CCCCC1,3.838631997765025,0.0,1,CHEMBL3703,CHEMBL902567
CHEMBL3884935,O=c1nc(N2CCN(C(=S)Nc3ccccc3)CC2)sc2ccc([N+](=O)[O-])cc12,6.202969549364791,0.1789205490745455,2,CHEMBL3430898,CHEMBL3875318
CHEMBL3752396,O=[N+]([O-])c1ccc(NC(=S)Nc2ccc(Nc3c4ccccc4nc4ccc(Cl)cc34)cc2)cc1,4.540607512240769,0.0,1,CHEMBL3430898,CHEMBL3758003
CHEMBL3458752,Cc1cnn(CC2CCCN2Cc2cc(=O)n3cc(C)ccc3n2)c1,4.018213864235454,0.0,1,CHEMBL4105939,CHEMBL4649965
CHEMBL3884186,O=C(Nc1ccc([N+](=O)[O-])cc1)N1CCN(c2nc(=O)c3cc(C(F)(F)F)ccc3s2)CC1,4.577574323628795,0.0,1,CHEMBL3430898,CHEMBL3875318
CHEMBL4544311,CC(=O)c1c(C)n(Cc2ccccc2)c2ccc(OCc3cn(-c4ccc(Br)cc4)nn3)cc12,5.168130225719498,0.0,1,CHEMBL6065,CHEMBL4481836
CHEMBL6163756,CCCCCCOc1cccc(C(SCC(=O)N(C)O)P(=O)(O)O)c1,7.050609993355087,0.0,1,CHEMBL5630,CHEMBL6125250
CHEMBL427453,CCCCCCCCCP(=O)(OCC)OCc1ccccc1Oc1ccccc1,4.8297382846050425,0.0,1,CHEMBL4624,CHEMBL915964
CHEMBL2024335,CC(C)(COP(=O)(O)OP(=O)(O)OC[C@H]1O[C@@H](n2cnc3c(N)ncnc32)[C@H](O)[C@@H]1OP(=O)(O)O)[C@@H](O)C(=O)NCCC(=O)NCCSC(CC(=O)c1ccc(Cl)cc1)C(=O)O,6.329754146925876,0.0,1,CHEMBL1275214,CHEMBL2027819
CHEMBL5187419,COc1ccc(C(=O)CCCN2CCC(O)(c3ccc(Br)cc3)CC2)cc1,5.251811972993799,0.0,1,CHEMBL3879870,CHEMBL5108515
CHEMBL4213459,O=C(CCCCCCn1cc(COc2ccc(-c3cc(C(=O)O)no3)c(C3CCCCC3)c2)nn1)Nc1ccc2cc3ccccc3cc2c1,6.769551078621726,0.0,1,CHEMBL4295521,CHEMBL4192451
CHEMBL228011,CC(=O)NNC(=O)c1cc(C23CC4CC(CC(C4)C2)C3)c2ccccc2n1,5.274990920435799,3.569981849113077,2,CHEMBL360,CHEMBL914626
CHEMBL3890216,Cc1ccc(C(=O)CN2C(=O)C3(OCCO3)c3ccccc32)cc1,5.060480747381382,0.0,1,CHEMBL3879870,CHEMBL3865749
CHEMBL3121944,NC(=O)c1c(NC(=O)c2ccc([N+](=O)[O-])s2)sc2c1CCN(S(=O)(=O)c1ccc(Br)cc1)C2,4.847100403606253,0.0,1,CHEMBL6069,CHEMBL3123111
CHEMBL399043,C=C/C(C)=C/[C@@]1(C)SC(=O)C(C)=C1O,4.673393743112328,1.3374592612906555,4,CHEMBL4543,CHEMBL863390
CHEMBL5406647,CCCN(C)c1ccc(CN2CCC(COc3ccccc3Cl)CC2)cc1,4.508638306165727,0.0,1,CHEMBL4879548,CHEMBL5347778
CHEMBL4065075,Cc1nc(-c2ccc(F)cc2)oc1-c1csc(Cc2ccccc2)n1,6.2887050800742585,0.0421976797944543,2,CHEMBL360,CHEMBL4026075
CHEMBL3446508,Cc1cc2c(cc1Cl)C=CC1(CCN(CC(=O)NC3CCCC3)CC1)O2,4.301511547686112,0.0,1,CHEMBL360,CHEMBL4649971
CHEMBL4850582,COc1ccc(Oc2cccc(CN3CCC(n4cc(C)c(=O)[nH]c4=O)CC3)c2)cc1,4.978810700930062,0.0,1,CHEMBL2361,CHEMBL4832952
CHEMBL3475126,CCCOc1ccc(Cl)cc1CNc1ncnc2oc(C)nc12,4.806244898094846,0.2078786602905031,2,CHEMBL4105939,CHEMBL4649965
CHEMBL3484966,COc1cccc(-c2cc(NCC(=O)O)nc3[nH]ccc23)n1,4.485454483225402,0.0770566759254576,2,CHEMBL4105939,CHEMBL4649965
CHEMBL4572554,O=S(=O)(Nc1ccc2oc(-c3ccccc3)nc2c1)c1ccc(Cl)c(C(F)(F)F)c1,4.3979400086720375,0.0,1,CHEMBL4295521,CHEMBL4388634
CHEMBL3752361,O=[N+]([O-])c1ccc(NC(=S)Nc2ccc(Nc3c4ccccc4nc4ccccc34)cc2)cc1,4.882728704344236,0.0,1,CHEMBL3430898,CHEMBL3758003
CHEMBL3753770,Cc1ccc2nc3ccccc3c(Nc3ccc(NC(=S)Nc4ccc(Cl)cc4)cc3)c2c1,4.950781977329818,0.0,1,CHEMBL3430898,CHEMBL3758003
CHEMBL3932629,CCOc1ccc2nc(NC(=O)C3CCN(S(=O)(=O)c4cn(CC)cn4)CC3)sc2c1,5.455931955649724,0.0,1,CHEMBL3988585,CHEMBL3887425
CHEMBL3456950,COCc1nc(C(=O)OCC2CCN(c3ccccc3)C2)cs1,4.795762773661147,0.0,1,CHEMBL4105939,CHEMBL4649965
CHEMBL5415694,CCCN(C)c1ccc(CN2CCC(COc3ccc(OC)cc3)CC2)cc1,4.6020599913279625,0.0,1,CHEMBL4879548,CHEMBL5347778
CHEMBL5220182,O=C1NC(=S)NC(=O)C1=Cc1cc(OCc2ccc(Cl)cc2)cc(-c2cc(Cl)c(O)c(Cl)c2)c1,5.327902142064283,0.0,1,CHEMBL4540,CHEMBL5216850
CHEMBL3342673,Nc1ncnc2c1c(-c1ccc(-c3ccccc3)cc1)cn2[C@@H]1O[C@H](CO)[C@@H](O)[C@H]1O,5.774690718274137,0.0,1,CHEMBL360,CHEMBL3385546
CHEMBL3470829,Cn1cnc(-c2nc(C(=O)NC3CC3)c3ccccn23)c1,4.464457989228974,0.658097723203185,2,CHEMBL4105939,CHEMBL4649965
CHEMBL590085,C=CCn1c2ccc(C)cc2c2nnc(SCCCn3c(=O)[nH]c4ccccc43)nc21,4.698970004336019,0.0,1,CHEMBL4105851,CHEMBL1071690
CHEMBL4570805,FC(F)(F)Oc1cccc(CNCCNC2C3CC4CC(C3)C2C4)c1,5.903089986991944,0.0,1,CHEMBL613086,CHEMBL4415653
CHEMBL4567904,O=C(CSC(c1cc(F)cc(F)c1)P(=O)(O)O)NO,6.494850021680094,0.0,1,CHEMBL5630,CHEMBL4407818
CHEMBL6173068,CCCCCCOc1ccc(C(SCC(=O)N(C)O)P(=O)(O)O)cc1,7.036212172654444,0.0,1,CHEMBL5630,CHEMBL6125250
CHEMBL3323255,CCOC(=O)c1cc2cc(N3CCN(C(=O)c4c(F)cc(OC)cc4F)CC3)ccc2o1,5.008773924307505,0.0,1,CHEMBL3430898,CHEMBL3367585
CHEMBL3121950,NC(=O)c1c(NC(=O)c2ccc([N+](=O)[O-])o2)sc2c1CCN(C(=O)NCc1ccccc1)C2,4.851397345193907,0.0,1,CHEMBL6069,CHEMBL3123111
CHEMBL3961587,CN(c1cccc(F)c1)S(=O)(=O)c1ccc2[nH]c(=O)c(=O)[nH]c2c1,5.522878745280337,0.0,1,CHEMBL3879870,CHEMBL5732838
CHEMBL564779,CSCC[C@H](N)C(=O)NNC(=O)c1cc(C23CC4CC(CC(C4)C2)C3)c2ccccc2n1,5.019999811738259,0.0,1,CHEMBL360,CHEMBL1030449
CHEMBL3957925,CCCCn1c(NS(=O)(=O)c2ccc(C)cc2)c(C#N)c2nc3ccccc3nc21,6.045757490560675,0.0,1,CHEMBL3988585,CHEMBL3887425
CHEMBL5624557,O=C(O)[C@H](c1ccccc1)N1C(=O)/C(=C/c2ccc(-c3ccc(F)c(C(F)(F)F)c3)cc2)SC1=S,5.6307841425898575,0.0,1,CHEMBL6066201,CHEMBL5622563
CHEMBL487051,O=C(/C=C/c1cccc2ccccc12)c1ccccc1O,4.297144161760823,0.0043042421883159,2,CHEMBL4542,CHEMBL953321
CHEMBL2311593,O=C(O)c1cc2c(/C=C\c3cc(F)cc(F)c3)c(-c3ccccc3)oc2cc1O,5.221848749616356,0.0,1,CHEMBL4542,CHEMBL2317721
CHEMBL3942054,O=S(=O)(Nc1ccc(-c2nc3cc(NS(=O)(=O)c4cccc(Br)c4)ccc3o2)cc1)c1cccc(Br)c1,6.102372908709558,0.0,1,CHEMBL4295521,CHEMBL4388634
CHEMBL4079853,CN1CC2C(=O)N(c3ccccc3)C(=O)C2C12C(=O)c1ccccc1C2=O,4.879755204453635,0.0,1,CHEMBL360,CHEMBL4022472
CHEMBL4174518,NC(=O)c1c[n+]([C@@H]2O[C@H](COP(=O)(O)OP(=O)(O)OC[C@H]3O[C@@H](n4cnc5c(N)ncnc54)[C@H](O)[C@@H]3O)[C@@H](O)[C@H]2O)ccc1C(=O)c1ccncc1,6.490797477668897,1.230448921378274,3,CHEMBL1849,CHEMBL4147583
CHEMBL3355809,S=C(NCc1ccc(Cl)cc1)N1CCN(c2nsc3ccccc23)CC1,5.356547323513812,0.0,1,CHEMBL3430898,CHEMBL3390735
CHEMBL1951792,Cc1ccn2c(C(=O)NCc3ccccc3)c(C)nc2c1,6.823908740944319,0.0,1,CHEMBL360,CHEMBL5226811
CHEMBL4435863,Cc1c(S(=O)(=O)Nc2cccc(CN)c2)sc2ccc(Cl)cc12,6.508638306165727,0.0,2,CHEMBL1849,CHEMBL4405868
CHEMBL551701,COC(=O)CNC(=O)c1cc(C23CC4CC(CC(C4)C2)C3)c2ccccc2n1,4.809999893141522,0.0,1,CHEMBL360,CHEMBL1030449
CHEMBL4162075,Nc1nc(N)nc(-c2ccc(OCc3cccc(Cl)c3)cc2)n1,5.250263684430939,0.0,1,CHEMBL6065,CHEMBL4146157
CHEMBL217272,CC(=O)c1ccc(NC(=O)C2CC(=O)N(C3CCCCC3)C2)cc1,4.133240216504892,0.0,1,CHEMBL1849,CHEMBL907779
CHEMBL4588821,Cc1nc(C)c(-c2nn(-c3ccc(F)cc3)cc2/C=C/C(=O)c2cc(Cl)c(C)cc2O)s1,5.716698771296451,0.4897627350482878,3,CHEMBL360,CHEMBL4393104
CHEMBL5268398,C=CCN1NC(C(=O)N2CCSCC2)C2CC(NCc3ccc(Cl)s3)CCC21,7.189095719331299,0.0,1,CHEMBL360,CHEMBL5226799
CHEMBL5414161,COc1ccc(-c2coc(C(=O)NCCc3ccccc3)c2)cc1OC,4.920818753952375,0.0,1,CHEMBL4105939,CHEMBL5375438
CHEMBL4104459,CN1CC2C(=O)N(c3ccc([N+](=O)[O-])cc3)C(=O)C2C12C(=O)c1ccccc1C2=O,4.3260580013659125,0.0,1,CHEMBL360,CHEMBL4022472
CHEMBL1532491,O=c1oc2ccccc2c(O)c1[C@H]1c2ccc(O)cc2Oc2c1c(=O)oc1ccccc21,3.931146506328502,0.0,1,CHEMBL1293297,CHEMBL1614471
CHEMBL1881564,Cc1cc(=O)oc2cc(OCC(=O)N3CCCC3)ccc12,5.596022036330645,0.0,1,CHEMBL1287620,CHEMBL2354305
CHEMBL3943145,CC(C)n1cnc(S(=O)(=O)N2CCC(C(=O)Nc3cccc(Cl)c3)CC2)c1,5.416801226031377,0.0,1,CHEMBL3988585,CHEMBL3887425
CHEMBL3459581,Cc1cc(S(=O)(=O)Nc2cccc(OC(F)F)c2)sc1C(=O)O,5.129304715383483,0.6865948261920991,2,CHEMBL4105939,CHEMBL4649965
CHEMBL3134388,OC[C@H]1O[C@@H](n2ccc3c(-c4cc5ccccc5o4)ncnc32)[C@H](O)[C@@H]1O,7.838631997765025,0.0,1,CHEMBL4105883,CHEMBL3135672
CHEMBL3890991,CC(C)n1cnc(S(=O)(=O)N2CCC(C(=O)NCCCc3ccccc3)CC2)c1,5.573488738635425,0.0,1,CHEMBL3988585,CHEMBL3887425
CHEMBL408197,CC(C)(C)C1CCc2onc(C(=O)Nc3cnn(Cc4ccccc4)c3)c2C1,7.013228265733755,0.0,1,CHEMBL6069,CHEMBL935788
CHEMBL4441867,CCOC(=O)C1=C(C)Oc2nc(C)n(Cc3cn([C@@H]4O[C@H](COC(C)=O)[C@@H](OC(C)=O)[C@H](OC(C)=O)[C@H]4OC(C)=O)nn3)c(=O)c2C1c1cc(OC)c(O)c([N+](=O)[O-])c1,5.806875401645538,0.0,1,CHEMBL4295521,CHEMBL4372872
CHEMBL3903088,O=C(CN1C(=O)C2(OCCO2)c2ccccc21)c1cccc(F)c1,6.522878745280337,0.0,1,CHEMBL3879870,CHEMBL3865749
CHEMBL440047,Cc1cc(O)c2c(c1)C(=O)C(O)=CC2=O,4.499969153081226,8.017338306169002,2,CHEMBL360,CHEMBL3077583
CHEMBL3331272,O=C(Cn1cnc2ccc(Cl)cc2c1=O)Nc1ccccc1,5.109020403010312,0.0,1,CHEMBL1849,CHEMBL3385192
CHEMBL3447013,CNc1cc(CCNC(=O)C2CCCC2)nc(-c2ccccn2)n1,4.977235211856455,0.0,1,CHEMBL360,CHEMBL4649971
CHEMBL3127056,CSc1ncnc2c1ccn2[C@@H]1O[C@H](CO)[C@@H](O)[C@H]1O,4.014124642691606,0.0,1,CHEMBL360,CHEMBL3129228
CHEMBL710,CC(C)(C)NC(=O)[C@H]1CC[C@H]2[C@@H]3CC[C@H]4NC(=O)C=C[C@]4(C)[C@H]3CC[C@]12C,3.505845405981557,0.0,1,CHEMBL1744528,CHEMBL1764602
CHEMBL4637080,COc1c(N2CC3CCCCC3C2)c(F)cc2c(=O)c(C(=O)N3CCSC3)cn(C3CC3)c12,3.980883709552927,0.0,1,CHEMBL3430898,CHEMBL5234526
CHEMBL2431008,CN(O)C(=O)CSC(c1ccc(Cl)c(Cl)c1)P(=O)(O)O,8.036212172654444,0.0,1,CHEMBL5630,CHEMBL2434044
CHEMBL5428747,CCNc1nc(Nc2c(CC)cccc2CC)ccc1C,4.638272163982407,0.0,1,CHEMBL5465373,CHEMBL5363735
CHEMBL3488761,Cc1nnc(NCc2ccccc2F)c(C#N)c1C,4.104710470107036,0.0,1,CHEMBL360,CHEMBL4649971
CHEMBL5432926,CCOC(=O)c1ccc2nc(C)cc(Nc3ccc(N4CCN(Cc5ccccc5)CC4)cc3)c2c1,4.581698708680254,0.0,1,CHEMBL1849,CHEMBL5387352
CHEMBL4237298,COc1ccc2c(c1)nc(-c1ccc3c(c1)OCO3)n2Cc1ccc2c(c1)OCO2,3.5315101439381245,0.0,1,CHEMBL3430898,CHEMBL4235607
CHEMBL2407346,O=C(c1cccnc1)N(O)CCCP(=O)(O)O,5.795880017344075,0.0,1,CHEMBL5630,CHEMBL2412049
CHEMBL5206734,COc1ccc(C(=O)CCCN2CCC(O)(c3ccc(F)cc3)CC2)cc1,4.376750709602099,0.0,1,CHEMBL3879870,CHEMBL5108515
CHEMBL3496629,Cc1ccc(-c2ncc(C(=O)NCCNc3ncccn3)s2)c(C)c1,4.874923657362735,0.0923158485291661,2,CHEMBL4105939,CHEMBL4649965
CHEMBL4203644,N#C/C(=C\c1ccc(O)cc1)c1nc2ccccc2s1,4.983802646487561,0.0,1,CHEMBL2259247,CHEMBL4178649
CHEMBL3884646,O=c1nc(N2CCN(Cc3ccccc3)CC2)sc2ccc(C(F)(F)F)cc12,4.938547520912807,0.0,1,CHEMBL3430898,CHEMBL3875318
CHEMBL1796124,CN(C)CCCNC(=O)c1ccc2c(c1)N(Cc1ccc(Cl)cc1)C(=O)c1ccccc1[S+]2[O-],3.4685210829577446,0.0,1,CHEMBL1744527,CHEMBL1798854
CHEMBL4209746,COc1cc(/C=C(\C#N)c2nc3ccccc3s2)ccc1O,5.106238237942057,0.0,1,CHEMBL2259247,CHEMBL4178649
CHEMBL3331400,CCOC(=O)Cn1cc(CN(C2=CC(=O)c3ccccc3C2=O)c2cccc(OC)c2)nn1,4.73118809626022,0.0,1,CHEMBL360,CHEMBL3367829
CHEMBL1651196,CCN(CC)c1cc2[nH]c(C3CCCCC3)nc2cc1NC(=O)c1ccccc1,5.20690839982342,0.0,1,CHEMBL4213,CHEMBL1657588
CHEMBL3637783,COc1ccc2nccc(NC(=O)C3CCN(CCc4ccc(Cl)cc4)CC3)c2n1,5.300000202445418,0.0,1,CHEMBL613086,CHEMBL3637832
CHEMBL4096785,CCCOc1cc(Cl)c2c(c1)B(O)OC2CN.Cl,6.6020599913279625,0.0,1,CHEMBL4105844,CHEMBL4020311
CHEMBL570091,OC[C@H]1O[C@@H](n2cc(F)c3c(-c4cc[nH]c4)ncnc32)[C@H](O)[C@@H]1O,6.3979400086720375,0.0,1,CHEMBL4105883,CHEMBL3135672
CHEMBL3919412,COc1cccc(S(=O)(=O)Nc2ccc(-c3nc4cc(NS(=O)(=O)c5cccc(OC)c5)ccc4o3)cc2)c1,5.026872146400302,0.0,1,CHEMBL4295521,CHEMBL4388634
CHEMBL4099632,CCCCc1ccc(Nc2nc(C(C)C(=O)O)cs2)cc1,6.853871964321762,0.0,1,CHEMBL360,CHEMBL4045152
CHEMBL2017709,Cc1cc(Nc2nc(-c3ccc(F)cc3)nc3ccccc23)n[nH]1,5.934793871945688,0.0,1,CHEMBL1908385,CHEMBL2020901
CHEMBL3446863,Cc1ccccc1CN1CCCC1c1cccc(Nc2nccs2)n1,5.673219650408042,0.0826261182638026,2,CHEMBL360,CHEMBL4649971
CHEMBL3338941,N=C(N)NCCc1ccc(OCc2cc(COc3ccc(CCNC(=N)N)cc3)cc(COc3ccc(CCNC(=N)N)cc3)c2)cc1.O=C(O)C(F)(F)F,6.455931955649724,0.0,1,CHEMBL360,CHEMBL3606843
CHEMBL5277984,O=C(CCC(F)(F)F)N1CCC(F)(c2cccnc2)CC1,8.0,0.0,1,CHEMBL360,CHEMBL5246902
CHEMBL2282515,CC(=O)Oc1cc(OC(C)=O)c2c(OC(C)=O)ccc(Cl)c2c1OC(C)=O,4.496539157413656,6.820078314848218,2,CHEMBL360,CHEMBL3077583
CHEMBL3359133,CC1=C[C@H]2C[C@@H](C)CC[C@@H]2[C@@](C)(C(=O)C2=C(O)[C@@H](CO)N(C)C2=O)[C@H]1/C=C/C=C/C[C@@H](C)O,4.580044251510242,0.0,1,CHEMBL360,CHEMBL3382531
CHEMBL1540399,COc1ccc(OCc2ccc(C(=O)O)cc2)cc1,4.508638306165727,0.0,1,CHEMBL6065,CHEMBL4625598
CHEMBL3740857,COc1cnc2ccc(=O)n(CCN3CCN(C(=S)NCc4ccc(Cl)cc4)CC3)c2c1,6.022276394711152,0.0,1,CHEMBL3430898,CHEMBL3745429
CHEMBL5624958,O=c1[nH]c(CC2CCCCC2)cc(O)c1C1CCN(c2ncccn2)CC1,6.499996931948306,0.0,1,CHEMBL1849,CHEMBL5623729
CHEMBL3331282,Cc1nc2ccc(Cl)cc2c(=O)n1CC(=O)NCc1ccco1,5.3448615651886175,0.0,1,CHEMBL1849,CHEMBL3385192
CHEMBL4167661,CNC(=O)CN1CCN(C(=O)[C@H]2CC[C@@H](NC(=O)Cc3sc4ccccc4c3C)CC2)[C@@H](Cc2ccccc2)C1=O,7.187086643357144,0.0,1,CHEMBL1849,CHEMBL4147603
CHEMBL3290354,O=C1COc2ccc(CN[C@H]3CCN(CCn4c(=O)ccc5ncc(F)cc54)C[C@H]3F)nc2N1,6.619788758288394,0.0,1,CHEMBL3430898,CHEMBL3294030
CHEMBL558497,C[C@@]1(O)[C@H](O)[C@@H](CSSC[C@H]2O[C@@H](n3cnc4c(N)ncnc43)[C@](C)(O)[C@@H]2O)O[C@H]1n1cnc2c(N)ncnc21,3.3010299956639813,0.0,1,CHEMBL6176,CHEMBL1063152
CHEMBL3444915,N#Cc1cc(C#N)c(SCC(=O)Nc2ccc(F)cc2)nc1N,4.6882152635571455,0.0536685766984055,2,CHEMBL4105939,CHEMBL4649965
CHEMBL3637802,O=[N+]([O-])c1cnc(-c2nc3ccccc3[nH]2)s1,5.40000018605658,0.0,1,CHEMBL613086,CHEMBL3637832
CHEMBL3355785,CCOC(=O)c1cc2cc(N3CCN(C(=O)Nc4ccc([N+](=O)[O-])cc4)CC3)ccc2o1,5.533132379645891,0.0,1,CHEMBL3430898,CHEMBL3390735
CHEMBL3612837,O=C(Cn1ccnc1[N+](=O)[O-])Nc1ccc(Oc2ccc(F)cc2)cc1,4.187086643357144,0.6616456813122067,7,CHEMBL360,CHEMBL4179593
CHEMBL3628352,CCOC(=O)c1cnc2ccc(OC)cc2c1Nc1ccc(NCCCN2CCOCC2)cc1,5.030584087646019,0.0,1,CHEMBL3430898,CHEMBL3630322
CHEMBL3442650,CNC(=O)N1CCc2cc(C(=O)NCC3CC3)c(NC(C)C)nc2CC1,4.848440669399272,0.2410470188849016,2,CHEMBL4105939,CHEMBL4649965
CHEMBL5630964,O=C(O)[C@H](Cc1ccccc1)N1C(=O)/C(=C/c2ccc(-c3ccc(F)c(C(F)(F)F)c3)cc2)SC1=S,6.036212172654444,0.0,1,CHEMBL6066201,CHEMBL5622563
CHEMBL31,COc1c(N2CCNC(C)C2)c(F)cc2c(=O)c(C(=O)O)cn(C3CC3)c12,4.552841968657781,0.6703248228864895,3,CHEMBL4165,CHEMBL1284664
CHEMBL572100,OC[C@H]1O[C@@H](n2ccc3c(-c4ccsc4)ncnc32)[C@H](O)[C@@H]1O,5.400740184879416,2.6184504075161312,2,CHEMBL360,CHEMBL3135671
CHEMBL3442632,CNC(=O)c1cc2c(nc1NCC1CC1)CCNCC2,4.374692799439343,0.463704776247229,2,CHEMBL4105939,CHEMBL4649965
CHEMBL371502,Nc1ncnc2c1ncn2[C@@H]1O[C@H](COS(=O)(=O)NC(=O)c2ccccc2O)[C@@H](O)[C@H]1O,5.657577319177793,3.5715891180015387,3,CHEMBL360,CHEMBL1228593
CHEMBL3954193,CCSc1nnc(NC(=O)C2CCN(S(=O)(=O)c3cn(CC)cn3)CC2)s1,5.51427857351842,0.0,1,CHEMBL3988585,CHEMBL3887425
CHEMBL371412,O=C(NCCSSc1ccc(F)cc1)/C(Cc1cccc(Br)c1)=N/O,4.045757490560675,0.0,2,CHEMBL3703,CHEMBL881945
CHEMBL3884761,O=c1nc(N2CCN(Cc3ccccc3)CC2)sc2ccc([N+](=O)[O-])cc12,5.493494967595128,0.0,1,CHEMBL3430898,CHEMBL3875318
CHEMBL1795953,CN(CCCNC(=O)c1ccc2c(c1)N(Cc1cccc(Cl)c1)C(=O)c1ccccc1[S+]2[O-])C1CCCCC1,4.070581074285707,0.0,1,CHEMBL1744527,CHEMBL1798854
CHEMBL3480917,CC(O)c1cn(CC2CCN(C(=O)c3cscn3)CC2)nn1,4.073799391177101,0.0,1,CHEMBL4662931,CHEMBL4649972
CHEMBL589366,C[C@@H]1Cc2c(Cl)cc(C(=O)N[C@@H](Cc3ccccc3)C(=O)O)c(O)c2C(=O)O1,2.6020599913279625,0.0,1,CHEMBL1744527,CHEMBL1763891
CHEMBL4757665,O=C(Nc1cccc(C(=O)O)c1)Nc1ccc(Cl)c(Cl)c1,4.995678626217358,1.3679767852945943,3,CHEMBL5291595,CHEMBL5262986
CHEMBL5421444,CCOC(=O)c1ccc2nc(C)cc(Nc3ccc(-n4cnc5ccccc54)cc3)c2c1,4.375717904164332,0.0,1,CHEMBL1849,CHEMBL5387352
CHEMBL4082339,CCCOc1ccc(Nc2nc(C)cs2)cc1,6.823908740944319,0.0,1,CHEMBL360,CHEMBL4045152
CHEMBL589101,CCn1c2ccccc2c2nnc(SCCCn3c(=O)[nH]c4ccccc43)nc21,6.698970004336019,0.0,1,CHEMBL4105851,CHEMBL1071690
CHEMBL1339394,N#Cc1c(-c2ccc(Br)cc2)cc(-c2cccnc2)nc1N,5.921543181946707,0.0,1,CHEMBL1287620,CHEMBL2354305
CHEMBL2431006,CN(O)C(=O)CSC(c1ccccc1)P(=O)(O)O,6.552841968657781,0.0,1,CHEMBL5630,CHEMBL2434044
CHEMBL3928430,O=c1[nH]c2ccc(S(=O)(=O)Nc3ccc(Br)cc3)cc2[nH]c1=O,5.207608310501746,0.0,1,CHEMBL3879870,CHEMBL5732838
CHEMBL3290353,O=C1COc2ccc(CN[C@@H]3CCN(CCn4c(=O)ccc5ncc(F)cc54)C[C@@H]3F)nc2N1,6.455931955649724,0.0,1,CHEMBL3430898,CHEMBL3294030
CHEMBL3968172,CCc1ccc(NC(=O)C2CCN(S(=O)(=O)c3cn(C(C)C)cn3)CC2)cc1,5.537602002101044,0.0,1,CHEMBL3988585,CHEMBL3887425
CHEMBL469424,COC(=O)c1cc(O)cc(OC)c1Oc1cc(C)cc(O)c1C(=O)O,4.082494490447453,0.0,1,CHEMBL1293297,CHEMBL1614471
CHEMBL1796125,CN(CCCNC(=O)c1ccc2c(c1)N(Cc1ccc(Cl)cc1)C(=O)c1ccccc1S2(=O)=O)C1CCCCC1,3.4814860601221125,0.0,1,CHEMBL1744527,CHEMBL1798854
CHEMBL3121939,NC(=O)c1c(NC(=O)c2ccc([N+](=O)[O-])s2)sc2c1CCN(C(=S)Nc1ccc(F)cc1)C2,4.9931062920521,0.0,1,CHEMBL6069,CHEMBL3123111
CHEMBL1459778,C=C(C)C(=O)Nc1cccc(C2=NOC3(C2)C[C@H](C(N)=O)N(C(=O)C(c2ccccc2)c2ccccc2)C3)c1,3.7778820712417778,0.0,1,CHEMBL1293297,CHEMBL1614471
CHEMBL3628457,O=C(O)c1cnc2ccc(F)cc2c1Nc1ccc(OCCCN2CCOCC2)cc1,4.771343041891065,0.0,1,CHEMBL3430898,CHEMBL3630322
CHEMBL1621454,Fc1ccc(COc2cccc(CNCc3ccncc3)c2)cc1,4.853871964321762,0.0,1,CHEMBL3879870,CHEMBL5347210
CHEMBL3637823,CC(C)Oc1ccc(-c2nnc(-c3ccc4c(c3)CCNCC4)s2)cc1Cl,5.59999938302362,0.0,1,CHEMBL613086,CHEMBL3637832
CHEMBL3331280,Cc1nc2ccc(Cl)cc2c(=O)n1CC(=O)Nc1cc(C(C)(F)F)ccc1Cl,5.145086977692144,0.0,1,CHEMBL1849,CHEMBL3385192
CHEMBL4581211,Cc1nc(C)c(-c2nn(-c3ccc(F)cc3)cc2C2CC(c3cc(Cl)ccc3O)=NN2)s1,6.443697499232712,1.616300430442572,3,CHEMBL360,CHEMBL4393104
CHEMBL1976041,COc1ccc(CNc2nc3cc(C(F)(F)F)ccc3nc2C(=O)O)cc1,6.4946380673041135,1.785156151952302,2,CHEMBL360,CHEMBL5265620
CHEMBL5283928,COc1ccc(NC(=O)c2cc3sc(N4CCCCC4)nc3s2)cc1,6.425236493122826,0.6886291709977996,2,CHEMBL360,CHEMBL5223484
CHEMBL5282708,Cc1ccc(-c2ccnc(Nc3ccc(N4CCN(C)CC4)c(C(F)(F)F)c3)n2)cc1,5.795880017344075,0.0,1,CHEMBL1908385,CHEMBL5229239
CHEMBL5283041,CN1CCN(c2ccc(Nc3nccc(-c4cccc(Cl)c4)n3)cc2C(F)(F)F)CC1,5.366531544420414,0.0,1,CHEMBL1908385,CHEMBL5229239
CHEMBL3608746,O=C1COc2ccc(CNC3CCN(CCn4c(=O)ccc5ccc(Oc6cncnc6)nc54)CC3)nc2N1,6.761953896871205,0.0,1,CHEMBL3430898,CHEMBL3610297
CHEMBL555460,CC(C)(C)OC(=O)NCCC[C@H](NC(=O)OC(C)(C)C)C(=O)NNC(=O)c1cc(C23CC4CC(CC(C4)C2)C3)c2ccccc2n1,5.509999358109048,0.0,1,CHEMBL360,CHEMBL1030449
CHEMBL3310308,COc1ccc(/C=N/NC(=O)c2c(C)nc3ccccn23)cc1,5.195860567664649,0.0,1,CHEMBL6069,CHEMBL3365136
CHEMBL400501,CC1=C(O)C(C)(Cc2ccc(C(=O)c3ccccc3)cc2)SC1=O,3.54821356447571,0.0,1,CHEMBL3640,CHEMBL940953
CHEMBL3134381,OC[C@H]1O[C@@H](n2cc(Cl)c3c(-c4ccc(F)cc4)ncnc32)[C@H](O)[C@@H]1O,5.222743306124502,2.3503934050950708,2,CHEMBL360,CHEMBL3135671
CHEMBL3323254,CCOC(=O)c1cc2cc(N3CCN(C(=O)c4cccc(OC)c4)CC3)ccc2o1,5.598599459218456,0.0,1,CHEMBL3430898,CHEMBL3367585
CHEMBL1945938,Fc1cc2[nH]cc(-c3nc4ccccc4nc3Cl)c2cc1F,4.704652851666382,0.0,1,CHEMBL6066,CHEMBL1949382
CHEMBL264679,CCCCCCc1ccc(Oc2ccccn2)c(O)c1,4.49965107731906,0.8793021646546562,2,CHEMBL1849,CHEMBL936672
CHEMBL3445398,CCOc1cc(C(=O)n2cc(C)cn2)cc(OCC)c1OCC,4.825855368927117,0.2488339985175098,2,CHEMBL4105939,CHEMBL4649965
CHEMBL3342258,Cc1ccc(C(CCC(=O)NO)P(=O)(O)O)cc1,4.958607314841775,0.0,1,CHEMBL5630,CHEMBL3386562
CHEMBL1876674,Cc1nc2c(cc1N)nc(C)n2Cc1ccccc1,6.184834163436606,0.0,1,CHEMBL1287620,CHEMBL2354305
CHEMBL5428619,CCNc1cccc(Nc2c(CC)cccc2CC)n1,5.815113855701519,0.6672555911588116,2,CHEMBL5465373,CHEMBL5363735
CHEMBL1523271,COc1ccc2nc3c(O)n4c(nc-3c2c1)SCC4,5.85294232897164,0.0,1,CHEMBL1287620,CHEMBL2354305
CHEMBL3403260,Cc1cc(N2CCC(NC(=O)Nc3ccccc3)CC2)c2cc(C(F)(F)F)ccc2n1,5.080921907623926,0.0,1,CHEMBL3430898,CHEMBL3405737
CHEMBL3099412,FC(F)(F)c1ccccc1-c1ccc(-c2cnnc(N3CCC(c4cccc(Cl)c4)C3)n2)o1,4.416801226031377,0.0,1,CHEMBL3137292,CHEMBL3101912
CHEMBL5083270,O=C(c1c(-c2ccc(O)cc2)oc2ccc(O)c(CNCC3(O)CC3)c12)N1CCC1,6.6777807052660805,0.0,1,CHEMBL4105939,CHEMBL5038057
CHEMBL1609419,CC(=O)OCCNc1cc(Sc2nc3ccccc3[nH]2)c2nonc2c1[N+](=O)[O-],3.934943396643981,0.0,1,CHEMBL1293297,CHEMBL1614471
CHEMBL3134389,OC[C@H]1O[C@@H](n2ccc3c(-c4cc5ccccc5s4)ncnc32)[C@H](O)[C@@H]1O,8.1249387366083,0.0,1,CHEMBL4105883,CHEMBL3135672
CHEMBL1364210,COc1ccc(CC(C)Nc2cccc(SC)c2)cc1,4.634697788829083,0.0462282254237562,2,CHEMBL4105939,CHEMBL4649965
CHEMBL3439329,Cc1cc(C(=O)N2CCN(c3nc4c(C(C)C)cccc4s3)CC2)no1,4.237072332205797,0.0,1,CHEMBL360,CHEMBL4649971
CHEMBL5284665,COc1ccc(NC(=O)c2cc3sc(N(C)C)nc3s2)cc1,6.182258126592544,0.7727562184969381,2,CHEMBL360,CHEMBL5223484
CHEMBL3444410,COc1cccc(C2CC(=O)Nc3nc(N)sc32)c1OC,5.314770350756522,0.4953259745023963,2,CHEMBL4662921,CHEMBL4649947
CHEMBL5188685,O=C(CCCN1CCC(O)(c2ccc(Br)cc2)CC1)c1ccc(Cl)cc1,5.958607314841775,0.0,1,CHEMBL3879870,CHEMBL5108515
CHEMBL5630431,CCCC[C@@H](C(=O)O)N1C(=O)/C(=C/c2ccc(-c3ccc(Cl)s3)cc2)SC1=S,6.366531544420414,0.0,1,CHEMBL6066201,CHEMBL5622563
CHEMBL5848788,COC(=O)c1ccc(C#Cc2ccc(NC(=O)C(=O)O)cc2)cc1,7.638272163982407,0.0,1,CHEMBL6066201,CHEMBL5737624
CHEMBL4288961,COC(=O)[C@]12CCC(C)(C)C[C@@H]1C1/C(=N/O)C[C@@H]3[C@@]4(C)CCC(=O)NC(C)(C)[C@@H]4CC[C@@]3(C)[C@]1(C)CC2,4.267606240177032,0.0,1,CHEMBL360,CHEMBL4252975
CHEMBL3497781,COc1ccc(CNC(Cc2ccsc2)c2ccc(C)cn2)cc1OC.Cl,4.591741543637068,0.0,1,CHEMBL360,CHEMBL4649971
CHEMBL526307,COc1cc(C(C)C)c(Oc2cnc(N)nc2N)cc1I,5.455931955649724,0.0,1,CHEMBL6065,CHEMBL5531631
CHEMBL4227828,O=C(c1ccc(F)cc1F)N1CCC2(CC1)OCCc1ccsc12,5.458420756053419,0.0,1,CHEMBL2259247,CHEMBL4221659
CHEMBL227683,CCCCN(CCCC)NC(=O)c1cc(C23CC4CC(CC(C4)C2)C3)c2ccccc2n1,5.089999741487069,0.0,1,CHEMBL360,CHEMBL914626
CHEMBL1109,Nc1ccc(S(=O)(=O)Nc2ccnn2-c2ccccc2)cc1,5.0,0.0,1,CHEMBL613086,CHEMBL3637832
CHEMBL3489305,CCCNC(=O)NC(=O)CNC(C)(C)c1ccc2c(c1)OCCO2,4.628204426664864,0.0,1,CHEMBL360,CHEMBL4649971
CHEMBL4791084,CC(C)c1ccc([C@@H]2CN(C)C3(C(=O)c4ccccc4C3=O)[C@]23CSc2ccccc2C3=O)cc1,4.587203571283457,0.0,1,CHEMBL360,CHEMBL4719106
CHEMBL5412422,CCCN(C)c1ccc(CN2CCC3(CC2)CC(Oc2cccc(Oc4ccccc4)c2)CO3)cc1,4.6020599913279625,0.0,1,CHEMBL4879548,CHEMBL5347778
CHEMBL3310309,Cc1nc2ccccn2c1C(=O)N/N=C/c1ccc(OCc2ccccc2)cc1,5.270025714300444,0.0,1,CHEMBL6069,CHEMBL3365136
CHEMBL4869028,CCCCCc1ccc(-c2cn(CCC[C@@H]3CO[C@H](COS(=O)(=O)NC(=O)[C@@H](N)CC(C)C)[C@@H](O)[C@H]3O)nn2)cc1,4.607303046740334,0.0,1,CHEMBL360,CHEMBL4819638
CHEMBL199516,CCCCCCCCC(C)C1(C)SC(O)=C(C)C1=O,4.1249387366083,0.0,1,CHEMBL3640,CHEMBL863389
CHEMBL5590183,CC(C(C(=O)O)C(=O)O)[C@@H](O)[C@@H](O)[C@@H](O)CCP(=O)(O)O,3.6989700043360174,0.0,1,CHEMBL1770044,CHEMBL5580308
CHEMBL3394149,COc1ccc(-c2cc(SC)c(C#N)c(=O)[nH]2)cc1,5.113509274827518,0.0,1,CHEMBL2361,CHEMBL3396196
CHEMBL4286207,CC(CO)[C@@H]1CC[C@]2(CO)CC[C@]3(C)[C@H](CC[C@@H]4[C@@]5(C)CCCNC(C)(C)[C@@H]5CC[C@]43C)[C@@H]12,5.337242168318426,0.0,1,CHEMBL360,CHEMBL4252975
CHEMBL5398592,COc1ccc2nc(C)cc(Nc3ccc(N4CCCCC4)cc3)c2c1,5.327902142064283,0.0,1,CHEMBL1849,CHEMBL5387352
CHEMBL3488114,Cc1noc(NC(=O)c2ccc(F)cc2)n1,4.671614938583771,0.6866405514145626,2,CHEMBL360,CHEMBL4649971
CHEMBL3967099,Cn1c(=O)nc2[nH]nc(/C=C/c3ccccc3)nc-2c1=O,5.665546248849069,0.0,1,CHEMBL3988585,CHEMBL3887425
CHEMBL5395806,Cc1nn(-c2ccc(Cl)cc2)c(O)c1S(=O)(=O)c1ccc(Cl)cc1,3.005163876188063,1.285307211401148,2,CHEMBL4450,CHEMBL5372641
CHEMBL1612166,O=C(CN1C(=O)C2(OCCO2)c2ccccc21)c1ccc(Cl)cc1,5.657577319177793,0.0,1,CHEMBL3879870,CHEMBL3865749
CHEMBL3330959,O=C(NNC(=S)Nc1ccc(OC(F)(F)F)cc1)c1cc(C23CC4CC(CC(C4)C2)C3)c2ccccc2n1,5.8399999311187,0.0,1,CHEMBL360,CHEMBL3380429
CHEMBL250823,CC(=O)c1ccc(-c2ccc(CC3(C)SC(=O)C(C)=C3O)cc2)s1,3.6989700043360174,0.0,1,CHEMBL3640,CHEMBL940953
CHEMBL1474228,CCOc1ccc2oc(C(=O)OCC(=O)NC3CCCC3)c(C)c2c1,5.586030028251939,0.0,1,CHEMBL1287620,CHEMBL2354305
CHEMBL5,CCn1cc(C(=O)O)c(=O)c2ccc(C)nc21,2.3233063903751336,0.0,1,CHEMBL3430898,CHEMBL1280244
CHEMBL1300146,CC1CCCN(CCCNC(=O)c2ccc3c(c2)N(Cc2ccc(F)cc2)C(=O)c2ccccc2[S+]3[O-])C1,3.1487416512809245,0.0,1,CHEMBL1744527,CHEMBL1798854
CHEMBL4847623,Cc1cn(C2CCN(Cc3ccnc(Oc4ccccc4)c3)CC2)c(=O)[nH]c1=O,4.991399828238082,0.0,1,CHEMBL2361,CHEMBL4832952
CHEMBL394429,Cc1cn([C@H]2C[C@H](O)[C@@H](COP(=O)(O)O)O2)c(=O)[nH]c1=O,7.154901959985743,0.0,1,CHEMBL2361,CHEMBL5365593
CHEMBL3628454,CCN1CCN(CCCNc2ccc(Nc3c(C(=O)NN)cnc4ccc(C(F)(F)F)cc34)cc2)CC1,4.960585880823863,0.0,1,CHEMBL3430898,CHEMBL3630322
CHEMBL1397449,CCc1cc(=O)oc2c(C)c(OCC(=O)N3CCC[C@@H]3C(=O)O)ccc12,5.783306400830246,0.0,1,CHEMBL1287620,CHEMBL2354305
CHEMBL446201,COc1ccc(Cc2noc(NC(=O)c3noc4c3CC(C(C)(C)C)CC4)c2C(N)=O)cc1,5.146910470148135,0.0,1,CHEMBL6069,CHEMBL935788
CHEMBL5632618,O=C(NCc1cn(Cc2ccc(Oc3ccccc3)c(O)c2)nn1)c1cc2cc(O)ccc2oc1=O,6.073657553374345,0.0,1,CHEMBL1849,CHEMBL5626588
CHEMBL4529835,CC1(c2ccc(C#N)cc2)NC(=O)N(CC(=O)c2ccccn2)C1=O,5.499999678657065,0.0,1,CHEMBL3804751,CHEMBL4406692
CHEMBL1535285,O=C1NN(c2ccccc2)C(=O)/C1=C/c1ccc(-c2ccc(Cl)c(C(=O)O)c2)o1,4.094743951251549,0.0,1,CHEMBL1293297,CHEMBL1614471
CHEMBL5583964,COc1ccc(C(C)ON(CCC(c2ccc(Cl)c(Cl)c2)P(=O)(O)O)C(C)=O)cc1.N.N,6.107905397309519,0.0,1,CHEMBL5630,CHEMBL5577887
CHEMBL3628448,CCN1CCN(CCCOc2ccc(Nc3c(C(=O)NN)cnc4ccc(OC)cc34)cc2)CC1,5.229884705212898,0.0,1,CHEMBL3430898,CHEMBL3630322
CHEMBL3637792,CNc1snc(C)c1C(=O)NCCOc1ccc(OC)cc1,5.499999678657065,0.0,1,CHEMBL613086,CHEMBL3637832
CHEMBL3915348,N#Cc1ccccc1S(=O)(=O)Nc1ccc(-c2nc3cc(NS(=O)(=O)c4ccccc4C#N)ccc3o2)cc1,4.7447274948966935,0.0,1,CHEMBL4295521,CHEMBL4388634
CHEMBL3934460,O=S(=O)(Nc1ccc(-c2nc3cc(NS(=O)(=O)c4cccc5ccccc45)ccc3o2)cc1)c1cccc2ccccc12,5.6777807052660805,0.0,1,CHEMBL4295521,CHEMBL4388634
CHEMBL551152,C[C@H](NC(=O)OC(C)(C)C)C(=O)NNC(=O)c1cc(C23CC4CC(CC(C4)C2)C3)c2ccccc2n1,5.760000207113128,0.0,1,CHEMBL360,CHEMBL1030449
CHEMBL1163070,Nc1ncnc2c1ncn2[C@@H]1O[C@H](COS(=O)(=O)NC(=O)[C@@H](N)CO)[C@@H](O)[C@H]1O,2.3010299956639813,0.0,1,CHEMBL1744527,CHEMBL1763891
CHEMBL4082544,NCC1OB(O)c2c3c(cc(Br)c21)OCCO3.O=C(O)C(F)(F)F,7.036212172654444,0.0,1,CHEMBL4105844,CHEMBL4020311
CHEMBL4854807,CN(Cc1nnc(-c2ccccc2)o1)c1nc(=O)c2cc(S(C)(=O)=O)cc([N+](=O)[O-])c2s1,5.6777807052660805,0.0,1,CHEMBL3804751,CHEMBL4831382
CHEMBL3330944,O=C(NNC(=S)Nc1cccc2ccccc12)c1cc(C23CC4CC(CC(C4)C2)C3)c2ccccc2n1,4.800000052738446,0.0,1,CHEMBL360,CHEMBL3380429
CHEMBL5631307,COc1ccc2cc(C(=O)NCc3cn(Cc4ccc(Oc5ccccc5)c(O)c4)nn3)c(=O)oc2c1,6.462180904926726,0.0,1,CHEMBL1849,CHEMBL5626588
CHEMBL3458511,CCOCCOCc1cccc(CNc2cncc(-n3cccn3)n2)c1,4.622785635506591,0.1970783444019836,2,CHEMBL4105939,CHEMBL4649965
CHEMBL1807078,Clc1ccc(/N=N/Nc2ccc(Cl)c(Cl)c2)cc1Cl,5.166852888087215,0.0,1,CHEMBL360,CHEMBL3239483
CHEMBL3979736,O=S(=O)(Nc1ccc(-c2nc3cc(NS(=O)(=O)c4ccc(Br)cc4)ccc3o2)cc1)c1ccc(Br)cc1,5.443697499232712,0.0,1,CHEMBL4295521,CHEMBL4388634
CHEMBL1600985,Cc1cccc(N(C)S(=O)(=O)c2ccc3nc(O)c(O)nc3c2)c1,6.431798275933005,0.0,1,CHEMBL3879870,CHEMBL5732838
CHEMBL200803,CCCCCCCCCCCCCC1(C)SC(O)=C(C)C1=O,4.096910013008056,0.0,1,CHEMBL3640,CHEMBL863389
CHEMBL1269382,COC(=O)/C=C1\Nc2cc(C)ccc2OC1=O,4.636388020107856,0.0,1,CHEMBL1275214,CHEMBL1274290
CHEMBL255234,Cc1ccccc1NC(=S)N1N=C(c2ccccc2O)C[C@H]1c1ccc(O)cc1,4.309261954862485,0.4566800944771172,2,CHEMBL360,CHEMBL932548
CHEMBL4561092,O=C1C2=C(C(=O)c3c1cnc1cc(F)ccc31)C1CCC2C1,5.25221395644699,0.9850270768994056,2,CHEMBL360,CHEMBL4362174
CHEMBL550333,COc1ccc(Cl)cc1NC(=O)c1ccc(OC)c([N+](=O)[O-])c1,5.300162274132754,0.0,1,CHEMBL1849,CHEMBL1059058
CHEMBL3469216,Cc1cc(S(=O)(=O)Nc2cccc(-n3cccc3)c2)sc1C(=O)O,5.859661513717722,0.4712242486784976,2,CHEMBL4105939,CHEMBL4649965
CHEMBL3894879,O=S(=O)(Nc1ccc(-c2nc3cc(NS(=O)(=O)c4cccc(F)c4)ccc3o2)cc1)c1cccc(F)c1,4.886056647693163,0.0,1,CHEMBL4295521,CHEMBL4388634
CHEMBL3884288,O=C1C(=O)N(CCN2CCN(NCc3ccc([N+](=O)[O-])o3)CC2)c2ccc(Cl)cc21,4.622329560665677,0.0,1,CHEMBL3430898,CHEMBL3875318
CHEMBL3310299,Cc1nc2ccccn2c1C(=O)NNC(=O)c1ccco1,5.049148541111453,0.0,1,CHEMBL6069,CHEMBL3365136
CHEMBL217879,Cc1ccc(C(c2ccccc2)N2CCN(C(=O)C3CC(=O)N(C4CCCCC4)C3)CC2)cc1,5.285670240254767,0.0,1,CHEMBL1849,CHEMBL907779
CHEMBL4161017,CC(=O)N[C@@H](Cc1ccccc1)C(=O)NCC(=O)N[C@@H](CCCNC(=N)N)C(=O)N[C@@H](CCCCN)C(=O)N[C@@H](CCCCN)C(=O)N[C@@H](CCCNC(=N)N)C(=O)N[C@@H](CCCNC(=N)N)C(=O)N[C@@H](CCC(N)=O)C(=O)N[C@@H](CCCNC(=N)N)C(=O)N[C@@H](CCCNC(=N)N)C(=O)N1C[C@@H](NC(=N)N)C[C@H]1C(=O)NCCC(N)=O,5.508638306165727,1.0277303419451511,4,CHEMBL360,CHEMBL4154576
CHEMBL1946992,COc1ccc(/C=C/C(=O)c2ccc3ccccc3c2)cc1,4.031517051446065,0.0,1,CHEMBL4542,CHEMBL1948973
CHEMBL5403149,O=C(O)C1CSc2c(C3CC3)c(-c3cc(-c4ccc([N+](=O)[O-])cc4)no3)cc(=O)n21,5.032920265855503,0.0,1,CHEMBL360,CHEMBL5363916
CHEMBL5412622,O=C(O)C1CSc2c(C3CC3)c(-c3cc(-c4ccnc5ccccc45)no3)cc(=O)n21,4.959793372425289,0.0,1,CHEMBL360,CHEMBL5363916
CHEMBL5437910,O=C(O)C1CSc2c(C3CC3)c(-c3cc(-c4ccc5c(c4)OCO5)no3)cc(=O)n21,5.694648630553377,0.0,1,CHEMBL360,CHEMBL5363916
CHEMBL5090580,CNC(=O)c1c(-c2ccc(O)cc2)oc2ccc(O)c(CN3CC4(CCOC4)C3)c12,6.2839966563652006,0.0,1,CHEMBL4105939,CHEMBL5038057
CHEMBL491398,COC(=O)Cc1cc(=O)n2nc(C(F)(F)F)c(-c3ccc(Br)cc3)c2[nH]1,4.136677139879544,0.0,1,CHEMBL5091,CHEMBL989742
CHEMBL550354,N=C(N)NCCC[C@H](NC(=O)c1cc(C23CC4CC(CC(C4)C2)C3)c2ccccc2n1)C(=O)NN,7.669992299127241,0.0,1,CHEMBL360,CHEMBL1030449
CHEMBL28218,O=C(CCCN1CCC(O)(c2ccc(Br)cc2)CC1)c1ccc(F)cc1,6.2839966563652006,0.0,1,CHEMBL3879870,CHEMBL5108515
CHEMBL4102148,CCOc1ccc(F)c2c1B(O)O[C@@H]2CN,7.096910013008056,0.0,1,CHEMBL4105844,CHEMBL4020311
CHEMBL356501,Cc1nccc2nc(O)c(C#N)cc12,3.197910742118267,0.0,1,CHEMBL2361,CHEMBL3396196
CHEMBL3139953,O=C(CCCc1ccccc1)N(O)CCCP(=O)(O)O,4.749579997691106,0.0,2,CHEMBL5630,CHEMBL3380669
CHEMBL3394151,COc1cccc(-c2cc(-c3ccc(C(=O)O)cc3)c(C#N)c(=O)[nH]2)c1,6.376750709602099,0.0,1,CHEMBL2361,CHEMBL3396196
CHEMBL1089966,Cc1ccc2c(c1)[n+]([O-])c(C(=O)NCc1ccccc1)c(C)[n+]2[O-],5.078313524516398,0.0,1,CHEMBL360,CHEMBL1781055
CHEMBL4278276,CC1(C)CC[C@@]23CC[C@]4(C)C(OC2)(C(=O)C[C@@H]2[C@@]5(C)CCCNC(C)(C)[C@@H]5CC[C@]24C)[C@H]3C1,4.958607314841775,0.0,1,CHEMBL360,CHEMBL4252975
CHEMBL1518952,COc1ccccc1N1C(=O)C(Cl)=C(Nc2ccccc2O)C1=O,4.041531681633057,0.0,1,CHEMBL1293297,CHEMBL1614471
CHEMBL3544978,C[C@@H]1CN2c3c(cc4c(N5C(=O)OC[C@@H]5C)noc4c3F)CC3(C(=O)NC(=O)NC3=O)[C@H]2[C@H](C)O1,4.494850021680094,0.0,1,CHEMBL3430898,CHEMBL5166522
CHEMBL3342671,Nc1ncnc2c1c(-c1cccc3c1Sc1ccccc1S3)cn2[C@@H]1O[C@H](CO)[C@@H](O)[C@H]1O,4.353400248279627,0.0,1,CHEMBL360,CHEMBL3385546
CHEMBL5630227,Cc1cc(N)n(Cc2ccccc2)n1,3.4000000006038094,0.0,1,CHEMBL1849,CHEMBL5623729
CHEMBL1958229,Cc1ccc(-c2ccc(COc3c4cc(CCN)cc3Cc3cc(CCN)cc(c3O)Cc3cc(CCN)cc(c3OCc3ccc(-c5ccc(C)cn5)nc3)Cc3cc(CCN)cc(c3O)C4)cn2)nc1.O=C(O)C(F)(F)F,6.5,0.3979400086720375,2,CHEMBL360,CHEMBL1959145
CHEMBL4515427,COc1cccc(C(=O)CN2C(=O)NC(C)(c3ccc(S(N)(=O)=O)cc3)C2=O)c1,6.900008766455316,0.0,1,CHEMBL3804751,CHEMBL4406692
CHEMBL1795352,CCCCN(C)CCCNC(=O)c1ccc2c(c1)N(Cc1cccc(Cl)c1)C(=O)c1ccccc1[S+]2[O-],3.958607314841775,0.0,1,CHEMBL1744527,CHEMBL1798854
CHEMBL3125280,CCc1cc(C(=O)N[C@@H]2C[C@@H](C(=O)N(CC)CC)N(C(=O)c3coc4ccccc34)C2)n(C)n1,6.023191662661934,0.0,1,CHEMBL1849,CHEMBL3132000
CHEMBL227405,CCCCCCCP(=O)(OCC)OCc1ccccc1Oc1ccccc1,4.6777807052660805,0.0,1,CHEMBL4624,CHEMBL915964
CHEMBL5080645,O=C(c1c(-c2ccc(O)cn2)oc2ccc(O)c(CN3CCCC3)c12)N1CCC1,6.136677139879544,0.0,1,CHEMBL4105939,CHEMBL5038057
CHEMBL3449573,Cc1cc(-c2cnc(NC3CCCC3)nc2-c2ccc(C)o2)on1,4.05156972147565,0.0,1,CHEMBL360,CHEMBL4649971
CHEMBL64,NNC(=O)c1ccncc1,6.705808115810637,6.173040008673395,30,CHEMBL360,CHEMBL1040362
CHEMBL3449321,CNc1cncc(C2CCCN2c2cc(C)ncn2)n1,4.601959018857384,0.1713247948480658,2,CHEMBL4105939,CHEMBL4649965
CHEMBL4636357,CN(C)c1cc(O)c(C(=O)O)cc1C#Cc1ccc(NC(=O)C(=O)O)cc1,7.045757490560675,0.0,2,CHEMBL4295521,CHEMBL4626292
CHEMBL3342263,COc1ccc(C(OCC(=O)NO)P(=O)(O)O)cc1,3.453457336521869,0.0,1,CHEMBL5630,CHEMBL3386562
CHEMBL3126912,Cc1ncnc2c1c(-c1ccccc1)cn2[C@@H]1O[C@H](CO)[C@@H](O)[C@H]1O,4.576754126063192,0.0,1,CHEMBL360,CHEMBL3129228
CHEMBL227374,CCC(C)NNC(=O)c1cc(C23CC4CC(CC(C4)C2)C3)c2ccccc2n1,6.290001171974812,0.0,1,CHEMBL360,CHEMBL914626
CHEMBL1823501,CCCCCC(=O)NCC#Cc1cn([C@H]2C[C@H](O)[C@@H](COP(=O)([O-])[O-])O2)c(=O)[nH]c1=O.[Na+].[Na+],5.064996848546345,0.0,1,CHEMBL1795161,CHEMBL1827108
CHEMBL3261881,CC(C)=CCC/C(C)=C/COCCNC1C2CC3CC(C2)CC1C3,5.719449308175472,0.3332146790353825,2,CHEMBL360,CHEMBL5333912
CHEMBL4520537,Fc1ccc(COc2ccccc2CNCc2cccnc2)cc1,5.0,0.0,1,CHEMBL3879870,CHEMBL5347210
CHEMBL3628445,COc1ccc2ncc(C(=O)NN)c(Nc3ccc(NCCCN4CCOCC4)cc3)c2c1,4.814741234703415,0.0,1,CHEMBL3430898,CHEMBL3630322
CHEMBL2017731,CN1CCC(Nc2cc(Nc3cc(C4CC4)[nH]n3)nc(-c3ccccc3)n2)CC1,7.136677139879544,0.0,1,CHEMBL1908385,CHEMBL2020901
CHEMBL5624589,O=C(NCc1cccnc1)NC1CCN(c2ncccn2)CC1,4.100000018985305,0.0,1,CHEMBL1849,CHEMBL5623729
CHEMBL1934933,O=C(/C=C/c1cn(-c2ccccc2)nc1-c1ccc(F)cc1)c1ccc(Cl)cc1,4.470092373569629,0.0001848595714815,2,CHEMBL360,CHEMBL1936053
CHEMBL3393964,O=C(c1ccccc1F)N1CCN(C2c3ccccc3-c3ccccc32)CC1,6.442492798094342,0.0,1,CHEMBL1849,CHEMBL3395431
CHEMBL3235986,CC(=O)c1cc(C)c(O)c(CC2=C(C)C(=O)C(O)=C(C)C2=O)c1O,5.863279432843593,0.0,1,CHEMBL4295521,CHEMBL4400921
CHEMBL1591599,CC(C)(CNC(=O)c1cc(-c2ccc(Cl)s2)nc2ccccc12)N1CCOCC1,5.797784224198868,0.0,1,CHEMBL1287620,CHEMBL2354305
CHEMBL1916848,O=C(NO)N1N=C(c2ccccc2O)C[C@H]1c1ccc(O)cc1,4.387345359137068,0.0211892990699382,2,CHEMBL360,CHEMBL1918205
CHEMBL1269380,COC(=O)/C=C1\Nc2ccccc2OC1=O,5.0,0.0,1,CHEMBL1275214,CHEMBL1274290
CHEMBL1929425,CCOC(=O)Nc1cc(NC(C)CCCN(CC)CC)c2nc(-c3ccco3)c(-c3ccco3)nc2n1,4.571865205971212,0.0,1,CHEMBL4213,CHEMBL1931925
CHEMBL4444550,Cc1ccc(S(=O)(=O)Nc2ccc3oc(-c4ccccc4)nc3c2)cc1,4.167491087293763,0.0,1,CHEMBL4295521,CHEMBL4388634
CHEMBL1934954,O=NN1N=C(c2ccccc2O)C[C@@H]1c1cn(-c2ccccc2)nc1-c1ccc(F)cc1,3.927591771349234,0.0048164239888177,2,CHEMBL360,CHEMBL1936053
CHEMBL570080,O=C(Nc1cc(Cl)c(Cl)cc1Cl)c1ccccc1[N+](=O)[O-],4.92009553233328,0.0,1,CHEMBL1849,CHEMBL1059058
CHEMBL5290565,O=C(CCC(F)(F)F)N1CCC(c2cccc(F)n2)CC1,8.0,0.0,1,CHEMBL360,CHEMBL5246902
CHEMBL5401220,COc1ccc(-c2noc(C(=O)NCCN3CCOCC3)n2)cc1OC,4.619788758288394,0.0,1,CHEMBL4105939,CHEMBL5375438
CHEMBL216512,O=C(C1CC(=O)N(C2CCCCC2)C1)N1CCN(C(c2ccccc2)c2ccc(Cl)cc2)CC1,5.349692476868063,0.0,1,CHEMBL1849,CHEMBL907779
CHEMBL3628453,CCN1CCN(CCCNc2ccc(Nc3c(C(=O)NN)cnc4ccc(F)cc34)cc2)CC1,6.086186147616283,0.0,1,CHEMBL3430898,CHEMBL3630322
CHEMBL4463635,CC1(c2ccc(N3CCOC3=O)cc2)NC(=O)N(CC(=O)c2ccc(F)cc2F)C1=O,6.070581074285707,0.0,1,CHEMBL360,CHEMBL4384709
CHEMBL4552550,CC1(c2ccc(C#N)cc2)NC(=O)N(CC(=O)c2cccc(OC(F)(F)F)c2)C1=O,6.199998172182031,0.0,1,CHEMBL3804751,CHEMBL4406692
CHEMBL3126888,Nc1nc(N)c2c(-c3ccccc3)cn([C@@H]3O[C@H](CO)[C@@H](O)[C@H]3O)c2n1,5.069050968832477,0.0,1,CHEMBL360,CHEMBL3129228
CHEMBL239879,COc1cc(C)cc2c1C(=O)C=CC2=O,4.499986003223776,7.473172006426575,2,CHEMBL360,CHEMBL3077583
CHEMBL239661,Cc1cc(Cl)c2c(c1O)C(=O)C=CC2=O,4.499971084155391,7.674542168326069,2,CHEMBL360,CHEMBL3077583
CHEMBL1566050,CCCNC(=O)c1c(N)n(-c2ccc(S(N)(=O)=O)cc2)c2nc3ccccc3nc12,6.172152749122881,0.0,1,CHEMBL1287620,CHEMBL2354305
CHEMBL3628522,CCN1CCN(CCCOc2ccc(Nc3c(C(=O)O)cnc4ccccc34)cc2)CC1,4.990549104201306,0.0,1,CHEMBL3430898,CHEMBL3630322
CHEMBL3637812,Fc1ccc(Cc2nnc(-c3ccnc(Nc4ccc(OCCN5CCOCC5)cc4)n3)[nH]2)cc1,5.100000128334196,0.0,1,CHEMBL613086,CHEMBL3637832
CHEMBL481391,O=CN(O)C[C@@H](Cc1ccccc1)C(=O)N1CCC[C@H]1c1nc2ccccc2[nH]1,7.167491087293763,0.0,1,CHEMBL5765,CHEMBL1014575
CHEMBL3637827,Cc1ccc2c(c1)c(=O)cc(C(F)(F)F)n2CCNC(=O)c1ccccn1,5.200000237109354,0.0,1,CHEMBL613086,CHEMBL3637832
CHEMBL437002,O=C(c1ccccc1F)N1CCC(Cc2ccccc2)CC1,4.850236423118389,0.0004731262545272,2,CHEMBL360,CHEMBL3073615
CHEMBL3637815,Cc1ccc2oc(SCC(=O)Nc3nccs3)nc2n1,5.200000237109354,0.0,1,CHEMBL613086,CHEMBL3637832
CHEMBL1377441,O=C(O)c1ccc(-c2ccc(/C=C3\NC(=O)N(Cc4ccc(Cl)cc4)C3=O)o2)cc1Cl,4.173471693659349,0.0,1,CHEMBL1293297,CHEMBL1614471
CHEMBL99932,Nc1cccc2cccnc12,4.102372908709558,0.0,1,CHEMBL1287620,CHEMBL3888734
CHEMBL5416518,COc1ccc(-c2noc(C(=O)NCCc3ccc(C(=O)N4CC(OC)C4)cc3)n2)cc1OC,6.522878745280337,0.0,1,CHEMBL4105939,CHEMBL5375438
CHEMBL5420782,CCCN(C)c1ccc(CN2CCC(COc3ccccc3F)CC2)cc1,4.7447274948966935,0.0,1,CHEMBL4879548,CHEMBL5347778
CHEMBL4514109,Cc1ccccc1C(=O)CN1C(=O)NC(C)(c2ccc(C#N)cc2)C1=O,6.0999990348465305,0.0,1,CHEMBL3804751,CHEMBL4406692
CHEMBL3309663,Cc1nc2ccccn2c1C(=O)NNC(=O)C1CCCCC1,5.113509274827518,0.0,1,CHEMBL6069,CHEMBL3365136
CHEMBL4555877,COc1ccc(C(=O)CN2C(=O)/C(=C\c3ccc(Br)cc3)SC2=S)cc1,4.91721462968355,0.0,1,CHEMBL1849,CHEMBL4481956
CHEMBL1305601,COCCCN=C(S)NCCCNc1nc2cc3c(cc2cc1C#N)OCO3,5.921905849593589,0.0,1,CHEMBL1287620,CHEMBL2354305
CHEMBL4210409,N#C/C(=C\c1ccc(-c2cc(C(=O)O)cc(C(=O)O)c2)o1)c1nc2ccccc2s1,5.939302159646388,0.0,1,CHEMBL2259247,CHEMBL4178649
CHEMBL1400620,Cc1cccc(N2NC(=O)/C(=C/c3ccc(-c4ccc(Cl)c(C(=O)O)c4)o3)C2=O)c1,3.9120057449002856,0.0,1,CHEMBL1293297,CHEMBL1614471
CHEMBL1198279,CCOC(=O)c1ccc2nc(C)cc(Nc3ccc(N4CCCCC4)cc3)c2c1,4.698970004336019,0.0,1,CHEMBL1849,CHEMBL5387352
CHEMBL1807075,FC(F)(F)c1cc(/N=N/Nc2ccc(Cl)c(C(F)(F)F)c2)ccc1Cl,5.486782399932061,0.0,1,CHEMBL360,CHEMBL3239483
CHEMBL3794183,Cc1c(C(=O)/C=C/c2ccc([N+](=O)[O-])o2)[n+]([O-])c2cc(Cl)ccc2[n+]1[O-],4.8696662315049934,0.0,1,CHEMBL360,CHEMBL3796292
CHEMBL4876370,Cc1cn(C2CCN(Cc3cc(Oc4cc(Cl)cc(Cl)c4)ccn3)CC2)c(=O)[nH]c1=O,6.221848749616356,0.0,1,CHEMBL2361,CHEMBL4832952
CHEMBL2393583,CC(c1c[nH]nc1-c1ccccc1)N1CCC(CCC(=O)Nc2ccccc2)CC1,4.823908740944319,0.0,1,CHEMBL2390811,CHEMBL2395747
CHEMBL522583,COc1ccc(-c2c(C)nn3c(=O)cc(-c4ccccc4)[nH]c23)cc1,4.042392712939905,0.0,1,CHEMBL5091,CHEMBL989742
CHEMBL3359134,CC1=C[C@@H]2C[C@@H](C)CC[C@@H]2[C@@](C)(C(=O)C2=C(O)[C@@H](CO)NC2=O)[C@@H]1/C=C/C=C/C[C@@H](C)O,3.947306058075032,0.0,1,CHEMBL360,CHEMBL3382531
CHEMBL3443341,CC1CCc2nc(O)c(C(=O)NCCCN3CCN(C)CC3)cc2C1,4.46539838962474,0.0690745904617964,2,CHEMBL4105939,CHEMBL4649965
CHEMBL3792780,CNC[C@@H](Cc1ccccc1)N1CCN(CCC23CC4CC(CC(C4)C2)C3)CC1,4.42021640338319,0.0,1,CHEMBL360,CHEMBL3796194
CHEMBL565062,COC(=O)c1c(NC(=O)c2ccccc2[N+](=O)[O-])sc2c1CCC2,5.739928612014925,0.0,1,CHEMBL1849,CHEMBL1059058
CHEMBL6174120,CC(=O)Oc1cc(O)c2c(c1)[n+]([O-])c1ccccc1[n+]2[O-],6.035290537142854,0.3010299956639812,4,CHEMBL360,CHEMBL6154546
CHEMBL3616528,O=c1[nH]c(=O)c2c(ncn2Cc2ccccc2)[nH]1,4.413412695328245,0.0,1,CHEMBL6065,CHEMBL5234352
CHEMBL5179645,O=C1OC(c2ccccc2C(F)(F)F)C(c2ccc3ccccc3n2)=C1O,4.507239610973162,0.365776808542801,3,CHEMBL4540,CHEMBL5161730
CHEMBL3483649,COc1cc(-c2cc(NC3CCCC3)nc3[nH]ccc23)nc(N)n1,5.56831304800948,0.0,1,CHEMBL360,CHEMBL4649971
CHEMBL5203837,C[C@@H]1CN2c3c(cc4c(OC[C@@H]5CCC(=O)N5)noc4c3F)CC3(C(=O)NC(=O)NC3=O)[C@H]2[C@H](C)O1,5.585026652029182,0.0,1,CHEMBL3430898,CHEMBL5166522
CHEMBL3125253,CCc1cc(C(=O)N[C@@H]2C[C@@H](C(=O)Nc3cnn(CC)n3)N(C(=O)c3coc4ccccc34)C2)n(C)n1,8.522878745280337,0.0,1,CHEMBL1849,CHEMBL3132000
CHEMBL3942795,CCOc1ccc2cc(CNc3ccc(O)cc3)c(O)nc2c1,5.476253533188435,0.0,1,CHEMBL3988585,CHEMBL3887425
CHEMBL3409426,CC1CCC(c2cc(C(=O)NN)nc3ccccc23)CC1,5.450000476425332,0.0,1,CHEMBL360,CHEMBL3412552
CHEMBL3342669,Nc1ncnc2c1c(-c1cccc3c1oc1ccccc13)cn2[C@@H]1O[C@H](CO)[C@@H](O)[C@H]1O,6.721246399047171,0.0,1,CHEMBL360,CHEMBL3385546
CHEMBL4279113,COCCCn1c(-c2ccc(C(C)C)cc2)cc(CN2CCOCC2)c1C,5.903089986991944,0.0,1,CHEMBL360,CHEMBL4255037
CHEMBL1339581,COc1ccccc1N1C(=O)NC(=O)/C(=C/c2ccc3c4c(cccc24)CC3)C1=O,5.651305809734459,0.0,1,CHEMBL1287620,CHEMBL2354305
CHEMBL3488006,Cc1cc(C)n(CC2CCCN2CC(=O)Nc2cc(C(C)C)no2)n1,4.52673712751262,0.3584724672963455,2,CHEMBL360,CHEMBL4649971
CHEMBL4526073,CC(=O)c1c(C)n(Cc2ccccc2)c2ccc(OCCCC(=O)O)cc12,4.212984366136141,0.7781512503836439,2,CHEMBL6065,CHEMBL4368148
CHEMBL5433850,N#Cc1cc([N+](=O)[O-])ccc1-c1ccc(C(=O)O)o1,4.61261017366127,0.0,1,CHEMBL360,CHEMBL5330224
CHEMBL3355800,COc1ccc(NC(=O)N2CCN(c3nsc4ccccc34)CC2)cc1,4.913640169325252,0.0,1,CHEMBL3430898,CHEMBL3390735
CHEMBL3358487,O=C(NCCCCn1cnc([N+](=O)[O-])n1)c1sc2ccccc2c1Cl,4.923855827808472,0.9481683617271316,2,CHEMBL360,CHEMBL4179593
CHEMBL227505,COc1ccc(/C=N/NC(=O)c2cc(C34CC5CC(CC(C5)C3)C4)c3ccccc3n2)c2ccccc12,5.019999811738259,0.0,1,CHEMBL360,CHEMBL914626
CHEMBL4471162,CC[C@H](C)C[C@H](C)C[C@H](CO)C[C@@H](C)/C=C(C)/C=C(C)/C=C/C=C/C(=O)N1CCCC(O)C1=O,4.958607314841775,0.0,1,CHEMBL4295521,CHEMBL4338622
CHEMBL3960902,O=C(c1ccc2[nH]ccc2c1)N1CCN(C2c3ccccc3-c3ccc([N+](=O)[O-])cc32)CC1,6.568636235841013,1.8398968463284489,3,CHEMBL613086,CHEMBL3880092
CHEMBL3482332,CCOCCC(=O)N1CCc2cccc(S(=O)(=O)N3CCOCC3)c2C1,4.690777281166944,0.0,1,CHEMBL4105939,CHEMBL4649965
CHEMBL4567438,CC1(c2ccc(NS(=O)(=O)c3ccccc3)cc2)NC(=O)N(CC(=O)c2ccc(F)cc2F)C1=O,6.399996913372259,0.0,1,CHEMBL3804751,CHEMBL4406692
CHEMBL4761620,O=C1c2ccccc2C(=O)C12N1CSC[C@@H]1[C@@H](c1cccc(F)c1)[C@@]21CSc2ccccc2C1=O,4.785686102575601,0.0,1,CHEMBL360,CHEMBL4719106
CHEMBL596024,COc1ccc(Cn2cnc3c(Cc4ccccc4)nc(Cl)nc32)cc1,4.698970004336019,0.0,1,CHEMBL360,CHEMBL1073962
CHEMBL3222163,CCOC(=O)C1=C(C)N=c2s/c(=C\c3cc(Br)c(O)c(Br)c3)c(=O)n2C1c1cccs1,5.214670164989233,0.0,1,CHEMBL3217377,CHEMBL3227733
CHEMBL3637803,CCOCn1ccc(NS(=O)(=O)c2ccc(N)cc2)nc1=O,5.499999678657065,0.0,1,CHEMBL613086,CHEMBL3637832
CHEMBL2024336,COc1ccc(C(=O)CC(SCCNC(=O)CCNC(=O)[C@H](O)C(C)(C)COP(=O)(O)OP(=O)(O)OC[C@H]2O[C@@H](n3cnc4c(N)ncnc43)[C@H](O)[C@@H]2OP(=O)(O)O)C(=O)O)cc1,4.474955192963154,0.0,1,CHEMBL1275214,CHEMBL2027819
CHEMBL455453,O=C(/C=C/c1ccc2c(c1)OCO2)c1ccc([N+](=O)[O-])cc1,4.2500190672019045,0.0848215134003176,2,CHEMBL4542,CHEMBL1948973
CHEMBL425259,Cc1ccc(Cl)cc1NC(=O)C1CC(=O)N(C2CCCCC2)C1,6.013228265733755,0.0,2,CHEMBL1849,CHEMBL907779
CHEMBL3449174,Cc1ccc(Oc2cc(F)ccc2O[C@@H]2CCC[C@@H](N)[C@H]2O)cc1,4.483590081349419,0.0197594444955271,2,CHEMBL360,CHEMBL4649971
CHEMBL5186061,C[C@@H]1CN2c3c(cc4c(N5CC[C@H](C#N)C5)noc4c3F)CC3(C(=O)NC(=O)NC3=O)[C@H]2[C@H](C)O1,5.0,0.0,1,CHEMBL3430898,CHEMBL5166522
CHEMBL3298910,CCc1nc2ccc(Cl)cn2c1C(=O)NCc1ccc(N2CCC(c3ccc(OC(F)(F)F)cc3)CC2)cc1,7.0,0.0,1,CHEMBL360,CHEMBL5346690
CHEMBL257359,CC(C)C(C(=O)O)N1C(=O)/C(=C/C=C/c2ccco2)SC1=S,4.319664486585436,0.0,1,CHEMBL1293297,CHEMBL1614471
CHEMBL2431004,CN(O)C(=O)CS[C@H](c1ccccc1)P(=O)(O)O,4.080921907623926,0.0,1,CHEMBL5630,CHEMBL2434044
CHEMBL3447012,CNc1cc(CCNS(=O)(=O)c2ccccc2)nc(-c2ccccn2)n1,4.844303142350672,0.5101526558315772,2,CHEMBL360,CHEMBL4649971
CHEMBL5185004,Cc1c(OCc2ccccc2)ccc2c1B(O)OC2,5.443697499232712,0.0,1,CHEMBL360,CHEMBL5105203
CHEMBL3354606,O=C1C=C(N(Cc2cn(Cc3ccccc3)nn2)c2ccc(C(F)(F)F)cc2)C(=O)c2ccccc21,5.728158393463501,0.0,1,CHEMBL360,CHEMBL3367829
CHEMBL1452318,Cc1cc(=O)oc2cc(OCCc3ccccc3)ccc12,5.870310107800699,0.0,1,CHEMBL1287620,CHEMBL2354305
CHEMBL4526007,COc1ccc(Cl)cc1S(=O)(=O)Nc1ccc2oc(-c3ccc(NS(=O)(=O)c4ccc(Cl)s4)cc3)nc2c1,5.1938200260161125,0.0,1,CHEMBL4295521,CHEMBL4388634
CHEMBL1982831,CN(C)c1ccc(-c2ccnc3c2CC(C)(C(=O)NCc2cccs2)O3)cc1,6.251905046069536,0.0,1,CHEMBL1287620,CHEMBL2354305
CHEMBL1945997,COc1cc(OC)c(/C=C/C(=O)c2ccc3ccccc3c2)c(OC)c1,2.780153613975639,0.0,1,CHEMBL4542,CHEMBL1948973
CHEMBL240533,O=C(c1ccccc1)N1CCN(C2c3ccccc3-c3ccccc32)CC1,7.045757490560675,0.3124271832071033,4,CHEMBL360,CHEMBL1228528
CHEMBL522627,CCCc1c(-c2ccccc2)[nH]c2c(-c3ccccc3)c(C)nn2c1=O,4.747146969020107,0.0,1,CHEMBL5091,CHEMBL989742
CHEMBL1322235,Cc1c(O)ccc2c(CC(=O)N[C@@H](Cc3ccc(O)cc3)C(=O)O)cc(=O)oc12,6.042871802323187,0.0,1,CHEMBL1287620,CHEMBL2354305
CHEMBL1300373,CC1CCCN(CCCNC(=O)c2ccc3c(c2)N(Cc2ccccc2F)C(=O)c2ccccc2S3(=O)=O)C1,3.096910013008056,0.0,1,CHEMBL1744527,CHEMBL1798854
CHEMBL1087059,CC(C)CCCC(C)CCNCCNC1C2CC3CC(C2)CC1C3,5.2827155479829,0.9736710612776508,2,CHEMBL360,CHEMBL5333912
CHEMBL3338939,N=C(N)NCCc1ccc(OCc2cccc(COc3ccc(CCNC(=N)N)cc3)c2)cc1.O=C(O)C(F)(F)F,6.33889035263304,0.3679767852945943,2,CHEMBL360,CHEMBL3606843
CHEMBL3753521,Cc1ccc2nc3ccccc3c(Nc3ccc(NC(=S)Nc4ccc([N+](=O)[O-])cc4)cc3)c2c1,4.605548319173784,0.0,1,CHEMBL3430898,CHEMBL3758003
CHEMBL3355784,CCOC(=O)c1cc2cc(N3CCN(C(=O)Nc4ccc(C(C)=O)cc4)CC3)ccc2o1,5.449771646944906,0.0,1,CHEMBL3430898,CHEMBL3390735
CHEMBL3462531,Cc1cccn2cc(CN3CCCC(c4noc(C5CC5)n4)C3)nc12,4.332451699584693,0.0,1,CHEMBL360,CHEMBL4649971
CHEMBL400279,CC1=C(O)C(C)(Cc2ccc(-c3cccc(Cl)c3)cc2)SC1=O,3.8068754016455375,0.0,1,CHEMBL3640,CHEMBL940953
CHEMBL4649112,O=C(O)C(=O)Nc1ccc(C#Cc2ccc(C(F)(F)F)cc2C(F)(F)F)cc1,7.853871964321762,0.0,2,CHEMBL4295521,CHEMBL4626292
CHEMBL3918141,CCOC(=O)c1ccc(NC(=O)C2CCN(S(=O)(=O)c3cn(C(C)C)cn3)CC2)cc1,5.61261017366127,0.0,1,CHEMBL3988585,CHEMBL3887425
CHEMBL4543078,O=C(CN1C(=O)/C(=C\c2ccc(Cl)cc2)SC1=S)c1ccccc1,4.300162274132754,0.0,1,CHEMBL1849,CHEMBL4481956
CHEMBL4555298,Cc1ccc(C(=O)CN2C(=O)NC(C)(c3ccc(C#N)cc3)C2=O)cc1,5.800000874803203,0.0,1,CHEMBL3804751,CHEMBL4406692
CHEMBL385650,O=C(Nc1cc(-c2ccccc2)c(O)c(-c2ccccc2)c1)C1CC(=O)N(C2CCCCCCC2)C1,5.889410289700751,0.0,1,CHEMBL1849,CHEMBL907779
CHEMBL3884879,Cc1ccc(CN2CCN(c3nc(=O)c4cc(C(F)(F)F)ccc4s3)CC2)cc1,4.934420285271552,0.0,1,CHEMBL3430898,CHEMBL3875318
CHEMBL1773961,O=C(CC1CCCC1)N1CCC(c2nc(-c3cccs3)no2)CC1,5.823908740944319,0.0,1,CHEMBL1772929,CHEMBL1776262
CHEMBL3944007,Oc1ccc(NCc2cc3cc4c(cc3nc2O)OCO4)cc1,5.330683119433888,0.0,1,CHEMBL3988585,CHEMBL3887425
CHEMBL2144855,C(=C/c1ccc2nncn2c1)\c1ccccc1,5.838033383635925,0.0,1,CHEMBL1287620,CHEMBL2354305
CHEMBL5283712,O=C(CCC(F)(F)F)N1CCC(c2ccnc(C(F)(F)F)c2)CC1,8.0,0.0,1,CHEMBL360,CHEMBL5246902
CHEMBL4868671,Cc1cn(C2CCN(Cc3cc(Oc4cccc(Cl)c4)ccn3)CC2)c(=O)[nH]c1=O,5.552841968657781,0.0,1,CHEMBL2361,CHEMBL4832952
CHEMBL122848,CC1=C(O)C(C)(Cc2ccc(-c3ccc(CO)cc3)cc2)SC1=O,4.721246399047171,0.0,1,CHEMBL3640,CHEMBL648364
CHEMBL571838,OC[C@H]1O[C@@H](n2ccc3c(-c4ccccn4)ncnc32)[C@H](O)[C@@H]1O,5.66926403561669,2.5031094366713686,2,CHEMBL360,CHEMBL3135671
CHEMBL3896250,CC(C)n1cnc(S(=O)(=O)N2CCC(C(=O)Nc3cccc(-c4ccno4)c3)CC2)c1,5.673664139071248,0.0,1,CHEMBL3988585,CHEMBL3887425
CHEMBL4071439,CCCOc1cc(Br)c2c(c1)B(O)OC2CN.Cl,6.431798275933005,0.0,1,CHEMBL4105844,CHEMBL4020311
CHEMBL539723,COc1ccc(/C=C2\SC(N3CCCCCC3)NC2=O)cc1OC,4.96018944585165,0.0,1,CHEMBL1849,CHEMBL1059058
CHEMBL5624504,O=C(O)[C@H](C1CCCCC1)N1C(=O)/C(=C/c2ccc(-c3cccc(Cl)c3)cc2)SC1=S,6.00436480540245,0.0,1,CHEMBL6066201,CHEMBL5622563
CHEMBL2418481,CN1C(=O)/C(=C/c2ccc(F)cc2)S/C1=N\c1cccc(C(=O)O)c1,7.721246399047171,0.0,1,CHEMBL2321612,CHEMBL2423608
CHEMBL2356378,COC1=Nc2ccccc2N2CCN=C12,5.683819901106547,0.0,1,CHEMBL1287620,CHEMBL2354305
CHEMBL239878,CC(=O)Oc1cc(C)c(Cl)c2c1C(=O)C=CC2=O,4.499979725272628,7.401359450547579,2,CHEMBL360,CHEMBL3077583
CHEMBL3439757,CCc1ccc(S(=O)(=O)NCC2CCN(c3cnccn3)CC2)s1,4.633124142936759,0.2056667498493176,2,CHEMBL4105939,CHEMBL4649965
CHEMBL2356597,COc1ccc(NC(=O)C2(C)Cc3c(-c4ccc(N(C)C)cc4)ccnc3O2)cc1OC,6.136219289866143,0.0,1,CHEMBL1287620,CHEMBL2354305
CHEMBL1546656,O=C(CCCN1C(=O)/C(=C/c2ccco2)SC1=S)Nc1ccccc1C(=O)O,4.065400561781927,0.0,1,CHEMBL1293297,CHEMBL1614471
CHEMBL5420232,Cc1nc2sc3ccccc3n2c1C(=O)N1CCN(Cc2cn(-c3ccc(Cl)cc3Cl)nn2)CC1,5.692503962086787,0.0,1,CHEMBL6069,CHEMBL5365590
CHEMBL4075879,CCOc1ccc(Br)c2c1B(O)O[C@@H]2CN,7.1249387366083,0.0,1,CHEMBL4105844,CHEMBL4020311
CHEMBL3447708,Cc1ccc(Oc2c(F)cccc2OC[C@@H](N)CC(C)C)cc1,4.599537997204306,0.0,1,CHEMBL360,CHEMBL4649971
CHEMBL4464897,O=S(=O)(Nc1ccc2oc(-c3ccccc3)nc2c1)c1ccc(O)cc1,4.013228265733755,0.0,1,CHEMBL4295521,CHEMBL4388634
CHEMBL2418548,C=CCN1C(=O)/C(=C/c2ccc(O)cc2)S/C1=N\c1cccc(C(=O)O)c1,6.95703092660682,0.0,1,CHEMBL2321612,CHEMBL2423608
CHEMBL2017736,CN1CCC(CNc2cc(Nc3cc(C4CC4)[nH]n3)nc(-c3cccc(C#N)c3)n2)CC1,7.638272163982407,0.0,1,CHEMBL1908385,CHEMBL2020901
CHEMBL4454819,CCc1ccc(S(=O)(=O)Nc2ccc3oc(-c4ccccc4)nc3c2)cc1,4.173925197299174,0.0,1,CHEMBL4295521,CHEMBL4388634
CHEMBL4280952,CC(C)=CCc1c(O)ccc(C(=O)[C@H]2[C@@H](c3c(O)cc(/C=C/c4ccc(O)cc4O)cc3O)C=C(C)C[C@@H]2c2ccc(O)cc2O)c1O,5.721246399047171,0.0,1,CHEMBL4295521,CHEMBL4253916
CHEMBL4870416,Cc1cn(C2CCN(Cc3cccc(Oc4ccccc4)n3)CC2)c(=O)[nH]c1=O,5.6020599913279625,0.0,1,CHEMBL2361,CHEMBL4832952
CHEMBL4174449,CC(C)=C/C=C\[C@H](C)[C@H]1CC[C@]2(C)C[C@@H]3C(C)=CC(=O)[C@@H]3/C(C=O)=C\C[C@@H]12,4.619788758288394,0.0,1,CHEMBL4295521,CHEMBL4390593
CHEMBL1368601,O=C(O)c1ccc2cccc(O)c2n1,4.811711521471744,0.0843208857000359,2,CHEMBL1287620,CHEMBL3888734
CHEMBL3290341,COc1cnc2ccc(=O)n(CCN3CCC(NCc4cnc(C)c(C#N)c4)CC3)c2c1,6.853871964321762,0.0,1,CHEMBL3430898,CHEMBL3294030
CHEMBL3261880,CC(C)=CCC/C(C)=C/CNCCOC1C2CC3CC(C2)CC1C3,6.711254100081387,0.8872957198087112,2,CHEMBL360,CHEMBL5333912
CHEMBL1889627,Cc1ccc(-c2nc3ncccc3o2)cc1NC(=O)C(C)C,5.824778199656947,0.0,1,CHEMBL1287620,CHEMBL2354305
CHEMBL119236,CCCCCCCCCCCCCCP(=O)(OCC)OCc1cccc(Oc2ccccc2)c1,3.064346650394787,0.0,1,CHEMBL4624,CHEMBL652028
CHEMBL505670,O=[N+]([O-])c1ccc(Sc2cccc[n+]2[O-])c2nonc12,4.139063379299906,0.0,1,CHEMBL1293297,CHEMBL1614471
CHEMBL5413160,Brc1ccc(COc2ccc(CNCc3ccccc3)cc2)cc1,5.823908740944319,0.0,1,CHEMBL3879870,CHEMBL5347210
CHEMBL3885263,O=C(Nc1ccc([N+](=O)[O-])cc1)N1CCN(c2nc(=O)c3cc(Cl)ccc3s2)CC1,5.336299074610352,0.0,1,CHEMBL3430898,CHEMBL3875318
CHEMBL3500568,CNC(=O)c1cc2c(nc1NCC(C)C)CCN(c1ccncn1)CC2.O=C(O)C(F)(F)F,4.559830303662102,0.0600365954477606,2,CHEMBL4105939,CHEMBL4649965
CHEMBL3087017,Cc1csc(C(C)(O)c2nnc(NC(=O)c3ccn(Cc4c(F)cccc4F)n3)s2)n1,4.468521082957745,0.0,1,CHEMBL1849,CHEMBL3089491
CHEMBL3403279,Cc1cc(N2CCC(NC(=S)Nc3ccc(F)cc3)CC2)c2cc(F)ccc2n1,4.628193541492584,0.0,1,CHEMBL3430898,CHEMBL3405737
CHEMBL4747183,COc1ccc([C@@H]2CN(C)C3(C(=O)c4ccccc4C3=O)[C@]23CSc2ccccc2C3=O)cc1,4.738023808602187,0.0,1,CHEMBL360,CHEMBL4719106
CHEMBL4583298,CC(C)[C@H]1CC[C@@]2(C)CC[C@]3(CO)CC4=C(C(=O)O)CC[C@H]4[C@]4(C)C[C@@H]4[C@H]3[C@H]12,5.201152407037244,0.9128498242810998,2,CHEMBL4295521,CHEMBL4390595
CHEMBL3330956,CC(C)(C)NC(=S)NNC(=O)c1cc(C23CC4CC(CC(C4)C2)C3)c2ccccc2n1,5.800000874803203,0.0,1,CHEMBL360,CHEMBL3380429
CHEMBL3323251,CCOC(=O)c1cc2cc(N3CCN(C(=O)c4ncccc4C(F)(F)F)CC3)ccc2o1,5.1073489661227,0.0,1,CHEMBL3430898,CHEMBL3367585
CHEMBL3331273,O=C(Cn1cnc2ccccc2c1=O)Nc1cc(C(F)(F)F)ccc1Cl,5.088309841246139,0.0,1,CHEMBL1849,CHEMBL3385192
CHEMBL4649291,O=C(O)C(=O)Nc1ccc(C#Cc2cc(C(F)(F)F)cc(C(F)(F)F)c2)cc1,7.221848749616356,0.0,2,CHEMBL4295521,CHEMBL4626292
CHEMBL5633213,O=c1cc(OCc2cn(Cc3ccc(Oc4ccccc4)c(O)c3)nn2)c2ccccc2o1,6.742321425130816,0.0,1,CHEMBL1849,CHEMBL5626588
CHEMBL43612,O=C1C=CC(=O)c2c(O)cccc21,4.499959376976604,8.841718753951541,2,CHEMBL360,CHEMBL3077583
CHEMBL5177888,O=c1oc2cc(O)ccc2c2oc3ccc(O)c(CN4CCC(F)CC4)c3c12,5.809668301829708,0.0,1,CHEMBL4105939,CHEMBL5107313
CHEMBL4073789,CCC(O)Cc1ccc(Nc2nc(C)cs2)cc1,6.3979400086720375,0.0,1,CHEMBL360,CHEMBL4045152
CHEMBL4454247,Cc1cccc(S(=O)(=O)Nc2ccc(-c3nc4ccccc4o3)cc2)c1,4.3979400086720375,0.0,1,CHEMBL4295521,CHEMBL4388634
CHEMBL4072825,COc1ccc(N2C(=O)C3CN(C)C4(C(=O)c5ccccc5C4=O)C3C2=O)cc1,4.764471553092451,0.0,1,CHEMBL360,CHEMBL4022472
CHEMBL4070589,CCOc1cc(Cl)c2c(c1)B(O)OC2CN.Cl,6.200659450546418,0.0,1,CHEMBL4105844,CHEMBL4020311
CHEMBL3331276,O=C(Cn1cnc2ccc(Cl)cc2c1=O)NCc1cccs1,5.147520006363144,0.0,1,CHEMBL1849,CHEMBL3385192
CHEMBL4649133,C#Cc1ccc(NC(=O)C(=O)O)cc1,5.366531544420414,0.0,2,CHEMBL4295521,CHEMBL4626292
CHEMBL3497285,Cn1nc2c(cc1=O)CN(Cc1nnc(C3CC3)o1)CC2,4.110464345840885,0.0,1,CHEMBL4662921,CHEMBL4649947
CHEMBL491216,Cc1nn2c(=O)cc(-c3ccc4ccccc4c3)[nH]c2c1-c1ccccc1,4.709965388637482,0.0,1,CHEMBL5091,CHEMBL989742
CHEMBL5283441,CN1CCN(c2ccc(Nc3nccc(-c4ccnc(Cl)c4)n3)cc2C(F)(F)F)CC1,5.958607314841775,0.0,1,CHEMBL1908385,CHEMBL5229239
CHEMBL1911296,CO[C@H]1/C=C/O[C@@]2(C)Oc3c(C)c(SC)c4c(c3C2=O)C(=O)C=C(NC(=O)/C(C)=C\C=C\[C@H](C)[C@H](O)[C@@H](C)[C@@H](O)[C@@H](C)[C@H](OC(C)=O)[C@@H]1C)C4=O,7.823908740944319,0.0,1,CHEMBL2006,CHEMBL1914226
CHEMBL4550592,Cc1cccc(C(=O)CN2C(=O)NC(C)(c3ccc(C#N)cc3)C2=O)c1,6.0,0.0,1,CHEMBL3804751,CHEMBL4406692
CHEMBL4754607,CN1C[C@@H](c2ccccc2Cl)[C@@]2(CSc3ccccc3C2=O)C12C(=O)c1ccccc1C2=O,4.3260580013659125,0.0,1,CHEMBL360,CHEMBL4719106
CHEMBL4441924,CC1(c2ccc(S(N)(=O)=O)cc2)NC(=O)N(CC(=O)c2ccc(F)c(Cl)c2)C1=O,7.199970640755866,0.0,1,CHEMBL3804751,CHEMBL4406692
CHEMBL4539172,COc1ccc(/C=C/C(C)=N/Nc2nc(-c3ccc(OC)c(OC)c3)cs2)cc1OC,4.97851546330341,0.4274952522337534,6,CHEMBL360,CHEMBL4427455
CHEMBL240740,Cc1ccc(C(=O)N2CCN(C(c3ccc(F)cc3)c3ccc(F)cc3)CC2)cc1,5.721769179732839,0.0035380321878353,2,CHEMBL360,CHEMBL3073615
CHEMBL1425822,CCC1(C)Cc2ccccc2-c2nc(NCCO)nc(O)c21,4.518966175182912,0.0429105875808737,2,CHEMBL4105939,CHEMBL4649965
CHEMBL1376622,CCC(C)n1c(NC(=O)c2ccccc2)c(C#N)c2nc3ccccc3nc21,6.060480747381382,0.0,1,CHEMBL3988585,CHEMBL3887425
CHEMBL3628525,CCN1CCN(CCCOc2ccc(Nc3c(C(=O)O)cnc4ccc(C(F)(F)F)cc34)cc2)CC1,5.450996737974212,0.0,1,CHEMBL3430898,CHEMBL3630322
CHEMBL203309,C=C/C=C/C1(C)SC(=O)C(C)=C1O,4.0,1.204119982655925,2,CHEMBL4543,CHEMBL863390
CHEMBL464006,CC(C)=CCc1c(-c2ccc(O)cc2O)oc2c3c(cc(O)c2c1=O)OC(C)(C)C=C3,5.280000380871156,0.0535327912637857,3,CHEMBL4542,CHEMBL4253917
CHEMBL3741244,COc1cnc2ccc(=O)n(CCN3CCN(C(=S)Nc4ccc(F)cc4)CC3)c2c1,4.8338660296948905,0.0,1,CHEMBL3430898,CHEMBL3745429
CHEMBL2407188,O=C(c1ccccc1Cc1cccs1)N(O)CCC(c1ccc(Cl)c(Cl)c1)P(=O)(O)O,5.154901959985743,0.0,1,CHEMBL5630,CHEMBL2412049
CHEMBL5624848,Cc1cncc(CNC(=O)NC2CCN(c3ncccn3)CC2)c1,5.0,0.0,1,CHEMBL1849,CHEMBL5623729
CHEMBL4471399,COc1ccc(C(=O)CN2C(=O)NC(C)(c3ccc(S(N)(=O)=O)cc3)C2=O)cc1,6.499996931948306,0.0,1,CHEMBL3804751,CHEMBL4406692
CHEMBL3627727,CCOC(=O)c1cnc2ccccc2c1Nc1ccc(OCCCN2CCOCC2)cc1,5.123205023799299,0.0,1,CHEMBL3430898,CHEMBL3630322
CHEMBL3752880,CC(=O)c1c(C(F)(F)F)[n+]([O-])c2cc(F)c(N3CCC(N4CCOCC4)CC3)cc2[n+]1[O-],5.3979400086720375,0.0,1,CHEMBL360,CHEMBL3796292
CHEMBL69109,N#C/C(=C\c1c[nH]c2ccccc12)c1nc2ccccc2s1,4.421246215573565,0.0,1,CHEMBL2259247,CHEMBL4178649
CHEMBL4250651,CNc1cc(F)cc2c1[nH]c1nc(CNC(=O)c3cnco3)nc(N3CCC(N)C3)c12,7.614573994178928,0.7708520116421447,2,CHEMBL3430898,CHEMBL4236324
CHEMBL5430244,Cc1cc(Nc2ccc(-n3cccn3)cc2)c2cc(Br)ccc2n1,5.314258261397736,0.0,1,CHEMBL1849,CHEMBL5387352
CHEMBL3115199,O=P(O)(O)C[C@H]1O[C@H](CO)[C@@H](O[C@H]2O[C@H](CO)[C@@H](O)[C@H](O)[C@H]2O)[C@H](O)[C@H]1O,3.638272163982407,0.0,1,CHEMBL3112377,CHEMBL3116522
CHEMBL540477,Cc1cc(Cl)ccc1OCC(=O)Nc1cccc([N+](=O)[O-])c1C,5.459670525209126,0.0,1,CHEMBL1849,CHEMBL1059058
CHEMBL3479273,Cc1ccc(-c2cc(C(=O)NCCCc3csc(N)n3)[nH]n2)s1,4.901861508660538,0.2623396092160162,2,CHEMBL4105939,CHEMBL4649965
CHEMBL3125271,CCNC(=O)[C@@H]1C[C@@H](NC(=O)c2cc(CC)nn2C)CN1C(=O)c1ccc2occc2c1,7.130768280269024,0.0,1,CHEMBL1849,CHEMBL3132000
CHEMBL4204623,N#C/C(=C\c1ccccc1OCC(=O)O)c1nc2ccccc2s1,4.2693792021127175,0.0,1,CHEMBL2259247,CHEMBL4178649
CHEMBL4572822,CCOC(=O)C1=C(C)Oc2nc(C)n(Cc3cn([C@@H]4O[C@H](COC(C)=O)[C@@H](OC(C)=O)[C@H](OC(C)=O)[C@H]4OC(C)=O)nn3)c(=O)c2C1c1ccccc1,4.327625021253921,0.0,1,CHEMBL4295521,CHEMBL4372872
CHEMBL4553032,CC1(c2ccc(N3CCCOC3=O)cc2)NC(=O)N(CC(=O)c2ccc(F)cc2F)C1=O,5.200000237109354,0.0,1,CHEMBL3804751,CHEMBL4406692
CHEMBL1926717,CCOC(=O)Nc1cc(NCCCCN(CC)CC)c2nc(-c3ccco3)c(-c3ccco3)nc2n1,4.785156151952302,0.0,1,CHEMBL4213,CHEMBL1931925
CHEMBL3891456,CN(c1ccccc1)S(=O)(=O)c1ccc2[nH]c(=O)c(=O)[nH]c2c1,5.236572006437063,0.0,1,CHEMBL3879870,CHEMBL5732838
CHEMBL5188119,CCCCCCOc1nn(-c2ccccc2)c(=O)o1,0.2291479883578557,0.0,1,CHEMBL360,CHEMBL5113643
CHEMBL240317,O=C(c1ccccc1)N1CCN(Cc2ccccc2)CC1,4.500844699769647,0.0016894928815034,2,CHEMBL360,CHEMBL3073615
CHEMBL5433778,O=C(O)C1CSc2c(C3CC3)c(-c3cc(-c4cccc5ccccc45)no3)cc(=O)n21,5.730487055782084,0.0,1,CHEMBL360,CHEMBL5363916
CHEMBL550610,CCN(CC)c1ccc(/C=C2/SC(N3CCCCC3)=NC2=O)cc1,5.209714835966758,0.0,1,CHEMBL1849,CHEMBL1059058
CHEMBL3464422,O=C(Nc1cc(CSCCO)ccn1)c1ccc(Cl)o1,4.008476977286314,0.0,1,CHEMBL4105939,CHEMBL4649965
CHEMBL4063356,CCOC(=O)c1c(-c2ccccc2)oc2ccc(O)c(CN3CCC(C)CC3)c12,6.585026652029182,0.0,2,CHEMBL4105939,CHEMBL4028447
CHEMBL1911295,CO[C@H]1/C=C/O[C@@]2(C)Oc3c(C)c(NC4CCCCCC4)c4c(c3C2=O)C(=O)C=C(NC(=O)/C(C)=C\C=C\[C@H](C)[C@H](O)[C@@H](C)[C@@H](O)[C@@H](C)[C@H](OC(C)=O)[C@@H]1C)C4=O,4.8124792791635365,0.0,1,CHEMBL2006,CHEMBL1914226
CHEMBL3488112,Cc1noc(NC(=O)c2ccccc2)n1,4.30424874680487,0.2018037682644839,2,CHEMBL360,CHEMBL4649971
CHEMBL489785,Cc1nn2c(=O)cc(CSc3nnnn3-c3ccccc3)[nH]c2c1-c1ccc(Cl)cc1,4.258848401148215,0.0,1,CHEMBL5091,CHEMBL989742
CHEMBL3628521,O=C(O)c1cnc2ccc(C(F)(F)F)cc2c1Nc1ccc(NCCCN2CCOCC2)cc1,5.423658649794207,0.0,1,CHEMBL3430898,CHEMBL3630322
CHEMBL771,N[C@@H]1CONC1=O,4.904133546521457,0.2221968814842192,6,CHEMBL360,CHEMBL3119863
CHEMBL8,O=C(O)c1cn(C2CC2)c2cc(N3CCNCC3)c(F)cc2c1=O,5.7447274948966935,1.798483754082591,5,CHEMBL360,CHEMBL1921196
CHEMBL3088171,COC(=O)c1cnc2ccc(C#N)cc2c1NCCCc1ccccc1,7.698970004336019,0.0,1,CHEMBL1849,CHEMBL3089491
CHEMBL1501743,N=C1/C(=C\c2ccc(-c3cccc(C(=O)O)c3)o2)C(=O)N=C2SC=C(c3ccccc3)N12,3.888401475119606,0.0,1,CHEMBL1293297,CHEMBL1614471
CHEMBL3446655,c1ccc(CCN2CCCC2c2cccc(Nc3nccs3)n2)cc1,4.487227921941505,0.1548608690410358,2,CHEMBL360,CHEMBL4649971
CHEMBL4642395,O=C(O)C(=O)Nc1ccc(-c2ccccc2)cc1,6.176525770829699,0.0,2,CHEMBL4295521,CHEMBL4626292
CHEMBL4519851,CC1(c2ccc(S(N)(=O)=O)cc2)NC(=O)N(CC(=O)c2cccc([N+](=O)[O-])c2)C1=O,6.199998172182031,0.0,1,CHEMBL3804751,CHEMBL4406692
CHEMBL1914620,CCCCCCCCCCCCN1C(=O)c2cnccc2C1(O)c1ccccc1,5.346787486224656,0.0,1,CHEMBL360,CHEMBL1919492
CHEMBL5417363,CCNc1cccc(Nc2c(CC)cc(C(=O)NC)cc2CC)n1,5.481486060122113,0.0,1,CHEMBL5465373,CHEMBL5363736
CHEMBL429994,O=C(c1ccc(Cl)c(Cl)c1)N1CCN(c2cccc(Cl)c2)CC1,5.21912216350548,0.0017550763158977,2,CHEMBL360,CHEMBL3073615
CHEMBL4640123,COC(=O)c1cc(C#Cc2cccc(NC(=O)C(=O)O)c2)c(N(C)C)cc1O,7.244125144327507,0.0,2,CHEMBL4295521,CHEMBL4626292
CHEMBL572309,OC[C@H]1O[C@@H](n2ccc3c(-c4ccco4)ncnc32)[C@H](O)[C@@H]1O,6.494850021680094,0.0,1,CHEMBL4105883,CHEMBL3135672
CHEMBL553206,Cc1ccc(-c2ccc(COc3c4cc(CCNC(=N)N)cc3Cc3cc(CCNC(=N)N)cc(c3O)Cc3cc(CCNC(=N)N)cc(c3OCc3ccc(-c5ccc(C)cn5)nc3)Cc3cc(CCNC(=N)N)cc(c3O)C4)cn2)nc1.O=C(O)C(F)(F)F,7.150514997831991,0.3010299956639812,2,CHEMBL360,CHEMBL1959145
CHEMBL3115421,Clc1ccc2nc3c(c(-c4ccccc4)c2c1)CCC3,4.134244775928549,0.0,1,CHEMBL360,CHEMBL3119863
CHEMBL1915694,C[C@H]1COc2c(N3CCN(C)CC3)c(F)cc3c(=O)c(C(=O)NCCCCCCCCCNC(=O)c4cn5c6c(c(N7CCN(C)CC7)c(F)cc6c4=O)OC[C@@H]5C)cn1c23,5.6020599913279625,0.0,1,CHEMBL360,CHEMBL1921196
CHEMBL1399123,CCS(=O)(=O)Nc1ccccc1C(N)=O,5.588548657862063,0.0,1,CHEMBL1287620,CHEMBL2354305
CHEMBL3310301,Cc1nc2ccccn2c1C(=O)NNC(=O)c1cc([N+](=O)[O-])cc([N+](=O)[O-])c1,5.188424994129407,0.0,1,CHEMBL6069,CHEMBL3365136
CHEMBL5394436,CCCN(C)c1ccc(CN2CCC(COc3ccc4ccccc4c3)CC2)cc1,4.6777807052660805,0.0,1,CHEMBL4879548,CHEMBL5347778
CHEMBL505602,COc1ccc(-c2cc(=O)n3nc(C)c(-c4ccc(OC)cc4)c3[nH]2)cc1,4.372634143407267,0.0,1,CHEMBL5091,CHEMBL989742
CHEMBL390336,CCOP(=O)(O)CCCCN1C(=O)c2ccccc2C1=O,3.958607314841775,0.0,1,CHEMBL4624,CHEMBL915964
CHEMBL2259937,c1ccc2c(c1)SCCc1c-2n(CCCCCCN2CCCCC2)c2ccccc12,4.8696662315049934,0.0,1,CHEMBL2259249,CHEMBL3055275
CHEMBL3099425,COc1ccc(-c2cnnc(N3CCC(c4cccc(Cl)c4)C3)n2)cc1OC,4.274088367704952,0.0,1,CHEMBL3137292,CHEMBL3101912
CHEMBL227627,CCCCNNC(=O)c1cc(C23CC4CC(CC(C4)C2)C3)c2ccccc2n1,4.869999962200743,0.0,1,CHEMBL360,CHEMBL914626
CHEMBL3955935,O=[N+]([O-])c1ccc(S(=O)(=O)Nc2ccc(-c3nc4cc(NS(=O)(=O)c5ccc([N+](=O)[O-])cc5)ccc4o3)cc2)cc1,5.207608310501746,0.0,1,CHEMBL4295521,CHEMBL4388634
CHEMBL4453781,CC1(c2ccc(S(N)(=O)=O)cc2)NC(=O)N(CC(=O)c2nc3ccccc3s2)C1=O,6.699991797446187,0.0,1,CHEMBL3804751,CHEMBL4406692
CHEMBL1946282,COc1cc(/C=C/C(=O)c2ccc(Br)cc2)ccc1OCc1ccccc1,3.519993057042849,0.0,1,CHEMBL4542,CHEMBL1948973
CHEMBL3487052,NC(=O)CSc1nccc(-c2ccc3c(c2)OCO3)n1,4.711502882105026,0.0230831116266152,2,CHEMBL4105939,CHEMBL4649965
CHEMBL3290337,N#Cc1ccc2ccc(=O)n(CCN3CCC(NCc4ccc5c(n4)NC(=O)CO5)CC3)c2c1,6.958607314841775,0.0,1,CHEMBL3430898,CHEMBL3294030
CHEMBL3765025,COc1cc(/C=N\Nc2nc(-c3ccc([N+](=O)[O-])cc3)cs2)cc([N+](=O)[O-])c1O,4.686259291594232,0.0,1,CHEMBL360,CHEMBL3769289
CHEMBL4212874,O=C(O)c1noc(-c2ccccc2)c1-c1cccc(-c2ccc(O)cc2)c1,5.552841968657781,0.0,1,CHEMBL4295521,CHEMBL4201103
CHEMBL227446,O=C(N/N=C/c1c(F)c(F)c(F)c(F)c1F)c1cc(C23CC4CC(CC(C4)C2)C3)c2ccccc2n1,4.180000031556896,0.0,1,CHEMBL360,CHEMBL914626
CHEMBL2024344,CC(C)(COP(=O)(O)OP(=O)(O)OC[C@H]1O[C@@H](n2cnc3c(N)ncnc32)[C@H](O)[C@@H]1OP(=O)(O)O)[C@@H](O)C(=O)NCCC(=O)NCCSC(CC(=O)c1ccc(Cl)cc1Cl)C(=O)O,6.97469413473523,0.0,1,CHEMBL1275214,CHEMBL2027819
CHEMBL3497662,CN(C)[C@@H]1CN(Cc2ccccc2O)C[C@H]1c1cn(C)c2ccccc12.Cl,4.547837287822905,0.0,1,CHEMBL360,CHEMBL4649971
CHEMBL3492092,CCOc1cc(/C=C/c2ncc(C(=O)O)s2)cc(Br)c1O,4.615191021801806,0.0,1,CHEMBL4105939,CHEMBL4649965
CHEMBL4173177,CC(=O)N[C@@H](Cc1ccccc1)C(=O)NCC(=O)N1C[C@@H](NC(=N)N)C[C@H]1C(=O)N[C@@H](CCCCN)C(=O)N[C@@H](CCCCN)C(=O)N[C@@H](CCCNC(=N)N)C(=O)N1C[C@@H](NC(=N)N)C[C@H]1C(=O)N[C@@H](CCC(N)=O)C(=O)N[C@@H](CCCNC(=N)N)C(=O)N[C@@H](CCCNC(=N)N)C(=O)N1C[C@@H](NC(=N)N)C[C@H]1C(=O)NCCC(N)=O,6.090228032229065,1.3263358609287517,4,CHEMBL360,CHEMBL4154576
CHEMBL4567422,O=S(=O)(Nc1ccc(-c2nc3ccccc3o2)cc1)c1cccc(O)c1,4.102372908709558,0.0,1,CHEMBL4295521,CHEMBL4388634
CHEMBL4565368,O=S(=O)(Nc1ccc2oc(-c3ccccc3)nc2c1)c1ccc(Cl)c(Cl)c1,4.481486060122113,0.0,1,CHEMBL4295521,CHEMBL4388634
CHEMBL48931,O=S(=O)(Nc1ccc(Nc2c3ccccc3nc3ccccc23)cc1)c1ccccc1,4.82102305270683,0.0,1,CHEMBL3430898,CHEMBL3758003
CHEMBL4443020,O=C(O)c1ccc(COc2ccccc2)cc1,3.354577730650908,0.0,1,CHEMBL6065,CHEMBL4625598
CHEMBL261734,CC(C)(C)C1CCc2onc(C(=O)Nc3cnn(Cc4ccc(C(=O)NCc5ccccc5)cc4)c3)c2C1,6.6777807052660805,0.0,1,CHEMBL6069,CHEMBL935788
CHEMBL1108,O=C(CCCN1CC=C(n2c(=O)[nH]c3ccccc32)CC1)c1ccc(F)cc1,4.913640169325252,0.0,1,CHEMBL3879870,CHEMBL5108515
CHEMBL5070158,CNC(=O)c1c(-c2ccc(O)cc2)oc2ccc(O)c(CN3CCCC3)c12,6.481486060122113,0.0,1,CHEMBL4105939,CHEMBL5038057
CHEMBL1517746,CCOC(=O)c1c(NC(=O)c2ccco2)n(C2CCCCC2)c2nc3ccccc3nc12,5.778064400171995,0.0,1,CHEMBL1287620,CHEMBL2354305
CHEMBL462376,CC(=O)Nc1ccc(S(=O)(=O)c2cc(O)ccc2O)cc1,7.503070351926785,0.0,1,CHEMBL3640,CHEMBL1010089
CHEMBL312123,Nc1ccc(SSCCNC(=O)/C(Cc2ccc(O)c(Cl)c2)=N\O)cc1,4.455931955649724,0.0,1,CHEMBL3703,CHEMBL752054
CHEMBL4176697,O=S(=O)(Nc1ccc2oc(-c3ccc(NS(=O)(=O)c4ccc(Cl)s4)cc3)nc2c1)c1cccc(C(F)(F)F)c1,5.1487416512809245,0.0,1,CHEMBL4295521,CHEMBL4388634
CHEMBL5403671,CCOc1ccc2nc(C)cc(Nc3ccc(N4CCCCC4)cc3)c2c1,5.022276394711152,0.0,1,CHEMBL1849,CHEMBL5387352
CHEMBL3628520,O=C(O)c1cnc2ccc(F)cc2c1Nc1ccc(NCCCN2CCOCC2)cc1,5.35261702988538,0.0,1,CHEMBL3430898,CHEMBL3630322
CHEMBL1916867,CSC(=S)N/N=C/c1ccccc1O,5.610924374808178,0.1760912590556813,2,CHEMBL360,CHEMBL1918205
CHEMBL3918842,Cc1ccc(NC(=O)C2CCN(S(=O)(=O)c3cn(C(C)C)cn3)CC2)cc1F,5.54515513999149,0.0,1,CHEMBL3988585,CHEMBL3887425
CHEMBL3237094,COc1cc(/C=C/C(=O)N(/N=N/c2ccc([N+](=O)[O-])cc2Cl)c2ccc([N+](=O)[O-])cc2Cl)ccc1OC(C)=O,5.772113295386326,0.0,1,CHEMBL360,CHEMBL3239483
CHEMBL5394169,COc1ccc(-c2noc(C(=O)NCCc3ccc(C(=O)N4CCC4)cc3)n2)cc1OC,6.522878745280337,0.0,1,CHEMBL4105939,CHEMBL5375438
CHEMBL3885251,O=C1C(=O)N(CCN2CCN(NCc3ccccc3OCc3ccccc3)CC2)c2ccc(Cl)cc21,5.42021640338319,0.0,1,CHEMBL3430898,CHEMBL3875318
CHEMBL1163057,Nc1ncnc2c1ncn2[C@@H]1O[C@H](COS(=O)(=O)NC(=O)[C@@H](N)CC(=O)O)[C@@H](O)[C@H]1O,2.920818753952376,0.0,1,CHEMBL1744527,CHEMBL1763891
CHEMBL4097736,Cl.NC[C@@H]1OB(O)c2c(OCCO)ccc(Br)c21,4.847711655616943,0.0,1,CHEMBL4105844,CHEMBL4020311
CHEMBL377300,Cc1cc2c(F)c(Oc3ncnn4cc(OC[C@@H](C)O)c(C)c34)ccc2[nH]1,4.888667771641156,0.5449662752431754,2,CHEMBL4662931,CHEMBL5379299
CHEMBL4639355,COC(=O)c1cccc(-n2cc(COc3ccccc3)nn2)c1,4.091514981121351,0.0,1,CHEMBL6065,CHEMBL4625598
CHEMBL3466151,COc1ccccc1N1CCC(CNS(=O)(=O)c2cccs2)C1,5.166952883885559,0.3571269978433111,2,CHEMBL4105939,CHEMBL4649965
CHEMBL3884003,Cc1ccc2c(c1)C(=O)C(=O)N2CCN1CCN(NCc2cccc(Cl)c2Cl)CC1,4.3655227298392685,0.0,1,CHEMBL3430898,CHEMBL3875318
CHEMBL553858,COC(=O)[C@H](CCCNC(=O)OCc1ccccc1)NC(=O)c1cc(C23CC4CC(CC(C4)C2)C3)c2ccccc2n1,5.229999745811777,0.0,1,CHEMBL360,CHEMBL1030449
CHEMBL4647032,COC(=O)c1cc(C#Cc2ccc(NC(=O)C(=O)O)cc2)ccc1O,7.602059991327962,0.0,2,CHEMBL4295521,CHEMBL4626292
CHEMBL4444662,Cc1ccc(CCn2ccn3cc([N+](=O)[O-])nc3c2=O)cc1,5.3979400086720375,0.0,1,CHEMBL360,CHEMBL4384231
CHEMBL216887,Cc1ccc(C)c(NC(=O)C2CC(=O)N(C3CCCCC3)C2)c1,4.997833938243493,0.0,1,CHEMBL1849,CHEMBL907779
CHEMBL4461948,O=C(CCCN1CCC(O)(c2ccc(F)cc2)CC1)c1ccc(F)cc1,6.119186407719209,0.0,1,CHEMBL3879870,CHEMBL5108515
CHEMBL261521,CC(C)Cc1ccc(Oc2ccc(Cl)cc2Cl)c(O)c1,7.017728766960431,0.0,1,CHEMBL360,CHEMBL1228528
CHEMBL1388022,COc1ccccc1-c1c(C)oc2cc(OC(=O)c3ccco3)ccc2c1=O,5.808269606637143,0.0,1,CHEMBL1287620,CHEMBL2354305
CHEMBL1926721,CCOC(=O)Nc1cc(NCCN(C)C)c2nc(-c3ccccc3)c(-c3ccccc3)nc2n1,4.262807357295262,0.0,1,CHEMBL4213,CHEMBL1931925
CHEMBL3290336,COc1ccc2ccc(=O)n(CCN3CCC(NCc4ccc5c(n4)NC(=O)CO5)CC3)c2n1,6.823908740944319,0.0,1,CHEMBL3430898,CHEMBL3294030
CHEMBL1770734,NCc1nc2ccccc2s1,3.517269299920057,0.1665677725108092,3,CHEMBL360,CHEMBL3582754
CHEMBL4062832,Cl.NC[C@H]1OB(O)c2c(OCCCO)ccc(Cl)c21,6.327902142064283,0.0,1,CHEMBL4105844,CHEMBL4020311
CHEMBL3637799,CN(Cc1ccc(Cl)cc1)C(=O)CCc1nc2ccccc2oc1=O,5.40000018605658,0.0,1,CHEMBL613086,CHEMBL3637832
CHEMBL1732897,O=C(NCCCN1CCOCC1)c1ccc2c(c1)N(Cc1cccc(Cl)c1)C(=O)c1ccccc1S2,3.096910013008056,0.0,1,CHEMBL1744527,CHEMBL1798854
CHEMBL388196,O=C(N/N=C/c1ccccc1)c1cc(C23CC4CC(CC(C4)C2)C3)c2ccccc2n1,7.110026361596004,0.0,1,CHEMBL360,CHEMBL914626
CHEMBL377236,COC(=O)/C1=C/c2c([nH]c3ccccc23)/C(C(=O)OC)=C\c2c1[nH]c1ccccc21,6.619788758288394,0.0,1,CHEMBL360,CHEMBL4400901
CHEMBL214484,Cc1cccc(NC(=O)C2CC(=O)N(C3CCCCC3)C2)c1,4.774949303861951,0.0,1,CHEMBL1849,CHEMBL907779
CHEMBL1934962,Oc1ccc(-c2cc(-c3cn(-c4ccccc4)nc3-c3ccc(F)cc3)[nH]c(=S)n2)cc1,4.159821461270554,0.0003570409478204,2,CHEMBL360,CHEMBL1936053
CHEMBL2017724,Fc1cccc(CCNc2nccc(Nc3cc(C4CC4)[nH]n3)n2)c1,7.130768280269024,0.0,1,CHEMBL1908385,CHEMBL2020901
CHEMBL5414248,COc1ccc(-c2noc(C(=O)NCCc3ccc(C(=O)N4CC(F)(F)C4)cc3)n2)cc1OC,6.3979400086720375,0.0,1,CHEMBL4105939,CHEMBL5375438
CHEMBL5431462,Clc1ccc(COc2ccccc2CNCc2ccccc2)cc1,5.267606240177032,0.0,1,CHEMBL3879870,CHEMBL5347210
CHEMBL3342260,COc1ccc(C(CCC(=O)N(C)O)P(=O)(O)O)cc1OC,4.537602002101044,0.0,1,CHEMBL5630,CHEMBL3386562
CHEMBL1429930,Cc1c(C(=O)Nc2ccc(Cl)cc2)c2ccccn2c1CCc1ccncc1,6.329410930106312,0.0,1,CHEMBL1287620,CHEMBL2354305
CHEMBL5086050,CNC(=O)c1c(-c2ccc(O)cc2)oc2ccc(O)c(CN3CC4(CCO4)C3)c12,5.782516055786093,0.0,1,CHEMBL4105939,CHEMBL5038057
CHEMBL227433,O=C(NNCCc1ccccc1)c1cc(C23CC4CC(CC(C4)C2)C3)c2ccccc2n1,5.100000128334196,0.0,1,CHEMBL360,CHEMBL914626
CHEMBL459510,O=[N+]([O-])c1ccc2c(/N=N/c3ccc4ccccc4c3O)c(O)cc(S(=O)(=O)O)c2c1,5.0,0.0,1,CHEMBL6086,CHEMBL1034865
CHEMBL3403275,COc1ccc2nc(C)cc(N3CCC(NC(=S)Nc4ccc([N+](=O)[O-])cc4)CC3)c2c1,6.055517327849832,0.0,1,CHEMBL3430898,CHEMBL3405737
CHEMBL3612953,Cc1ccn2nc(C)c(C(=O)NCc3ccc(N4CCN(c5ccc(F)cc5)CC4)cc3)c2c1,8.602059991327963,0.0,1,CHEMBL360,CHEMBL3616315
CHEMBL4087629,Cl.NCC1OB(O)c2c(Oc3ccc(Br)cc3)ccc(Br)c21,6.161150909262744,0.0,1,CHEMBL4105844,CHEMBL4020311
CHEMBL1417696,CCCCn1c(=O)[nH]c(=O)c2c(C(=O)OCC)cc(-c3cccs3)nc21,6.235345734229616,0.0,1,CHEMBL1287620,CHEMBL2354305
CHEMBL4290873,Cc1c(CN2CCOCC2)cc(-c2ccc(C(C)C)cc2)n1C1CC1,6.698970004336019,0.0,1,CHEMBL360,CHEMBL4255037
CHEMBL49272,O=C(Nc1ccccc1)Nc1ccc(Nc2c3ccccc3nc3ccccc23)cc1,4.486782399932061,0.0,1,CHEMBL3430898,CHEMBL3758003
CHEMBL261486,CC(C)(C)C1CCc2onc(C(=O)Nc3cnn(Cc4ccc(F)cc4F)c3)c2C1,6.886056647693163,0.0,1,CHEMBL6069,CHEMBL935788
CHEMBL550010,COC(=O)[C@H](Cc1ccccc1)NC(=O)c1cc(C23CC4CC(CC(C4)C2)C3)c2ccccc2n1,5.049999969853415,0.0,1,CHEMBL360,CHEMBL1030449
CHEMBL4521503,COc1ccccc1/C=C1/SC(=S)N(CC(=O)c2ccccc2)C1=O,4.55129368009492,0.0,1,CHEMBL1849,CHEMBL4481956
CHEMBL2017871,CN(C)[C@@H]1CCN(c2cc(Nc3cc(C(F)(F)F)ccn3)nc(-c3cccc(C#N)c3)n2)C1,7.397940008672037,0.0,1,CHEMBL1908385,CHEMBL2020901
CHEMBL3446557,CN[C@@H]1CCC[C@@H](Oc2ccccc2Oc2ccc(C)cc2)[C@@H]1O,4.176884019180227,0.2541655359492685,2,CHEMBL360,CHEMBL4649971
CHEMBL3235985,CC(=O)c1cc(C)c(O)c(Cc2c(O)cc(-c3ccc(O)c(O)c3)oc2=O)c1O,6.795880017344075,0.0,1,CHEMBL4295521,CHEMBL4400921
CHEMBL3459557,Cc1cc(S(=O)(=O)Nc2cccc(I)c2)sc1C(=O)O,5.017497406338206,0.3942259165646042,2,CHEMBL4105939,CHEMBL4649965
CHEMBL3884553,Cc1ccc(NC(=S)N2CCN(c3nc(=O)c4cc(Cl)ccc4s3)CC2)cc1,4.937042165915489,0.0,1,CHEMBL3430898,CHEMBL3875318
CHEMBL1486536,Oc1cc(-c2ccccc2)nc2c(-c3ccccc3)c(C(F)(F)F)nn12,4.638272163982407,0.0,1,CHEMBL5091,CHEMBL989742
CHEMBL2024253,C[C@H](NC(CC(=O)c1ccccc1)C(=O)O)c1ccccc1,4.278189384787454,0.0,1,CHEMBL1275214,CHEMBL2027818
CHEMBL239457,Cc1ccc(C(=O)N2CCN(c3ccccc3)CC2)cc1,4.7794233269113935,0.0011532977321975,2,CHEMBL360,CHEMBL3073615
CHEMBL3403287,Cc1ccc(NC(=S)NC2CCN(c3cc(C)nc4ccc(C(F)(F)F)cc34)CC2)cc1,5.292429823902063,0.0,1,CHEMBL3430898,CHEMBL3405737
CHEMBL4169499,O=S(=O)(Nc1ccc2oc(-c3ccc(NS(=O)(=O)c4ccc(Cl)s4)cc3)nc2c1)c1ccc(Cl)c(C(F)(F)F)c1,5.42021640338319,0.0,1,CHEMBL4295521,CHEMBL4388634
CHEMBL238766,O=C(N[C@H]1[C@H](O)[C@@H](O)[C@H](CO)O[C@H]1SC1CCCCC1)c1ccc(-c2ccc(Cl)cc2)o1,4.818194010053928,0.6734158998636302,2,CHEMBL6067,CHEMBL902566
CHEMBL4437169,O=S(=O)(Nc1ccc2oc(-c3ccc(NS(=O)(=O)c4ccc(Cl)s4)cc3)nc2c1)c1ccccc1,5.055517327849832,0.0,1,CHEMBL4295521,CHEMBL4388634
CHEMBL3393963,O=C(c1cccc(F)c1)N1CCN(C2c3ccccc3-c3ccccc32)CC1,6.619788758288394,0.0,1,CHEMBL1849,CHEMBL3395431
CHEMBL1432590,O=C(O)c1cccc(Nc2cc(Cl)c3nonc3c2[N+](=O)[O-])c1,3.8835250880916687,0.0,1,CHEMBL1293297,CHEMBL1614471
CHEMBL1393131,O=C(O)c1cc(-c2ccco2)nc2ccc(Br)cc12,4.086928259690749,0.0,1,CHEMBL1293297,CHEMBL1614471
CHEMBL4740019,COC(=O)CCc1cc(C(F)(F)F)cc2c(=O)nc(N3CCN(CC4CCCCC4)CC3)sc12,5.267606240177032,0.0,1,CHEMBL3804751,CHEMBL4710418
CHEMBL3394248,CC(C)CCOc1cccc(-c2cc([S+](C)[O-])c(C#N)c(=O)[nH]2)c1,6.481486060122113,0.0,1,CHEMBL2361,CHEMBL3396196
CHEMBL3099410,Nc1ccc(-c2cnnc(N3CCC(c4cccc(Cl)c4)C3)n2)cc1,4.055024091587952,0.0,1,CHEMBL3137292,CHEMBL3101912
CHEMBL4468599,CC1(c2ccc(S(N)(=O)=O)cc2)NC(=O)N(CC(=O)c2cccc(OC(F)(F)F)c2)C1=O,7.100015437450609,0.0,1,CHEMBL3804751,CHEMBL4406692
CHEMBL3439283,Cc1cc(=O)[nH]c(-n2nc(C3CC3)cc2N)n1,4.561189879296866,0.0,1,CHEMBL360,CHEMBL4649971
CHEMBL4213200,COc1ccc(/C=C(\C#N)c2nc3ccccc3s2)cc1OC,4.211760902617832,0.0,1,CHEMBL2259247,CHEMBL4178649
CHEMBL1490108,CCn1nc2cc(C(=O)NCC34CC5CC(CC(C5)C3)C4)ccc2c1OC,5.711750774428014,0.0,1,CHEMBL1287620,CHEMBL2354305
CHEMBL3394246,C[S+]([O-])c1cc(-c2cccc(Br)c2)[nH]c(=O)c1C#N,6.853871964321762,0.0,1,CHEMBL2361,CHEMBL3396196
CHEMBL3403252,COc1ccc2nc(C)cc(N3CCC(NC(=O)Nc4ccc(C)cc4)CC3)c2c1,5.06398920428479,0.0,1,CHEMBL3430898,CHEMBL3405737
CHEMBL4238919,CNc1cc(F)cc2c1[nH]c1nc(CNC(=O)c3cocn3)nc(N3CCC(N)C3)c12,7.951544993495972,0.6989700043360187,2,CHEMBL3430898,CHEMBL4236324
CHEMBL214920,CC(C)CCOc1ccc(NC(=S)Nc2ccc(OCCC(C)C)cc2)cc1,7.657577319177793,0.0,1,CHEMBL1795156,CHEMBL1819921
CHEMBL3754757,S=C(Nc1ccccc1)Nc1ccc(Nc2c3ccccc3nc3ccccc23)cc1,5.086186147616283,0.0,1,CHEMBL3430898,CHEMBL3758003
CHEMBL241784,Cc1cc(O)c2c(c1F)C(=O)C=CC2=O,4.4999932038589305,7.238386407720556,2,CHEMBL360,CHEMBL3077583
CHEMBL3331277,Cc1nc2ccccc2c(=O)n1CC(=O)Nc1ccccc1,5.049635145623877,0.0,1,CHEMBL1849,CHEMBL3385192
CHEMBL4531228,O=S(=O)(Nc1ccc2oc(-c3ccc(NS(=O)(=O)c4ccc(Cl)s4)cc3)nc2c1)c1ccc(F)c(C(F)(F)F)c1,5.2441251443275085,0.0,1,CHEMBL4295521,CHEMBL4388634
CHEMBL2007178,O=C(O)c1ccc(-n2cccc2/C=N\NC(=O)c2cc3cc(Br)ccc3o2)cc1,4.180192935409244,0.0,1,CHEMBL1293297,CHEMBL1614471
CHEMBL491399,Cc1cc(=O)n2nc(C(F)(F)F)c(-c3ccc(Cl)cc3)c2[nH]1,4.007004901568658,0.0,1,CHEMBL5091,CHEMBL989742
CHEMBL400074,CC1(C)CC[C@]2(CO)CC[C@]3(C)C(=CC[C@@H]4[C@@]5(C)CC[C@H](O)C(C)(C)[C@@H]5CC[C@]43C)[C@@H]2C1,3.804100347590766,0.0,1,CHEMBL360,CHEMBL3750542
CHEMBL1571258,O=C1NC(=O)C(=Cc2ccc(Sc3ccccc3)o2)C(=O)N1,3.4330913447731963,0.0,1,CHEMBL1293297,CHEMBL1614471
CHEMBL388197,COc1ccc2ccccc2c1/C=N/NC(=O)c1cc(C23CC4CC(CC(C4)C2)C3)c2ccccc2n1,5.239999952707271,0.0,1,CHEMBL360,CHEMBL914626
CHEMBL3488763,Cn1ccnc1C(NCc1ccc(Br)cc1)c1ccccc1,4.752455105212523,0.0,1,CHEMBL360,CHEMBL4649971
CHEMBL4446756,O=S(=O)(Nc1ccc(-c2nc3ccccc3o2)cc1)c1ccccc1Cl,4.327902142064283,0.0,1,CHEMBL4295521,CHEMBL4388634
CHEMBL1934938,O=C(/C=C/c1cn(-c2ccccc2)nc1-c1ccc(F)cc1)c1ccc(Br)cc1,5.01005276723816,0.0001053380861328,2,CHEMBL360,CHEMBL1936053
CHEMBL2407194,O=C(c1ccc(Cn2cncn2)cc1)N(O)CCC(c1ccc(Cl)c(Cl)c1)P(=O)(O)O,5.920818753952375,0.0,1,CHEMBL5630,CHEMBL2412049
CHEMBL1269408,COC(=O)/C=C1\Nc2cc(Cl)ccc2OC1=O,4.334419008982047,0.0,1,CHEMBL1275214,CHEMBL1274290
CHEMBL4103590,Cc1nc(-c2ccc(F)cc2)oc1-c1csc(Cc2cccc(Cl)c2)n1,6.54098483160756,0.1945746647496946,2,CHEMBL360,CHEMBL4026075
CHEMBL1934929,Nc1nc(-c2ccc(Cl)cc2)cc(-c2cn(-c3ccccc3)nc2-c2ccc(F)cc2)n1,4.020066535539088,0.0001330837920185,2,CHEMBL360,CHEMBL1936053
CHEMBL5414777,O=C(O)C1CSc2c(C3CC3)c(-c3cc(-c4cccc(C(F)(F)F)c4)no3)cc(=O)n21,5.517126416391246,0.0,1,CHEMBL360,CHEMBL5363916
CHEMBL4800067,CN1C[C@@H](c2ccccc2)[C@@]2(CSc3ccccc3C2=O)C12C(=O)c1ccccc1C2=O,4.81901441921327,0.0,1,CHEMBL360,CHEMBL4719106
CHEMBL3125241,CCc1cc(C(=O)N[C@@H]2C[C@@H](C(=O)NCc3ccc(C(F)(F)F)cc3)N(C(=O)c3coc4ccccc34)C2)n(C)n1,7.376750709602099,0.0,1,CHEMBL1849,CHEMBL3132000
CHEMBL5273175,Cc1nc2cc(NC(=O)c3cc4sc(N5CCC(C(=O)N(C)C)CC5)nc4s3)ccc2o1,6.296729909783022,0.0086001717619179,2,CHEMBL360,CHEMBL5223484
CHEMBL3884085,Cc1ccc(CN2CCN(c3nc(=O)c4cc(Cl)ccc4s3)CC2)cc1,4.666754301038037,0.0,1,CHEMBL3430898,CHEMBL3875318
CHEMBL3637828,Fc1cccc(Oc2cc(C3CCCNC3)nc(-c3ccncc3)n2)c1,4.900000142057633,0.0,1,CHEMBL613086,CHEMBL3637832
CHEMBL387500,O=C(N/N=C/c1ccc(C(F)(F)F)cc1C(F)(F)F)c1cc(C23CC4CC(CC(C4)C2)C3)c2ccccc2n1,5.190000154058473,0.0,1,CHEMBL360,CHEMBL914626
CHEMBL3442631,CNC(=O)c1cc2c(nc1NC(C)C)CCNCC2,4.411254134709351,0.3824623044622841,2,CHEMBL4105939,CHEMBL4649965
CHEMBL3492299,CCOc1cccc2c1OCC(C(=O)NS(=O)(=O)c1c(C)noc1C)=C2,4.159304493618275,0.0,1,CHEMBL360,CHEMBL4649971
CHEMBL3331417,O=C(Cn1cc(CN(C2=CC(=O)c3ccccc3C2=O)c2ccc(Cl)cc2Cl)nn1)c1ccccc1,4.876801924968001,0.0,1,CHEMBL360,CHEMBL3367829
CHEMBL250431,COC(=O)c1ccc(-c2ccc(CC3(C)SC(=O)C(C)=C3O)cc2)cc1,5.522878745280337,0.0,1,CHEMBL3640,CHEMBL940953
CHEMBL404731,COc1ccc(NC(=S)N2N=C(c3ccccc3O)C[C@H]2c2ccccc2O)cc1,4.165062748755099,0.7755584398053639,2,CHEMBL360,CHEMBL932548
CHEMBL199976,CCCCCCCCCCC(C)C1(C)SC(O)=C(C)C1=O,4.187086643357144,0.0,1,CHEMBL3640,CHEMBL863389
CHEMBL256079,Cc1ccccc1NC(=S)N1N=C(c2ccccc2O)C[C@H]1c1ccccc1O,4.46479633912994,0.1760912590556813,2,CHEMBL360,CHEMBL932548
CHEMBL5179981,CO[C@H]1CCN(c2noc3c(F)c4c(cc23)CC2(C(=O)NC(=O)NC2=O)[C@H]2[C@H](C)O[C@H](C)CN42)C1,4.113509274827518,0.0,1,CHEMBL3430898,CHEMBL5166522
CHEMBL2164255,CN(O)C(=O)CCC(c1ccccc1)P(=O)(O)O,5.698970004336019,0.0,1,CHEMBL5630,CHEMBL2434044
CHEMBL3121940,NC(=O)c1c(NC(=O)c2ccc([N+](=O)[O-])s2)sc2c1CCN(C(=S)Nc1ccc(Cl)cc1)C2,5.202040356262804,0.0,1,CHEMBL6069,CHEMBL3123111
CHEMBL2418502,COc1cc(/C=C2\S/C(=N\c3cccc(C(=O)O)c3)N(C)C2=O)ccc1O,7.221848749616356,0.0,1,CHEMBL2321612,CHEMBL2423608
CHEMBL5290182,O=C(CCC(F)(F)F)N1CCC(F)(c2ccccn2)CC1,8.0,0.0,1,CHEMBL360,CHEMBL5246902
CHEMBL550352,N=C(N)NCCC[C@H](N)C(=O)NNC(=O)c1cc(C23CC4CC(CC(C4)C2)C3)c2ccccc2n1,5.940001369850308,0.0,1,CHEMBL360,CHEMBL1030449
CHEMBL4876372,Cc1cn(C2CCN(Cc3cccc(Oc4cc(Cl)cc(Cl)c4)c3)CC2)c(=O)[nH]c1=O,6.920818753952375,0.0,1,CHEMBL2361,CHEMBL4832952
CHEMBL4103064,O=C(O)Cc1csc(Nc2ccc(OCCC(F)(F)F)cc2)n1,6.568636235841013,0.0,1,CHEMBL360,CHEMBL4045152
CHEMBL28721,O=C(O)C(S)C(S)C(=O)O,3.742513420926119,0.0,1,CHEMBL1293297,CHEMBL1614471
CHEMBL4570532,Cc1ccc(/C=C2/SC(=S)N(CC(=O)c3ccccc3)C2=O)cc1,4.756961951313706,0.0,1,CHEMBL1849,CHEMBL4481956
CHEMBL4280931,S=C(N/N=C/c1ccc2c(c1)OCO2)Nc1cccc2ccccc12,4.749579997691106,0.0,1,CHEMBL4542,CHEMBL4265149
CHEMBL5417677,CCc1cccc(CC)c1/N=C1\CNC(=N)N1CC,4.075720713938118,0.0,1,CHEMBL5465373,CHEMBL5363735
CHEMBL3330947,O=C(NNC(=S)Nc1cc(Cl)ccc1Cl)c1cc(C23CC4CC(CC(C4)C2)C3)c2ccccc2n1,4.800000052738446,0.0,1,CHEMBL360,CHEMBL3380429
CHEMBL5428161,O=c1[nH]cnc2c(Sc3cccc(P(=O)([O-])[O-])c3)c[nH]c12.[Na+].[Na+],5.0,0.0,1,CHEMBL1169594,CHEMBL5341494
CHEMBL3403285,Cc1cc(N2CCC(NC(=S)Nc3ccc(Cl)cc3)CC2)c2cc(C(F)(F)F)ccc2n1,5.3851027839668655,0.0,1,CHEMBL3430898,CHEMBL3405737
CHEMBL3753765,Cc1ccc(NC(=S)Nc2ccc(Nc3c4ccccc4nc4ccc(C)cc34)cc2)cc1,4.570247719997592,0.0,1,CHEMBL3430898,CHEMBL3758003
CHEMBL3973492,Oc1ccc(NCc2cc3ccccc3nc2O)cc1,5.790484985457369,0.0,1,CHEMBL3988585,CHEMBL3887425
CHEMBL6172305,CCOC(=O)COc1cc(O)c2c(c1)[n+]([O-])c1ccccc1[n+]2[O-],6.685805534974844,0.6020599913279625,4,CHEMBL360,CHEMBL6154546
CHEMBL1987496,[O-][n+]1c2cccc(O)c2[n+]([O-])c2cccc(O)c21,6.962226519303735,0.3853508813640172,2,CHEMBL360,CHEMBL6154546
CHEMBL3628449,CCN1CCN(CCCOc2ccc(Nc3c(C(=O)NN)cnc4ccc(F)cc34)cc2)CC1,5.528708288941061,0.0,1,CHEMBL3430898,CHEMBL3630322
CHEMBL1773183,COc1ccccc1CNC(=O)C(=O)NC(C)C(c1cccs1)N1CCN(c2ccc(F)cc2)CC1,4.872219030854552,0.1417522356179503,2,CHEMBL4540,CHEMBL1775840
CHEMBL1527163,COc1cc2c(cc1N=C(S)Nc1cccc(C)c1)oc1ccccc12,5.235450280935533,0.0,1,CHEMBL1287620,CHEMBL2354305
CHEMBL1814777,Nc1ncnc2c1c(-c1c[nH]nn1)cn2[C@@H]1O[C@H](CO)[C@@H](O)[C@H]1O,4.161150909262744,0.0,1,CHEMBL360,CHEMBL3385546
CHEMBL4879088,COc1ccc2nccc(CCN3CCC(NCc4cc(F)c(Cl)c(F)c4)CC3)c2n1,7.036212172654444,1.6172999578846996,3,CHEMBL3430898,CHEMBL6077503
CHEMBL3463028,N#Cc1nccnc1N1CCC(CSc2ccccc2)C1,4.712433347509389,0.0360074878646949,2,CHEMBL4105939,CHEMBL4649965
CHEMBL5273566,CN1CCN(c2ccc(Nc3nccc(-c4ccc([N+](=O)[O-])cc4)n3)cc2C(F)(F)F)CC1,5.42021640338319,0.0,1,CHEMBL1908385,CHEMBL5229239
CHEMBL5268032,Cc1nc2cc(NC(=O)c3cc4sc(N(C)CCO)nc4s3)ccc2o1,5.970786987771497,0.1694606801566687,2,CHEMBL360,CHEMBL5223484
CHEMBL5090267,CNC(=O)c1c(-c2ccc3[nH]ccc3c2)oc2ccc(O)c(CN3CCC4(COC4)C3)c12,6.552841968657781,0.0,1,CHEMBL4105939,CHEMBL5038057
CHEMBL5412595,O=C(NCCc1ccc(C(=O)N2CCC2)cc1)c1nc(-c2ccc3cc[nH]c3c2)no1,6.698970004336019,0.0,1,CHEMBL4105939,CHEMBL5375438
CHEMBL2001396,O=C(O)c1cc(C(=O)O)cc(-c2ccc(/C=c3/sc4nc5ccccc5n4c3=O)o2)c1,4.466990977504515,0.0,1,CHEMBL1293297,CHEMBL1614471
CHEMBL1916857,O=C(c1ccccc1)N1N=C(c2ccccc2O)C[C@H]1c1ccccc1O,4.042247319122811,0.066946789630613,2,CHEMBL360,CHEMBL1918205
CHEMBL3342659,Cc1ccc(-c2cn([C@@H]3O[C@H](CO)[C@@H](O)[C@H]3O)c3ncnc(N)c23)cc1C,5.94692155651658,0.0,1,CHEMBL360,CHEMBL3385546
CHEMBL217926,O=C(Nc1ccccc1)C1CC(=O)N(C2CCCCC2)C1,4.972242795309446,0.0,2,CHEMBL1849,CHEMBL907779
CHEMBL573100,COc1cc(/C=N/NC(=O)c2ccc(N3CCOCC3)cc2)cc(OC)c1OC,0.1502999999986863,0.0,1,CHEMBL360,CHEMBL1040362
CHEMBL3885427,O=c1nc(N2CCN(Cc3ccc([N+](=O)[O-])cc3)CC2)sc2ccc(C(F)(F)F)cc12,5.341988603342887,0.0,1,CHEMBL3430898,CHEMBL3875318
CHEMBL4437978,COc1cc(OC)cc(C(P(=O)(O)O)S(=O)(=O)CC(=O)NO)c1,3.712198270069774,0.0,1,CHEMBL5630,CHEMBL4407818
CHEMBL6170904,[O-][n+]1c2ccccc2[n+]([O-])c2c(O)cc(O)cc21,6.27642098432889,0.9030899869919438,4,CHEMBL360,CHEMBL6154546
CHEMBL4856512,Cc1cn(C2CCN(Cc3cccc(Oc4ccncc4)c3)CC2)c(=O)[nH]c1=O,4.698970004336019,0.0,1,CHEMBL2361,CHEMBL4832952
CHEMBL3338937,N=C(N)NCCc1ccc(OCc2ccccc2)cc1.O=C(O)C(F)(F)F,5.229147988357856,0.0,1,CHEMBL360,CHEMBL3606843
CHEMBL3403263,Cc1cc(N2CCC(NC(=O)Nc3ccc([N+](=O)[O-])cc3)CC2)c2cc(C(F)(F)F)ccc2n1,4.651695136951839,0.0,1,CHEMBL3430898,CHEMBL3405737
CHEMBL563548,CC(C)(C)OC(=O)NCC(=O)NNC(=O)c1cc(C23CC4CC(CC(C4)C2)C3)c2ccccc2n1,5.059999795537068,0.0,1,CHEMBL360,CHEMBL1030449
CHEMBL1807123,CC(=O)N(/N=N/c1ccc([N+](=O)[O-])cc1F)c1ccc([N+](=O)[O-])cc1F,5.549750891680639,0.0,1,CHEMBL360,CHEMBL3239483
CHEMBL564573,COC(=O)[C@H](CCSC)NC(=O)c1cc(C23CC4CC(CC(C4)C2)C3)c2ccccc2n1,5.639999555020352,0.0,1,CHEMBL360,CHEMBL1030449
CHEMBL4168552,O=[N+]([O-])c1ncn(CCCCNc2ncnc3ccccc23)n1,4.625518569371919,0.6661774909397113,2,CHEMBL360,CHEMBL4132277
CHEMBL404984,CCCCCCc1ccc(Oc2cccc(N)c2)c(O)c1,4.4997867501982025,2.9255735037223483,2,CHEMBL1849,CHEMBL936672
CHEMBL5284515,O=C(CCC(F)(F)F)N1CCC(c2cccc(Cl)n2)CC1,8.0,0.0,1,CHEMBL360,CHEMBL5246902
CHEMBL4460878,CC1(c2ccc(S(N)(=O)=O)cc2)NC(=O)N(CC(=O)C2CC2)C1=O,4.499999953328896,0.0,1,CHEMBL3804751,CHEMBL4406692
CHEMBL3394163,N#Cc1c(-c2ccc(C(=O)O)cc2)c2c([nH]c1=O)-c1cccc(O)c1CC2,8.522878745280337,0.0,1,CHEMBL2361,CHEMBL3396196
CHEMBL1583537,N#C/C(=C\c1ccc(O)c([N+](=O)[O-])c1)c1nc2ccccc2s1,4.143754599209946,0.0,1,CHEMBL1293297,CHEMBL1614471
CHEMBL3457507,O=C(c1ccc(-n2cc(Br)cn2)cc1)N1CCN(c2cnccn2)CC1,5.525819149500254,0.1069290291764089,2,CHEMBL4105939,CHEMBL4649965
CHEMBL4854974,Cc1cn(C2CCN(Cc3cccc(Oc4cccc(Cl)c4)c3)CC2)c(=O)[nH]c1=O,6.050609993355087,0.0,1,CHEMBL2361,CHEMBL4832952
CHEMBL4288358,C[C@H]1[C@H](C)CC[C@]2(COC(=O)/C=C/c3ccccc3)CC[C@]3(C)C(=CC[C@@H]4[C@@]5(C)CCCNC(C)(C)[C@@H]5CC[C@]43C)[C@@H]12,5.42021640338319,0.0,1,CHEMBL360,CHEMBL4252975
CHEMBL3487059,Cn1cc(-c2cc(C(F)F)n3nc(CCC(=O)O)nc3n2)cn1,4.810832101678471,0.2165325541332876,2,CHEMBL4105939,CHEMBL4649965
CHEMBL3355801,O=C(NCc1ccccc1)N1CCN(c2nsc3ccccc23)CC1,5.928117992693875,0.0,1,CHEMBL3430898,CHEMBL3390735
CHEMBL3446052,N#Cc1cn[nH]c1NCc1cc(Br)ccc1O,4.503054584833722,0.0,1,CHEMBL4662922,CHEMBL4649957
CHEMBL2431013,O=C(CSC(c1ccc(Cl)c(Cl)c1)P(=O)(O)O)NO,6.142667503568732,0.0,1,CHEMBL5630,CHEMBL2434044
CHEMBL3498262,Cc1ccc(CNC(c2ccccc2)c2nccn2C)cc1.Cl,4.701146050637438,0.0,1,CHEMBL360,CHEMBL4649971
CHEMBL3612343,O=C(Cn1cnc([N+](=O)[O-])n1)Nc1ccc(Cc2ccccc2)cc1,4.53024037369069,0.7986729175282452,8,CHEMBL360,CHEMBL4179593
CHEMBL484145,COc1cc(C(=O)/C=C/c2ccc3ccccc3c2)ccc1O,4.270025714300444,0.0,1,CHEMBL4542,CHEMBL1167755
CHEMBL5092632,CNC(=O)c1c(-c2ccc(O)cc2)oc2ccc(O)c(CN3CC4(COC4)C3)c12,6.346787486224656,0.0,1,CHEMBL4105939,CHEMBL5038057
CHEMBL5407585,Clc1ccc(COc2cccc(CNCc3cccnc3)c2)cc1,5.6020599913279625,0.0,1,CHEMBL3879870,CHEMBL5347210
CHEMBL3331413,O=C1C=C(N(Cc2cn(Cc3ccccc3)nn2)c2ccccc2Cl)C(=O)c2ccccc21,4.815308569182401,0.0,1,CHEMBL360,CHEMBL3367829
CHEMBL1560833,Cc1n[nH]c(S/C(=C\c2ccc(-c3ccc(C(=O)O)c(Cl)c3)o2)C(=O)O)n1,4.208519883979999,0.0,1,CHEMBL1293297,CHEMBL1614471
CHEMBL561500,NCCCC[C@H](N)C(=O)NNC(=O)c1cc(C23CC4CC(CC(C4)C2)C3)c2ccccc2n1,5.1399999760652255,0.0,1,CHEMBL360,CHEMBL1030449
CHEMBL1403575,Nc1c(C(=O)NCc2ccco2)c2nc3ccccc3nc2n1CCN1CCCCC1,6.110155068801489,0.0,1,CHEMBL1287620,CHEMBL2354305
CHEMBL428030,O=S(=O)(/C=C/CCc1ccccc1)N[C@H]1[C@H](O)[C@@H](O)[C@H](CO)O[C@H]1SC1CCCCC1,4.012284095745368,0.066946789630613,2,CHEMBL6067,CHEMBL902566
CHEMBL4546338,COc1ccc(/C=C/C(C)=N/Nc2nc(-c3ccccc3O)cs2)cc1OC,4.619788758288394,0.0,1,CHEMBL360,CHEMBL4427455
CHEMBL4279417,CC(C)=CCc1c(-c2ccc(O)cc2O)oc2c([C@@H]3C=C(C)C[C@H](c4ccc(O)cc4O)[C@H]3C(=O)c3ccc(O)cc3O)c(O)cc(O)c2c1=O,6.080001969035981,0.8510372024110282,3,CHEMBL4542,CHEMBL4253917
CHEMBL4292242,O=[N+]([O-])c1ccc(/C=N/NC(=S)Nc2cccc3ccccc23)cc1,4.878729285850808,0.2870942177206892,2,CHEMBL4542,CHEMBL4265149
CHEMBL4213883,N#C/C(=C\c1ccc[nH]1)c1nc2ccccc2s1,4.768275616671484,0.0,1,CHEMBL2259247,CHEMBL4178649
CHEMBL3355797,O=C(Nc1ccc(Cl)cc1)N1CCN(c2nsc3ccccc23)CC1,6.376750709602099,0.0,1,CHEMBL3430898,CHEMBL3390735
CHEMBL3885136,O=C(Nc1ccccc1)N1CCN(c2nc(=O)c3cc([N+](=O)[O-])ccc3s2)CC1,4.773657912836369,0.0,1,CHEMBL3430898,CHEMBL3875318
CHEMBL4459122,CC1(c2ccc(C#N)cc2)NC(=O)N(CC(=O)c2ccc(F)c(C(F)(F)F)c2)C1=O,6.399996913372259,0.0,1,CHEMBL3804751,CHEMBL4406692
CHEMBL4797728,CC(C)(C)OC(=O)Nc1ccc(I)cc1C(=O)O,3.552841968657781,0.0,1,CHEMBL1849,CHEMBL5623729
CHEMBL275787,CCCCCC1=C/C(=C/c2[nH]c(-c3ccc[nH]3)cc2OC)N=C1C,5.055517327849832,0.0,1,CHEMBL4542,CHEMBL1948968
CHEMBL3126915,Cc1ncnc2c1c(I)cn2[C@@H]1O[C@H](CO)[C@@H](O)[C@H]1O,4.289036881004725,0.0,1,CHEMBL360,CHEMBL3129228
CHEMBL1312583,Cc1nn(-c2ccc(Cl)cc2)c(O)c1C(=O)c1ccccc1,3.017846608848032,0.3936471122824021,2,CHEMBL4450,CHEMBL5372641
CHEMBL3628440,NNC(=O)c1cnc2ccccc2c1Nc1ccc(OCCCN2CCOCC2)cc1,6.142667503568732,0.0,1,CHEMBL3430898,CHEMBL3630322
CHEMBL3330953,O=C(NNC(=S)Nc1ccc([N+](=O)[O-])cc1)c1cc(C23CC4CC(CC(C4)C2)C3)c2ccccc2n1,6.0999990348465305,0.0,1,CHEMBL360,CHEMBL3380429
CHEMBL3492705,O=C(c1cc2cc(F)ccc2[nH]1)N1CCC(Nc2ccc(F)cc2)CC1,4.900556594031256,0.0,1,CHEMBL4105939,CHEMBL4649965
CHEMBL3484192,CSc1nccc(-c2cccc(-c3ccn(CC4COCCO4)n3)c2)n1,4.3948260163353146,0.0,1,CHEMBL360,CHEMBL4649971
CHEMBL1935077,Nc1ccc(-c2cc(-c3cn(-c4ccccc4)nc3-c3ccc(F)cc3)nc(N)n2)cc1,4.860533071496029,0.001065976494095,2,CHEMBL360,CHEMBL1936053
CHEMBL3975566,CCC(C)n1c(NC(=O)c2ccc(Br)o2)c(C#N)c2nc3ccccc3nc21,5.782516055786093,0.0,1,CHEMBL3988585,CHEMBL3887425
CHEMBL2017870,CN(C)[C@@H]1CCN(c2cc(Nc3cc(Cl)ccn3)nc(-c3ccccc3)n2)C1,6.7544873321858505,0.0,1,CHEMBL1908385,CHEMBL2020901
CHEMBL4876042,Cc1cccc(Oc2cccc(CN3CCC(n4cc(C)c(=O)[nH]c4=O)CC3)c2)c1,4.585026652029182,0.0,1,CHEMBL2361,CHEMBL4832952
CHEMBL457349,CCOC(=O)Nc1cc(NCCCCN(CC)CC)c2nc(-c3ccccc3)c(-c3ccccc3)nc2n1,4.2839966563652006,0.0,1,CHEMBL4213,CHEMBL1931925
CHEMBL4210631,COc1cccc2c1[n+]([O-])c1cccc(O)c1[n+]2[O-],7.204119982655925,0.6497519816658368,4,CHEMBL360,CHEMBL6154546
CHEMBL1823500,CCCCCCCC(=O)NCC#Cc1cn([C@H]2C[C@H](O)[C@@H](COP(=O)([O-])[O-])O2)c(=O)[nH]c1=O.[Na+].[Na+],6.040958607678906,0.0,1,CHEMBL1795161,CHEMBL1827108
CHEMBL237950,COc1cc(/C=C/C(=O)c2c(C)[n+]([O-])c3ccccc3[n+]2[O-])cc(OC)c1OC,5.162411561764489,0.0,1,CHEMBL360,CHEMBL1251034
CHEMBL4168288,CC(=O)N[C@@H](Cc1ccccc1)C(=O)NCC(=O)N[C@@H](CCCNC(=N)N)C(=O)N[C@@H](CCCCN)C(=O)N[C@@H](CCCCN)C(=O)N[C@H]1C[C@@H](C(=O)N[C@@H](CCCNC(=N)N)C(=O)N[C@@H](CCC(N)=O)C(=O)N[C@@H](CCCNC(=N)N)C(=O)N[C@@H](CCCNC(=N)N)C(=O)N[C@@H](CCCNC(=N)N)C(=O)NCCC(N)=O)N(CCCNC(=N)N)C1,5.795880017344075,0.4357285695614372,4,CHEMBL360,CHEMBL4154576
CHEMBL5090255,O=C(c1c(-c2ccc(O)cc2)oc2ccc(O)c(CNCC3(O)CC3)c12)N1CC(F)C1,6.6020599913279625,0.0,1,CHEMBL4105939,CHEMBL5038057
CHEMBL4172757,CC(=O)N[C@@H](Cc1ccccc1)C(=O)NCC(=O)N[C@H]1C[C@@H](C(=O)N[C@@H](CCCCN)C(=O)N[C@@H](CCCCN)C(=O)N[C@@H](CCCNC(=N)N)C(=O)N[C@H]2C[C@@H](C(=O)N[C@@H](CCC(N)=O)C(=O)N[C@@H](CCCNC(=N)N)C(=O)N[C@@H](CCCNC(=N)N)C(=O)N[C@H]3C[C@@H](C(=O)NCCC(N)=O)N(CCCN)C3)N(CCCN)C2)N(CCCN)C1,5.617389316847509,0.4888596579909068,4,CHEMBL360,CHEMBL4154576
CHEMBL1573047,OCc1ccc2c(c1)c(-c1ccc3c(c1)OCCO3)c(-c1ccccc1)n2-c1ccccc1,6.039529222465701,0.0,1,CHEMBL1287620,CHEMBL2354305
CHEMBL3628451,CCN1CCN(CCCNc2ccc(Nc3c(C(=O)NN)cnc4ccccc34)cc2)CC1,5.025949097207122,0.0,1,CHEMBL3430898,CHEMBL3630322
CHEMBL239459,Cc1cccc(C(=O)N2CCN(c3cccc(Cl)c3)CC2)c1,5.027744223620028,0.0045118327147113,2,CHEMBL360,CHEMBL3073615
CHEMBL227960,NNC(=O)c1cc(C23CC4CC(CC(C4)C2)C3)c2ccccc2n1,6.560002257147175,0.3000153535970105,2,CHEMBL360,CHEMBL914626
CHEMBL5189511,Cc1nnc(-c2noc3c(F)c4c(cc23)CC2(C(=O)NC(=O)NC2=O)[C@H]2[C@H](C)O[C@H](C)CN42)o1,5.698970004336019,0.0,1,CHEMBL3430898,CHEMBL5166522
CHEMBL1366544,CCNC(=O)NC(=O)COC(=O)c1ccccc1SCC(=O)NC(=O)NCC,6.013676222949234,0.0,1,CHEMBL1287620,CHEMBL2354305
CHEMBL5631059,CCCC[C@@H](C(=O)O)N1C(=O)/C(=C/c2ccc(-c3cccc(Cl)c3)cc2)SC1=S,6.42021640338319,0.0,1,CHEMBL6066201,CHEMBL5622563
CHEMBL5574691,N#Cc1c(N)ncnc1-c1cnn(Cc2ccc(F)c(F)c2)c1,6.823908740944319,0.0,1,CHEMBL6069,CHEMBL5529356
CHEMBL3483807,O[C@@H]1CN(CC2=Cc3cc(Cl)ccc3OC2)CC[C@H]1N1CCCCCC1,4.27853135117119,0.0,1,CHEMBL360,CHEMBL4649971
CHEMBL1934936,O=C(/C=C/c1cn(-c2ccccc2)nc1-c1ccc(F)cc1)c1ccccc1O,4.581098138010965,0.0021962786983058,2,CHEMBL360,CHEMBL1936053
CHEMBL4456278,O=C1C2=C(C(=O)c3c1cnc1cc(C(F)(F)F)ccc31)C1CCC2C1,5.170529483996383,0.6903413533136629,2,CHEMBL360,CHEMBL4362174
CHEMBL264417,CCCCCCc1ccc(Oc2ccc([N+](=O)[O-])cc2)c(O)c1,4.499878745335339,5.091757490450672,2,CHEMBL1849,CHEMBL936672
CHEMBL3121942,NC(=O)c1c(NC(=O)c2ccc([N+](=O)[O-])s2)sc2c1CCN(C(=S)NCc1ccccc1)C2,4.878112014896319,0.0,1,CHEMBL6069,CHEMBL3123111
CHEMBL216339,O=C(Nc1cc(C(F)(F)F)cc(C(F)(F)F)c1)C1CC(=O)N(C2CCCCC2)C1,5.43533393574791,0.0,1,CHEMBL1849,CHEMBL907779
CHEMBL3448571,CN(C)CCN(C)C(=O)Cn1cccc2cc(-c3ccc(F)cc3)nc1-2,4.402436339164732,0.0705304082593789,2,CHEMBL360,CHEMBL4649971
CHEMBL2164263,CN(O)C(=O)COC(c1ccc(Cl)c(Cl)c1)P(=O)(O)O,5.795880017344075,0.0,1,CHEMBL5630,CHEMBL2434044
CHEMBL5220318,O=C1NC(=S)NC(=O)C1=Cc1ccc(OCc2ccc(Cl)cc2)c(-c2cc(Cl)c(O)c(Cl)c2)c1,5.22548303427145,0.0,1,CHEMBL4540,CHEMBL5216850
CHEMBL1517074,COc1ccc(-c2nc3c(=O)n(C)c(=O)nc-3n(C)n2)cc1,7.154901959985743,0.0,1,CHEMBL3988585,CHEMBL3887425
CHEMBL3926253,COC(=O)c1cc2occc2n1CC(=O)c1ccccc1F,5.537602002101044,0.0,1,CHEMBL3879870,CHEMBL3865749
CHEMBL3237102,Fc1ccc(/N=N/Nc2ccc(F)c(C(F)(F)F)c2)cc1C(F)(F)F,5.204119982655925,0.0,1,CHEMBL360,CHEMBL3239483
CHEMBL1830119,CN(O)C(=O)CCC(c1ccc(Cl)c(Cl)c1)P(=O)(O)O,6.552841968657781,0.0,1,CHEMBL5630,CHEMBL2434044
CHEMBL3794043,Cc1c(C(=O)/C=C/c2ccc([N+](=O)[O-])s2)[n+]([O-])c2cc(Cl)ccc2[n+]1[O-],5.136677139879544,0.0,1,CHEMBL360,CHEMBL3796292
CHEMBL4080216,CN1CC2C(=O)N(c3cccc(F)c3)C(=O)C2C12C(=O)c1ccccc1C2=O,4.544089759617257,0.0,1,CHEMBL360,CHEMBL4022472
CHEMBL4752208,COC(=O)C#Cc1cc(C(F)(F)F)cc2c(=O)nc(N3CCN(CC4CCCCC4)CC3)sc12,6.853871964321762,0.0,1,CHEMBL3804751,CHEMBL4710418
CHEMBL325304,CCCCCCCP(=O)(O)OCC,5.966650724788503,0.0160868198934549,2,CHEMBL4624,CHEMBL652028
CHEMBL5436062,CCOC(=O)c1ccc2nc(C)cc(Nc3ccc(CC)cc3)c2c1,4.384049948343599,0.0,1,CHEMBL1849,CHEMBL5387352
CHEMBL3982300,O=C(Nc1ccc2c(c1)C(N1CCN(C(=O)c3ccc4[nH]ccc4c3)CC1)c1ccccc1-2)Nc1ccccc1Cl,6.607303046740334,0.0,1,CHEMBL613086,CHEMBL3880092
CHEMBL490567,CC(=O)O[C@@H]1C[C@@H]2[C@@]3(C)CCCC(C)(C)[C@@H]3CC[C@@]2(C)[C@@H]2CC=C3C(=O)OC[C@@H]3[C@@]12C,3.9318141382538383,0.0,1,CHEMBL360,CHEMBL1008717
CHEMBL1945186,COc1ccc(C(=O)/C=C/c2ccc(OCc3ccccc3)c(OC)c2)c(OC)c1,4.823908740944319,0.0,1,CHEMBL4542,CHEMBL1948973
CHEMBL377360,CC[C@H](C)[C@H](NC(=O)N[C@H]1CCCCNC(=O)[C@H](Cc2ccccc2)NC(=O)[C@H](Cc2c[nH]c3ccccc23)N(C)C(=O)[C@H](CC(C)C)NC(=O)[C@H](C(C)C)NC1=O)C(=O)O,4.192464971931146,0.0,1,CHEMBL4540,CHEMBL854513
CHEMBL488964,Cc1nn2c(=O)cc(CSc3ccc(Cl)cc3)[nH]c2c1-c1ccccc1,4.195860567664649,0.0,1,CHEMBL5091,CHEMBL989742
CHEMBL3956832,CS(=O)(=O)Nc1ccc2cccc(O)c2n1,3.2441251443275085,0.0,1,CHEMBL1287620,CHEMBL3888734
CHEMBL1315419,Cc1coc2c1c(C)cc1oc(=O)c(CC(=O)NCCCN3CCCC3=O)c(C)c12,5.843450848668219,0.0,1,CHEMBL1287620,CHEMBL2354305
CHEMBL5220330,O=C1NC(=S)NC(=O)C1=Cc1cc(-c2cc(Cl)c(O)c(Cl)c2)ccc1OCc1ccccc1,5.419075024324381,0.0,1,CHEMBL4540,CHEMBL5216850
CHEMBL3913878,O=S(=O)(Nc1ccc(-c2nc3cc(NS(=O)(=O)c4ccc(F)cc4)ccc3o2)cc1)c1ccc(F)cc1,4.7447274948966935,0.0,1,CHEMBL4295521,CHEMBL4388634
CHEMBL1509676,COC(=O)c1ccc(N2NC(=O)/C(=C/c3ccc(-c4ccc(Cl)c(C(=O)O)c4)o3)C2=O)cc1,4.120158944013437,0.0,1,CHEMBL1293297,CHEMBL1614471
CHEMBL1945999,O=C(/C=C/c1ccc(C(F)(F)F)cc1)c1ccc2ccccc2c1,3.4749861540106,0.0103717044273632,2,CHEMBL4542,CHEMBL1948973
CHEMBL2391046,Fc1cccc(Cl)c1CNc1ccc(N2CCCCC2)cc1,4.815308569182401,0.0,1,CHEMBL2390811,CHEMBL2395747
CHEMBL2358047,CN1CCN(C(=O)C2Cc3c(-c4ccc5c(c4)OCO5)ccnc3O2)CC1,5.762959208620809,0.0,1,CHEMBL1287620,CHEMBL2354305
CHEMBL3450882,CC1c2cc(F)ccc2CCN1C(=O)c1[nH]c(=O)[nH]c(=O)c1N,4.174424858456252,0.0,1,CHEMBL360,CHEMBL4649971
CHEMBL290106,Oc1c(Cl)cc(Cl)cc1Sc1cc(Cl)cc(Cl)c1O,4.798602875679548,0.0,1,CHEMBL5169231,CHEMBL5126004
CHEMBL1269431,COC(=O)/C=C1\Nc2ccc(Cl)cc2OC1=O,4.447331783887806,0.0,1,CHEMBL1275214,CHEMBL1274290
CHEMBL1389174,Cc1ccc(S(=O)(=O)Nc2ccc(-c3nc4cc(NS(=O)(=O)c5ccc(C)cc5)ccc4o3)cc2)cc1,5.161150909262744,0.0,1,CHEMBL4295521,CHEMBL4388634
CHEMBL3343866,O=C(Cn1c(=O)oc2cc([N+](=O)[O-])ccc21)Nc1ncc([N+](=O)[O-])s1,5.29073003902417,0.0,1,CHEMBL1849,CHEMBL3389875
CHEMBL3752490,O=C(c1ccc(F)cc1)c1c(C(F)(F)F)[n+]([O-])c2ccc(F)cc2[n+]1[O-],5.508638306165727,0.0,1,CHEMBL360,CHEMBL3796292
CHEMBL255881,CC(C(=O)O)N1C(=O)/C(=C/C=C/c2ccco2)SC1=S,4.21169018789295,0.0,1,CHEMBL1293297,CHEMBL1614471
CHEMBL227386,CC/C=N/NC(=O)c1cc(C23CC4CC(CC(C4)C2)C3)c2ccccc2n1,5.110000065251387,0.0,1,CHEMBL360,CHEMBL914626
CHEMBL531018,Nc1ccc(-c2nc3cc(-c4ccc5[nH]c(-c6ccc(N)cc6)nc5c4)ccc3[nH]2)cc1,4.94692155651658,0.0,1,CHEMBL3430898,CHEMBL3755401
CHEMBL3456073,Cc1nc(-c2ccc(CC(=O)N3CCN(C(=O)C(C)C)CC3)cc2)cs1,5.047792820403688,0.0,1,CHEMBL4662931,CHEMBL4649972
CHEMBL5173922,C[C@@H]1CN2c3c(cc4c(N5CC[C@H](N)C5)noc4c3F)CC3(C(=O)NC(=O)NC3=O)[C@H]2[C@H](C)O1,4.468521082957745,0.0,1,CHEMBL3430898,CHEMBL5166522
CHEMBL1583800,COc1ccc2c(c1)cc(C(=O)N[C@@H](Cc1ccccc1)C(=O)N[C@@H](C)C(=O)O)n2C,5.890421453095613,0.0,1,CHEMBL1287620,CHEMBL2354305
CHEMBL3884913,O=C1C(=O)N(CCN2CCN(NCc3cccc(Cl)c3Cl)CC2)c2ccc(Cl)cc21,4.59176003468815,0.0,1,CHEMBL3430898,CHEMBL3875318
CHEMBL250818,CC1=C(O)C(C)(Cc2ccc(-c3ccc(F)cc3)cc2)SC1=O,3.9788107009300617,0.0,1,CHEMBL3640,CHEMBL940953
CHEMBL4452553,CN(O)C(=O)CS(=O)(=O)C(c1ccccc1)P(=O)(O)O,3.939302159646388,0.0,1,CHEMBL5630,CHEMBL4407818
CHEMBL3338943,N=C(N)NCCc1ccc(OCc2c(COc3ccc(CCNC(=N)N)cc3)c(COc3ccc(CCNC(=N)N)cc3)c(COc3ccc(CCNC(=N)N)cc3)c(COc3ccc(CCNC(=N)N)cc3)c2COc2ccc(CCNC(=N)N)cc2)cc1.O=C(O)C(F)(F)F,5.42021640338319,0.0,1,CHEMBL360,CHEMBL3606843
CHEMBL4090159,Cc1ccc(N2C(=O)C3CN(C)C4(C(=O)c5ccccc5C4=O)C3C2=O)cc1,4.39848321634999,0.0,1,CHEMBL360,CHEMBL4022472
CHEMBL4566455,CC1(c2ccc(S(N)(=O)=O)cc2)NC(=O)N(CC(=O)c2ccc(F)cc2)C1=O,6.799998134593398,0.0,1,CHEMBL3804751,CHEMBL4406692
CHEMBL4449605,CC1(c2ccc(C#N)cc2)NC(=O)N(CC(=O)c2ccccc2F)C1=O,6.0999990348465305,0.0,1,CHEMBL3804751,CHEMBL4406692
CHEMBL3446874,Oc1cc(C2CCCCN2Cc2cccs2)nc(-c2ccccn2)n1,4.760889799363474,0.0,1,CHEMBL360,CHEMBL4649971
CHEMBL1818382,CCn1cc(C(=O)O)c(=O)c2cc(F)c(N3CCN(C(=O)CC[N+](=O)[O-])CC3C)c(F)c21,5.835647144215563,0.0,1,CHEMBL1667699,CHEMBL1820652
CHEMBL3950334,COc1ccc(NC(=O)C2CCN(S(=O)(=O)c3cn(C(C)C)cn3)CC2)cc1Cl,5.772113295386326,0.0,1,CHEMBL3988585,CHEMBL3887425
CHEMBL3125259,CCc1cc(C(=O)N[C@@H]2C[C@@H](C(=O)NCc3ncco3)N(C(=O)c3coc4ccccc34)C2)n(C)n1,8.301029995663981,0.0,1,CHEMBL1849,CHEMBL3132000
CHEMBL4100936,Cl.NCC1OB(O)c2cc(OCCO)cc(Br)c21,6.050609993355087,0.0,1,CHEMBL4105844,CHEMBL4020311
CHEMBL379367,NC(=O)c1c(NC(=O)C2CC2)sc2c1CCCC2,6.045757490560675,0.0,1,CHEMBL6070,CHEMBL5148669
CHEMBL3492494,CC(Cn1cccn1)NCc1csc(COc2ccc(F)cc2)n1,4.764705428083197,0.0,1,CHEMBL360,CHEMBL4649971
CHEMBL3892474,COc1ccc(NC(=O)C2CCN(S(=O)(=O)c3cn(C(C)C)cn3)CC2)cc1,5.636388020107856,0.0,1,CHEMBL3988585,CHEMBL3887425
CHEMBL1462925,Cc1cc(-c2nc3ccccc3o2)c2ccccc2n1,5.528708288941061,0.0,1,CHEMBL1287620,CHEMBL2354305
CHEMBL3394232,COc1cccc2c1CCc1c-2[nH]c(=O)c(C#N)c1-c1ccc(C(=O)O)cc1,8.301029995663981,0.0,1,CHEMBL2361,CHEMBL3396196
CHEMBL4213368,N#C/C(=C\c1ccc(-c2cc(C(=O)O)cc(C(=O)O)c2)s1)c1nc2ccccc2s1,5.581698708680254,0.0,1,CHEMBL2259247,CHEMBL4178649
CHEMBL1773170,O=C1Nc2ccc(S(=O)(=O)Nc3cc(Cl)c(O)c4ccccc34)c3cccc1c23,4.85122916609092,0.083121728522423,2,CHEMBL4540,CHEMBL1775840
CHEMBL5483062,O=c1[nH]cnc2c(Sc3cc(Oc4c(F)c(F)c(F)c(F)c4F)ccc3/C=C/P(=O)([O-])[O-])c[nH]c12.[Na+].[Na+],7.5376020021010435,0.0,1,CHEMBL1169594,CHEMBL5341494
CHEMBL4161487,O=S(=O)(Nc1ccc(-c2nc3cc(NS(=O)(=O)c4ccc(Cl)s4)ccc3o2)cc1)c1ccc(Cl)c(C(F)(F)F)c1,5.698970004336019,0.0,1,CHEMBL4295521,CHEMBL4388634
CHEMBL3329241,N#CCn1cc(CN(C2=CC(=O)c3ccccc3C2=O)c2ccccc2Cl)nn1,4.95116991347165,0.0,1,CHEMBL360,CHEMBL3367829
CHEMBL3462533,O=C(Nc1ccnc2ccnn12)c1ccc(N2CCC(O)CC2)cc1,4.1302125043493145,0.0,1,CHEMBL360,CHEMBL4649971
CHEMBL5407765,C=CC[C@@]12C[C@H](CC=C(C)C)C(C)(C)[C@@](CC=C)(C(=O)C(C(C)=O)=C1[O-])C2=O.[Na+],4.798602875679548,0.7563228128879702,3,CHEMBL360,CHEMBL5391202
CHEMBL3503541,COCCN1CCc2cc(C(=O)NCC3CC3)c(NC(C)C)nc2CC1.O=C(O)C(F)(F)F.O=C(O)C(F)(F)F,4.787601971941152,0.1040745171180637,2,CHEMBL4105939,CHEMBL4649965
CHEMBL1596948,CCc1c(C)nc2c(-c3ccccc3)cnn2c1O,5.470313046227084,0.0,1,CHEMBL1287620,CHEMBL2354305
CHEMBL1483764,COc1ccc2nc(NCCCNC(=O)c3cc(OC)c(OC)c(OC)c3)c(C#N)cc2c1,5.749824051916075,0.0,1,CHEMBL1287620,CHEMBL2354305
CHEMBL551621,Cc1ccc(NC(=O)c2sc3ccccc3c2Cl)cc1[N+](=O)[O-],5.669586226650809,0.0,1,CHEMBL1849,CHEMBL1059058
CHEMBL262471,O=C(C1CC(=O)N(C2CCCCC2)C1)N1CCN(C(c2ccc(F)cc2)c2ccc(F)cc2)CC1,5.258848401148215,0.0,1,CHEMBL1849,CHEMBL907779
CHEMBL4066921,CCCCOc1ccc(Cl)c2c1B(O)O[C@@H]2CN.Cl,6.568636235841013,0.0,1,CHEMBL4105844,CHEMBL4020311
CHEMBL3331406,C=CCn1cc(CN(C2=CC(=O)c3ccccc3C2=O)c2ccccc2Cl)nn1,5.195179321278838,0.0,1,CHEMBL360,CHEMBL3367829
CHEMBL5632202,CN(C)S(=O)(=O)c1ccc(NCc2cn(Cc3ccc(Oc4ccccc4)c(O)c3)nn2)c2nonc12,6.134896025358872,0.0,1,CHEMBL1849,CHEMBL5626588
CHEMBL5073352,CNC(=O)c1c(-c2ccc(O)cc2)oc2ccc(O)c(CNCC3(O)CC3)c12,6.292429823902063,0.0,1,CHEMBL4105939,CHEMBL5038057
CHEMBL5401879,O=c1[nH]cnc2c(Sc3ccccc3/C=C/P(=O)([O-])[O-])c[nH]c12.[Na+].[Na+],7.602059991327962,0.0,1,CHEMBL1169594,CHEMBL5341494
CHEMBL5279457,Nc1nc(N)c2c(ccc3c2ccn3Cc2ccc3ccccc3c2)n1,9.017728766960431,0.0,1,CHEMBL6065,CHEMBL5234352
CHEMBL3331402,C=CCn1cc(CN(C2=CC(=O)c3ccccc3C2=O)c2ccc(Cl)cc2)nn1,4.665948559653108,0.0,1,CHEMBL360,CHEMBL3367829
CHEMBL1934942,O=[N+]([O-])c1cccc(C2=NN[C@@H](c3cn(-c4ccccc4)nc3-c3ccc(F)cc3)C2)c1,4.409467721600505,0.0010646572540098,2,CHEMBL360,CHEMBL1936053
CHEMBL4518074,NCC1OB(O)c2ccccc21,6.1938200260161125,0.0,1,CHEMBL4105844,CHEMBL4374104
CHEMBL1818287,O=C(CC[N+](=O)[O-])Nc1ccc(Br)cc1,4.488651484509787,0.0,1,CHEMBL1667699,CHEMBL1820652
CHEMBL3331278,Cc1nc2ccc(Cl)cc2c(=O)n1CC(=O)Nc1ccccc1,5.505845405981558,0.0,1,CHEMBL1849,CHEMBL3385192
CHEMBL4288744,FC(F)(F)c1ccc(Cl)c(-c2ccc(/C=N/NC(=S)Nc3cccc4ccccc34)o2)c1,5.372605156301395,0.3299936915992978,2,CHEMBL4542,CHEMBL4265149
CHEMBL3764964,Cc1nc2sc3ccccc3n2c1C(=O)N/N=C/c1ccc(C(F)(F)F)cc1,5.274905478918531,0.0,1,CHEMBL6069,CHEMBL3766329
CHEMBL5218633,C/C=C(\C)[C@@H]1C(C)=C[C@@H]2CC(C)=CC[C@H]2[C@@H]1/C=C/C=C(\C)[C@@H](O)[C@@H](C)C(=O)O,5.978810700930062,0.0,1,CHEMBL4540,CHEMBL5216850
CHEMBL3323252,CCOC(=O)c1cc2cc(N3CCN(C(=O)c4c(F)cccc4F)CC3)ccc2o1,5.537602002101044,0.0,1,CHEMBL3430898,CHEMBL3367585
CHEMBL5407592,COc1ccc(COc2ccc(CNCc3ccccc3)cc2)cc1,4.920818753952375,0.0,1,CHEMBL3879870,CHEMBL5347210
CHEMBL451059,Cc1ccc(S(=O)(=O)c2cc(O)c3cc4ccccc4cc3c2O)cc1,8.072116589669292,0.0,1,CHEMBL3640,CHEMBL1010089
CHEMBL3195145,Cc1cc(/C=N/NC(=O)c2cccc(N(C)C)c2)c(C)n1-c1cc(C(=O)O)cc(C(=O)O)c1,3.780808559782021,0.0,1,CHEMBL1293297,CHEMBL1614471
CHEMBL4513892,O=S(=O)(Nc1ccc(-c2nc3cc(NS(=O)(=O)c4ccc(Cl)s4)ccc3o2)cc1)c1ccc(Br)cc1,5.275724130399211,0.0,1,CHEMBL4295521,CHEMBL4388634
CHEMBL4443896,O=S(=O)(Nc1ccc2oc(-c3ccccc3)nc2c1)c1cccs1,4.091514981121351,0.0,1,CHEMBL4295521,CHEMBL4388634
CHEMBL5197884,CC(=O)CCCN1CCC(O)(c2ccc(Cl)cc2)CC1,4.3979400086720375,0.0,1,CHEMBL3879870,CHEMBL5108515
CHEMBL5185015,C[C@@H]1CN2c3c(cc4c(N5CC[C@H](CO)C5)noc4c3F)CC3(C(=O)NC(=O)NC3=O)[C@H]2[C@H](C)O1,4.7447274948966935,0.0,1,CHEMBL3430898,CHEMBL5166522
CHEMBL5074163,Oc1ccc(-c2cc3c(CN4CCC5(COC5)C4)c(O)ccc3o2)cc1,6.221848749616356,0.0,1,CHEMBL4105939,CHEMBL5038057
CHEMBL3298697,CCCCCCCCCCC[C@@H]1OC(=O)N[C@H]1C,3.9430951486635273,0.0,1,CHEMBL360,CHEMBL3300340
CHEMBL2144669,CNc1cccc(-c2ccc(N3CCN(C)CC3)nc2)n1,5.661742769753745,0.0,1,CHEMBL1287620,CHEMBL2354305
CHEMBL1573529,CCN(CC)c1ccc(/C=C2\C(=O)c3ccc(C(=O)O)cc3C2=O)cc1,4.4238891058791605,0.0,1,CHEMBL1293297,CHEMBL1614471
CHEMBL4749411,N#CCCc1cc(C(F)(F)F)cc2c(=O)nc(N3CCN(CC4CCCCC4)CC3)sc12,4.87942606879415,0.0,1,CHEMBL3804751,CHEMBL4710418
CHEMBL4455545,CC1(c2ccc(S(N)(=O)=O)cc2)NC(=O)N(CC(=O)c2cccnc2)C1=O,5.499999678657065,0.0,1,CHEMBL3804751,CHEMBL4406692
CHEMBL3628354,CCOC(=O)c1cnc2ccc(C(F)(F)F)cc2c1Nc1ccc(NCCCN2CCOCC2)cc1,5.505845405981558,0.0,1,CHEMBL3430898,CHEMBL3630322
CHEMBL592545,Cn1c2ccccc2c2nnc(SCCCn3c(=O)[nH]c4ccccc43)nc21,6.301029995663981,0.0,1,CHEMBL4105851,CHEMBL1071690
CHEMBL4473331,NCc1ccc(NS(=O)(=O)/C=C/c2cccc(C(F)(F)F)c2)cc1,5.045757490560675,0.0,1,CHEMBL1849,CHEMBL4405868
CHEMBL4458728,CC1(c2ccc(NC(N)=O)cc2)NC(=O)N(CC(=O)c2ccc(F)cc2F)C1=O,5.300000202445418,0.0,1,CHEMBL3804751,CHEMBL4406692
CHEMBL3323161,CCOC(=O)c1cc2cc(N3CCN(C(=O)COc4ccccc4)CC3)ccc2o1,5.943095148663527,0.0,1,CHEMBL3430898,CHEMBL3367585
CHEMBL4285399,COc1ccc(/C=N/NC(=S)Nc2cccc3ccccc23)cc1OC,4.739928612014925,0.0,1,CHEMBL4542,CHEMBL4265149
CHEMBL6175690,COc1cc(O)cc2c1[n+]([O-])c1ccccc1[n+]2[O-],5.718966632752273,0.0,1,CHEMBL360,CHEMBL6154546
CHEMBL2362078,COc1ccc2c(CN3CCCC3)cc(=O)oc2c1,5.5982549177629375,0.0,1,CHEMBL1287620,CHEMBL2354305
CHEMBL3763241,Cc1nc2sccn2c1C(=O)N/N=C/c1ccccc1,6.236572006437063,0.0,1,CHEMBL6069,CHEMBL3766329
CHEMBL563064,NCCC[C@H](NC(=O)c1cc(C23CC4CC(CC(C4)C2)C3)c2ccccc2n1)C(=O)NN,4.909999919094989,0.0,1,CHEMBL360,CHEMBL1030449
CHEMBL2282516,CC(=O)Oc1cc(OC(C)=O)c2c(OC(C)=O)c(C)c(C)c(F)c2c1OC(C)=O,4.502293030060843,7.958386060122539,2,CHEMBL360,CHEMBL3077583
CHEMBL5070993,CS(=O)(=O)c1cc([N+](=O)[O-])c2sc(N3CCN(S(=O)(=O)C4CC4)CC3)nc(=O)c2c1,5.1487416512809245,0.0,1,CHEMBL3804751,CHEMBL5050652
CHEMBL3792912,CCCC[C@H](CNC)N1CCN(CCC23CC4CC(CC(C4)C2)C3)[C@H](C(C)CC)C1,4.673664139071248,0.0,1,CHEMBL360,CHEMBL3796194
CHEMBL4251156,COc1ccc2c(c1)nc(-c1ccccc1OC)n2Cc1ccccc1OC,3.445767737245711,0.0,1,CHEMBL3430898,CHEMBL4235607
CHEMBL3752620,S=C(Nc1ccc(Cl)cc1)Nc1ccc(Nc2c3ccccc3nc3ccccc23)cc1,5.075720713938118,0.0,1,CHEMBL3430898,CHEMBL3758003
CHEMBL386324,O=C(Nc1cc(Br)cc(C(F)(F)F)c1)C1CC(=O)N(C2CCCCC2)C1,6.070581074285707,0.0,2,CHEMBL360,CHEMBL1228528
CHEMBL4576609,O=C(O)c1nc2ccc(C(F)(F)F)cc2nc1NCc1ccc(C(F)(F)F)cc1,6.920818753952375,0.0,1,CHEMBL3804751,CHEMBL4371330
CHEMBL1706296,O=C(NCCCN1CCCC1)c1ccc2c(c1)N(Cc1cccc(Cl)c1)C(=O)c1ccccc1[S+]2[O-],4.0,0.0,1,CHEMBL1744527,CHEMBL1798854
CHEMBL3338940,N=C(N)NCCc1ccc(OCc2ccc(COc3ccc(CCNC(=N)N)cc3)cc2)cc1.O=C(O)C(F)(F)F,6.3979400086720375,0.6020599913279625,2,CHEMBL360,CHEMBL3606843
CHEMBL2407193,O=C(c1cccc(Cn2cncn2)c1)N(O)CCC(c1ccc(Cl)c(Cl)c1)P(=O)(O)O,6.853871964321762,0.0,1,CHEMBL5630,CHEMBL2412049
CHEMBL375912,O=C(N/N=C/c1ccnc2ccccc12)c1cc(C23CC4CC(CC(C4)C2)C3)c2ccccc2n1,7.160019442321658,0.0,1,CHEMBL360,CHEMBL914626
CHEMBL3746256,COc1c(O)cc2c(c1OC)-c1c(O)cccc1CC2,3.94692155651658,0.0,1,CHEMBL360,CHEMBL3750542
CHEMBL3125243,CCc1cc(C(=O)N[C@@H]2C[C@@H](C(=O)NCc3cnc(C)cn3)N(C(=O)c3coc4ccccc34)C2)n(C)n1,7.657577319177793,0.0,1,CHEMBL1849,CHEMBL3132000
CHEMBL3403247,COc1ccc(NC(=O)NC2CCN(c3cc(C)nc4ccccc34)CC2)cc1,4.7318902701915215,0.0,1,CHEMBL3430898,CHEMBL3405737
CHEMBL5400582,CCNc1cc(C)cc(Nc2c(CC)cccc2CC)n1,5.1938200260161125,0.0,1,CHEMBL5465373,CHEMBL5363735
CHEMBL4568422,COc1ccc(C(=O)CN2C(=O)/C(=C\c3ccc(F)cc3)SC2=S)cc1,4.696803942579511,0.0,1,CHEMBL1849,CHEMBL4481956
CHEMBL1571018,O=C(Nc1ccc(-c2nc3cccnc3s2)cc1)c1ccco1,5.878112014896319,0.0,1,CHEMBL1287620,CHEMBL2354305
CHEMBL4449196,CCc1ccc(S(=O)(=O)Nc2ccc(-c3nc4cc(NS(=O)(=O)c5ccc(Cl)s5)ccc4o3)cc2)cc1,5.187086643357144,0.0,1,CHEMBL4295521,CHEMBL4388634
CHEMBL3483558,CC(C)c1nc(N2CCC(N3CCCCCC3)CC2)c2cnn(C)c2n1,4.279824896834581,0.0,1,CHEMBL360,CHEMBL4649971
CHEMBL4642274,NS(=O)(=O)c1ccc(C#Cc2ccc(NC(=O)C(=O)O)cc2)cc1,7.055517327849832,0.0,2,CHEMBL4295521,CHEMBL4626292
CHEMBL3330961,CCCCCNC(=O)NNC(=O)c1cc(C23CC4CC(CC(C4)C2)C3)c2ccccc2n1,4.9299998354858525,0.0,1,CHEMBL360,CHEMBL3380429
CHEMBL2017734,CN(C)[C@@H]1CCN(c2cc(Nc3cc(C4CC4)[nH]n3)nc(-c3cccc(C#N)c3)n2)C1,7.251811972993799,0.0,1,CHEMBL1908385,CHEMBL2020901
CHEMBL3450215,CNc1cncc(C2CCCN2C(=O)Cn2c(=O)oc3ccccc32)n1,4.520339768150087,0.0,1,CHEMBL4105939,CHEMBL4649965
CHEMBL3901037,O=C(c1ccc2[nH]ccc2c1)N1CCN(c2ccc(Cl)cc2)CC1,5.376750709602099,0.0,1,CHEMBL613086,CHEMBL3880092
CHEMBL4475286,CCOC(=O)NC(=O)c1ccsc1NC(=O)c1ccn2cnnc2c1,7.221848749616356,0.0,1,CHEMBL3804751,CHEMBL4371338
CHEMBL5437285,COc1ccc(-c2noc(C(=O)NCCc3ccc(C(=O)N4CC(OC)C4)cc3)n2)cc1OCC1CC1,6.3979400086720375,0.0,1,CHEMBL4105939,CHEMBL5375438
CHEMBL387718,CCCCCCCCCCCCCCP(=O)(OCC)OCc1ccccc1Oc1ccccc1,3.0643416138993658,0.0,1,CHEMBL4624,CHEMBL915964
CHEMBL5274953,O=C(CCC(F)(F)F)N1CCC2(CC1)CC(OCC(F)(F)F)=NO2,7.301029995663981,0.0,1,CHEMBL360,CHEMBL5246902
CHEMBL3099424,Clc1cccc(C2CCN(c3nncc(-c4ccccc4)n3)C2)c1,3.993533957750768,0.0,1,CHEMBL3137292,CHEMBL3101912
CHEMBL5080207,CC(=O)c1c(-c2ccc(O)cc2)oc2ccc(O)c(CN3CCC4(COC4)C3)c12,6.769551078621726,0.0,1,CHEMBL4105939,CHEMBL5038057
CHEMBL3488764,COc1cccc(C(NCc2ccc(SC)cc2)c2nccn2C)c1,5.194352362879384,0.0,1,CHEMBL360,CHEMBL4649971
CHEMBL4797045,Cc1ccc([C@@H]2CN(C)C3(C(=O)c4ccccc4C3=O)[C@]23CSc2ccccc2C3=O)cc1,4.3260580013659125,0.0,1,CHEMBL360,CHEMBL4719106
CHEMBL4459619,O=C(CN1C(=O)S/C(=C\c2ccc(C(F)(F)F)cc2)C1=O)NOCc1ccccc1,4.22548303427145,0.0,1,CHEMBL360,CHEMBL4376611
CHEMBL3742313,O=c1[nH]c(CC2CCCCC2)cc(O)c1-c1ccccc1,6.229147988357855,0.0,1,CHEMBL1849,CHEMBL4147588
CHEMBL3763961,Cc1nc2sccn2c1C(=O)NNC(=O)c1ccccc1,5.274905478918531,0.0,1,CHEMBL6069,CHEMBL3766329
CHEMBL257780,Oc1ccccc1C1=NN(C(=S)Nc2ccccc2)[C@H](c2cccs2)C1,3.451544993495972,0.3010299956639812,2,CHEMBL360,CHEMBL932548
CHEMBL1946001,O=C(/C=C/c1ccc(Cl)cc1Cl)c1ccc2ccccc2c1,3.3798639450262424,0.0,1,CHEMBL4540,CHEMBL1948974
CHEMBL3342670,Nc1ncnc2c1c(-c1cccc3c1Oc1ccccc1S3)cn2[C@@H]1O[C@H](CO)[C@@H](O)[C@H]1O,5.343901797987168,0.0,1,CHEMBL360,CHEMBL3385546
CHEMBL3127057,CSc1ncnc2c1c(I)cn2[C@@H]1O[C@H](CO)[C@@H](O)[C@H]1O,4.059981844992337,0.0,1,CHEMBL360,CHEMBL3129228
CHEMBL3114216,CCNC(=O)Nc1nc2cc(-c3cccnc3)c(=O)n(C(C)C)c2s1,7.292429823902063,0.0,1,CHEMBL3430898,CHEMBL3117257
CHEMBL3088174,Cc1csc(C(C)(O)c2nnc(Nc3cnn(Cc4c(F)cccc4F)c3)s2)n1,6.6307841425898575,0.0,1,CHEMBL1849,CHEMBL3089491
CHEMBL4860538,Cc1cn(C2CCN(Cc3cccc(Oc4cccc(Cl)c4)n3)CC2)c(=O)[nH]c1=O,6.346787486224656,0.0,1,CHEMBL2361,CHEMBL4832952
CHEMBL4104309,Cl.NCC1OB(O)c2c(OCCF)ccc(Cl)c21,7.119186407719209,0.0,1,CHEMBL4105844,CHEMBL4020311
CHEMBL3637786,O=C(NCc1ccco1)N1CCN(Cc2ccc(Cl)s2)CC1,5.899998417198648,0.0,1,CHEMBL613086,CHEMBL3637832
CHEMBL4288349,Cc1c(CN2CCOCC2)cc(-c2ccc(C(C)C)cc2)n1C1COC1,5.6020599913279625,0.0,1,CHEMBL360,CHEMBL4255037
CHEMBL3194666,Nc1nonc1C(=O)N/N=C/c1ccc(-c2cccc(C(=O)O)c2)o1,3.725541944504988,0.0,1,CHEMBL1293297,CHEMBL1614471
CHEMBL3125266,CCc1cc(C(=O)N[C@@H]2C[C@@H](C(=O)NCC(=O)OC)N(C(=O)c3coc4ccccc34)C2)n(CC)n1,8.522878745280337,0.0,1,CHEMBL1849,CHEMBL3132000
CHEMBL1934950,O=C(c1ccccc1)N1N=C(c2ccc([N+](=O)[O-])cc2)C[C@@H]1c1cn(-c2ccccc2)nc1-c1ccc(F)cc1,4.240430605948917,0.0008611555398339,2,CHEMBL360,CHEMBL1936053
CHEMBL5408206,Cc1cc(Nc2ccc(N3CCCCC3)cc2)c2cc(N(C)C)ccc2n1,4.698970004336019,0.0,1,CHEMBL1849,CHEMBL5387352
CHEMBL4556062,O=[N+]([O-])c1cc(S(=O)(=O)Nc2ccc3oc(-c4ccccc4)nc3c2)ccc1Cl,4.481486060122113,0.0,1,CHEMBL4295521,CHEMBL4388634
CHEMBL3394247,CS(=O)(=O)c1cc(-c2cccc(Br)c2)[nH]c(=O)c1C#N,7.0,0.0,1,CHEMBL2361,CHEMBL3396196
CHEMBL576130,OC[C@H]1O[C@@H](n2ccc3c(-c4ccc[se]4)ncnc32)[C@H](O)[C@@H]1O,7.522878745280337,0.0,1,CHEMBL4105883,CHEMBL3135672
CHEMBL1808155,CC(C)=CCc1c(O)ccc(C(=O)[C@H]2[C@@H](c3c(O)cc(-c4cc5ccc(O)cc5o4)cc3O)C=C(C)C[C@@H]2c2ccc(O)cc2O)c1O,5.8399999311187,0.2302702361332507,3,CHEMBL4542,CHEMBL4253917
CHEMBL5408094,O=C(O)C1CSc2c(C3CC3)c(CSc3nnc(-c4cccc5ccccc45)o3)cc(=O)n21,4.898940645091884,0.0,1,CHEMBL360,CHEMBL5363916
CHEMBL4764258,COC(=O)/C=C/c1cc(C(F)(F)F)cc2c(=O)nc(N3CCN(CC4CCCCC4)CC3)sc12,5.906578314837765,0.0,1,CHEMBL3804751,CHEMBL4710418
CHEMBL3793088,CC[C@H](C)[C@@H]1CN([C@@H](CNC)Cc2ccccc2)CCN1CC(C)(C)C,3.721246399047171,0.0,1,CHEMBL360,CHEMBL3796194
CHEMBL386655,O=C(Nc1cccc2c1Cc1ccccc1-2)C1CC(=O)N(C2CCCCC2)C1,5.856985199745905,0.0,1,CHEMBL1849,CHEMBL907779
CHEMBL217617,Cc1cc([N+](=O)[O-])ccc1NC(=O)C1CC(=O)N(C2CCCCC2)C1,4.503485481302255,0.0,1,CHEMBL1849,CHEMBL907779
CHEMBL2316902,O=C(O)c1cc2c(C#Cc3cccc(C(F)(F)F)c3)c(-c3ccccc3)oc2cc1O,6.511138197355576,1.818156412055228,2,CHEMBL4542,CHEMBL2317721
CHEMBL3939649,CC(C)n1cnc(S(=O)(=O)N2CCC(C(=O)Nc3ccc(Br)cc3F)CC2)c1,5.5951662833800615,0.0,1,CHEMBL3988585,CHEMBL3887425
CHEMBL3338942,N=C(N)NCCc1ccc(OCc2cc(COc3ccc(CCNC(=N)N)cc3)c(COc3ccc(CCNC(=N)N)cc3)cc2COc2ccc(CCNC(=N)N)cc2)cc1.O=C(O)C(F)(F)F,6.911954370472159,1.221848749616356,2,CHEMBL360,CHEMBL3606843
CHEMBL3323168,CCOC(=O)c1cc2cc(N3CCN(C(=O)C4CCN(C(=O)OC(C)(C)C)CC4)CC3)ccc2o1,6.091514981121351,0.0,1,CHEMBL3430898,CHEMBL3367585
CHEMBL3438802,O=C(NCCc1cccc(F)c1)C1(n2cnnn2)CCCCC1,4.953222811433764,0.0,1,CHEMBL360,CHEMBL4649971
CHEMBL3740218,COc1cnc2ccc(=O)n(CCN3CCN(C(=S)Nc4ccc(C(C)=O)cc4)CC3)c2c1,4.7848914189469065,0.0,1,CHEMBL3430898,CHEMBL3745429
CHEMBL3393972,O=C(c1ccccc1)N1CCN(C(c2ccccc2)c2ccccc2)CC1,4.795066477645856,0.0,1,CHEMBL1849,CHEMBL3395431
CHEMBL4534405,CC1(c2ccc(NS(C)(=O)=O)cc2)NC(=O)N(CC(=O)c2ccc(F)cc2F)C1=O,6.356547323513812,0.0,1,CHEMBL360,CHEMBL4384709
CHEMBL3986551,O=C(c1ccc2[nH]ccc2c1)N1CCN(C2c3ccccc3-c3cc([N+](=O)[O-])ccc32)CC1,6.219449308175472,1.3332146790353825,2,CHEMBL613086,CHEMBL3880092
CHEMBL79781,N=C(N)CCCCNC(=O)/C(Cc1cc(Br)c(OCCCN)c(Br)c1)=N/O,5.552841968657781,0.0,1,CHEMBL3703,CHEMBL752054
CHEMBL3125262,CCc1cc(C(=O)N[C@@H]2C[C@@H](C(=O)NCc3ccc(C)o3)N(C(=O)c3coc4ccccc34)C2)n(C)n1,7.67778070526608,0.0,1,CHEMBL1849,CHEMBL3132000
CHEMBL1765366,O=C1CS(=O)(=O)[C@]2(C(=O)N(Cc3cccc(F)c3)c3ccc([N+](=O)[O-])cc32)N1c1ccc(F)c(F)c1,6.494850021680094,0.0,1,CHEMBL4540,CHEMBL1768070
CHEMBL2017721,c1cc(Nc2cc(C3CC3)[nH]n2)nc(NC2CCCCC2)n1,7.075720713938118,0.0,1,CHEMBL1908385,CHEMBL2020901
CHEMBL3125277,CCc1cc(C(=O)N[C@@H]2CCN(C(=O)c3coc4ccccc34)C2)n(C)n1,6.920818753952375,0.0,1,CHEMBL1849,CHEMBL3132000
CHEMBL4093532,CC(C)c1ccc(N2C(=O)C3CN(C)C4(C(=O)c5ccccc5C4=O)C3C2=O)cc1,4.545765104251735,0.0,1,CHEMBL360,CHEMBL4022472
CHEMBL3883815,O=C1C(=O)N(CCN2CCN(NCc3ccc([N+](=O)[O-])o3)CC2)c2ccccc21,5.337242168318426,0.0,1,CHEMBL3430898,CHEMBL3875318
CHEMBL3764310,O=[N+]([O-])c1ccc(-c2csc(N/N=C/c3cc(Br)c(O)c(Br)c3)n2)cc1,3.886056647693163,0.0,1,CHEMBL360,CHEMBL3769289
CHEMBL424724,O=C(Nc1cccc(Cc2ccccc2)c1)C1CC(=O)N(C2CCCCC2)C1,6.3872161432802645,0.0,1,CHEMBL1849,CHEMBL907779
CHEMBL4225131,COc1ccc(S(=O)(=O)N2CCC3(CC2)OCCc2ccsc23)cc1,5.982966660701219,0.0,1,CHEMBL2259247,CHEMBL4221659
CHEMBL1946440,Cc1ccc(/C=C/C(=O)c2ccc3c(c2)OCO3)o1,3.772113295386327,0.0,1,CHEMBL4542,CHEMBL1948973
CHEMBL1574206,COc1ccc(OCc2cc(C(=O)O)c(C)o2)cc1,4.286509456906058,0.0,1,CHEMBL1293297,CHEMBL1614471
CHEMBL4171623,CC(=O)N[C@@H](Cc1ccccc1)C(=O)NCC(=O)N[C@@H](CCCNC(=N)N)C(=O)N[C@@H](CCCCN)C(=O)N[C@@H](CCCCN)C(=O)N1C[C@@H](NC(=N)N)C[C@H]1C(=O)N[C@@H](CCCNC(=N)N)C(=O)N[C@@H](CCC(N)=O)C(=O)N[C@@H](CCCNC(=N)N)C(=O)N[C@@H](CCCNC(=N)N)C(=O)N[C@@H](CCCNC(=N)N)C(=O)NCCC(N)=O,5.528658726655463,0.2486862894998935,4,CHEMBL360,CHEMBL4154576
CHEMBL1448646,O=S(=O)(Nc1ccc2oc(-c3ccccc3)nc2c1)c1ccccc1,4.060480747381382,0.0,1,CHEMBL4295521,CHEMBL4388634
CHEMBL1160845,N=C(NO)N/N=C/c1ccc(O)cc1,4.366531544420414,0.0,2,CHEMBL360,CHEMBL1918205
CHEMBL5427983,OC[C@H]1O[C@@H](n2ccc3c(-c4cc5ccccc5o4)nc(F)nc32)[C@H](O)[C@@H]1O,5.920818753952375,0.0,1,CHEMBL4105883,CHEMBL5361038
CHEMBL1491357,COc1ccc2oc(=O)c(C(=O)NCc3ccccn3)cc2c1,5.816445466381138,0.0,1,CHEMBL1287620,CHEMBL2354305
CHEMBL557879,NC(=O)CC[C@H](N)C(=O)NNC(=O)c1cc(C23CC4CC(CC(C4)C2)C3)c2ccccc2n1,4.769999911123512,0.0,1,CHEMBL360,CHEMBL1030449
CHEMBL5417739,CCCCc1ccc(Nc2cc(C)nc3ccc(C(=O)OCC)cc23)cc1,4.950781977329818,0.0,1,CHEMBL1849,CHEMBL5387352
CHEMBL2098049,Cc1nc2ccccn2c1C(=O)NCc1ccccc1,5.562249437179612,0.0,1,CHEMBL6069,CHEMBL3365136
CHEMBL459933,O=C(CSc1nnc(-c2ccccc2)c(-c2ccccc2)n1)Cc1nccs1,5.3979400086720375,0.0,1,CHEMBL6086,CHEMBL1034865
CHEMBL3472913,CC(=O)c1ccc(N2CCCC(CO)(CCc3ccccc3)C2)nc1,4.148753917224216,0.0142315953565486,2,CHEMBL4105939,CHEMBL4649965
CHEMBL2017728,CN(C)CCNc1cc(Nc2cc(C3CC3)[nH]n2)nc(-c2ccccc2)n1,7.055517327849832,0.0,1,CHEMBL1908385,CHEMBL2020901
CHEMBL218291,O=c1[nH]cnc2c([C@@H]3N[C@H](CO)[C@@H](O)[C@H]3O)c[nH]c12,7.376750709602099,0.0,1,CHEMBL1169594,CHEMBL5341494
CHEMBL3637791,O=S(=O)(NCc1ccccc1)c1ccc(-c2cc3ccncc3cc2OC2CCNCC2)s1,5.700000503883016,0.0,1,CHEMBL613086,CHEMBL3637832
CHEMBL223946,CCCCCCP(=O)(OCC)OCc1ccccc1Oc1ccccc1,4.370590400897281,0.0,1,CHEMBL4624,CHEMBL915964
CHEMBL1796114,CCCN(CCC)CCCNC(=O)c1ccc2c(c1)N(Cc1cccc(Cl)c1)C(=O)c1ccccc1[S+]2[O-],4.0,0.0,1,CHEMBL1744527,CHEMBL1798854
CHEMBL2164259,CN(O)C(=O)COC(c1cccc2ccccc12)P(=O)(O)O,4.823908740944319,0.0,1,CHEMBL5630,CHEMBL2434044
CHEMBL4789991,O=C1c2ccccc2C(=O)C12N1CSC[C@@H]1[C@@H](c1cccs1)[C@@]21CSc2ccccc2C1=O,4.890421453095613,0.0,1,CHEMBL360,CHEMBL4719106
CHEMBL216759,O=C(Nc1cccc(Br)c1)C1CC(=O)N(c2ccc(F)cc2)C1,4.534171184642563,0.0,1,CHEMBL1849,CHEMBL907779
CHEMBL4740940,O=C(Nc1cccc(-c2ccccc2)c1)Nc1ccc(O)c(C(=O)O)c1,5.009339913370447,0.0443542761512372,2,CHEMBL2321612,CHEMBL5262989
CHEMBL264682,CCCCCCc1ccc(Oc2ccccc2)c(O)c1,7.958607314841775,6.917307314864193,3,CHEMBL360,CHEMBL1228528
CHEMBL240312,CC(=O)Oc1cc(OC(C)=O)c2c(OC(C)=O)c(C)cc(Cl)c2c1OC(C)=O,4.49997470136078,4.65134940231968,2,CHEMBL360,CHEMBL3077583
CHEMBL3114205,CCNC(=O)Nc1nc2cc(-c3ccn(CC)c(=O)c3)c(=O)n(C(C)C)c2s1,7.522878745280337,0.0,1,CHEMBL3430898,CHEMBL3117257
CHEMBL5434152,O=c1[nH]cnc2c(Sc3cccc(Oc4c(F)c(F)c(F)c(F)c4F)c3/C=C/P(=O)([O-])[O-])c[nH]c12.[Na+].[Na+],7.920818753952375,0.0,1,CHEMBL1169594,CHEMBL5341494
CHEMBL5201644,C[C@@H]1CN2c3c(cc4c(N5CC[C@H](O)C5)noc4c3F)CC3(C(=O)NC(=O)NC3=O)[C@H]2[C@H](C)O1,4.698970004336019,0.0,1,CHEMBL3430898,CHEMBL5166522
CHEMBL314490,O=C(NCCSSc1ccc(F)cc1)/C(Cc1cc(F)cc(F)c1)=N\O,2.5654310959658013,0.0,1,CHEMBL3703,CHEMBL752054
CHEMBL4287324,S=C(N/N=C/c1ccc2ccccc2c1)Nc1cccc2ccccc12,4.6252516539898965,0.0,1,CHEMBL4542,CHEMBL4265149
CHEMBL394988,CC(=O)Oc1c(C)cc(Cl)c2c1C(=O)C=CC2=O,4.499958772367202,6.35151754467021,2,CHEMBL360,CHEMBL3077583
CHEMBL5400835,CCCN(C)c1ccc(CN2CCC(COc3cccc(C(=O)c4ccc(Cl)cc4)c3)CC2)cc1,4.853871964321762,0.0,1,CHEMBL4879548,CHEMBL5347778
CHEMBL1934927,Fc1ccc(-c2nn(-c3ccccc3)cc2[C@H]2CC(c3ccc(Cl)cc3)=NN2)cc1,4.361806223131474,0.0036123821107407,2,CHEMBL360,CHEMBL1936053
CHEMBL3331399,CCOC(=O)Cn1cc(CN(C2=CC(=O)c3ccccc3C2=O)c2ccc(F)cc2)nn1,4.764471553092451,0.0,1,CHEMBL360,CHEMBL3367829
CHEMBL4763528,CN1C[C@@H](c2cccs2)[C@@]2(CSc3ccccc3C2=O)C12C(=O)c1ccccc1C2=O,4.587203571283457,0.0,1,CHEMBL360,CHEMBL4719106
CHEMBL3394252,CS(=O)(=O)c1c2c([nH]c(=O)c1C#N)-c1ccccc1OC2,4.522878745280337,0.0,1,CHEMBL2361,CHEMBL3396196
CHEMBL3446967,CC(C)Cn1nc(-c2ccc(C(=O)O)cc2)cc1-c1ccc(F)cc1,4.012776834176318,0.0,1,CHEMBL360,CHEMBL4649971
CHEMBL1777914,Cc1c(/C=N/NC(=O)c2ccncc2)[n+]([O-])c2cc(Cl)ccc2[n+]1[O-],5.982966660701219,0.0,1,CHEMBL360,CHEMBL1781055
CHEMBL3627728,NNC(=O)c1cnc2ccc(C(F)(F)F)cc2c1Nc1ccc(NCCCN2CCOCC2)cc1,4.701583619938705,0.0,1,CHEMBL3430898,CHEMBL3630322
CHEMBL4743869,O=C1c2ccccc2C(=O)C12N1CSC[C@@H]1[C@@H](c1ccc(Cl)cc1)[C@@]21CSc2ccccc2C1=O,5.142667503568732,0.0,1,CHEMBL360,CHEMBL4719106
CHEMBL2316907,O=C(O)c1cc2c(C#Cc3ccc(OC(F)(F)F)cc3)c(-c3ccccc3)oc2cc1O,5.552841968657781,0.0,1,CHEMBL4542,CHEMBL2317721
CHEMBL4524732,CCOC(=O)[C@H](CC(C)C)NP(=O)(CCCC(=O)N(C)OCc1ccc2ccccc2c1)N[C@@H](CC(C)C)C(=O)OCC,4.31695296176115,0.0,1,CHEMBL360,CHEMBL4321385
CHEMBL3978830,COc1ccccc1S(=O)(=O)Nc1ccc(-c2nc3cc(NS(=O)(=O)c4ccccc4OC)ccc3o2)cc1,5.060480747381382,0.0,1,CHEMBL4295521,CHEMBL4388634
CHEMBL5202255,CC(C)[C@H]1CO[C@]23CCN(Cc4ccc(C(F)(F)F)nc4)C[C@H]2CCC(=O)N13,6.768501693985972,1.8750612633917,4,CHEMBL360,CHEMBL5154110
CHEMBL278017,CCCCCCCP(=O)(OCC)OCc1cccc(Oc2ccccc2)c1,4.677160727313679,0.0,1,CHEMBL4624,CHEMBL652028
CHEMBL3323167,CCOC(=O)c1cc2cc(N3CCN(C(=O)c4ccco4)CC3)ccc2o1,4.61261017366127,0.0,1,CHEMBL3430898,CHEMBL3367585
CHEMBL3942109,CC(C)n1cnc(S(=O)(=O)N2CCC(C(=O)Nc3ccc(S(N)(=O)=O)cc3)CC2)c1,5.3851027839668655,0.0,1,CHEMBL3988585,CHEMBL3887425
CHEMBL4546198,CCOC(=O)[C@H](CC(C)C)NP(=O)(CCCC(=O)N(C)OCc1ccc(-c2ccccc2)cc1)N[C@@H](CC(C)C)C(=O)OCC,4.453457336521869,0.0,1,CHEMBL360,CHEMBL4321385
CHEMBL1926726,CCOC(=O)Nc1nc(NC(C)CCCN(CC)CC)c2c(n1)SC(c1ccccc1)C(c1ccccc1)=N2,4.337242168318426,0.0,1,CHEMBL4213,CHEMBL1931925
CHEMBL4778714,O=C(Nc1ccc(Br)cc1)Nc1cccc(C(=O)O)c1,4.559090917934782,0.0,1,CHEMBL5291594,CHEMBL5262988
CHEMBL4755928,CN1C[C@@H](c2ccccc2Br)[C@@]2(CSc3ccccc3C2=O)C12C(=O)c1ccccc1C2=O,4.738023808602187,0.0,1,CHEMBL360,CHEMBL4719106
CHEMBL6175874,COc1cccc2c1[n+]([O-])c1ccccc1[n+]2[O-],6.903089986991944,0.4948500216800937,4,CHEMBL360,CHEMBL6154546
CHEMBL3400650,CNC(=O)CCc1cc(-c2ccc(-c3ccc(C(F)(F)F)cc3)cc2)n(-c2ccc(NC(=O)c3ccncc3)cc2)n1,6.318758762624412,0.0,1,CHEMBL360,CHEMBL3406705
CHEMBL3983061,O=S(=O)(Nc1ccc(-c2nc3cc(NS(=O)(=O)c4ccccc4Br)ccc3o2)cc1)c1ccccc1Br,4.698970004336019,0.0,1,CHEMBL4295521,CHEMBL4388634
CHEMBL5276947,O=C(CCCC(F)(F)F)N1CCC(c2cncc(Cl)c2)CC1,8.0,0.0,1,CHEMBL360,CHEMBL5246902
CHEMBL4248397,CC(C)C[C@@H]1NC(=O)[C@H](Cc2c[nH]c3ccccc23)NC(=O)[C@@H](CCCN)NC(=O)[C@H](CC(N)=O)NC(=O)[C@H](C(C)C)NC(=O)[C@@H](CC(C)C)NC1=O,5.704133880524083,0.3909911487167106,2,CHEMBL360,CHEMBL4234505
CHEMBL262343,CCCCCCc1ccc(Oc2ccc(NC(=O)C(=O)O)cc2)c(O)c1,4.499721345047822,2.429442691888807,2,CHEMBL1849,CHEMBL936672
CHEMBL1092319,Cc1cc2c(cc1C)[n+]([O-])c(C(=O)NCc1ccccc1)c(C)[n+]2[O-],4.041722874452303,0.0,1,CHEMBL360,CHEMBL1781055
CHEMBL4089033,CN1CC2C(=O)N(C3CCCCC3)C(=O)C2C12C(=O)c1ccccc1C2=O,4.799423073245152,0.0,1,CHEMBL360,CHEMBL4022472
CHEMBL4288755,C=C(C)[C@@H]1CC[C@]2(COC(=O)/C=C/c3ccccc3)CC[C@]3(C)[C@H](CC[C@@H]4[C@@]5(C)CCCNC(C)(C)[C@@H]5CC[C@]43C)[C@@H]12,5.173925197299174,0.0,1,CHEMBL360,CHEMBL4252975
CHEMBL1169978,O=C(NO)N1CCN(C(=S)N/N=C/c2ccccc2O)CC1,4.698970004336019,0.0,1,CHEMBL360,CHEMBL1918204
CHEMBL390506,O=C(N/N=C/c1ccccc1Cl)c1cc(C23CC4CC(CC(C4)C2)C3)c2ccccc2n1,7.639974910810602,0.0,1,CHEMBL360,CHEMBL914626
CHEMBL3125103,CCc1cc(C(=O)N[C@@H]2C[C@@H](C(=O)NCCc3ccccn3)N(C(=O)c3coc4ccccc34)C2)n(CC)n1,8.397940008672037,0.0,1,CHEMBL1849,CHEMBL3132000
CHEMBL5422609,CCCN(C)c1ccc(CN2CCC(COc3nc4ccc(F)cc4s3)CC2)cc1,4.733622810503751,0.4499690086760477,2,CHEMBL4879548,CHEMBL5347778
CHEMBL4520039,CO[C@]12C[C@@](C)(O)[C@H]3C[C@@]4(C)CC[C@H]([C@@H](C)/C=C\C=C(C)C)[C@@H]4C/C=C(/C(=O)N1)[C@@H]32,4.376750709602099,0.0,1,CHEMBL4295521,CHEMBL4390593
CHEMBL5440021,COc1ccc(-c2noc(C(=O)NC(C#N)Cc3ccc(C(=O)N4CC5(COC5)C4)cc3)n2)cc1OC,6.3979400086720375,0.0,1,CHEMBL4105939,CHEMBL5375438
CHEMBL3884259,O=c1nc(N2CCN(C(=S)Nc3ccc([N+](=O)[O-])cc3)CC2)sc2ccc(C(F)(F)F)cc12,5.665546248849069,0.0,1,CHEMBL3430898,CHEMBL3875318
CHEMBL1823505,CCCCCCNC(=O)NCC#Cc1cn([C@H]2C[C@H](O)[C@@H](COP(=O)([O-])[O-])O2)c(=O)[nH]c1=O.[Na+].[Na+],5.315154638355588,0.0,1,CHEMBL1795161,CHEMBL1827108
CHEMBL3741129,COc1cnc2ccc(=O)n(CCN3CCN(C(=S)Nc4ccc([N+](=O)[O-])cc4)CC3)c2c1,4.732359017654084,0.0,1,CHEMBL3430898,CHEMBL3745429
CHEMBL5411791,CC(C)(C)c1cc(-c2cc(-c3cc(=O)n4c(c3C3CC3)SCC4C(=O)O)on2)cc(C(C)(C)C)c1,5.504455662453552,0.0,1,CHEMBL360,CHEMBL5363916
CHEMBL4584270,C[C@]1(c2ccc(C#N)cc2)NC(=O)N(CC(=O)c2ccc(F)cc2F)C1=O,6.3979400086720375,0.0,1,CHEMBL360,CHEMBL4384709
CHEMBL2204380,CCCCCCCc1cc(O)c(CCCCCC)c(=O)o1,5.42021640338319,0.0,1,CHEMBL4544,CHEMBL2209290
CHEMBL4464865,CC1(c2ccc(S(N)(=O)=O)cc2)NC(=O)N(CC(=O)c2cccc(F)c2)C1=O,6.799998134593398,0.0,1,CHEMBL3804751,CHEMBL4406692
CHEMBL1934931,COc1ccc(C(=O)/C=C/c2cn(-c3ccccc3)nc2-c2ccc(F)cc2)cc1,5.192249647950037,0.0044989877831271,2,CHEMBL360,CHEMBL1936053
CHEMBL455469,O=C(/C=C/c1ccc2c(c1)OCO2)c1cccc([N+](=O)[O-])c1,4.346787486224656,0.0,1,CHEMBL4542,CHEMBL1948973
CHEMBL239674,O=C(c1ccc(F)cc1)N1CCN(c2cccc(Cl)c2)CC1,5.010720570658239,0.0014409449262906,2,CHEMBL360,CHEMBL3073615
CHEMBL2097985,COc1ccc(CCNC(=O)c2cc(-c3ccc(OC)c(OC)c3)on2)cc1OC,6.522878745280337,0.0,1,CHEMBL4105939,CHEMBL5375438
CHEMBL480220,CCC[C@H](CN(O)C=O)C(=O)N1CCC[C@H]1c1nc2ccccc2o1,7.552841968657781,0.0,1,CHEMBL5765,CHEMBL1014575
CHEMBL4476282,Cc1nc(C)c(-c2nn(-c3ccc(F)cc3)cc2C2CC(c3c(O)cc(C)c(Cl)c3C)=NN2)s1,6.356547323513812,1.7993405494535812,3,CHEMBL360,CHEMBL4393104
CHEMBL1934967,Nc1ccc(-c2cc(-c3cn(-c4ccccc4)nc3-c3ccc(F)cc3)[nH]c(=S)n2)cc1,4.657902104739233,0.0041956412213366,2,CHEMBL360,CHEMBL1936053
CHEMBL1447211,CC1=C(C#N)c2nc(N)c(C#N)c(C)c2/C1=C\c1ccc(-c2ccccc2C(=O)O)o1,4.152797636019076,0.0,1,CHEMBL1293297,CHEMBL1614471
CHEMBL1427775,Cc1ccc(NC(=O)CN2C(=O)N/C(=C/c3cccn3-c3ccc(C(=O)O)cc3)C2=O)cc1,4.531209737900389,0.0,1,CHEMBL1293297,CHEMBL1614471
CHEMBL3628359,CCOC(=O)c1cnc2ccccc2c1Nc1ccc(NCCCN2CCN(CC)CC2)cc1,5.488116639021126,0.0,1,CHEMBL3430898,CHEMBL3630322
CHEMBL3753673,C=CCOc1nc2ccccc2cc1C(c1cc2ccccc2nc1OCC=C)C(O)(CCN(C)C)c1ccc(Br)cc1,6.552841968657781,0.0,1,CHEMBL2364166,CHEMBL3757365
CHEMBL4439697,CCOC(=O)C1=C(C)Oc2nc(C)n(Cc3cn([C@@H]4O[C@H](COC(C)=O)[C@@H](OC(C)=O)[C@H](OC(C)=O)[C@H]4OC(C)=O)nn3)c(=O)c2C1c1cc(OC)c(O)c(OC)c1,5.653647025549361,0.0,1,CHEMBL4295521,CHEMBL4372872
CHEMBL3959226,CC(C)n1cnc(S(=O)(=O)N2CCC(C(=O)NCc3ccc(Cl)cc3)CC2)c1,5.425968732272281,0.0,1,CHEMBL3988585,CHEMBL3887425
CHEMBL3394239,CCc1cc2[nH]c(=O)c(C)c(C)c2c(CC)n1,3.876148359032914,0.0,1,CHEMBL2361,CHEMBL3396196
CHEMBL4514991,CC1(c2ccc(S(=O)(=O)NCC(F)(F)F)cc2)NC(=O)N(CC(=O)c2ccc(F)cc2F)C1=O,4.499999953328896,0.0,1,CHEMBL3804751,CHEMBL4406692
CHEMBL3403257,Cc1cc(N2CCC(NC(=O)Nc3ccc([N+](=O)[O-])cc3)CC2)c2cc(F)ccc2n1,5.669586226650809,0.0,1,CHEMBL3430898,CHEMBL3405737
CHEMBL3633777,O=C(NNC(=S)NCc1ccccc1)c1ccncc1,5.161150909262744,0.0,1,CHEMBL360,CHEMBL5144865
CHEMBL3403276,COc1ccc2nc(C)cc(N3CCC(NC(=S)Nc4ccc(C)cc4)CC3)c2c1,5.100179497572904,0.0,1,CHEMBL3430898,CHEMBL3405737
CHEMBL3612341,O=C(Cn1cnc([N+](=O)[O-])n1)Nc1cccc(-c2ccccc2)c1,4.553119118971028,0.4499690086760477,8,CHEMBL360,CHEMBL4179593
CHEMBL3330960,COc1cc(NC(=S)NNC(=O)c2cc(C34CC5CC(CC(C5)C3)C4)c3ccccc3n2)cc(OC)c1OC,4.8399999311187,0.0,1,CHEMBL360,CHEMBL3380429
CHEMBL3491112,O=c1[nH]c(CCN2CCCC2Cn2cncn2)nc2ccccc12,4.464657388557626,0.0,1,CHEMBL360,CHEMBL4649971
CHEMBL5573832,CN1CCCC(CSc2nc(N)c3c4c(sc3n2)CCCC4)C1,6.823908740944319,0.0,1,CHEMBL3879870,CHEMBL5552577
CHEMBL5400105,Clc1cccc(COc2ccccc2CNCc2ccccc2)c1,5.187086643357144,0.0,1,CHEMBL3879870,CHEMBL5347210
CHEMBL3484790,O=c1[nH]c(NC2CCCC2)nc2nccc(-c3cccs3)c12,4.871581933552269,0.4156785661062629,2,CHEMBL4105939,CHEMBL4649965
CHEMBL572326,COc1ccc(-c2ncnc3c2ccn3[C@@H]2O[C@H](CO)[C@@H](O)[C@H]2O)cc1,5.740806209357677,2.991531594158773,2,CHEMBL360,CHEMBL3135671
CHEMBL3448506,CCn1ccc(-c2cc(NCCCOc3cccc(C)c3)nc(C)n2)n1,4.337636747524758,0.1581885880509483,2,CHEMBL360,CHEMBL4649971
CHEMBL4787991,O=c1nc(N2CCN(CC3CCCCC3)CC2)sc2c(Br)cc(C(F)(F)F)cc12,5.735182176990463,0.0,1,CHEMBL3804751,CHEMBL4710418
CHEMBL5274227,COC1=NOC2(CCN(C(=O)CCCl)CC2)C1,7.301029995663981,0.0,1,CHEMBL360,CHEMBL5246902
CHEMBL5440472,O=C(NCCc1ccc(C(=O)N2CCC2)cc1)c1nc(-c2ccc3ccoc3c2)no1,6.698970004336019,0.0,1,CHEMBL4105939,CHEMBL5375438
CHEMBL521577,O=c1cc(Cc2ccccc2)[nH]c2c(-c3ccc(Cl)cc3)c(C(F)(F)F)nn12,4.853871964321762,0.0,1,CHEMBL5091,CHEMBL989742
CHEMBL2017711,c1ccc(-c2nc(Nc3cc(C4CC4)[nH]n3)c3ccccc3n2)cc1,6.356547323513812,0.0,1,CHEMBL1908385,CHEMBL2020901
CHEMBL1364221,O=C(O)c1ccc(Nc2cc(Cl)c3nonc3c2[N+](=O)[O-])cc1,4.036401037402759,0.0,1,CHEMBL1293297,CHEMBL1614471
CHEMBL560684,COc1ccc(C(=O)Nc2cc(Cl)cc(Cl)c2)cc1[N+](=O)[O-],5.149966742310231,0.0,1,CHEMBL1849,CHEMBL1059058
CHEMBL5280742,Cc1nc2cc(NC(=O)c3cc4sc(N5CCOCC5)nc4s3)ccc2o1,6.537860356969059,0.3222192947339195,2,CHEMBL360,CHEMBL5223484
CHEMBL3975252,COc1ccc(NC(=O)C2CCN(S(=O)(=O)c3cn(C(C)C)cn3)CC2)cc1OC,5.73754891026957,0.0,1,CHEMBL3988585,CHEMBL3887425
CHEMBL3930701,CCOc1ccc(NC(=O)C2CCN(S(=O)(=O)c3cn(C(C)C)cn3)CC2)cc1,5.663540266151471,0.0,1,CHEMBL3988585,CHEMBL3887425
CHEMBL5198825,CC(C)[C@@H](C)/C=C/[C@@H](C)[C@@]1(C)C[C@H]2C3=C4[C@@H](C=C5C[C@@H](O)CC[C@]5(C)[C@H]4CC[C@@]31C)[C@H](C(=O)O)[C@H]2C(=O)O,4.82102305270683,0.0,1,CHEMBL4540,CHEMBL5108712
CHEMBL205119,C=Cc1cc(O)cc2c1-c1ccc(O)c(C)c1CC2,4.6020599913279625,0.0,1,CHEMBL1938225,CHEMBL1942013
CHEMBL4206018,O=C(Cn1cnc([N+](=O)[O-])n1)Nc1cc(-c2ccc(Cl)cc2)no1,4.017728766960432,0.0,1,CHEMBL360,CHEMBL4179593
CHEMBL4874579,Cc1cn(C2CCN(Cc3cncc(Oc4cccc(Cl)c4)c3)CC2)c(=O)[nH]c1=O,6.113509274827518,0.0,1,CHEMBL2361,CHEMBL4832952
CHEMBL4440705,O=S(=O)(Nc1ccc(-c2nc3ccccc3o2)cc1)c1ccc(Cl)cc1,4.337242168318426,0.0,1,CHEMBL4295521,CHEMBL4388634
CHEMBL5083712,CNC(=O)c1c(-c2ccc(O)cc2)oc2ccc(O)c(CN3CCC(F)CC3)c12,5.769551078621726,0.0,1,CHEMBL4105939,CHEMBL5038057
CHEMBL4850442,Cc1cn(C2CCN(Cc3cccc(OC4CCCC4)c3)CC2)c(=O)[nH]c1=O,4.494850021680094,0.0,1,CHEMBL2361,CHEMBL4832952
CHEMBL1456386,O=c1c(C(c2ccccn2)c2c(O)oc3ccccc3c2=O)c(O)oc2ccccc12,3.817129036011091,0.0,1,CHEMBL1293297,CHEMBL1614471
CHEMBL4522496,COc1ccc(S(=O)(=O)Nc2ccc3oc(-c4ccc(NS(=O)(=O)c5ccc(Cl)s5)cc4)nc3c2)cc1,5.017728766960431,0.0,1,CHEMBL4295521,CHEMBL4388634
CHEMBL264434,CCCCCCc1ccc(Oc2ccccc2N)c(O)c1,4.499804155227534,5.415608310548425,2,CHEMBL1849,CHEMBL936672
CHEMBL1442788,Cc1c(Cl)sn(-c2ccc(Cl)cc2)c1=O,3.9264282716950754,0.0,1,CHEMBL1293297,CHEMBL1614471
CHEMBL392193,COc1c(C)cc(Cl)c2c1C(=O)C=CC2=O,4.499955006507106,7.193910013001901,2,CHEMBL360,CHEMBL3077583
CHEMBL1946956,O=C(CCCC(F)(F)F)N1CCC(c2nc(-c3nccs3)no2)CC1,6.3979400086720375,0.0,2,CHEMBL1772929,CHEMBL1947973
CHEMBL1353221,O=c1ccc2[n+]([O-])c3ccc([O-])cc3oc-2c1.[Na+],4.226286674722978,0.0,1,CHEMBL1293297,CHEMBL1614471
CHEMBL409299,CC(C)(C)C1CCc2onc(C(=O)Nc3cnn(Cc4ccc(C(=O)O)cc4)c3)c2C1,6.337242168318426,0.0,1,CHEMBL6069,CHEMBL935788
CHEMBL4097528,CCOC(=O)c1c(NC(=O)c2c(F)c(F)c(F)c(F)c2F)sc2c1CCN(CC)C2,5.251811972993799,0.0,1,CHEMBL360,CHEMBL5265670
CHEMBL2391045,c1ccc2sc(CNc3ccc(N4CCCCC4)cc3)nc2c1,4.801342913045577,0.0,1,CHEMBL2390811,CHEMBL2395747
CHEMBL5416092,COc1cccc(-c2noc(C(=O)NCCc3ccc(C(=O)N4CCC4)cc3)n2)c1,6.698970004336019,0.0,1,CHEMBL4105939,CHEMBL5375438
CHEMBL5281133,O=C(CCC(F)(F)F)N1CCC(c2ccc(F)nc2F)CC1,8.0,0.0,1,CHEMBL360,CHEMBL5246902
CHEMBL551843,N[C@@H](Cc1c[nH]cn1)C(=O)NNC(=O)c1cc(C23CC4CC(CC(C4)C2)C3)c2ccccc2n1,5.7299993321845495,0.0,1,CHEMBL360,CHEMBL1030449
CHEMBL3438666,COC(=O)[C@H](CCSC)NC(=O)Cn1ccc2c(Cl)cccc21,4.150809833785982,0.0,1,CHEMBL360,CHEMBL4649971
CHEMBL4445241,CNS(=O)(=O)c1ccc(C2(C)NC(=O)N(CC(=O)c3ccc(F)cc3F)C2=O)cc1,6.0999990348465305,0.0,1,CHEMBL3804751,CHEMBL4406692
CHEMBL3488698,COCCCNC(=O)CN(C)C(=O)c1cc(Cl)ccc1O,4.05665647466152,0.0,1,CHEMBL360,CHEMBL4649971
CHEMBL964,CCN(CC)C(=S)SSC(=S)N(CC)CC,4.07042782092345,0.0,1,CHEMBL1293297,CHEMBL1614471
CHEMBL4444064,CC1(c2ccc(S(N)(=O)=O)cc2)NC(=O)N(CC(=O)c2ccc3ccccc3c2)C1=O,6.299997602857746,0.0,1,CHEMBL3804751,CHEMBL4406692
CHEMBL4280239,Cc1c(CN2CCOCC2)cc(-c2ccc(C(C)C)cc2)n1CC(C)C,7.096910013008056,0.0,1,CHEMBL360,CHEMBL4255037
CHEMBL5188423,O=C(CCCN1CCC(O)(c2ccc(F)cc2)CC1)c1ccc(Br)cc1,5.180456064458132,0.0,1,CHEMBL3879870,CHEMBL5108515
CHEMBL3331295,Cc1nc2ccccc2c(=O)n1CC(=O)NCc1nc2ccc([N+](=O)[O-])cc2s1,5.210419287835575,0.0,1,CHEMBL1849,CHEMBL3385192
CHEMBL4160822,Cl.NC1=NC2(CCCCC2)N(c2ccc(OCc3cn(CCCCOc4ccc5ccc(=O)oc5c4)nn3)cc2)C(N)=N1,6.086186147616283,0.0,1,CHEMBL6065,CHEMBL4146166
CHEMBL4848605,Cc1cn(C2CCN(Cc3cccc(Oc4cccc(C(F)(F)F)c4)c3)CC2)c(=O)[nH]c1=O,6.221848749616356,0.0,1,CHEMBL2361,CHEMBL4832952
CHEMBL3403255,Cc1cc(N2CCC(NC(=O)Nc3ccc(F)cc3)CC2)c2cc(F)ccc2n1,6.107905397309519,0.0,1,CHEMBL3430898,CHEMBL3405737
CHEMBL3628456,COc1ccc2ncc(C(=O)O)c(Nc3ccc(OCCCN4CCOCC4)cc3)c2c1,4.889410289700751,0.0,1,CHEMBL3430898,CHEMBL3630322
CHEMBL4101131,O=c1c(NCc2ccccn2)c(-c2ccc(N3CCOCC3)cc2)c1=O,7.522878745280337,0.0,1,CHEMBL2364166,CHEMBL5392054
CHEMBL5408054,O=c1[nH]cnc2c(Sc3ccc(O)cc3/C=C/P(=O)([O-])[O-])c[nH]c12.[Na+].[Na+],7.585026652029182,0.0,1,CHEMBL1169594,CHEMBL5341494
CHEMBL83747,O=C(NCCSSCCNC(=O)/C(Cc1ccc(O)c(Br)c1)=N/O)/C(Cc1ccc(O)c(Br)c1)=N/O,5.552841968657781,0.0,3,CHEMBL3703,CHEMBL752054
CHEMBL1182838,N=C(N)NCCc1cc2c(O)c(c1)Cc1cc(CCNC(=N)N)cc(c1O)Cc1cc(CCNC(=N)N)cc(c1O)Cc1cc(CCNC(=N)N)cc(c1O)C2,6.801029995663981,0.3979400086720375,2,CHEMBL360,CHEMBL3606843
CHEMBL4279400,S=C(N/N=C/c1ccc(Cl)c(Cl)c1)Nc1cccc2ccccc12,4.872895201635193,0.0,1,CHEMBL4542,CHEMBL4265149
CHEMBL1384403,COc1ccc(-c2nnc3oc(O)cc(C)c2-3)cc1,5.7265357273786535,0.0,1,CHEMBL1287620,CHEMBL2354305
CHEMBL318782,O=C1C(Cl)=C(Cl)C(=O)c2ccccc21,5.920818753952375,0.0,1,CHEMBL6068,CHEMBL4262457
CHEMBL5190404,COc1ccc(C(=O)CCCN2CCC(O)(c3ccc(Cl)cc3)CC2)cc1,4.3979400086720375,0.0,1,CHEMBL3879870,CHEMBL5108515
CHEMBL3342667,Nc1ncnc2c1c(-c1ccc3c4c(cccc14)CC3)cn2[C@@H]1O[C@H](CO)[C@@H](O)[C@H]1O,5.7594507517174005,0.0,1,CHEMBL360,CHEMBL3385546
CHEMBL5268487,COc1ccc2nc(C)cc(OCC(=O)Nc3cc(C)c(F)c(C)c3)c2c1,7.096910013008056,0.0,1,CHEMBL360,CHEMBL5253359
CHEMBL1911287,CO[C@H]1/C=C/O[C@@]2(C)Oc3c(C)c(N)c4c(c3C2=O)C(=O)C=C(NC(=O)/C(C)=C\C=C\[C@H](C)[C@H](O)[C@@H](C)[C@@H](O)[C@@H](C)[C@H](OC(C)=O)[C@@H]1C)C4=O,5.356547323513812,0.0,1,CHEMBL2006,CHEMBL1914226
CHEMBL4463501,COc1ccc(/C=N/Nc2nc(-c3ccc(F)cc3)cs2)cc1Br,4.903089986991944,0.0,1,CHEMBL4105844,CHEMBL4374802
CHEMBL4462237,Cc1cccc(S(=O)(=O)Nc2ccc3oc(-c4ccccc4)nc3c2)c1,4.200659450546418,0.0,1,CHEMBL4295521,CHEMBL4388634
CHEMBL5409433,CC(C)(C)c1ccc(-c2nnc(SCc3cc(=O)n4c(c3C3CC3)SCC4C(=O)O)o2)cc1,5.208309350979882,0.0,1,CHEMBL360,CHEMBL5363916
CHEMBL2420973,CCOC(=O)[C@H](Cc1ccccc1)NP(=O)(CCOCC(Cn1cnc2c(=O)[nH]c(N)nc21)OCCP(=O)(N[C@@H](Cc1ccccc1)C(=O)OCC)N[C@@H](Cc1ccccc1)C(=O)OCC)N[C@@H](Cc1ccccc1)C(=O)OCC,5.301029995663981,0.0,1,CHEMBL360,CHEMBL2422789
CHEMBL227799,O=C(NNC1CCCCC1)c1cc(C23CC4CC(CC(C4)C2)C3)c2ccccc2n1,7.110026361596004,0.0,1,CHEMBL360,CHEMBL914626
CHEMBL82519,O=C(CCCN1CCCCC1)c1ccc(F)cc1,6.2076083105017466,0.0,1,CHEMBL3879870,CHEMBL5108515
CHEMBL3134380,OC[C@H]1O[C@@H](n2ccc3c(-c4cccc5c4Oc4ccccc4S5)ncnc32)[C@H](O)[C@@H]1O,5.835647144215563,0.0,1,CHEMBL4105883,CHEMBL3135672
CHEMBL3126892,Cc1nc(N)c2c(-c3cccs3)cn([C@@H]3O[C@H](CO)[C@@H](O)[C@H]3O)c2n1,4.082494490447453,0.0,1,CHEMBL360,CHEMBL3129228
CHEMBL4294516,COC(=O)[C@]12CC[C@@H](C(C)COC(=O)CCC(=O)O)[C@@H]1[C@H]1CC[C@@H]3[C@@]4(C)CCC(=O)NC(C)(C)[C@@H]4CC[C@@]3(C)[C@]1(C)CC2,4.638272163982407,0.0,1,CHEMBL360,CHEMBL4252975
CHEMBL3884175,O=c1nc(N2CCN(Cc3ccc([N+](=O)[O-])cc3)CC2)sc2ccc(Cl)cc12,5.134896025358872,0.0,1,CHEMBL3430898,CHEMBL3875318
CHEMBL2361495,O=[N+]([O-])c1ccc(-c2ccc(/C=N/c3cccc4ccccc34)o2)cc1,5.089055594250021,0.0,1,CHEMBL1287620,CHEMBL2354305
CHEMBL2316898,O=C(O)c1cc2c(CCc3cccc(F)c3)c(-c3ccccc3)oc2cc1O,4.537602002101044,0.0,1,CHEMBL4542,CHEMBL2317721
CHEMBL3932643,Cc1cccc(NC(=O)C2CCN(S(=O)(=O)c3cn(C(C)C)cn3)CC2)c1,5.583359492661719,0.0,1,CHEMBL3988585,CHEMBL3887425
CHEMBL1911289,CO[C@H]1/C=C/O[C@@]2(C)Oc3c(C)c(N(C)C)c4c(c3C2=O)C(=O)C=C(NC(=O)/C(C)=C\C=C\[C@H](C)[C@H](O)[C@@H](C)[C@@H](O)[C@@H](C)[C@H](OC(C)=O)[C@@H]1C)C4=O,6.298432014944073,0.0,1,CHEMBL2006,CHEMBL1914226
CHEMBL2431009,CN(O)C(=O)CSC(c1cccc2ccccc12)P(=O)(O)O,6.259637310505756,0.0,1,CHEMBL5630,CHEMBL2434044
CHEMBL34259,CN(Cc1cnc2nc(N)nc(N)c2n1)c1ccc(C(=O)N[C@@H](CCC(=O)O)C(=O)O)cc1,8.05551732784983,0.6276140958003502,3,CHEMBL6065,CHEMBL3755621
CHEMBL1933086,Cc1ccc(C2=NN[C@@H](c3cn(-c4ccccc4)nc3-c3ccc(F)cc3)C2)cc1,5.269608779829726,0.0007821109922305,2,CHEMBL360,CHEMBL1936053
CHEMBL3448961,O=C1CO[C@H]2CN(Cc3cccc4[nH]ccc34)C[C@@H]2N1C1CCOCC1,4.2977853719125685,0.0,1,CHEMBL360,CHEMBL4649971
CHEMBL3628455,O=C(O)c1cnc2ccccc2c1Nc1ccc(OCCCN2CCOCC2)cc1,4.6611452537476765,0.0,1,CHEMBL3430898,CHEMBL3630322
CHEMBL4164850,CC(=O)N[C@@H](Cc1ccccc1)C(=O)NCC(=O)N[C@H]1C[C@@H](C(=O)N[C@@H](CCCCN)C(=O)N[C@@H](CCCCN)C(=O)N[C@@H](CCCNC(=N)N)C(=O)N[C@H]2C[C@@H](C(=O)N[C@@H](CCC(N)=O)C(=O)N[C@@H](CCCNC(=N)N)C(=O)N[C@@H](CCCNC(=N)N)C(=O)N[C@H]3C[C@@H](C(=O)NCCC(N)=O)N(CCCNC(=N)N)C3)N(CCCNC(=N)N)C2)N(CCCNC(=N)N)C1,5.425698672596953,1.0982044833610551,4,CHEMBL360,CHEMBL4154576
CHEMBL240318,O=C(c1cccc(Cl)c1)N1CCC(Cc2ccccc2)CC1,5.110629552284247,0.0012589740657205,2,CHEMBL360,CHEMBL3073615
CHEMBL2393580,CSCCNC1CCN(c2ccc(NC(=O)CCCCc3ccccc3)cc2)CC1,4.0,0.0,1,CHEMBL2390811,CHEMBL2395747
CHEMBL1713178,CCN(CC)S(=O)(=O)c1cccc(-n2sc3ccccc3c2=O)c1,6.041615157858432,0.0477727817960014,2,CHEMBL360,CHEMBL5330218
CHEMBL405655,CCCCCCc1ccc(Oc2cccnc2)c(O)c1,4.500543998651401,4.253087996756985,2,CHEMBL1849,CHEMBL936672
CHEMBL5407200,CCOC(=O)c1ccc2nc(C)cc(Nc3ccc(N4CCCC4)cc3)c2c1,4.663540266151471,0.0,1,CHEMBL1849,CHEMBL5387352
CHEMBL2024345,CC(C)(COP(=O)(O)OP(=O)(O)OC[C@H]1O[C@@H](n2cnc3c(N)ncnc32)[C@H](O)[C@@H]1OP(=O)(O)O)[C@@H](O)C(=O)NCCC(=O)NCCSC(=O)CCC(=O)c1ccc(Cl)cc1Cl,5.657577319177793,0.0,1,CHEMBL1275214,CHEMBL2027819
CHEMBL3237100,N#Cc1cc(F)ccc1/N=N/Nc1ccc(F)cc1C#N,4.809388202186395,0.0,1,CHEMBL360,CHEMBL3239483
CHEMBL5220158,COc1ccc2cc(-n3cc(COc4nc(-c5ccccn5)sc4C(N)=O)nn3)c(=O)oc2c1,6.301029995663981,0.0,1,CHEMBL3430898,CHEMBL5216123
CHEMBL239892,CC(C)(C)c1ccc(C(=O)N2CCN(c3cccc(C(F)(F)F)c3)CC2)cc1,4.0,0.0,1,CHEMBL360,CHEMBL3073615
CHEMBL2017725,Clc1ccccc1CCNc1nccc(Nc2cc(C3CC3)[nH]n2)n1,7.1938200260161125,0.0,1,CHEMBL1908385,CHEMBL2020901
CHEMBL3237097,Fc1ccc(C(F)(F)F)cc1/N=N/Nc1cc(C(F)(F)F)ccc1F,4.2295898684860935,0.0,1,CHEMBL360,CHEMBL3239483
CHEMBL4858644,Cc1cn(C2CCN(Cc3cccc(Oc4cc(C(F)(F)F)cc(C(F)(F)F)c4)c3)CC2)c(=O)[nH]c1=O,6.853871964321762,0.0,1,CHEMBL2361,CHEMBL4832952
CHEMBL3483888,CNc1ncc(CN(C)C(=O)c2cccc(Cn3cccn3)c2)cn1,5.001490447491898,0.0,1,CHEMBL4105939,CHEMBL4649965
CHEMBL3331281,Cc1nc2ccccc2c(=O)n1CC(=O)NCc1ccco1,5.163675884293248,0.0,1,CHEMBL1849,CHEMBL3385192
CHEMBL3394157,COc1cccc(-c2cc(-c3ccc(NC(C)=O)cc3)c(C#N)c(=O)[nH]2)c1,6.366531544420414,0.0,1,CHEMBL2361,CHEMBL3396196
CHEMBL3323166,CCOC(=O)c1cc2cc(N3CCN(C(=O)C4Cc5ccccc5N4)CC3)ccc2o1,6.075720713938118,0.0,1,CHEMBL3430898,CHEMBL3367585
CHEMBL1929426,CCOC(=O)Nc1cc(NC(C)CCCN(CC)CC)c2nc(-c3cccs3)c(-c3cccs3)nc2n1,4.464705879957229,0.0,1,CHEMBL4213,CHEMBL1931925
CHEMBL3323155,CCOC(=O)c1cc2cc(N3CCN(C(=O)Cc4ccc(Cl)cc4)CC3)ccc2o1,5.050609993355087,0.0,1,CHEMBL3430898,CHEMBL3367585
CHEMBL3323163,CCOC(=O)c1cc2cc(N3CCN(C(=O)c4ccc(C5CCOCC5)cc4)CC3)ccc2o1,6.040958607678906,0.0,1,CHEMBL3430898,CHEMBL3367585
CHEMBL4557187,C[C@@H]1C(=O)N[C@H](C2CCCCC2)C(=O)O[C@H](C)[C@H](NC(=O)c2ncccc2O)C(=O)N[C@@H](Cc2cccnc2)[C@@H]1O,3.5361070110140926,0.0,1,CHEMBL1849,CHEMBL4380941
CHEMBL559811,O=C1N=C(Nc2cc(Cl)cc(Cl)c2)S/C1=C/c1ccco1,4.7500682433658055,0.0,1,CHEMBL1849,CHEMBL1059058
CHEMBL4444439,COc1ccc(CNc2nc3cc(C(F)(F)F)ccc3nc2C(=O)O)cc1F,7.096910013008056,0.0,1,CHEMBL3804751,CHEMBL4371330
CHEMBL250630,CC1=C(O)C(C)(Cc2ccc(Oc3ccccc3)cc2)SC1=O,4.823908740944319,0.0,1,CHEMBL3640,CHEMBL940953
CHEMBL2094386,CC(=O)C(C(C)=O)C1=CC(=O)C(=O)c2ccccc21,5.667561540084395,0.0,1,CHEMBL3988585,CHEMBL3887425
CHEMBL5399523,Fc1ccc(COc2ccc(CNCc3cccnc3)cc2)cc1,5.4089353929735005,0.0,1,CHEMBL3879870,CHEMBL5347210
CHEMBL4217308,O=C(O)c1noc(-c2ccccc2)c1-c1cccc(-c2cc(Cl)c(O)c(Cl)c2)c1,5.9430283238465815,0.4164234143660508,4,CHEMBL4540,CHEMBL4201110
CHEMBL81935,O=c1c(C(c2ccc([N+](=O)[O-])cc2)c2c(O)oc3ccccc3c2=O)c(O)oc2ccccc12,3.9122540652152655,0.0,1,CHEMBL1293297,CHEMBL1614471
CHEMBL428787,CC(C)(C)C1CCc2onc(C(=O)Nc3cnn(Cc4ccc5ccccc5c4)c3)c2C1,7.045757490560675,0.0,1,CHEMBL6069,CHEMBL935788
CHEMBL586115,Nc1nc(N)c2cc(C(F)(F)F)ccc2n1,7.649751981665837,0.0,1,CHEMBL6065,CHEMBL5234352
CHEMBL216748,Cc1cc(NC(=O)C2CC(=O)N(C3CCCCC3)C2)ccc1Br,4.427012291801795,0.0,1,CHEMBL1849,CHEMBL907779
CHEMBL99203,Nc1ncnc2c1c(I)cn2[C@@H]1O[C@H](CO)[C@@H](O)[C@H]1O,5.920818753952375,0.0,1,CHEMBL4523271,CHEMBL4394894
CHEMBL3765314,Cc1nc2sccn2c1C(=O)NNC(=O)c1cccc2ccccc12,6.1938200260161125,0.0,1,CHEMBL6069,CHEMBL3766329
CHEMBL3967196,CCCCn1c(NC(=O)c2cccs2)c(C#N)c2nc3ccccc3nc21,6.0655015487564325,0.0,1,CHEMBL3988585,CHEMBL3887425
CHEMBL1934969,Nc1nc(-c2ccc(F)cc2)cc(-c2cn(-c3ccccc3)nc2-c2ccc(F)cc2)n1,4.432312265649079,0.0046244632736955,2,CHEMBL360,CHEMBL1936053
CHEMBL3899371,O=S(=O)(Nc1ccc(-c2nc3cc(NS(=O)(=O)c4ccccc4C(F)(F)F)ccc3o2)cc1)c1ccccc1C(F)(F)F,5.091514981121351,0.0,1,CHEMBL4295521,CHEMBL4388634
CHEMBL5091803,O=C(c1c(-c2ccc(O)cc2)oc2ccc(O)c(CN3CCC4(COC4)C3)c12)N1CC(F)C1,6.443697499232712,0.0,1,CHEMBL4105939,CHEMBL5038057
CHEMBL4859629,CN(Cc1coc(-c2ccccc2)n1)c1nc(=O)c2cc(S(C)(=O)=O)cc([N+](=O)[O-])c2s1,6.026872146400302,0.0,1,CHEMBL3804751,CHEMBL4831382
CHEMBL430853,Cc1cc(O)c2c(c1)C(=O)C=CC2=O,4.522878745280337,6.642123052678566,3,CHEMBL360,CHEMBL3077583
CHEMBL3126914,C#Cc1cn([C@@H]2O[C@H](CO)[C@@H](O)[C@H]2O)c2ncnc(C)c12,4.367542707815276,0.0,1,CHEMBL360,CHEMBL3129228
CHEMBL3885446,COc1ccc2c(c1)C(=O)C(=O)N2CCN1CCN(NCc2ccccc2)CC1,4.31695296176115,0.0,1,CHEMBL3430898,CHEMBL3875318
CHEMBL2316901,C#Cc1c(-c2ccccc2)oc2cc(O)c(C(=O)O)cc12,4.200659450546418,0.0,1,CHEMBL4542,CHEMBL2317721
CHEMBL220746,CC(C)=CCc1c(O)cc2c(c1O)C(=O)C[C@@H](c1cc3c(cc1O)OC(C)(C)C=C3)O2,5.294992040666664,0.2722491120130108,3,CHEMBL4542,CHEMBL4253917
CHEMBL212414,Cc1ccc(NC(=O)CN2C(=O)N/C(=C\c3cccn3-c3cccc(C(=O)O)c3)C2=O)cc1,3.988979644483743,0.0,1,CHEMBL1293297,CHEMBL1614471
CHEMBL1386332,Cc1cc(C)nc(SCc2nc3ncccn3c2Br)n1,5.831207979685818,0.0,1,CHEMBL1287620,CHEMBL2354305
CHEMBL459306,O=C(CC(NC(=O)c1ccccc1)c1ccccc1)Nc1nc2ccc([N+](=O)[O-])cc2s1,5.221848749616356,0.0,1,CHEMBL6086,CHEMBL1034865
CHEMBL455414,O=C(O)CCS(=O)(=O)c1cc(O)c2ccccc2c1O,8.452225294612177,0.0,1,CHEMBL3640,CHEMBL1010089
CHEMBL1796113,O=C(NCCN1CCCCCC1)c1ccc2c(c1)N(Cc1cccc(Cl)c1)C(=O)c1ccccc1[S+]2[O-],4.0,0.0,1,CHEMBL1744527,CHEMBL1798854
CHEMBL2325114,O=C1N=C2C(C(=O)N=C3SC([N+](=O)[O-])=CN32)C(c2ccccc2C(F)(F)F)N1,4.752026733638194,0.0,2,CHEMBL2321612,CHEMBL2327220
CHEMBL251035,CC1=C(O)C(C)(Cc2ccc(-c3ccc(Cl)cc3)cc2)SC1=O,3.886056647693163,0.0,1,CHEMBL3640,CHEMBL940953
CHEMBL8085,NCCCC[C@H](N)C(=O)O,0.6020599913279624,0.0,1,CHEMBL6063,CHEMBL4334766
CHEMBL3946182,O=C(Nc1ccc2c(c1)C(N1CCN(C(=O)c3ccc4[nH]ccc4c3)CC1)c1ccccc1-2)c1cccs1,6.158015195409886,0.0,1,CHEMBL613086,CHEMBL3880092
CHEMBL4450124,COc1ccc(S(=O)(=O)Nc2ccc3oc(-c4ccccc4)nc3c2)cc1,4.136677139879544,0.0,1,CHEMBL4295521,CHEMBL4388634
CHEMBL4085115,CCC(C)c1ccc(Nc2nc(CC(=O)O)cs2)cc1,6.090887053193022,3.137173193025311,4,CHEMBL360,CHEMBL4045152
CHEMBL3355791,CCOC(=O)c1cc2cc(N3CCN(C(=S)Nc4ccc(C(C)=O)cc4)CC3)ccc2o1,4.772113295386326,0.0,1,CHEMBL3430898,CHEMBL3390735
CHEMBL3823497,C=C1C(=O)OC2(C(=O)Nc3ccccc32)C1c1ccccc1,4.962573502059376,0.0,1,CHEMBL5291952,CHEMBL5260790
CHEMBL3468857,CCC(C)CNc1ccc2oc(COC)nc2c1,4.380568482351247,0.1106032226109423,2,CHEMBL4662921,CHEMBL4649947
CHEMBL5595861,O=C(O)C(C[C@H]1OC(O)[C@H](O)[C@@H]1O)C(=O)O,3.09151498112135,0.0,1,CHEMBL1770044,CHEMBL5580308
CHEMBL501551,Cc1ccc(SC2=CC(=O)c3ccccc3C2=O)cc1,6.950781977329818,0.0,1,CHEMBL3640,CHEMBL1010089
CHEMBL1823496,CCCCCCCCCCC#Cc1cn([C@H]2C[C@H](O)[C@@H](COP(=O)([O-])[O-])O2)c(=O)[nH]c1=O.[Na+].[Na+],4.555955204081924,0.0,1,CHEMBL1795161,CHEMBL1827108
CHEMBL3633322,O=C(Cn1cnc([N+](=O)[O-])n1)N1CCN(C(c2ccccc2)c2ccc(Cl)cc2)CC1,4.378729285850808,0.804480189105993,8,CHEMBL360,CHEMBL4179593
CHEMBL3472955,CCSCCNc1cc(C)nc2c(C)c(C)nn12,4.629334462234335,0.0,1,CHEMBL360,CHEMBL4649971
CHEMBL3403248,COc1ccc2nc(C)cc(N3CCC(NC(=O)Nc4ccccc4)CC3)c2c1,5.030584087646019,0.0,1,CHEMBL3430898,CHEMBL3405737
CHEMBL3355793,CCOC(=O)c1cc2cc(N3CCN(C(=S)Nc4ccc(OC)cc4)CC3)ccc2o1,4.703334809738469,0.0,1,CHEMBL3430898,CHEMBL3390735
CHEMBL4865732,Cc1cn(C2CCN(Cc3cncc(Oc4cccc(OC(F)(F)F)c4)c3)CC2)c(=O)[nH]c1=O,6.091514981121351,0.0,1,CHEMBL2361,CHEMBL4832952
CHEMBL3884309,Cc1ccc2c(c1)C(=O)C(=O)N2CCN1CCN(NCc2ccccc2F)CC1,4.301029995663981,0.0,1,CHEMBL3430898,CHEMBL3875318
CHEMBL3121935,NC(=O)c1c(NC(=O)c2ccc([N+](=O)[O-])s2)sc2c1CCN(C(=O)Nc1ccc(Cl)cc1)C2,4.990549104201306,0.0,1,CHEMBL6069,CHEMBL3123111
CHEMBL2425404,CC(C)C[C@H](NC(=O)[C@H](CO)NC(=O)[C@@H](NC(=O)[C@@H](N)C(C)C)[C@@H](C)O)C(=O)N[C@@H](CCCCN)C(=O)N[C@@H](C)C(=O)N[C@H](C(=O)O)[C@@H](C)O,3.642065152999546,0.0,1,CHEMBL1667699,CHEMBL2429128
CHEMBL3237104,N#Cc1ccc(/N=N/Nc2ccc(C#N)c(C(F)(F)F)c2)cc1C(F)(F)F,5.705533773838407,0.0,1,CHEMBL360,CHEMBL3239483
CHEMBL1814767,Nc1ncnc2c1c(-c1ccco1)cn2[C@@H]1O[C@H](CO)[C@@H](O)[C@H]1O,4.7594507517174005,0.0,2,CHEMBL360,CHEMBL3129228
CHEMBL387284,CC(C)c1cccc(NC(=O)C2CC(=O)N(C3CCCCC3)C2)c1,5.255707016877324,0.0,1,CHEMBL1849,CHEMBL907779
CHEMBL3740159,COc1cnc2ccc(=O)n(CCN3CCN(Cc4ccc(Cl)cc4)CC3)c2c1,6.091514981121351,0.0,1,CHEMBL3430898,CHEMBL3745429
CHEMBL3456945,O=C(OCC1CCN(c2ccccc2)C1)c1cscn1,4.953942233046545,0.8588284786721099,2,CHEMBL4105939,CHEMBL4649965
CHEMBL4591748,Cc1c(S(=O)(=O)Nc2cccc(CN)c2)sc2ccc(F)cc12,6.6020599913279625,0.0,1,CHEMBL1849,CHEMBL4405868
CHEMBL570092,OC[C@H]1O[C@@H](n2cc(Cl)c3c(-c4ccsc4)ncnc32)[C@H](O)[C@@H]1O,5.301965742099847,2.6001884984562293,2,CHEMBL360,CHEMBL3135671
CHEMBL3134387,CCCCCCCCCCCCCCCCCCOP(=O)(O)OC[C@H]1O[C@@H](n2ccc3c(-c4cc5ccccc5o4)ncnc32)[C@H](O)[C@@H]1O,4.029699624597822,0.0,1,CHEMBL360,CHEMBL3135671
CHEMBL4861127,Cc1ccc(Oc2cccc(CN3CCC(n4cc(C)c(=O)[nH]c4=O)CC3)c2)cc1,4.920818753952375,0.0,1,CHEMBL2361,CHEMBL4832952
CHEMBL4447455,COc1ccc(Cl)cc1S(=O)(=O)Nc1ccc(-c2nc3cc(NS(=O)(=O)c4ccc(Cl)s4)ccc3o2)cc1,5.468521082957745,0.0,1,CHEMBL4295521,CHEMBL4388634
CHEMBL3475250,CC1(c2ccccc2)CCCN(Cc2cncn2C2CC2)C1,4.339921136271152,0.0,1,CHEMBL360,CHEMBL4649971
CHEMBL5085726,CS(=O)(=O)c1cc([N+](=O)[O-])c2sc(N3CCCN(CC4CCCC4)CC3)nc(=O)c2c1,5.356547323513812,0.0,1,CHEMBL3804751,CHEMBL5050652
CHEMBL1341468,O=C(NC1CCCCC1)c1ccc2nc(O)c(O)nc2c1,5.626720106722504,0.0,1,CHEMBL1287620,CHEMBL2354305
CHEMBL4567660,COc1ccc(Cl)cc1S(=O)(=O)Nc1ccc(-c2nc3ccccc3o2)cc1,4.537602002101044,0.0,1,CHEMBL4295521,CHEMBL4388634
CHEMBL239673,Cc1ccc(C(=O)N2CCN(c3cccc(Cl)c3)CC2)cc1C,6.00436480540245,0.0043648054024503,3,CHEMBL360,CHEMBL1228528
CHEMBL3248231,O=C(O)C(=O)Nc1ccccc1,5.267606240177032,0.0,2,CHEMBL4295521,CHEMBL4626292
CHEMBL118823,CCCCCCCCCP(=O)(OCC)OCCN1C(=O)c2ccccc2C1=O,4.590320503998632,0.0005072546598503,2,CHEMBL4624,CHEMBL652028
CHEMBL5564800,CN(CC#CC1CCCCC1)c1nc(=O)c2cc(C(F)(F)F)cc([N+](=O)[O-])c2s1,7.744727494896693,0.0,1,CHEMBL3804751,CHEMBL5528588
CHEMBL258931,CCCCCCc1ccc(Oc2ncccn2)c(O)c1,4.499593066728349,1.173186161775868,2,CHEMBL1849,CHEMBL936672
CHEMBL3753934,Cc1ccc(-c2nc3ccc(-c4ccc5nc(-c6ccc(C)cc6)[nH]c5c4)cc3[nH]2)cc1,5.698970004336019,0.0,1,CHEMBL3430898,CHEMBL3755401
CHEMBL4459602,CC1(c2ccc(S(N)(=O)=O)cc2)NC(=O)N(CC(=O)c2ccc(Cl)s2)C1=O,7.0,0.0,1,CHEMBL3804751,CHEMBL4406692
CHEMBL3448427,COc1ccc(CNC(Cc2ccsc2)c2ccc(C)cn2)c(OC)c1,4.748080856352382,0.0,1,CHEMBL360,CHEMBL4649971
CHEMBL4062801,NCC1OB(O)c2c3c(cc(Br)c21)OCO3.O=C(O)C(F)(F)F,6.214670164989233,0.0,1,CHEMBL4105844,CHEMBL4020311
CHEMBL3310302,Cc1ccc(C(=O)NNC(=O)c2c(C)nc3ccccn23)cc1,5.474955192963154,0.0,1,CHEMBL6069,CHEMBL3365136
CHEMBL4211060,O=C(O)c1noc(-c2ccccc2)c1-c1cccc(-c2ccc(O)c(Cl)c2)c1,6.045757490560675,0.0,1,CHEMBL4295521,CHEMBL4201103
CHEMBL4551610,COc1ccc(/C=C/C(C)=N/Nc2nc(-c3c(OC)cccc3OC)cs2)cc1OC,5.097930283832325,0.3657553253006362,6,CHEMBL360,CHEMBL4427455
CHEMBL1504655,Cc1ccc(C)n1-c1sccc1C(=O)O,4.328734567052842,0.0,1,CHEMBL1293297,CHEMBL1614471
CHEMBL3461868,Cc1ccc(C)c(OC2CCN(C(=O)CNc3ccccc3Cl)CC2)c1,4.933893584691671,0.0733527389215673,2,CHEMBL4105939,CHEMBL4649965
CHEMBL1818383,COc1c(N2C(C)CN(C(=O)CC[N+](=O)[O-])CC2C)c(F)cc2c(=O)c(C(=O)O)cn(C3CC3)c12,7.0,0.0,1,CHEMBL1667699,CHEMBL1820652
CHEMBL3967047,O=[N+]([O-])c1ccccc1S(=O)(=O)Nc1ccc(-c2nc3cc(NS(=O)(=O)c4ccccc4[N+](=O)[O-])ccc3o2)cc1,5.0,0.0,1,CHEMBL4295521,CHEMBL4388634
CHEMBL4637459,O=C(O)C(=O)Nc1ccc(C#Cc2ccc(C(F)(F)F)cc2)cc1,7.043888971733793,2.7533276666586115,6,CHEMBL4295521,CHEMBL4626292
CHEMBL5423166,Cc1cc(Nc2ccc(N3CCCCC3)cc2)c2cc([N+](=O)[O-])ccc2n1,4.730487055782084,0.0,1,CHEMBL1849,CHEMBL5387352
CHEMBL4532359,CCc1ccc(S(=O)(=O)Nc2ccc(-c3nc4ccccc4o3)cc2)cc1,4.337242168318426,0.0,1,CHEMBL4295521,CHEMBL4388634
CHEMBL4102850,Cc1nc(-c2ccccc2)oc1-c1csc(Cc2cccc(Cl)c2)n1,6.378729285850808,0.5190857562631983,2,CHEMBL360,CHEMBL4026075
CHEMBL3458645,Cc1cc(C)n(-c2cncc(NCCC(=O)NC(C)C)n2)n1,4.718032967387648,0.2017516509464965,2,CHEMBL4105939,CHEMBL4649965
CHEMBL5204853,N#Cc1ccc(C(=O)Nc2sccc2C(=O)NC(=O)OCC2CC2)cc1,4.724228099835068,0.0,1,CHEMBL3804751,CHEMBL5144258
CHEMBL3394236,N#Cc1c(-c2ccc(C(=O)NS(=O)(=O)c3ccccc3)cc2)c2c([nH]c1=O)-c1ccccc1OC2,8.698970004336019,0.0,1,CHEMBL2361,CHEMBL3396196
CHEMBL4447680,COc1cccc(S(=O)(=O)Nc2ccc(-c3nc4ccccc4o3)cc2)c1,4.173925197299174,0.0,1,CHEMBL4295521,CHEMBL4388634
CHEMBL5424519,CCNc1nc(Nc2c(CC)cccc2CC)ccc1F,5.142667503568732,0.0,1,CHEMBL5465373,CHEMBL5363735
CHEMBL1814768,Nc1ncnc2c1c(-c1cccs1)cn2[C@@H]1O[C@H](CO)[C@@H](O)[C@H]1O,5.325138859262188,0.0,2,CHEMBL360,CHEMBL3129228
CHEMBL5630876,CCCC[C@@H](C(=O)O)N1C(=O)/C(=C/c2ccc(-c3cccc(Cl)c3)cn2)SC1=S,6.275724130399211,0.0,1,CHEMBL6066201,CHEMBL5622563
CHEMBL3447690,Cc1ncc(CN)c(-c2cn(C)c3ccccc23)n1,4.050221839281829,0.0,1,CHEMBL4105939,CHEMBL4649965
CHEMBL427461,CC(C)NNC(=O)c1cc(C23CC4CC(CC(C4)C2)C3)c2ccccc2n1,4.779999975777493,0.0,1,CHEMBL360,CHEMBL914626
CHEMBL5288665,O=C(CCC(F)(F)F)N1CCC(c2cncc(Cl)n2)CC1,8.0,0.0,1,CHEMBL360,CHEMBL5246902
CHEMBL354676,O=C(Nc1ccccc1)Nc1ccccc1,7.721246399047171,0.0,1,CHEMBL1795155,CHEMBL1819932
CHEMBL560683,COc1cc(Cl)cc(/C=C2/SC(c3ccccc3)=NC2=O)c1O,4.980053318321158,0.0,1,CHEMBL1849,CHEMBL1059058
CHEMBL4563250,CC1(c2ccc(C#N)cc2)NC(=O)N(CC(=O)c2cccnc2)C1=O,4.600000074606178,0.0,1,CHEMBL3804751,CHEMBL4406692
CHEMBL194868,Nc1ccc(SSCCNC(=O)/C(Cc2cccc(Br)c2)=N/O)cc1,3.7328282715969854,0.0,2,CHEMBL3703,CHEMBL881945
CHEMBL5438652,Clc1cccc(COc2ccccc2CNCc2ccncc2)c1,5.050609993355087,0.0,1,CHEMBL3879870,CHEMBL5347210
CHEMBL2316904,O=C(O)c1cc2c(C#Cc3cccc(F)c3)c(-c3ccccc3)oc2cc1O,5.2839966563652006,0.0,1,CHEMBL4542,CHEMBL2317721
CHEMBL3470848,Cn1cnc(-c2nc(C(=O)NCCN3CCOCC3)c3ccccn23)c1,4.6367034847569455,0.3388790473077492,2,CHEMBL4105939,CHEMBL4649965
CHEMBL262360,CCCCCCc1ccc(Oc2ccc(NC(C)=O)cc2)c(O)c1,4.499528323583052,2.773056648220224,2,CHEMBL1849,CHEMBL936672
CHEMBL4467368,O=c1ccc2cc(S(=O)(=O)Nc3ccc(-c4nc5cc(NS(=O)(=O)c6ccc(Cl)s6)ccc5o4)cc3)ccc2o1,5.259637310505756,0.0,1,CHEMBL4295521,CHEMBL4388634
CHEMBL3461834,Cc1ccc(NS(=O)(=O)c2cnn(-c3ccccc3)c2)c(C(=O)O)c1,4.667912210634011,0.0407644660338464,2,CHEMBL4662928,CHEMBL4649941
CHEMBL540475,COc1cc(Cl)ccc1NC(=O)c1ccc(C)c([N+](=O)[O-])c1,5.300162274132754,0.0,1,CHEMBL1849,CHEMBL1059058
CHEMBL1477902,CC(=O)NN1C(=O)c2ccccc2NC1c1ccccn1,5.45742352373947,0.0,1,CHEMBL1287620,CHEMBL2354305
CHEMBL3088176,Cc1csc(C(C)(O)c2nnc(NC(=O)Cc3c(F)cccc3F)s2)n1,6.698970004336019,0.0,1,CHEMBL1849,CHEMBL3089491
CHEMBL2420972,CC(C)(C)C(=O)SCCOP(=O)(CC(=O)N1CC[C@H](n2cnc3c(=O)[nH]c(N)nc32)C1)OCCSC(=O)C(C)(C)C,5.301029995663981,0.0,1,CHEMBL360,CHEMBL2422789
CHEMBL3637798,NC(=O)c1cc2ccc(CC(=O)c3cccs3)cc2s1,4.800000052738446,0.0,1,CHEMBL613086,CHEMBL3637832
CHEMBL4441394,O=S(=O)(Nc1ccc(-c2nc3cc(NS(=O)(=O)c4cccc5nonc45)ccc3o2)cc1)c1ccc(Cl)s1,5.0655015487564325,0.0,1,CHEMBL4295521,CHEMBL4388634
CHEMBL6163485,CN(O)C(=O)CSC(c1cccc(OCCCCCCN2C(=O)c3ccccc3C2=O)c1)P(=O)(O)O,5.769551078621726,0.0,1,CHEMBL5630,CHEMBL6125250
CHEMBL3409439,OC(c1cc(C23CC4CC(CC(C4)C2)C3)c2ccccc2n1)c1cccc2ccccc12,3.739999990121752,0.0,1,CHEMBL360,CHEMBL3412552
CHEMBL3935059,CC(C)c1ccc(NC(=O)CN(C)S(=O)(=O)c2cc(Br)cnc2N)cc1,6.075720713938118,0.0,1,CHEMBL3988585,CHEMBL3887425
CHEMBL1465048,CCOC(=O)c1cnc2ccc(C)cn2c1=O,5.909741947068683,0.0,1,CHEMBL1287620,CHEMBL2354305
CHEMBL3496711,CCc1n[nH]c(C2CN(C(=O)c3nc(C)n4ccccc34)CCO2)n1,4.835325740731607,0.1911917129714107,2,CHEMBL4105939,CHEMBL4649965
CHEMBL3752450,O=[N+]([O-])c1ccc(S(=O)(=O)Nc2ccc(Nc3c4ccccc4nc4ccc(Cl)cc34)cc2)cc1,5.091514981121351,0.0,1,CHEMBL3430898,CHEMBL3758003
CHEMBL1911306,CO[C@H]1/C=C/O[C@@]2(C)Oc3c(c4c5c(nn(CCO)c5c3C)C(=C(/C=N/N3CCN(C)CC3)C4=O)NC(=O)/C(C)=C\C=C\[C@H](C)[C@H](O)[C@@H](C)[C@@H](O)[C@@H](C)[C@H](OC(C)=O)[C@@H]1C)C2=O,6.856985199745905,0.0,1,CHEMBL2006,CHEMBL1914226
CHEMBL5630798,CCCC[C@@H](C(=O)O)N1C(=O)/C(=C/c2ccc(-c3ccncc3Cl)cc2)SC1=S,6.096910013008056,0.0,1,CHEMBL6066201,CHEMBL5622563
CHEMBL3752017,O=C(Nc1ccccc1)Nc1ccc(Nc2c3ccccc3nc3ccc(Cl)cc23)cc1,4.627087997029894,0.0,1,CHEMBL3430898,CHEMBL3758003
CHEMBL3125284,CCc1cc(C(=O)N[C@@H]2C[C@@H](C(=O)NCCN(C)C)N(C(=O)c3coc4ccccc34)C2)n(C)n1,6.769551078621726,0.0,1,CHEMBL1849,CHEMBL3132000
CHEMBL4873388,Cc1cn(C2CCN(Cc3cncc(Oc4ccccc4)c3)CC2)c(=O)[nH]c1=O,5.1938200260161125,0.0,1,CHEMBL2361,CHEMBL4832952
CHEMBL3403284,Cc1cc(N2CCC(NC(=S)Nc3ccc(F)cc3)CC2)c2cc(C(F)(F)F)ccc2n1,4.641303900426189,0.0,1,CHEMBL3430898,CHEMBL3405737
CHEMBL571631,OC[C@H]1O[C@@H](n2cc(F)c3c(-c4ccoc4)ncnc32)[C@H](O)[C@@H]1O,5.4319807626179095,2.7838559566528174,2,CHEMBL360,CHEMBL3135671
CHEMBL5424914,CCCN(C)c1ccc(CN2CCCC(Oc3cccc(Oc4ccccc4)c3)C2)cc1,4.619788758288394,0.0,1,CHEMBL4879548,CHEMBL5347778
CHEMBL213872,CCn1c2ccccc2c2cc(NC(=O)C3CC(=O)N(C4CCCCC4)C3)ccc21,5.590066876668706,0.0,1,CHEMBL1849,CHEMBL907779
CHEMBL3403249,COc1ccc2nc(C)cc(N3CCC(NC(=O)Nc4ccc(F)cc4)CC3)c2c1,4.8297382846050425,0.0,1,CHEMBL3430898,CHEMBL3405737
CHEMBL326268,CCCCCCCP(=O)(O)OCCN1C(=O)c2ccccc2C1=O,5.832682665251824,0.0,1,CHEMBL4624,CHEMBL652028
CHEMBL5172070,N#Cc1ccc(C(=O)Nc2sccc2C(=O)NC(=O)OCC2CC2)nc1,4.937794191180287,0.0,1,CHEMBL3804751,CHEMBL5144258
CHEMBL4553751,COc1ccc(C(=O)CN2C(=O)/C(=C\c3ccccc3Cl)SC2=S)cc1,4.815308569182401,0.0,1,CHEMBL1849,CHEMBL4481956
CHEMBL3935233,CC(C)n1cnc(S(=O)(=O)N2CCC(C(=O)NCc3ccc(F)cc3)CC2)c1,5.449771646944906,0.0,1,CHEMBL3988585,CHEMBL3887425
CHEMBL1807074,FC(F)(F)c1cc(Cl)ccc1/N=N/Nc1ccc(Cl)cc1C(F)(F)F,4.031703884953744,0.0,1,CHEMBL360,CHEMBL3239483
CHEMBL3331403,C=CCn1cc(CN(C2=CC(=O)c3ccccc3C2=O)c2ccc(F)cc2)nn1,5.231361898752385,0.0,1,CHEMBL360,CHEMBL3367829
CHEMBL3439526,Cc1nc(-n2nc(C3CC3)cc2NC(=O)C(C)C)[nH]c(=O)c1C,5.120494115214941,0.0,1,CHEMBL360,CHEMBL4649971
CHEMBL4288827,Cc1c(CN2CCOCC2)cc(-c2ccc(C(C)C)cc2)n1-c1ccc(F)cn1,6.221848749616356,0.0,1,CHEMBL360,CHEMBL4255037
CHEMBL1996017,CCOC(=O)c1nc2ccc(C(F)(F)F)cc2nc1NCc1ccc(OC)cc1,5.214670164989233,0.0,1,CHEMBL360,CHEMBL5265620
CHEMBL4545211,Cc1ccc(C(P(=O)(O)O)S(=O)(=O)CC(=O)N(C)O)cc1,3.844663962534938,0.0,1,CHEMBL5630,CHEMBL4407818
CHEMBL384149,COc1ccc(Cl)cc1NC(=O)C1CC(=O)N(C2CCCCC2)C1,5.795880017344075,0.0,1,CHEMBL1849,CHEMBL907779
CHEMBL215081,O=C(Nc1cc(Cl)ccc1Cl)C1CC(=O)N(C2CCCCC2)C1,4.247951552180561,0.0,1,CHEMBL1849,CHEMBL907779
CHEMBL177837,O=C(O)C(=O)CBr,4.756961951313706,0.0,1,CHEMBL4295587,CHEMBL4258182
CHEMBL4562717,O=S(=O)(Nc1ccc(-c2nc3ccccc3o2)cc1)c1ccc(F)cc1,4.1938200260161125,0.0,1,CHEMBL4295521,CHEMBL4388634
CHEMBL1762029,CC(C)CCC[C@@H](C)[C@H]1CC[C@H]2[C@@H]3[C@H](C)NC4=CC(=O)CC[C@]4(C)[C@H]3CC[C@]12C,5.096910013008056,0.0,1,CHEMBL1744528,CHEMBL1764602
CHEMBL3612338,O=C(Cn1cnc([N+](=O)[O-])n1)Nc1ccc(Oc2ccc(Cl)cc2)cc1,4.267606240177032,0.6494846412561,7,CHEMBL360,CHEMBL4179593
CHEMBL2165062,N#Cc1ccc2ccc(=O)n(CCN3CCC(NCc4cc5c(cn4)OCCO5)CC3)c2c1,5.978810700930062,0.0,1,CHEMBL3430898,CHEMBL3294030
CHEMBL1385977,CC1=CC2=NCC(O)CN2C=C1.Cl,5.291749111408622,0.0,1,CHEMBL1287620,CHEMBL2354305
CHEMBL1946998,O=C(O)c1ccc(/C=C/C(=O)c2ccc3ccccc3c2)cc1,4.920818753952375,0.0,1,CHEMBL4540,CHEMBL1948974
CHEMBL1765363,Cc1cc(F)ccc1S(=O)(=O)NCCCCCCn1cc(COc2ccc(-c3cc(C(=O)O)no3)c(C3CCCCC3)c2)nn1,6.508864383480216,0.6300887149282062,2,CHEMBL4540,CHEMBL1768070
CHEMBL3394146,CSc1cc(-c2cccc(Cl)c2)[nH]c(=O)c1C#N,5.721246399047171,0.0,1,CHEMBL2361,CHEMBL3396196
CHEMBL2425398,CSCC[C@H](NC(=O)[C@@H](N)[C@@H](C)O)C(=O)N[C@@H](Cc1cnc[nH]1)C(=O)N[C@@H](CC(C)C)C(=O)N[C@@H](CO)C(=O)N1CCC[C@H]1C(=O)N[C@@H](Cc1ccc(O)cc1)C(=O)O,3.8068754016455375,0.0,1,CHEMBL1667699,CHEMBL2429128
CHEMBL5176605,CC1CC(C)CN(CCCC(=O)c2ccc(C(C)(C)C)cc2)C1,3.6989700043360174,0.0,1,CHEMBL3879870,CHEMBL5108515
CHEMBL3342265,CN(O)C(=O)CCC(NC(=O)c1ccccc1)P(=O)(O)O,3.623423042943488,0.0,1,CHEMBL5630,CHEMBL3386562
CHEMBL5410238,O=C(O)C1CSc2c(C3CC3)c(-c3cn(-c4ccc5ccccc5c4)nn3)cc(=O)n21,5.132532512140949,0.0,1,CHEMBL360,CHEMBL5363916
CHEMBL1565164,O=C1Nc2ccccc2C(=O)C1(Cl)Cc1ccccc1,4.201142268252514,0.0,1,CHEMBL1293297,CHEMBL1614471
CHEMBL3884702,O=C1C(=O)N(CCN2CCN(NCc3ccccc3F)CC2)c2ccc(F)cc21,5.376750709602099,0.0,1,CHEMBL3430898,CHEMBL3875318
CHEMBL1439099,CCN(CC)CCOC(=O)C(Cc1cccc2ccccc12)CC1CCCO1.O=C(O)C(=O)O,3.399691571351062,0.0,1,CHEMBL6069,CHEMBL1799372
CHEMBL3125286,CCc1cc(C(=O)N[C@@H]2C[C@@H](C(=O)NCCNC(C)=O)N(C(=O)c3coc4ccccc34)C2)n(C)n1,7.698970004336019,0.0,1,CHEMBL1849,CHEMBL3132000
CHEMBL2435688,O=C(Nc1ccc([N+](=O)[O-])cc1)N1CCc2c(c(-c3ccccc3)nn2C(=O)c2ccccc2)C1,4.661543506395395,0.0,1,CHEMBL6069,CHEMBL2439105
CHEMBL5270065,O=C(CCC(F)(F)F)N1CCC(F)(c2cncc(Cl)c2)CC1,8.0,0.0,1,CHEMBL360,CHEMBL5246902
CHEMBL3823834,C=C1CC2(OC1=O)C(=O)Nc1ccc(I)cc12,5.180456064458132,0.0,1,CHEMBL5291952,CHEMBL5260790
CHEMBL3929580,COc1ccc(CC(=O)Nc2ccc3c(c2)C(N2CCN(C(=O)c4ccc5[nH]ccc5c4)CC2)c2ccccc2-3)cc1OC,6.360513510731414,0.0,1,CHEMBL613086,CHEMBL3880092
CHEMBL1348941,COC(=O)Nc1nnc(-c2ccccc2OC)s1,5.722161666997953,0.0,1,CHEMBL1287620,CHEMBL2354305
CHEMBL3884024,O=C1C(=O)N(CCN2CCN(NCc3ccccc3C(F)(F)F)CC2)c2ccc(Cl)cc21,5.309803919971486,0.0,1,CHEMBL3430898,CHEMBL3875318
CHEMBL332417,CC1=C(O)C(C)(Cc2cccc(-c3ccccc3)c2)SC1=O,3.6675615400843946,0.0,1,CHEMBL3640,CHEMBL648364
CHEMBL4563037,CC(C)=C/C=C\[C@H](C)[C@H]1CC[C@]2(C)C[C@@H]3C(C)=CC(=O)[C@H]3/C(C(=O)O)=C\C[C@@H]12,4.552841968657781,0.0,1,CHEMBL4295521,CHEMBL4390593
CHEMBL1371132,Cc1nc(Nc2ccc(C(=O)O)cc2)nc(Nc2ccc(C(=O)O)cc2)c1[N+](=O)[O-],3.6754911942529422,0.0,1,CHEMBL1293297,CHEMBL1614471
CHEMBL3126913,Cc1ncnc2c1c(-c1cc3ccccc3o1)cn2[C@@H]1O[C@H](CO)[C@@H](O)[C@H]1O,5.6777807052660805,0.0,1,CHEMBL360,CHEMBL3129228
CHEMBL3764470,Cc1ccc(C(=O)NNC(=O)c2c(C)nc3sccn23)cc1,5.30189945437661,0.0,1,CHEMBL6069,CHEMBL3766329
CHEMBL1477426,CSc1cc(-c2ccccc2)nc(O)c1C#N,5.721246399047171,0.0,1,CHEMBL2361,CHEMBL3396196
CHEMBL3436863,Cc1ccc2[nH]c(CO[C@H]3CN(c4ccc(C#N)cn4)C[C@H]3F)nc2c1,4.857041010097554,0.5648011947408262,2,CHEMBL4662931,CHEMBL4649972
CHEMBL249210,CC(=O)c1cccc(-c2ccc(CC3(C)SC(=O)C(C)=C3O)cc2)c1,3.823908740944319,0.0,1,CHEMBL3640,CHEMBL940953
CHEMBL4471444,CCOC(=O)C1=C(C)Oc2nc(C)n(Cc3cn([C@@H]4O[C@H](COC(C)=O)[C@@H](OC(C)=O)[C@H](OC(C)=O)[C@H]4OC(C)=O)nn3)c(=O)c2C1c1ccccc1[N+](=O)[O-],4.454321850207974,0.0,1,CHEMBL4295521,CHEMBL4372872
CHEMBL3468612,O=C(COCc1ccccc1Cl)N1CCN(c2ccc(Br)cn2)CC1,4.650003869731227,0.1346587790514624,2,CHEMBL4105939,CHEMBL4649965
CHEMBL4649071,O=C(O)C(=O)Nc1ccc(C#Cc2ccc(O)cc2)cc1,6.97469413473523,0.0,2,CHEMBL4295521,CHEMBL4626292
CHEMBL4292171,Cc1c(CN2CCOCC2)cc(-c2ccc(C(C)C)cc2)n1CC1CCOCC1,5.277366077466188,0.0,1,CHEMBL360,CHEMBL4255037
CHEMBL226768,O=C(NNC1CCCC1)c1cc(C23CC4CC(CC(C4)C2)C3)c2ccccc2n1,7.090016305060156,0.0,1,CHEMBL360,CHEMBL914626
CHEMBL3752202,Cc1cccc(Oc2ccc(-c3nc(N)nc(N)n3)cc2)c1C,4.5871196415350255,0.0,1,CHEMBL6065,CHEMBL3755621
CHEMBL4545571,CCOc1cc2c(=O)c(C(=O)O)cn(C)c2c2nnn(C)c12,4.549750891680639,0.0,1,CHEMBL3430898,CHEMBL4327479
CHEMBL5080370,CS(=O)(=O)c1cc([N+](=O)[O-])c2sc(N3CCN(CC4CCOCC4)CC3)nc(=O)c2c1,4.987162775294828,0.0,1,CHEMBL3804751,CHEMBL5050652
CHEMBL1381679,CCOc1ccc(NC(=O)NNC(=O)c2ccc3ccccc3c2O)cc1,5.501689446210399,0.0,1,CHEMBL1287620,CHEMBL2354305
CHEMBL1477721,CCCC(C(=O)Nc1ccc2c(C)cc(=O)oc2c1)c1ccccc1,5.911863911299449,0.0,1,CHEMBL1287620,CHEMBL2354305
CHEMBL1445039,O=C1NC(=S)S/C1=C\c1coc2ccc(O)cc2c1=O,3.951985709061945,0.0,1,CHEMBL1293297,CHEMBL1614471
CHEMBL4443260,O=C1C2=C(C(=O)c3c1cnc1ccc(C(F)(F)F)cc31)C1CCC2C1,5.251187603762405,0.6982773495131118,2,CHEMBL360,CHEMBL4362174
CHEMBL3323253,CCOC(=O)c1cc2cc(N3CCN(C(=O)c4ccccc4C(F)(F)F)CC3)ccc2o1,4.580044251510242,0.0,1,CHEMBL3430898,CHEMBL3367585
CHEMBL3099418,Cc1ccc(-c2cnnc(N3CCC(c4cccc(C(F)(F)F)c4)C3)n2)o1,3.4503837604809147,0.0,1,CHEMBL3137292,CHEMBL3101912
CHEMBL3448204,COc1cccc(CN2CCCC2c2cncc(Nc3nncs3)n2)c1,4.570127296663885,0.0,1,CHEMBL360,CHEMBL4649971
CHEMBL3884331,O=C(Nc1ccc(Cl)cc1)N1CCN(c2nc(=O)c3cc(C(F)(F)F)ccc3s2)CC1,4.97798426018228,0.0,1,CHEMBL3430898,CHEMBL3875318
CHEMBL4513591,O=S(=O)(Nc1ccc(-c2nc3ccccc3o2)cc1)c1cccc(Cl)c1,4.366531544420414,0.0,1,CHEMBL4295521,CHEMBL4388634
CHEMBL227546,CCCCP(=O)(OCC)OCc1ccccc1Oc1ccccc1,5.698970004336019,0.0,1,CHEMBL4624,CHEMBL915964
CHEMBL227657,O=C(N/N=C/c1ccco1)c1cc(C23CC4CC(CC(C4)C2)C3)c2ccccc2n1,7.100015437450609,0.0,1,CHEMBL360,CHEMBL914626
CHEMBL2024257,C[C@H](NC(CC(=O)c1ccccc1C(F)(F)F)C(=O)O)c1ccccc1,5.494850021680094,0.0,1,CHEMBL1275214,CHEMBL2027818
CHEMBL3491056,Cc1cnn(CC2CCCN2Cc2nc(C)c3ccccc3n2)c1,4.457766936395245,0.0,1,CHEMBL360,CHEMBL4649971
CHEMBL4521813,O=S(=O)(Nc1ccc(-c2nc3cc(NS(=O)(=O)c4ccc(Cl)s4)ccc3o2)cc1)c1ccccc1,5.173925197299174,0.0,1,CHEMBL4295521,CHEMBL4388634
CHEMBL1254721,CCCCCCCCCCCCc1cccc(C2(O)NC(=O)c3cnccc32)c1,5.081837942146624,0.1461280356782381,2,CHEMBL360,CHEMBL1250924
CHEMBL119521,CCCCCCP(=O)(O)OCC,5.448550002027125,0.0,2,CHEMBL4624,CHEMBL652028
CHEMBL1773785,O=C(Cc1ccccc1)N1CCC(c2nc(-c3cccs3)no2)CC1,5.251811972993799,0.0,1,CHEMBL1772929,CHEMBL1776262
CHEMBL561704,CC(C)(C)OC(=O)N[C@@H](CCCNC(=N)N)C(=O)NNC(=O)c1cc(C23CC4CC(CC(C4)C2)C3)c2ccccc2n1,7.26003230324049,0.0,1,CHEMBL360,CHEMBL1030449
CHEMBL4548800,COc1ccc(Cl)cc1S(=O)(=O)Nc1ccc2oc(-c3ccccc3)nc2c1,4.508638306165727,0.0,1,CHEMBL4295521,CHEMBL4388634
CHEMBL215478,O=C(C1CC(=O)N(C2CCCCC2)C1)N1CCN(C(c2ccccc2)c2ccc(F)cc2)CC1,5.193141970481182,0.0,1,CHEMBL1849,CHEMBL907779
CHEMBL590576,C=CCn1c2ccccc2c2nnc(S(=O)(=O)CCCn3c(=O)[nH]c4ccccc43)nc21,6.3979400086720375,0.0,1,CHEMBL4105851,CHEMBL1071690
CHEMBL3905781,C=CCOCc1ccccc1,6.119186407719209,0.0,1,CHEMBL3988584,CHEMBL3887424
CHEMBL491473,COc1cc2c(Oc3ccc4[nH]c(C)cc4c3F)ncnc2cc1OCCCN1CCCC1,5.017752330222454,1.2070185105357414,16,CHEMBL4662931,CHEMBL5379299
CHEMBL3637825,N#Cc1cc(C(F)(F)F)c2nc(C(=O)NCc3cccs3)c(Cl)n2c1,5.200000237109354,0.0,1,CHEMBL613086,CHEMBL3637832
CHEMBL463859,O=CN(O)C[C@@H](CC1CC1)C(=O)N1CCC[C@H]1c1nc2ccccc2o1,7.67778070526608,0.0,1,CHEMBL5765,CHEMBL1014575
CHEMBL5267127,COc1ccc(NC(=O)c2cc3sc(N4CCNCC4)nc3s2)cc1,5.270530069054837,0.8145012724224872,2,CHEMBL360,CHEMBL5223484
CHEMBL553790,O=[N+]([O-])c1cc(/N=C/c2ccc(Cl)cc2Cl)ccc1Cl,5.329754146925876,0.0,1,CHEMBL1849,CHEMBL1059058
CHEMBL1934947,Cc1ccc(C2=NN(C(=O)c3ccccc3)[C@@H](c3cn(-c4ccccc4)nc3-c3ccc(F)cc3)C2)cc1,5.519996652225607,7.190365515441499e-06,2,CHEMBL360,CHEMBL1936053
CHEMBL227437,O=C(N/N=C/c1ccc[nH]1)c1cc(C23CC4CC(CC(C4)C2)C3)c2ccccc2n1,7.100015437450609,0.0,1,CHEMBL360,CHEMBL914626
CHEMBL3402627,CCN(CC)Cc1cc(N(c2cc(C)nc3cc(Cl)ccc23)S(=O)(=O)c2ccc(Cl)cc2)ccc1O,6.443697499232712,0.0,1,CHEMBL2364166,CHEMBL4415642
CHEMBL3496038,CCc1nc(C2CCCN2C(=O)c2nc(C)n3ccccc23)no1,5.131558432065765,0.0905348111164139,2,CHEMBL4105939,CHEMBL4649965
CHEMBL3752020,COc1cccc(-c2nc3ccc(-c4ccc5nc(-c6cccc(OC)c6)[nH]c5c4)cc3[nH]2)c1,4.537602002101044,0.0,1,CHEMBL3430898,CHEMBL3755401
CHEMBL410040,CC(C)(C)OC(=O)c1ccc(Cn2cc(NC(=O)c3noc4c3CC(C(C)(C)C)CC4)cn2)cc1,6.6020599913279625,0.0,1,CHEMBL6069,CHEMBL935788
CHEMBL4082962,Cc1nc(-c2ccccc2)oc1-c1csc(-c2ccccc2)n1,5.098393024033291,0.0718218321012758,2,CHEMBL360,CHEMBL4026075
CHEMBL3125283,CCc1cc(C(=O)N[C@@H]2C[C@@H](C(=O)NCCOC)N(C(=O)c3coc4ccccc34)C2)n(C)n1,7.853871964321762,0.0,1,CHEMBL1849,CHEMBL3132000
CHEMBL1464738,C=CCNc1nc(Nc2ccc(-c3nc4ccccc4o3)cc2)nc(N2CCOCC2)n1,6.672620628707151,0.0,1,CHEMBL1287620,CHEMBL2354305
CHEMBL5186518,CC(C)[C@H]1CO[C@]23CCN(Cc4ccc(OC(F)(F)F)cc4)C[C@H]2CCC(=O)N13,7.3156706438038865,1.4771212547196626,4,CHEMBL360,CHEMBL5154110
CHEMBL178884,Cc1c(Cc2ccccc2)c2cc(S(=O)(=O)O)ccc2n1C(=O)c1ccc(-c2ccccc2)cc1,6.366531544420414,0.0,1,CHEMBL4540,CHEMBL1768070
CHEMBL3329643,CCc1cccc(CC)c1NC(=O)NNC(=O)c1cc(C23CC4CC(CC(C4)C2)C3)c2ccccc2n1,4.469999943783888,0.0,1,CHEMBL360,CHEMBL3380429
CHEMBL1381264,CCS(=O)(=O)C1=NN2C(=N)/C(=C\c3ccc(SCc4ccco4)o3)C(=O)N=C2S1,4.306273051076353,0.0,1,CHEMBL1293297,CHEMBL1614471
CHEMBL1915695,C[C@H]1COc2c(N3CCN(C)CC3)c(F)cc3c(=O)c(C(=O)NCCCCCCCCCCNC(=O)c4cn5c6c(c(N7CCN(C)CC7)c(F)cc6c4=O)OC[C@@H]5C)cn1c23,5.619788758288394,0.0,1,CHEMBL360,CHEMBL1921196
CHEMBL1934930,O=C(/C=C/c1cn(-c2ccccc2)nc1-c1ccc(F)cc1)c1ccccc1,4.978992036368664,0.0020155523727707,2,CHEMBL360,CHEMBL1936053
CHEMBL5269281,O=C(Nc1ccc(Br)cc1)Nc1ccc(C(=O)O)c(O)c1,4.531652669587842,0.0,1,CHEMBL2321612,CHEMBL5262989
CHEMBL2282513,COc1c(OC)c(OC(C)=O)c2c(OC(C)=O)cc(OC(C)=O)c(OC(C)=O)c2c1F,4.497667696488086,7.822535392970829,2,CHEMBL360,CHEMBL3077583
CHEMBL4466669,COc1ccccc1C(=O)CN1C(=O)NC(C)(c2ccc(S(N)(=O)=O)cc2)C1=O,5.59999938302362,0.0,1,CHEMBL3804751,CHEMBL4406692
CHEMBL3342674,Nc1ncnc2c1c(-c1ccc(-c3ccc4ccccc4c3)cc1)cn2[C@@H]1O[C@H](CO)[C@@H](O)[C@H]1O,4.1283103343144845,0.0,1,CHEMBL360,CHEMBL3385546
CHEMBL3331428,Cc1ccc2oc(=N)c(-n3cc(CN(C4=CC(=O)c5ccccc5C4=O)c4ccccc4)nn3)cc2c1,4.73118809626022,0.0,1,CHEMBL360,CHEMBL3367829
CHEMBL5087069,CNC(=O)c1c(-c2ccccc2)oc2ccc(O)c(CN3CCC4(COC4)C3)c12,6.1938200260161125,0.0,1,CHEMBL4105939,CHEMBL5038057
CHEMBL2418524,COc1ccc(/C=C2\S/C(=N\c3cccc(C(=O)O)c3)N(C)C2=O)cc1,7.469800301796917,0.0,1,CHEMBL2321612,CHEMBL2423608
CHEMBL2359279,CC1(C(=O)Nc2ccccc2)Cc2c(-c3ccc4c(c3)OCO4)ccnc2O1,5.598082749482425,0.0,1,CHEMBL1287620,CHEMBL2354305
CHEMBL3488882,Cc1nc(-c2ccc(Cl)s2)sc1C(=O)NCCCC(N)=O,4.820074967925663,0.0,1,CHEMBL4105939,CHEMBL4649965
CHEMBL3884752,O=c1nc(N2CCN(C(=S)Nc3ccccc3)CC2)sc2ccc(C(F)(F)F)cc12,6.080921907623926,0.0,1,CHEMBL3430898,CHEMBL3875318
CHEMBL3637813,CC1CC1c1ccc(CN2CCc3nc(Nc4ccccc4)sc3CC2)o1,5.200000237109354,0.0,1,CHEMBL613086,CHEMBL3637832
CHEMBL3438378,O=C(O)c1cn(-c2ccccn2)c(=O)c2ccccc12,4.868713966180195,0.3608788765571118,2,CHEMBL4105939,CHEMBL4649965
CHEMBL4166077,O=S(=O)(Nc1ccc2oc(-c3ccc(NS(=O)(=O)c4ccc(Cl)s4)cc3)nc2c1)c1ccc(Cl)c(Cl)c1,5.481486060122113,0.0,1,CHEMBL4295521,CHEMBL4388634
CHEMBL3125265,COC(=O)CNC(=O)[C@@H]1C[C@@H](NC(=O)c2cc(C3CC3)nn2C)CN1C(=O)c1coc2ccccc12,7.823908740944319,0.0,1,CHEMBL1849,CHEMBL3132000
CHEMBL5282383,O=C(Nc1ccc(Cl)cc1)c1cc2sc(N3CCCCC3)nc2s1,6.458607314841775,1.0,2,CHEMBL360,CHEMBL5223484
CHEMBL3637793,COc1ccc(-c2nnc3sc(Cc4csc(C)n4)nn23)cc1,5.300000202445418,0.0,1,CHEMBL613086,CHEMBL3637832
CHEMBL3394234,CC(C)c1ccc(COc2cccc3c2CCc2c-3[nH]c(=O)c(C#N)c2-c2ccc(C(=O)O)cc2)cc1,9.0,0.0,1,CHEMBL2361,CHEMBL3396196
CHEMBL5266310,O=C(CCC(F)(F)F)N1CCC(F)(c2ccnc(Cl)c2)CC1,8.0,0.0,1,CHEMBL360,CHEMBL5246902
CHEMBL3884153,COc1ccc2c(c1)C(=O)C(=O)N2CCN1CCN(NCc2ccc(Cl)cc2Cl)CC1,5.3872161432802645,0.0,1,CHEMBL3430898,CHEMBL3875318
CHEMBL4294266,Cc1c(CN2CCOCC2)cc(-c2ccc(C(C)C)cc2)n1C(C)C,6.795880017344075,0.0,1,CHEMBL360,CHEMBL4255037
CHEMBL462374,O=S(=O)(c1ccc2ccccc2c1)c1cc(O)c2ccccc2c1O,8.826813731587725,0.0,1,CHEMBL3640,CHEMBL1010089
CHEMBL3898920,CC(C)n1cnc(S(=O)(=O)N2CCC(C(=O)Nc3ccc4c(c3)OCCO4)CC2)c1,5.795880017344075,0.0,1,CHEMBL3988585,CHEMBL3887425
CHEMBL5281280,Cc1nc2cc(NC(=O)c3cc4sc(NCCN5CCOCC5)nc4s3)ccc2o1,6.098784186784638,0.4582359105592894,2,CHEMBL360,CHEMBL5223484
CHEMBL1773182,CC(NC(=O)C(=O)NCCc1c[nH]c2ccccc12)C(c1cccs1)N1CCN(c2ccc(F)cc2)CC1,4.837088290498627,0.1602526783698445,2,CHEMBL4540,CHEMBL1775840
CHEMBL5285961,CC1=NOC2(CCN(C(=O)CCC(F)(F)F)CC2)C1,7.301029995663981,0.0,1,CHEMBL360,CHEMBL5246902
CHEMBL1089835,Cc1c(C(=O)NCc2ccccc2)[n+]([O-])c2cc(Cl)ccc2[n+]1[O-],5.958607314841775,0.0,1,CHEMBL360,CHEMBL1781055
CHEMBL2024254,C[C@H](NC(CC(=O)c1ccc(F)cc1)C(=O)O)c1ccccc1,4.841637507904751,0.0,1,CHEMBL1275214,CHEMBL2027818
CHEMBL5270545,O=C(CCC(F)(F)F)N1CCC2(CC1)CC(Br)=NO2,7.301029995663981,0.0,1,CHEMBL360,CHEMBL5246902
CHEMBL2435686,O=C(Nc1ccc(Br)cc1)N1CCc2c(c(-c3ccccc3)nn2C(=O)c2ccccc2)C1,4.085656842880559,0.0,1,CHEMBL6069,CHEMBL2439105
CHEMBL118252,CCCCCCCP(=O)(OCC)OCN1C(=O)c2ccccc2C1=O,5.884392676018699,0.0033279433489274,2,CHEMBL4624,CHEMBL652028
CHEMBL3794020,CCCC[C@@H](CNC)N1CCN(CCC23CC4CC(CC(C4)C2)C3)[C@H](C(C)CC)C1,4.528708288941061,0.0,1,CHEMBL360,CHEMBL3796194
CHEMBL118790,CCCCCCP(=O)(OCC)OCc1cccc(Oc2ccccc2)c1,4.371100435579393,0.0,1,CHEMBL4624,CHEMBL652028
CHEMBL120563,CN(C)C(=S)SSC(=S)N(C)C,4.0490512856006,0.0,1,CHEMBL1293297,CHEMBL1614471
CHEMBL2435653,CC(C)(C)OC(=O)N1CCc2[nH]nc(-c3ccccc3)c2C1,4.661543506395395,0.0,1,CHEMBL6069,CHEMBL2439105
CHEMBL5415415,C/C(=C\CNCCNC1C2CC3CC(C2)CC1C3)CCC(=O)C(C)C,4.853871964321762,0.0,1,CHEMBL360,CHEMBL5333912
CHEMBL3476078,CCn1cc(-c2cc(-c3cc(CN(C)C)cs3)nc(N)c2C#N)c(C)n1,4.783241500989705,0.3531900518055071,2,CHEMBL4105939,CHEMBL4649965
CHEMBL3908434,O=S(=O)(Nc1ccc(-c2nc3cc(NS(=O)(=O)c4ccc(C(F)(F)F)cc4)ccc3o2)cc1)c1ccc(C(F)(F)F)cc1,5.552841968657781,0.0,1,CHEMBL4295521,CHEMBL4388634
CHEMBL3898191,CCCN(C(=O)c1ccc(COC)o1)c1nc2c(s1)CCc1c-2cnn1C,5.5003129173815966,0.0,1,CHEMBL3988585,CHEMBL3887425
CHEMBL1992900,Cc1cc2c(c(O)c1-c1c(C)cc(O)c3c1C(=O)C=CC3=O)C(=O)C=CC2=O,4.0,0.0,1,CHEMBL3430898,CHEMBL3875323
CHEMBL1524507,CCC1CCCCN1CCCNC(=O)c1ccc2c(c1)N(Cc1cccc(Cl)c1)C(=O)c1ccccc1S2(=O)=O,2.958607314841775,0.0,1,CHEMBL1744527,CHEMBL1798854
CHEMBL3445855,O=C(O)CSc1nccc(-c2ccc3c(c2)OCO3)n1,4.757153581894654,0.0540276455958688,2,CHEMBL4105939,CHEMBL4649965
CHEMBL359159,C=C(CC(=O)O)C(=O)O,4.531652669587842,0.0,1,CHEMBL4295587,CHEMBL4258182
CHEMBL3488113,Cc1ccc(C(=O)Nc2nc(C)no2)cc1,4.335423269828454,0.6116962335452882,2,CHEMBL360,CHEMBL4649971
CHEMBL4439827,NCc1cccc(NS(=O)(=O)c2cc3ccccc3s2)c1,5.221848749616356,0.0,1,CHEMBL1849,CHEMBL4405868
CHEMBL1934940,Oc1ccc(C2=NN[C@@H](c3cn(-c4ccccc4)nc3-c3ccc(F)cc3)C2)cc1,4.509179133652845,0.0016418542608622,2,CHEMBL360,CHEMBL1936053
CHEMBL3449589,COc1ccc(CN2CCc3c(nc(-c4ccccn4)[nH]c3=O)C2)cc1,4.988011191298213,0.3185090689314842,2,CHEMBL360,CHEMBL4649971
CHEMBL3409442,CN1CCN(C(=O)c2cc(C34CC5CC(CC(C5)C3)C4)c3ccccc3c2)CC1,5.229999745811777,0.0,1,CHEMBL360,CHEMBL3412552
CHEMBL5395250,O=c1[nH]cnc2c(Sc3ccccc3CO)c[nH]c12,5.385208208043583,0.0,1,CHEMBL1169594,CHEMBL5341494
CHEMBL1413355,Cc1ccc(-c2cc(-c3ccc(C)cc3)[n+](-c3ccc(C(=O)[O-])cc3)c(-c3ccc(C)cc3)c2)cc1,5.731422028117157,0.0,1,CHEMBL1287620,CHEMBL2354305
CHEMBL3658966,C[C@@H]1CN2c3c(cc4c(-n5cncn5)noc4c3F)CC3(C(=O)NC(=O)NC3=O)[C@H]2[C@H](C)O1,4.7447274948966935,0.0,1,CHEMBL3430898,CHEMBL5166522
CHEMBL228193,O=C(N/N=C/c1ccccn1)c1cc(C23CC4CC(CC(C4)C2)C3)c2ccccc2n1,5.540000226349733,0.0,1,CHEMBL360,CHEMBL914626
CHEMBL1935075,Nc1nc(-c2cccc([N+](=O)[O-])c2)cc(-c2cn(-c3ccccc3)nc2-c2ccc(F)cc2)n1,4.278190065794995,0.0036198026209159,2,CHEMBL360,CHEMBL1936053
CHEMBL3975456,O=S(=O)(Nc1ccc(-c2nc3cc(NS(=O)(=O)c4cccs4)ccc3o2)cc1)c1cccs1,4.920818753952375,0.0,1,CHEMBL4295521,CHEMBL4388634
CHEMBL3439807,O=C(Nc1nc2c(s1)CN(S(=O)(=O)C1CC1)CC2)c1cccc(Cl)c1,4.805000690971693,0.2195445118374905,2,CHEMBL4105939,CHEMBL4649965
CHEMBL454676,N#C/C(=C\c1ccc([N+](=O)[O-])o1)c1nc2ccccc2s1,4.707965564005264,0.0,1,CHEMBL2259247,CHEMBL4178649
CHEMBL386329,CN(Cc1c2ccccc2cc2ccccc12)C(=O)C1CC(=O)N(C2CCCCCC2)C1,6.494850021680094,0.0,1,CHEMBL1849,CHEMBL907779
CHEMBL4760400,Cc1ccc([C@@H]2[C@H]3CSCN3C3(C(=O)c4ccccc4C3=O)[C@]23CSc2ccccc2C3=O)cc1,4.544089759617257,0.0,1,CHEMBL360,CHEMBL4719106
CHEMBL4533781,CC(=O)O[C@H]1C[C@H]2[C@]3(C)CC[C@H]4C(C)(C)CCC[C@]4(C)[C@H]3C[C@@H](O)[C@]2(C)[C@@H]2C1=CC[C@H]2OC(C)=O,5.573488738635425,0.0,1,CHEMBL360,CHEMBL4400901
CHEMBL506649,CCCC[C@H](CN(O)C=O)C(=O)N1CCC[C@H]1c1nc2ccccc2o1,7.886056647693163,0.0,1,CHEMBL5765,CHEMBL1014575
CHEMBL3331279,Cc1nc2ccccc2c(=O)n1CC(=O)Nc1cc(C(C)(F)F)ccc1Cl,5.042871802323186,0.0,1,CHEMBL1849,CHEMBL3385192
CHEMBL3494572,Cc1nc(-c2ccc(Cl)s2)sc1C(=O)NCCS(N)(=O)=O,4.577428611051291,0.1998831396157241,2,CHEMBL4105939,CHEMBL4649965
CHEMBL1814762,Nc1ncnc2c1c(-c1ccccc1)cn2[C@@H]1O[C@H](CO)[C@@H](O)[C@H]1O,5.872895201635193,0.0,1,CHEMBL360,CHEMBL3385546
CHEMBL3456291,Cc1nc(CNC(=O)N2CCN(c3ccc(Cl)cn3)CC2)sc1C,4.436875679849641,0.1308267372001399,2,CHEMBL4105939,CHEMBL4649965
CHEMBL5275597,CCCOC1=NOC2(CCN(C(=O)CCC(F)(F)F)CC2)C1,7.301029995663981,0.0,1,CHEMBL360,CHEMBL5246902
CHEMBL5288632,O=C(CCC(F)(F)F)N1CC(c2cc(F)c(F)c(F)c2)C1,8.0,0.0,1,CHEMBL360,CHEMBL5246902
CHEMBL3612346,O=C(Cn1ccnc1[N+](=O)[O-])Nc1ccc(Oc2ccccc2)cc1,4.1249387366083,0.8952646494799867,7,CHEMBL360,CHEMBL4179593
CHEMBL3323154,CCOC(=O)c1cc2cc(N3CCN(C(=O)Cc4ccccc4)CC3)ccc2o1,5.166852888087215,0.0,1,CHEMBL3430898,CHEMBL3367585
CHEMBL5417421,CCOC(=O)c1ccc2nc(C)cc(Nc3ccc(-n4cccn4)cc3)c2c1,5.096910013008056,0.0,1,CHEMBL1849,CHEMBL5387352
CHEMBL4869914,Cc1cn(C2CCN(Cc3cncc(Oc4cc(Cl)cc(Cl)c4)c3)CC2)c(=O)[nH]c1=O,6.657577319177793,0.0,1,CHEMBL2361,CHEMBL4832952
CHEMBL1926719,CCOC(=O)Nc1cc(NCCN(CC)CC)c2nc(-c3cccs3)c(-c3cccs3)nc2n1,4.6777807052660805,0.0,1,CHEMBL4213,CHEMBL1931925
CHEMBL3125250,CCc1cc(C(=O)N[C@@H]2C[C@@H](C(=O)Nc3cc(C)on3)N(C(=O)c3coc4ccccc34)C2)n(C)n1,7.744727494896693,0.0,1,CHEMBL1849,CHEMBL3132000
CHEMBL3355786,CCOC(=O)c1cc2cc(N3CCN(C(=O)Nc4ccc(OC)cc4)CC3)ccc2o1,5.134896025358872,0.0,1,CHEMBL3430898,CHEMBL3390735
CHEMBL1611838,CNS(=O)(=O)c1ccc2c3c(cccc13)C(=O)N2,5.795608668080701,0.0,1,CHEMBL1287620,CHEMBL2354305
CHEMBL4559689,CC(C)=C/C=C\[C@H](C)[C@H]1CC[C@]2(C)C[C@H]3[C@@H]4/C(=C\C=C\12)C(=O)N[C@]4(O)C[C@@]3(C)O,4.4089353929735005,0.0,1,CHEMBL4295521,CHEMBL4390593
CHEMBL565223,COC(=O)[C@H](C)NC(=O)c1cc(C23CC4CC(CC(C4)C2)C3)c2ccccc2n1,5.229999745811777,0.0,1,CHEMBL360,CHEMBL1030449
CHEMBL3466744,Cc1nc(-c2ccc(Cl)s2)sc1C(=O)N(C)CC(N)=O,4.434213047406988,0.1505170040780354,2,CHEMBL4105939,CHEMBL4649965
CHEMBL4565976,C[C@H]1OC(=O)[C@@H](Cc2ccccc2)OC(=O)[C@H](C)[C@H](O)[C@H](Cc2cccnc2)NC(=O)[C@H]1NC(=O)c1ncccc1O,4.535808629359001,0.0,1,CHEMBL1849,CHEMBL4380941
CHEMBL6092053,C=CC(=O)Nc1cc(C(F)(F)F)cc2c(=O)nc(N3CCC4(CC3)OC[C@H](C)O4)sc12,5.165579296318468,0.0,1,CHEMBL3804751,CHEMBL6075288
CHEMBL5440385,O=c1[nH]cnc2c(Sc3ccccc3CP(=O)([O-])[O-])c[nH]c12.[Na+].[Na+],6.7544873321858505,0.0,1,CHEMBL1169594,CHEMBL5341494
CHEMBL402834,Oc1ccc([C@@H]2CC(c3ccccc3O)=NN2C(=S)Nc2ccccc2)cc1,5.4604093769761874,0.1249387366082999,2,CHEMBL360,CHEMBL932548
CHEMBL3461870,CN1CCN(C(=O)c2cnsn2)c2ccc(F)cc21,4.171127454334708,0.0,1,CHEMBL360,CHEMBL4649971
CHEMBL3454259,CN1CCC(NC(=O)c2cc(F)cc(Cl)c2O)C1=O,4.533478332685499,0.2729275918721709,2,CHEMBL4105939,CHEMBL4649965
CHEMBL4126901,Fc1ccccc1-c1cc(CNCCc2ccc(Br)cc2)c2cnc3cc(Cl)ccc3n12,4.318758762624412,0.0,1,CHEMBL1849,CHEMBL4122774
CHEMBL4580793,COc1cc2c(=O)c(C(=O)O)cn(C)c2c2nnn(C)c12,4.559090917934782,0.0,1,CHEMBL3430898,CHEMBL4327479
CHEMBL4454060,CCOC(=O)C1=C(C)Oc2nc(C)n(Cc3cn([C@@H]4O[C@H](COC(C)=O)[C@@H](OC(C)=O)[C@H](OC(C)=O)[C@H]4OC(C)=O)nn3)c(=O)c2C1c1ccc(N(C)C)cc1,4.4943074925878,0.0,1,CHEMBL4295521,CHEMBL4372872
CHEMBL3355804,S=C(Nc1ccc(Cl)cc1)N1CCN(c2nsc3ccccc23)CC1,5.375717904164332,0.0,1,CHEMBL3430898,CHEMBL3390735
CHEMBL5571659,COc1ccc(C(=O)CSc2nc3ccccc3c(=N)n2-c2ccccc2)cc1,4.958607314841775,0.0,1,CHEMBL3879870,CHEMBL5552569
CHEMBL1807085,COc1ccc(/C=C/C(=O)N(/N=N/c2cc(C(F)(F)F)ccc2Cl)c2cc(C(F)(F)F)ccc2Cl)c(OC)c1,4.140681534902884,0.0,1,CHEMBL360,CHEMBL3239483
CHEMBL3883383,Cc1ccc(NC(=S)N2CCN(c3nc(=O)c4cc([N+](=O)[O-])ccc4s3)CC2)cc1,6.0998477112219005,0.0273231272112344,2,CHEMBL3430898,CHEMBL3875318
CHEMBL3912943,COc1ccc(NC(=O)C2CCN(S(=O)(=O)c3cn(C(C)C)cn3)CC2)c(OC)c1,5.468521082957745,0.0,1,CHEMBL3988585,CHEMBL3887425
CHEMBL576515,OC[C@H]1O[C@@H](n2ccc3c(-c4cccnc4)ncnc32)[C@H](O)[C@@H]1O,6.0,0.0,1,CHEMBL4105883,CHEMBL3135672
CHEMBL4170233,COc1ccc(-n2cc(Cn3ncc4c3CCN(C(=O)Nc3ccccc3)C4)nn2)cc1,5.995678626217358,0.0,1,CHEMBL6069,CHEMBL4132739
CHEMBL2017723,c1ccc(CNc2nccc(Nc3cc(C4CC4)[nH]n3)n2)cc1,6.145693958198919,0.0,1,CHEMBL1908385,CHEMBL2020901
CHEMBL2017738,CN(C)[C@@H]1CCN(c2cc(Nc3ccccn3)nc(-c3cccc(C#N)c3)n2)C1,5.701146923590294,0.0,1,CHEMBL1908385,CHEMBL2020901
CHEMBL3485493,CCCOC(C)Cn1ccc2[nH]c(=O)c(C#N)cc2c1=O,4.740919998821179,0.3910587233347904,2,CHEMBL4105939,CHEMBL4649965
CHEMBL3502967,CNC(=O)c1cc2c(nc1NCC(C)C)CCN(CC1CC1)CC2.O=C(O)C(F)(F)F.O=C(O)C(F)(F)F,4.609063550306034,0.1364215467926701,2,CHEMBL4105939,CHEMBL4649965
CHEMBL3884530,O=C(Nc1ccccc1)N1CCN(c2nc(=O)c3cc(Cl)ccc3s2)CC1,4.756713853916554,0.0,1,CHEMBL3430898,CHEMBL3875318
CHEMBL4474216,CSc1ccc(C(SCC(=O)NO)P(=O)(O)O)cc1,7.0,0.0,1,CHEMBL5630,CHEMBL4407818
CHEMBL389515,CCCCCCN(CCCCCC)NC(=O)c1cc(C23CC4CC(CC(C4)C2)C3)c2ccccc2n1,5.1399999760652255,0.0,1,CHEMBL360,CHEMBL914626
CHEMBL5424391,CC(C)Oc1ccc(Sc2c[nH]c3c(=O)[nH]cnc23)c(/C=C/P(=O)([O-])[O-])c1.[Na+].[Na+],8.397940008672037,0.0,1,CHEMBL1169594,CHEMBL5341494
CHEMBL518077,O=CN(O)C[C@@H](Cc1ccccc1)C(=O)N1CCC[C@H]1c1nc2ccccc2o1,6.79317412396815,0.0,1,CHEMBL5765,CHEMBL1014575
CHEMBL5632639,Cc1cc(=O)oc2cc(OCc3cn(Cc4ccc(Oc5ccccc5)c(O)c4)nn3)ccc12,6.688246138944246,0.0,1,CHEMBL1849,CHEMBL5626588
CHEMBL2151190,Cn1nc(-c2ccc3c(c2)OCO3)nc2c(=O)n(C)c(=O)nc1-2,6.357535479757878,0.0,1,CHEMBL3988584,CHEMBL3887424
CHEMBL3125242,CCc1cc(C(=O)N[C@@H]2C[C@@H](C(=O)NCc3ccc(F)c(F)c3)N(C(=O)c3coc4ccccc34)C2)n(C)n1,8.045757490560675,0.0,1,CHEMBL1849,CHEMBL3132000
CHEMBL3927142,O=C(CN1C(=O)C2(OCCO2)c2ccccc21)c1ccccc1,6.481486060122113,0.0,1,CHEMBL3879870,CHEMBL3865749
CHEMBL1973996,O=C(O)c1nc2ccc(C(F)(F)F)cc2nc1NCc1ccc(F)cc1,7.142667503568732,0.0,1,CHEMBL3804751,CHEMBL4371330
CHEMBL3121927,NC(=O)c1c(NC(=O)c2ccc([N+](=O)[O-])o2)sc2c1CCN(C(=S)Nc1ccc([N+](=O)[O-])cc1)C2,4.727694155597914,0.0,1,CHEMBL6069,CHEMBL3123111
CHEMBL1320111,COc1ccc(N2C(=O)C(Cl)=C(Nc3ccccc3O)C2=O)cc1,4.27083521030723,0.0,1,CHEMBL1293297,CHEMBL1614471
CHEMBL3393959,O=C(c1ccc(Cl)cc1)N1CCN(C2c3ccccc3-c3ccccc32)CC1,5.772113295386326,0.0,1,CHEMBL1849,CHEMBL3395431
CHEMBL4462640,O=S(=O)(Nc1ccc(-c2nc3ccccc3o2)cc1)c1ccccc1C(F)(F)F,4.236572006437063,0.0,1,CHEMBL4295521,CHEMBL4388634
CHEMBL3742062,COc1cnc2ccc(=O)n(CCN3CCN(C(=O)Nc4ccc(Cl)cc4)CC3)c2c1,6.494850021680094,0.0,1,CHEMBL3430898,CHEMBL3745429
CHEMBL565087,CSCC[C@H](NC(=O)c1cc(C23CC4CC(CC(C4)C2)C3)c2ccccc2n1)C(=O)NN,5.180000294489514,0.0,1,CHEMBL360,CHEMBL1030449
CHEMBL1096602,CO[C@H]1[C@H](O[C@@H]2c3c(cc4c(c3O)C(=O)c3c(O)cccc3C4=O)C(=O)[C@@](C)(O)[C@H]2OC)O[C@@H](C)[C@H](O)[C@H]1O,5.769551078621726,0.0,1,CHEMBL360,CHEMBL3579500
CHEMBL3127044,Cc1ncnc2c1c(Br)cn2[C@@H]1O[C@H](CO)[C@@H](O)[C@H]1O,4.681936665037238,0.0,1,CHEMBL360,CHEMBL3129228
CHEMBL3765386,Cc1nc2sccn2c1C(=O)NCc1ccccc1,5.97469413473523,0.0,1,CHEMBL6069,CHEMBL3766329
CHEMBL2017719,N#Cc1cccc(-c2nccc(Nc3cc(C4CC4)[nH]n3)n2)c1,7.060480747381382,0.0,1,CHEMBL1908385,CHEMBL2020901
CHEMBL3125252,CCc1cc(C(=O)N[C@@H]2C[C@@H](C(=O)Nc3ccn(C)n3)N(C(=O)c3coc4ccccc34)C2)n(C)n1,8.154901959985743,0.0,1,CHEMBL1849,CHEMBL3132000
CHEMBL3628442,NNC(=O)c1cnc2ccc(F)cc2c1Nc1ccc(OCCCN2CCOCC2)cc1,4.669180533504163,0.0,1,CHEMBL3430898,CHEMBL3630322
CHEMBL3125279,CCc1cc(C(=O)N[C@@H]2C[C@@H](C(N)=O)N(C(=O)c3coc4ccccc34)C2)n(C)n1,7.920818753952375,0.0,1,CHEMBL1849,CHEMBL3132000
CHEMBL297453,O=C(O[C@@H]1Cc2c(O)cc(O)cc2O[C@@H]1c1cc(O)c(O)c(O)c1)c1cc(O)c(O)c(O)c1,4.962175249411658,0.0,1,CHEMBL6065,CHEMBL5234352
CHEMBL228123,O=C(NNc1ccc(F)cc1)c1cc(C23CC4CC(CC(C4)C2)C3)c2ccccc2n1,5.949999401714238,0.0,1,CHEMBL360,CHEMBL914626
CHEMBL3752724,O=S(=O)(Nc1ccc(Nc2c3ccccc3nc3ccc(Cl)cc23)cc1)c1ccccc1,5.036212172654444,0.0,1,CHEMBL3430898,CHEMBL3758003
CHEMBL3403258,Cc1ccc(NC(=O)NC2CCN(c3cc(C)nc4ccc(F)cc34)CC2)cc1,5.054039296422431,0.0,1,CHEMBL3430898,CHEMBL3405737
CHEMBL5425922,CC(=O)Nc1ccc(COc2ccc(OS(=O)(=O)F)cc2)cc1,5.886056647693163,0.0,1,CHEMBL360,CHEMBL5359021
CHEMBL264176,CCCCCCc1ccc(Oc2ccccc2NC(C)=O)c(O)c1,4.499834150590188,2.61966830247904,2,CHEMBL1849,CHEMBL936672
CHEMBL3403266,Cc1cc(N2CCC(NC(=S)Nc3ccccc3)CC2)c2ccccc2n1,5.026872146400302,0.0,1,CHEMBL3430898,CHEMBL3405737
CHEMBL3447706,CC(C)C[C@H](N)COc1cccc(F)c1Oc1ccc(Cl)cc1,4.688457617690293,0.0,1,CHEMBL360,CHEMBL4649971
CHEMBL497740,Cc1c(C(=O)/C=C/c2ccccc2)[n+]([O-])c2ccccc2[n+]1[O-],5.323870140421429,0.17459626796873,2,CHEMBL360,CHEMBL1251034
CHEMBL550334,COc1ccc(Cl)cc1NC(=O)c1ccc(Cl)c([N+](=O)[O-])c1,5.39040559077478,0.0,1,CHEMBL1849,CHEMBL1059058
CHEMBL5282194,CN1CCN(c2ccc(Nc3nccc(-c4cccc([N+](=O)[O-])c4)n3)cc2C(F)(F)F)CC1,5.920818753952375,0.0,1,CHEMBL1908385,CHEMBL5229239
CHEMBL3403253,COc1ccc(NC(=O)NC2CCN(c3cc(C)nc4ccc(OC)cc34)CC2)cc1,5.23210238398191,0.0,1,CHEMBL3430898,CHEMBL3405737
CHEMBL258440,COc1cc([C@@H]2CC(c3ccc(O)cc3O)=NN2C(=S)Nc2ccccc2OC)ccc1O,4.27603356720391,0.0327925133963074,2,CHEMBL360,CHEMBL932548
CHEMBL3446762,CN(C)S(=O)(=O)N1CCCCCC1c1cc(-c2ccc(F)cc2)no1,4.075000279575652,0.0,1,CHEMBL360,CHEMBL4649971
CHEMBL2024337,CC(C)(COP(=O)(O)OP(=O)(O)OC[C@H]1O[C@@H](n2cnc3c(N)ncnc32)[C@H](O)[C@@H]1OP(=O)(O)O)[C@@H](O)C(=O)NCCC(=O)NCCSC(CC(=O)c1ccccc1F)C(=O)O,6.690369832574102,0.0,1,CHEMBL1275214,CHEMBL2027819
CHEMBL3928317,O=[N+]([O-])c1cccc(S(=O)(=O)Nc2ccc(-c3nc4cc(NS(=O)(=O)c5cccc([N+](=O)[O-])c5)ccc4o3)cc2)c1,5.040958607678906,0.0,1,CHEMBL4295521,CHEMBL4388634
CHEMBL3331408,Cc1ccc(N(Cc2cn(Cc3ccccc3)nn2)C2=CC(=O)c3ccccc3C2=O)cc1,4.769551078621726,0.0,1,CHEMBL360,CHEMBL3367829
CHEMBL3488107,Cc1noc(NC(=O)c2cccc(Br)c2)n1,4.667507581638353,0.2558783434316609,2,CHEMBL360,CHEMBL4649971
CHEMBL1642653,OC[C@H]1O[C@@H](n2ccc3c(-c4cccc5c4oc4ccccc45)ncnc32)[C@H](O)[C@@H]1O,5.628932137728264,0.0,1,CHEMBL4105883,CHEMBL3135672
CHEMBL5220166,CN1C(=O)C(=Cc2cc(-c3cc(Cl)c(O)c(Cl)c3)ccc2OCc2ccc(Cl)cc2)C(=O)N(C)C1=S,4.849857838151442,0.0,1,CHEMBL4540,CHEMBL5216850
CHEMBL522461,COc1ccccc1-c1cc(=O)n2nc(C)c(-c3ccc(Br)cc3)c2[nH]1,4.271646217978772,0.0,1,CHEMBL5091,CHEMBL989742
CHEMBL5424265,COc1ccc(-c2noc(C(=O)NCCc3ccc(C(=O)N4CC(F)C4)cc3)n2)cc1OC,6.522878745280337,0.0,1,CHEMBL4105939,CHEMBL5375438
CHEMBL498090,Cc1c(C(=O)/C=C/c2ccc(Cl)cc2)[n+]([O-])c2ccccc2[n+]1[O-],5.578396073130169,0.0,1,CHEMBL360,CHEMBL1251034
CHEMBL4226192,COC(=O)/C=C/C(=O)c1ccc(OC)cc1,4.510041520575165,1.0969100130080562,4,CHEMBL4295587,CHEMBL4258184
CHEMBL1916853,N=C(NO)N1N=C(c2ccccc2O)C[C@H]1c1ccccc1O,4.463324148806549,0.0630517457470887,2,CHEMBL360,CHEMBL1918205
CHEMBL3753969,CN(C)CCC(O)(c1cccc(Br)c1)C1c2cc3ccccc3nc2OCC/C=C\CCOc2nc3ccccc3cc21,8.0,0.0,1,CHEMBL2364166,CHEMBL3757365
CHEMBL1398944,O=C1C(Cl)=C(Nc2ccccc2O)C(=O)N1CCc1ccccc1,4.069152808317503,0.0,1,CHEMBL1293297,CHEMBL1614471
CHEMBL2017714,Fc1ccc(-c2nccc(Nc3cc(C4CC4)[nH]n3)n2)cc1,6.425968732272281,0.0,1,CHEMBL1908385,CHEMBL2020901
CHEMBL5277858,O=C(CCC(F)(F)F)N1CCC(c2cncc(Cl)c2)C1,8.0,0.0,1,CHEMBL360,CHEMBL5246902
CHEMBL4290098,CC(C)=CCc1c(O)ccc(C(=O)[C@@H]2[C@@H](c3ccc(O)cc3O)CC(C)=C[C@H]2c2c(O)cc(O)c3c(=O)c(CC=C(C)C)c(-c4ccc(O)cc4O)oc23)c1O,6.439997673226633,0.6168837676449863,3,CHEMBL4542,CHEMBL4253917
CHEMBL4463085,O=S(=O)(Nc1ccc2oc(-c3ccc(NS(=O)(=O)c4ccc(Cl)s4)cc3)nc2c1)c1cccs1,5.292429823902063,0.0,1,CHEMBL4295521,CHEMBL4388634
CHEMBL4557069,CC1(c2ccc(S(N)(=O)=O)cc2)NC(=O)N(CC(=O)c2ccc(F)c(C(F)(F)F)c2)C1=O,7.199970640755866,0.0,1,CHEMBL3804751,CHEMBL4406692
CHEMBL3884648,O=c1nc(N2CCN(Cc3ccc(Cl)cc3)CC2)sc2ccc(C(F)(F)F)cc12,5.413412695328245,0.0,1,CHEMBL3430898,CHEMBL3875318
CHEMBL5432673,CCCN(C)c1ccc(CN2[C@@H]3CC[C@H]2CC(Oc2cccc(Oc4ccccc4)c2)C3)cc1,4.568636235841013,0.0,1,CHEMBL4879548,CHEMBL5347778
CHEMBL4447540,CCOC(=O)NC(=O)c1ccsc1NC(=O)c1nc2cnccc2s1,7.0,0.0,1,CHEMBL3804751,CHEMBL4371338
CHEMBL217594,CN(Cc1c2ccccc2cc2ccccc12)C(=O)C1CC(=O)N(C2CCCCC2)C1,6.1249387366083,0.0,1,CHEMBL1849,CHEMBL907779
CHEMBL3628459,O=C(O)c1cnc2ccccc2c1Nc1ccc(NCCCN2CCOCC2)cc1,5.254925208417943,0.0,1,CHEMBL3430898,CHEMBL3630322
CHEMBL1583879,COc1ccc2c(c1OC)C(=O)OC2Nc1nc(-c2ccc(-c3ccccc3)cc2)cs1,5.216239304256076,0.0,1,CHEMBL1287620,CHEMBL2354305
CHEMBL3331418,Cc1ccc(N(Cc2cn(C3=CC(=O)c4ccccc4C3=O)nn2)C2=CC(=O)c3ccccc3C2=O)cc1,4.544089759617257,0.0,1,CHEMBL360,CHEMBL3367829
CHEMBL4069096,CCc1ccc(N2C(=O)C3CN(C)C4(C(=O)c5ccccc5C4=O)C3C2=O)cc1,4.659357622439295,0.0,1,CHEMBL360,CHEMBL4022472
CHEMBL3330951,O=C(NNC(=S)Nc1ccc([N+](=O)[O-])cc1Cl)c1cc(C23CC4CC(CC(C4)C2)C3)c2ccccc2n1,6.309998953116936,0.0,1,CHEMBL360,CHEMBL3380429
CHEMBL12131,Cc1cc(C(C#N)c2ccc(Cl)cc2)c(Cl)cc1NC(=O)c1cc(I)cc(I)c1O,5.113509274827518,0.0,1,CHEMBL4295665,CHEMBL5109850
CHEMBL4541469,O=C(CN1C(=O)/C(=C\c2ccc(F)cc2)SC1=S)c1ccccc1,4.259637310505756,0.0,1,CHEMBL1849,CHEMBL4481956
CHEMBL1904209,CC(=O)O.Nc1nc(N)c2c(ccc3c2ccn3Cc2cccc([N+](=O)[O-])c2)n1,8.221848749616356,0.0,1,CHEMBL6065,CHEMBL5234358
CHEMBL5406221,COc1cc2c(Oc3ccc4[nH]c(C)cc4c3F)ncnc2cc1OCCCN1CCC[C@@H](N)C1,5.100226346437193,0.7625194273698401,2,CHEMBL4662931,CHEMBL5379299
CHEMBL3754648,C=CCOc1nc2ccccc2cc1C(c1cc2ccccc2nc1OCC=C)C(O)(CCN(C)C)c1ccccc1,7.397940008672037,0.0,1,CHEMBL2364166,CHEMBL3757365
CHEMBL3331410,O=C1C=C(N(Cc2cn(Cc3ccccc3)nn2)c2ccc(Cl)cc2)C(=O)c2ccccc21,5.58838029403677,0.0,1,CHEMBL360,CHEMBL3367829
CHEMBL3912547,O=S(=O)(Nc1ccc(-c2nc3cc(NS(=O)(=O)c4cccc5nsnc45)ccc3o2)cc1)c1cccc2nsnc12,5.154901959985743,0.0,1,CHEMBL4295521,CHEMBL4388634
CHEMBL3121938,COc1ccc(NC(=O)N2CCc3c(sc(NC(=O)c4ccc([N+](=O)[O-])s4)c3C(N)=O)C2)cc1,4.838631997765025,0.0,1,CHEMBL6069,CHEMBL3123111
CHEMBL5272069,O=C(CCC(F)(F)F)N1CC(c2cccc(Cl)c2)C1,8.0,0.0,1,CHEMBL360,CHEMBL5246902
CHEMBL3493856,O=C(O)c1csc(S(=O)(=O)Nc2cccc(OCC(F)(F)F)c2)c1,4.567396226276312,0.2472608818637347,2,CHEMBL4105939,CHEMBL4649965
CHEMBL3637788,NCC(c1cccs1)S(=O)(=O)c1ccccc1,5.300000202445418,0.0,1,CHEMBL613086,CHEMBL3637832
CHEMBL3951335,O=S(=O)(Nc1ccc(-c2nc3cc(NS(=O)(=O)c4ccc5ncsc5c4)ccc3o2)cc1)c1ccc2ncsc2c1,4.698970004336019,0.0,1,CHEMBL4295521,CHEMBL4388634
CHEMBL264175,CCCCCCc1ccc(Oc2ccc(N)cc2)c(O)c1,4.499968655234118,5.519337310543277,2,CHEMBL1849,CHEMBL936672
CHEMBL441861,COc1ccc(OC)c(C(=O)/C=C/c2ccc3ccccc3c2)c1,5.075720713938118,0.0,2,CHEMBL4542,CHEMBL953321
CHEMBL1911286,CO[C@H]1/C=C/O[C@@]2(C)Oc3c(C)c(OS(=O)(=O)c4ccc(C)cc4)c4c(c3C2=O)C(=O)C=C(NC(=O)/C(C)=C\C=C\[C@H](C)[C@H](O)[C@@H](C)[C@@H](O)[C@@H](C)[C@H](OC(C)=O)[C@@H]1C)C4=O,7.67778070526608,0.0,1,CHEMBL2006,CHEMBL1914226
CHEMBL4218889,N#C/C(=C\c1ccc(O)cc1O)c1nc2ccccc2s1,4.634699251362012,0.0,1,CHEMBL2259247,CHEMBL4178649
CHEMBL3927499,O=C(CN1C(=O)C2(OCCO2)c2ccccc21)c1cccc(Br)c1,6.267606240177032,0.0,1,CHEMBL3879870,CHEMBL3865749
CHEMBL3637829,Cc1c(C(=O)NCCOc2ccccc2)[nH]c2c1C(=O)CCC2,5.100000128334196,0.0,1,CHEMBL613086,CHEMBL3637832
CHEMBL409618,CC[C@H](C)[C@H](NC(=O)N[C@H]1CCCCNC(=O)[C@H](Cc2ccccc2)NC(=O)[C@H](Cc2c[nH]c3ccccc23)N(C)C(=O)[C@H](CC(C)C)NC(=O)[C@H]([C@@H](C)CC)NC1=O)C(=O)O,5.136677139879544,0.0,1,CHEMBL4540,CHEMBL854513
CHEMBL5289282,COc1ccc(NC(=O)c2cc3sc(N4CCOCC4)nc3s2)cc1,6.318194010053928,0.7191733904243058,2,CHEMBL360,CHEMBL5223484
CHEMBL3967657,CC(C)c1cccc(N(C)S(=O)(=O)c2ccc3[nH]c(=O)c(=O)[nH]c3c2)c1,6.638272163982407,0.0,1,CHEMBL3879870,CHEMBL5732838
CHEMBL5417997,CCNc1cccc(Nc2c(CC)cc(S(=O)(=O)NCC)cc2CC)n1,6.0,0.0,1,CHEMBL5465373,CHEMBL5363736
CHEMBL4460948,O=C(O)c1ccc(/C=N/Nc2nc(-c3ccc(Cl)cc3Cl)cs2)cc1,4.563837352959244,0.0,1,CHEMBL4105844,CHEMBL4374802
CHEMBL2367685,COC1=C(Br)C[C@]2(OC=C1Br)ON=C(C(=O)NCCOc1c(Br)cc(C(O)CN)cc1Br)[C@@H]2O,4.585026652029182,0.0,1,CHEMBL3703,CHEMBL752054
CHEMBL3911185,CCc1cccc(N(C)S(=O)(=O)c2ccc3[nH]c(=O)c(=O)[nH]c3c2)c1,7.568636235841013,0.0,1,CHEMBL3879870,CHEMBL5732838
CHEMBL5629913,Cc1cc(N)n(Cc2nnc(Nc3ccn(Cc4c(F)cccc4Cl)n3)s2)n1,7.299988937677887,0.0,1,CHEMBL1849,CHEMBL5623729
CHEMBL3330940,O=C(NNC(=O)C12CC3CC(CC(C3)C1)C2)c1cc(C23CC4CC(CC(C4)C2)C3)c2ccccc2n1,5.710001024518514,0.0,1,CHEMBL360,CHEMBL3380429
CHEMBL3637810,CC(C)N(C(=O)CNc1ccccc1Nc1ccccc1)c1ccccc1,5.200000237109354,0.0,1,CHEMBL613086,CHEMBL3637832
CHEMBL4105458,Cl.NCC1OB(O)c2c(OCCO)ccc(Br)c21,6.823908740944319,0.0,1,CHEMBL4105844,CHEMBL4020311
CHEMBL3355799,O=C(Nc1ccc([N+](=O)[O-])cc1)N1CCN(c2nsc3ccccc23)CC1,4.913640169325252,0.0,1,CHEMBL3430898,CHEMBL3390735
CHEMBL3343873,O=C(Cn1c(=O)oc2ccccc21)Nc1cc(Cl)ccc1Cl,4.65521487736734,0.0,1,CHEMBL1849,CHEMBL3389875
CHEMBL571978,OC[C@H]1O[C@@H](n2ccc3c(-c4ccc[nH]4)ncnc32)[C@H](O)[C@@H]1O,5.692545067398617,2.8882641449618545,2,CHEMBL360,CHEMBL3135671
CHEMBL3477630,COc1cccc(-c2noc(-c3ccc(NCC(C)C)nc3)n2)c1OC,4.688021354043766,0.2317309897229309,2,CHEMBL4105939,CHEMBL4649965
CHEMBL1934935,O=C(/C=C/c1cn(-c2ccccc2)nc1-c1ccc(F)cc1)c1ccc(O)cc1,5.128630656946402,0.0027389688381438,2,CHEMBL360,CHEMBL1936053
CHEMBL553248,CC(C)(C)OC(=O)N[C@@H](Cc1ccccc1)C(=O)NNC(=O)c1cc(C23CC4CC(CC(C4)C2)C3)c2ccccc2n1,5.710001024518514,0.0,1,CHEMBL360,CHEMBL1030449
CHEMBL1796120,CC1CCCN(CCCNC(=O)c2ccc3c(c2)N(Cc2ccccc2)C(=O)c2ccccc2S3(=O)=O)C1,2.769551078621726,0.0,1,CHEMBL1744527,CHEMBL1798854
CHEMBL3298696,CCCCCCCCCCC[C@H](O)[C@H](C)N,4.7121982700697735,0.0,1,CHEMBL360,CHEMBL3300340
CHEMBL1330152,CCn1c2ccc(C)cc2c2nc3cc(C(=O)O)ccc3nc21,3.7199682558612976,0.0,1,CHEMBL1293297,CHEMBL1614471
CHEMBL3403286,Cc1cc(N2CCC(NC(=S)Nc3ccc([N+](=O)[O-])cc3)CC2)c2cc(C(F)(F)F)ccc2n1,5.122628654130226,0.0,1,CHEMBL3430898,CHEMBL3405737
CHEMBL1911298,CO[C@H]1/C=C/O[C@@]2(C)Oc3c(C)c(OS(=O)(=O)c4ccccc4)c4c(c3C2=O)C(=O)C(/C=N/N2CCN(C)CC2)=C(NC(=O)/C(C)=C\C=C\[C@H](C)[C@H](O)[C@@H](C)[C@@H](O)[C@@H](C)[C@H](OC(C)=O)[C@@H]1C)C4=O,6.847711655616943,0.0,1,CHEMBL2006,CHEMBL1914226
CHEMBL3497786,Cl.Clc1cccc(N[C@H]2CCCN[C@H]2Cc2ccccc2)c1,5.141690234982526,0.0,1,CHEMBL360,CHEMBL4649971
CHEMBL4078760,CCOc1cc(Br)c2c(c1)B(O)OC2CN.Cl,6.585026652029182,0.0,1,CHEMBL4105844,CHEMBL4020311
CHEMBL5416452,CCCN(C)c1ccc(CN2CCC(COc3cccc(Nc4ccccc4C)c3)CC2)cc1,4.657577319177793,0.0,1,CHEMBL4879548,CHEMBL5347778
CHEMBL261355,CCCCCCc1ccc(Oc2ccc(CN3CCN(C)CC3)cc2)c(O)c1,4.499639286678836,4.02927857367917,2,CHEMBL1849,CHEMBL936672
CHEMBL3331421,Cc1ccc(N(Cc2cn(-c3cc4ccccc4oc3=N)nn2)C2=CC(=O)c3ccccc3C2=O)cc1,4.6221475809932455,0.0,1,CHEMBL360,CHEMBL3367829
CHEMBL2425395,N=C(N)NCCC[C@H](NC(=O)[C@H](CCC(=O)O)NC(=O)[C@@H]1CCCN1C(=O)[C@@H]1CCCN1C(=O)[C@@H](N)CC(N)=O)C(=O)N[C@@H](CO)C(=O)N1CCC[C@H]1C(=O)O,3.8477116556169433,0.0,1,CHEMBL1667699,CHEMBL2429128
CHEMBL3126884,Nc1nc(N)c2c(-c3ccco3)cn([C@@H]3O[C@H](CO)[C@@H](O)[C@H]3O)c2n1,4.075720713938118,0.0,1,CHEMBL360,CHEMBL3129228
CHEMBL3335713,Br[Se]c1ccccc1,4.928117992693875,0.0,1,CHEMBL5291546,CHEMBL5234129
CHEMBL3199732,Cc1nc2ccccn2c1C(=O)N/N=C/c1ccccc1,5.313363730737707,0.0,1,CHEMBL6069,CHEMBL3365136
CHEMBL3741396,COc1cnc2ccc(=O)n(CCN3CCN(C(=S)Nc4ccc(Br)cc4)CC3)c2c1,6.309803919971486,0.0,1,CHEMBL3430898,CHEMBL3745429
CHEMBL3504713,COc1ccc(F)c(CN(CCCn2ccnc2)Cc2ccc(C)s2)c1.O=C(O)CC(O)(CC(=O)O)C(=O)O,4.580584152794661,0.0367464596094393,2,CHEMBL360,CHEMBL4649971
CHEMBL5418951,O=c1[nH]cnc2c(Sc3ccc(OCc4c(F)c(F)c(F)c(F)c4F)cc3/C=C/P(=O)([O-])[O-])c[nH]c12.[Na+].[Na+],6.928117992693875,0.0,1,CHEMBL1169594,CHEMBL5341494
CHEMBL3245816,COC(=O)CC[C@H](NC(=O)c1ccc(N(C)Cc2cnc3nc(N)nc(N)c3n2)cc1)C(=O)OC,7.301029995663981,0.0,1,CHEMBL6065,CHEMBL4146152
CHEMBL1823400,O=c1cccc(CCP(=O)(O)O)n1O,4.275724130399211,0.0,1,CHEMBL5630,CHEMBL1826116
CHEMBL3498411,Cl.Cl.Clc1cccc(C[C@@H]2NCCC[C@@H]2Nc2cccc(Cl)c2)c1,5.225950425969919,0.0,1,CHEMBL360,CHEMBL4649971
CHEMBL2017733,c1ccc(-c2nc(Nc3cc(C4CC4)[nH]n3)cc(OCCN3CCCC3)n2)cc1,7.251811972993799,0.0,1,CHEMBL1908385,CHEMBL2020901
CHEMBL5440049,COc1cccc(CCNC(=O)c2nc(-c3ccc(OC)c(OC)c3)no2)c1,6.301029995663981,0.0,1,CHEMBL4105939,CHEMBL5375438
CHEMBL1987928,O=C1CSC(=S)N1/N=C/c1ccc(O)c(O)c1O,5.108462542327436,0.0,1,CHEMBL1293297,CHEMBL1614471
CHEMBL5094563,CC(=O)c1c(-c2cc(C)c(O)cn2)oc2ccc(O)c(CN3CCC3)c12,6.823908740944319,0.0,1,CHEMBL4105939,CHEMBL5038057
CHEMBL5289264,COc1ccc(NC(=O)c2cc3sc(N4CCN(C)CC4)nc3s2)cc1,6.422331981267469,1.0725506671486116,2,CHEMBL360,CHEMBL5223484
CHEMBL1236225,CCCCCCc1ccc(Oc2ccccc2C)c(O)c1,7.294992040666664,1.428429330819938,3,CHEMBL1849,CHEMBL3089494
CHEMBL1823498,CCCCNC(=O)CCCCC#Cc1cn([C@H]2C[C@H](O)[C@@H](COP(=O)([O-])[O-])O2)c(=O)[nH]c1=O.[Na+].[Na+],5.095284454721319,0.0,1,CHEMBL1795161,CHEMBL1827108
CHEMBL3949529,CCOc1ccc(CNC(=O)C2CCN(S(=O)(=O)c3cn(C(C)C)cn3)CC2)cc1OC,5.519993057042849,0.0,1,CHEMBL3988585,CHEMBL3887425
CHEMBL1823493,N#C/C=C/c1cn([C@H]2C[C@H](O)[C@@H](COP(=O)([O-])[O-])O2)c(=O)[nH]c1=O.[Na+].[Na+],5.130768280269024,0.0,1,CHEMBL1795161,CHEMBL1827108
CHEMBL3465591,NC(=O)CCSc1ccccc1NCc1ccc(Cl)s1,5.1631594381089965,0.0069125579961406,2,CHEMBL4105939,CHEMBL4649965
CHEMBL401380,CC1=C(O)C(C)(Cc2ccc(-c3ccc(F)c(F)c3)cc2)SC1=O,3.684029654543082,0.0,1,CHEMBL3640,CHEMBL940953
CHEMBL4463020,CCOC(=O)[C@H](CC(C)C)NP(=O)(CCCC(=O)N(C)OCc1ccc(C(C)C)cc1)N[C@@H](CC(C)C)C(=O)OCC,4.308918507877031,0.0,1,CHEMBL360,CHEMBL4321385
CHEMBL3409433,COc1ccc(C(O)c2cc(C34CC5CC(CC(C5)C3)C4)c3ccccc3n2)cc1,4.079999984911641,0.0,1,CHEMBL360,CHEMBL3412552
CHEMBL3134379,OC[C@H]1O[C@@H](n2ccc3c(-c4cccc5c4sc4ccccc45)ncnc32)[C@H](O)[C@@H]1O,6.823908740944319,0.0,1,CHEMBL4105883,CHEMBL3135672
CHEMBL4579264,COc1ccc(C(=O)CN2C(=O)/C(=C\c3cc(OC)c(OC)c(OC)c3)SC2=S)cc1,5.5934598195660445,0.0,1,CHEMBL1849,CHEMBL4481956
CHEMBL2024340,CC(C)(COP(=O)(O)OP(=O)(O)OC[C@H]1O[C@@H](n2cnc3c(N)ncnc32)[C@H](O)[C@@H]1OP(=O)(O)O)[C@@H](O)C(=O)NCCC(=O)NCCSC(CC(=O)c1ccccc1I)C(=O)O,6.375717904164332,0.0,1,CHEMBL1275214,CHEMBL2027819
CHEMBL3449345,CN1CCCCC1c1ncc2c(n1)CCN(CCCc1ccccc1)C2,4.432332356998429,0.0561155810810731,2,CHEMBL360,CHEMBL4649971
CHEMBL1916847,O=C(NO)N1N=C(c2ccccc2O)C[C@H]1c1ccccc1O,4.267606240177032,0.0,1,CHEMBL360,CHEMBL1918204
CHEMBL1289900,CCCCCCCCCCCCCCCNC(=O)c1cn2c3c(c(N4CCN(C)CC4)c(F)cc3c1=O)OC[C@@H]2C,5.187086643357144,0.0,1,CHEMBL360,CHEMBL1921196
CHEMBL2316895,O=C(O)c1cc2c(CCc3ccc(OC(F)(F)F)cc3)c(-c3ccccc3)oc2cc1O,5.2839966563652006,0.0,1,CHEMBL4542,CHEMBL2317721
CHEMBL260609,CC(C)(C)C1CCc2onc(C(=O)Nc3cn[nH]c3)c2C1,4.214670164989233,0.0,1,CHEMBL6069,CHEMBL935788
CHEMBL4174883,Cl.NC1=NC2(CCCCC2)N(c2ccc(OCc3cn(CCCOc4ccc5ccc(=O)oc5c4)nn3)cc2)C(N)=N1,5.872895201635193,0.0,1,CHEMBL6065,CHEMBL4146166
CHEMBL5280246,O=C(CCC(F)(F)F)N1CCC(c2cccc(C(F)(F)F)n2)CC1,8.0,0.0,1,CHEMBL360,CHEMBL5246902
CHEMBL3468881,COc1ccc(C2CCCN2C(=O)c2cc3c([nH]c2=O)CCC3)cc1,4.479683002996731,0.0338415232315343,2,CHEMBL4105939,CHEMBL4649965
CHEMBL1405834,O=C1NC(=S)S/C1=C\c1ccc(SCc2ccco2)o1,4.751046384504292,0.0,1,CHEMBL1293297,CHEMBL1614471
CHEMBL3633320,O=C(Cn1cnc([N+](=O)[O-])n1)N1CCN(Cc2ccc(C(F)(F)F)cc2)CC1,4.576831443935097,0.6784483371914174,8,CHEMBL360,CHEMBL4179593
CHEMBL1934941,Oc1ccccc1C1=NN[C@@H](c2cn(-c3ccccc3)nc2-c2ccc(F)cc2)C1,4.550337948154786,0.0006759174929742,2,CHEMBL360,CHEMBL1936053
CHEMBL3488102,O=C(NCc1ccco1)N1CCN(Cc2ccc3c(c2)CCO3)CC1,5.59999938302362,0.0,1,CHEMBL613086,CHEMBL3637832
CHEMBL3637816,COC(=O)c1ccc(Oc2ccc(-c3csc(C)n3)cc2F)nn1,4.70000006855703,0.0,1,CHEMBL613086,CHEMBL3637832
CHEMBL539395,COc1ccc(OC)c(/C=N/NC2=CS(=O)(=O)c3ccccc32)c1,5.289882634888183,0.0,1,CHEMBL1849,CHEMBL1059058
CHEMBL564412,C[C@H](NC(=O)c1cc(C23CC4CC(CC(C4)C2)C3)c2ccccc2n1)C(=O)NN,5.450000476425332,0.0,1,CHEMBL360,CHEMBL1030449
CHEMBL3126911,Cc1ncnc2c1c(-c1ccsc1)cn2[C@@H]1O[C@H](CO)[C@@H](O)[C@H]1O,4.732828271596986,0.0,1,CHEMBL360,CHEMBL3129228
CHEMBL3439284,CCCc1cc(=O)[nH]c(-n2nc(C3CC3)cc2N)n1,5.2118019224347085,0.0,1,CHEMBL360,CHEMBL4649971
CHEMBL5414001,O=c1[nH]cnc2c(SCCOCCP(=O)([O-])[O-])c[nH]c12.[Na+].[Na+],6.779891911959945,0.0,1,CHEMBL1169594,CHEMBL5341494
CHEMBL4763381,NC(=O)/C=C/c1cc(C(F)(F)F)cc2c(=O)nc(N3CCN(CC4CCCCC4)CC3)sc12,6.698970004336019,0.0,1,CHEMBL3804751,CHEMBL4710418
CHEMBL1916849,NC(=S)N1N=C(c2ccccc2O)C[C@H]1c1ccccc1O,4.2883770630315965,0.0253058652647704,2,CHEMBL360,CHEMBL1918205
CHEMBL6177628,COc1cc(OC)c2c(c1)[n+]([O-])c1ccccc1[n+]2[O-],6.903089986991944,0.0177287669604311,4,CHEMBL360,CHEMBL6154546
CHEMBL3125248,CCc1cc(C(=O)N[C@@H]2C[C@@H](C(=O)N[C@H](CO)Cc3ccccc3)N(C(=O)c3coc4ccccc34)C2)n(C)n1,6.950781977329818,0.0,1,CHEMBL1849,CHEMBL3132000
CHEMBL1926723,CCOC(=O)Nc1cc(NCCN(C)C)c2nc(-c3ccco3)c(-c3ccco3)nc2n1,4.467245621007502,0.0,1,CHEMBL4213,CHEMBL1931925
CHEMBL3403259,COc1ccc(NC(=O)NC2CCN(c3cc(C)nc4ccc(F)cc34)CC2)cc1,5.1180450286604,0.0,1,CHEMBL3430898,CHEMBL3405737
CHEMBL3920193,Cc1ccc(CNC(=O)CN(C)S(=O)(=O)c2cc(Br)cnc2N)cc1,5.480172006224281,0.0,1,CHEMBL3988585,CHEMBL3887425
CHEMBL1480604,CN1CCN(C(=S)NC(=O)c2ccc(Cl)cc2)CC1,3.87942606879415,0.0,1,CHEMBL1293297,CHEMBL1614471
CHEMBL392127,Cc1ccc(C(=O)N2CCN(C3c4ccccc4-c4ccccc43)CC2)cc1,6.3989684610221484,0.2557070168773236,4,CHEMBL360,CHEMBL1228528
CHEMBL3403288,COc1ccc(NC(=S)NC2CCN(c3cc(C)nc4ccc(C(F)(F)F)cc34)CC2)cc1,4.462180904926726,0.0,1,CHEMBL3430898,CHEMBL3405737
CHEMBL3439873,O=C(Nc1cnc(N2CCOCC2)nc1)c1ccc(C(F)(F)F)cc1,4.671277133987624,0.0391055668398809,2,CHEMBL4105939,CHEMBL4649965
CHEMBL3330950,CCc1ccccc1NC(=S)NNC(=O)c1cc(C23CC4CC(CC(C4)C2)C3)c2ccccc2n1,5.800000874803203,0.0,1,CHEMBL360,CHEMBL3380429
CHEMBL3754231,COc1nc2ccccc2cc1C(c1cc2ccccc2nc1OC)C(O)(CCN(C)C)c1ccc(Br)cc1,8.0,0.0,1,CHEMBL2364166,CHEMBL3757365
CHEMBL5274019,Cc1ccc(-c2ccc(NC(=O)c3cc4sc(NCCN5CCOCC5)nc4s3)cc2)nc1,6.18915226883536,0.6389720746607335,2,CHEMBL360,CHEMBL5223484
CHEMBL3495490,Cn1cc(NS(=O)(=O)c2ccc(OC(F)(F)F)cc2)ccc1=O,4.067528150979359,0.1208535164624162,2,CHEMBL4662921,CHEMBL4649947
CHEMBL4451927,Cc1csc(N/N=C/c2ccccc2Br)n1,4.4156687756324695,0.0,1,CHEMBL4105844,CHEMBL4374802
CHEMBL3929952,Cc1ccc2cc(CNc3ccc(O)cc3)c(O)nc2c1,5.785156151952302,0.0,1,CHEMBL3988585,CHEMBL3887425
CHEMBL5395974,O=c1[nH]cnc2c(Sc3cc(O)ccc3/C=C/P(=O)([O-])[O-])c[nH]c12.[Na+].[Na+],7.318758762624412,0.0,1,CHEMBL1169594,CHEMBL5341494
CHEMBL439324,CC[C@H](C)[C@H](NC(=O)N[C@H]1CCCCNC(=O)[C@H](Cc2ccccc2)NC(=O)[C@@H](CC(=O)c2ccccc2NC(N)=O)N(C)C(=O)[C@H](CC(C)C)NC(=O)[C@H](C(C)C)NC1=O)C(=O)O,5.096910013008056,0.0,1,CHEMBL4540,CHEMBL854513
CHEMBL36,CCc1nc(N)nc(N)c1-c1ccc(Cl)cc1,4.527398695439239,0.873320601815399,6,CHEMBL360,CHEMBL3119863
CHEMBL3608760,O=C1COc2ccc(CNC3CCN(CCn4c(=O)ccc5ccc(Oc6cccnc6)nc54)CC3)nc2N1,6.982966660701219,0.0,1,CHEMBL3430898,CHEMBL3610297
CHEMBL2325118,CC[C@H](C)[C@H](NC(=O)[C@H](CO)NC(=O)[C@H](Cc1ccccc1)NC(=O)[C@@H](N)CC(=O)O)C(=O)O,5.334185141185033,0.4068337218320197,2,CHEMBL2321612,CHEMBL2327220
CHEMBL561654,Nc1ncnc2c1ncn2[C@@H]1O[C@H](CSSC[C@H]2O[C@@H](n3cnc4c(N)ncnc43)[C@H](O)[C@@H]2O)[C@@H](O)[C@H]1O,4.346787486224656,0.0,1,CHEMBL6176,CHEMBL1063152
CHEMBL256128,COc1ccc(NC(=S)N2N=C(c3ccc(O)cc3O)C[C@H]2c2ccc(O)c(OC)c2)cc1,3.84018675792218,0.125806458139527,2,CHEMBL360,CHEMBL932548
CHEMBL123595,CC1=C(O)C(C)(Cc2ccc(-c3ccc(C)cc3)cc2)SC1=O,4.2839966563652006,0.0,1,CHEMBL3640,CHEMBL648364
CHEMBL2005973,O=C(O)c1cccc(Cn2c(Cl)c(/C=N/NC(=O)c3cc4ccccc4cc3O)sc2=O)c1,3.872344580224793,0.0,1,CHEMBL1293297,CHEMBL1614471
CHEMBL3504709,Cc1ccc(CN(CCCn2ccnc2)Cc2cc(F)ccc2F)s1.O=C(O)CC(O)(CC(=O)O)C(=O)O,4.6725399211635175,0.1042140496211914,2,CHEMBL360,CHEMBL4649971
CHEMBL3125235,CCc1cc(C(=O)N[C@@H]2C[C@@H](C(=O)NCc3ccccn3)N(C(=O)c3coc4ccccc34)C2)n(CC)n1,8.698970004336019,0.0,1,CHEMBL1849,CHEMBL3132000
CHEMBL3637794,CNc1nc(SC)nnc1-c1cccc(Cl)c1Cl,4.900000142057633,0.0,1,CHEMBL613086,CHEMBL3637832
CHEMBL3763789,COc1cc(/C=N/NC(=O)c2c(C)nc3sccn23)cc(OC)c1OC,5.251037138743839,0.0,1,CHEMBL6069,CHEMBL3766329
CHEMBL563590,CC(C)C[C@H](N)C(=O)NNC(=O)c1cc(C23CC4CC(CC(C4)C2)C3)c2ccccc2n1,5.32000008377078,0.0,1,CHEMBL360,CHEMBL1030449
CHEMBL1823492,O=c1[nH]c(=O)n([C@H]2C[C@H](O)[C@@H](COP(=O)([O-])[O-])O2)cc1F.[Na+].[Na+],6.390863573214276,0.2934768577735349,2,CHEMBL1795161,CHEMBL1827108
CHEMBL2017732,CN(C)[C@@H]1CCN(c2cc(Nc3cc(C4CC4)[nH]n3)nc(-c3ccccc3)n2)C1,7.275724130399211,0.0,1,CHEMBL1908385,CHEMBL2020901
CHEMBL3409431,C=CCC(O)c1cc(C23CC4CC(CC(C4)C2)C3)c2ccccc2n1,4.639999934172963,0.0,1,CHEMBL360,CHEMBL3412552
CHEMBL4078933,Cc1csc(Nc2ccc(OCCO)cc2)n1,5.496209316942819,0.0,1,CHEMBL360,CHEMBL4045152
CHEMBL592712,C=CCn1c2ccccc2c2nnc(SCCCn3c(=O)[nH]c4ccccc43)nc21,6.920818753952375,0.0,1,CHEMBL4105851,CHEMBL1071690
CHEMBL430180,Cc1ccc(C(=O)N2CCN(c3cccc(Cl)c3)CC2)cc1,5.511430491315931,0.002862266413766,2,CHEMBL360,CHEMBL3073615
CHEMBL3496335,COc1cc(/C=C/c2ncc(C(=O)O)s2)cc(Cl)c1O,4.625967822198577,0.384937547246456,3,CHEMBL4662928,CHEMBL4649941
CHEMBL600648,CCn1c2ccccc2c2nnc(S(=O)(=O)CCCn3c(=O)[nH]c4ccccc43)nc21,6.096910013008056,0.0,1,CHEMBL4105851,CHEMBL1071690
CHEMBL1995948,O=C(O)c1cccc(-n2cccc2/C=N/O)c1,4.038246785813217,0.0,1,CHEMBL1293297,CHEMBL1614471
CHEMBL4529776,CC1(c2ccc(C(=O)O)cc2)NC(=O)N(CC(=O)c2ccc(F)cc2F)C1=O,4.100000018985305,0.0,1,CHEMBL3804751,CHEMBL4406692
CHEMBL3310312,Cc1nc2ccccn2c1C(=O)Nc1ccccc1,4.891773343625071,0.0,1,CHEMBL6069,CHEMBL3365136
CHEMBL5399813,Fc1ccc(COc2cccc(CNCc3cccnc3)c2)cc1,5.1938200260161125,0.0,1,CHEMBL3879870,CHEMBL5347210
CHEMBL4567343,O=S(=O)(Nc1ccc(-c2nc3ccccc3o2)cc1)c1ccc(Cl)s1,4.494850021680094,0.0,1,CHEMBL4295521,CHEMBL4388634
CHEMBL1463935,Nc1ncc2c(n1)-c1ccccc1CC2,5.816160962943579,0.0,1,CHEMBL1287620,CHEMBL2354305
CHEMBL3480492,N#Cc1cccnc1N1CCCC(CO)(Cc2cccc(Cl)c2)C1,4.601372736365798,0.0541483734541126,2,CHEMBL4105939,CHEMBL4649965
CHEMBL3403271,COc1ccc(NC(=S)NC2CCN(c3cc(C)nc4ccccc34)CC2)cc1,4.869344650977969,0.0,1,CHEMBL3430898,CHEMBL3405737
CHEMBL5434587,CC(C)(C)c1ccc(-n2cc(-c3cc(=O)n4c(c3C3CC3)SCC4C(=O)O)nn2)cc1,5.246416941107094,0.0,1,CHEMBL360,CHEMBL5363916
CHEMBL3039201,O=C(OC[C@H]1O[C@H](OC(=O)c2cc(O)c(O)c(OC(=O)c3cc(O)c(O)c(O)c3)c2)[C@H](OC(=O)c2cc(O)c(O)c(OC(=O)c3cc(O)c(O)c(O)c3)c2)[C@@H](OC(=O)c2cc(O)c(O)c(OC(=O)c3cc(O)c(O)c(O)c3)c2)[C@@H]1OC(=O)c1cc(O)c(O)c(OC(=O)c2cc(O)c(O)c(O)c2)c1)c1cc(O)c(O)c(OC(=O)c2cc(O)c(O)c(O)c2)c1,6.346787486224656,0.0,1,CHEMBL3988584,CHEMBL3887424
CHEMBL3394237,CS(=O)(=O)NC(=O)c1ccc(-c2c3c([nH]c(=O)c2C#N)-c2ccccc2OC3)cc1,8.301029995663981,0.0,1,CHEMBL2361,CHEMBL3396196
CHEMBL3984834,O=C(Nc1ccc2c(c1)C(N1CCN(C(=O)c3ccc4[nH]ccc4c3)CC1)c1ccccc1-2)c1ccco1,6.168770306132936,0.0,1,CHEMBL613086,CHEMBL3880092
CHEMBL3121926,NC(=O)c1c(NC(=O)c2ccc([N+](=O)[O-])o2)sc2c1CCN(C(=S)Nc1ccc(Cl)cc1)C2,4.717604495257475,0.0,1,CHEMBL6069,CHEMBL3123111
CHEMBL570743,OC[C@H]1O[C@@H](n2cc(Cl)c3c(-c4ccccc4)ncnc32)[C@H](O)[C@@H]1O,6.657577319177793,0.0,1,CHEMBL4105883,CHEMBL3135672
CHEMBL3500590,CNC(=O)c1cc2c(nc1NCC1CC1)CCN(S(C)(=O)=O)CC2.O=C(O)C(F)(F)F,4.741475629320283,0.1769532547269978,2,CHEMBL4105939,CHEMBL4649965
CHEMBL1796117,O=C(NCC1CCCN1)c1ccc2c(c1)N(Cc1cccc(Cl)c1)C(=O)c1ccccc1S2(=O)=O,2.6020599913279625,0.0,1,CHEMBL1744527,CHEMBL1798854
CHEMBL240316,O=C(c1ccc(Cl)c(Cl)c1)N1CCN(c2ccccc2)CC1,4.7519970980322,0.0039939957835422,2,CHEMBL360,CHEMBL3073615
CHEMBL1915696,C[C@H]1COc2c(N3CCN(C)CC3)c(F)cc3c(=O)c(C(=O)NCCCCCCCCCCCCNC(=O)c4cn5c6c(c(N7CCN(C)CC7)c(F)cc6c4=O)OC[C@@H]5C)cn1c23,5.6777807052660805,0.0,1,CHEMBL360,CHEMBL1921196
CHEMBL3793426,CC(=O)c1c(C(F)(F)F)nc2cc(F)c(N3CCSCC3)cc2[n+]1[O-],5.886056647693163,0.0,1,CHEMBL360,CHEMBL3796292
CHEMBL3394153,COc1cccc(-c2cc(-c3ccc(N)cc3)c(C#N)c(=O)[nH]2)c1,5.995678626217358,0.0,1,CHEMBL2361,CHEMBL3396196
CHEMBL2418558,CN1C(=O)/C(=C/c2ccccc2OCC(=O)O)S/C1=N\c1cccc(C(=O)O)c1,6.987162775294828,0.0,1,CHEMBL2321612,CHEMBL2423610
CHEMBL5405457,O=c1[nH]cnc2c(Sc3ccccc3O)c[nH]c12,6.438898616350944,0.0,1,CHEMBL1169594,CHEMBL5341494
CHEMBL3331407,C=CCn1cc(CN(C2=CC(=O)c3ccccc3C2=O)c2ccccc2)nn1,4.593119329950875,0.0,1,CHEMBL360,CHEMBL3367829
CHEMBL4443878,CC1(c2ccc(S(N)(=O)=O)cc2)NC(=O)N(CC(=O)c2ccccc2C(F)(F)F)C1=O,7.0,0.0,1,CHEMBL3804751,CHEMBL4406692
CHEMBL3983875,O=C(c1ccc2[nH]ccc2c1)N1CCN(C2c3cc(Br)ccc3-c3ccc(Br)cc32)CC1,6.06421353222706,1.7132104434506292,2,CHEMBL613086,CHEMBL3880092
CHEMBL379849,O=C1/C(=C/c2ccccc2F)CNC/C1=C\c1ccccc1F,4.698970004336019,0.3979400086720375,3,CHEMBL360,CHEMBL3413273
CHEMBL3487785,NS(=O)(=O)Cc1ccc(CNc2cncc(-n3cccn3)n2)cc1,4.713264719175784,0.0,1,CHEMBL4105939,CHEMBL4649965
CHEMBL2407348,O=C(c1ccc2ccccc2c1)N(O)CCCP(=O)(O)O,5.698970004336019,0.0,1,CHEMBL5630,CHEMBL2412049
CHEMBL3763165,Cc1nc2sc3ccccc3n2c1C(=O)NC1CCCCC1,5.991399828238082,0.0,1,CHEMBL6069,CHEMBL3766329
CHEMBL1173785,O=C(O)[C@@H](O)[C@@H](O)[C@@H](O)COP(=O)(O)O,4.593209505715904,0.1691423991003535,2,CHEMBL1770044,CHEMBL5580308
CHEMBL216579,O=C(c1ccc2[nH]ccc2c1)N1CCN(C2c3ccccc3-c3ccccc32)CC1,6.795880017344075,0.1106982974936894,6,CHEMBL360,CHEMBL1228528
CHEMBL1934948,O=C(c1ccccc1)N1N=C(c2ccc(Cl)cc2)C[C@@H]1c1cn(-c2ccccc2)nc1-c1ccc(F)cc1,4.28943395706847,0.0011320587506213,2,CHEMBL360,CHEMBL1936053
CHEMBL480,Cc1c(OCC(F)(F)F)ccnc1C[S+]([O-])c1nc2ccccc2[nH]1,5.657577319177793,0.0,1,CHEMBL360,CHEMBL5244572
CHEMBL4445869,CCCC/C=C1\SC(=O)N(CC(=O)NOCc2ccccc2)C1=O,4.259637310505756,0.0,1,CHEMBL360,CHEMBL4376611
CHEMBL4846640,Cc1cn(C2CCN(Cc3cccc(Oc4cccc(F)c4)c3)CC2)c(=O)[nH]c1=O,5.537602002101044,0.0,1,CHEMBL2361,CHEMBL4832952
CHEMBL5624932,CCCC[C@@H](C(=O)O)N1C(=O)/C(=C/c2ccc(-c3cccc(C(F)(F)F)c3)cc2)SC1=S,5.792646996219459,0.8023460595933063,2,CHEMBL4542,CHEMBL5622570
CHEMBL250429,CC1=C(O)C(C)(Cc2ccc(-c3ccc(C(=O)O)cc3)cc2)SC1=O,5.154901959985743,0.0,1,CHEMBL3640,CHEMBL940953
CHEMBL3895590,CC(C)n1cnc(S(=O)(=O)N2CCC(C(=O)Nc3ccc(Cl)cc3)CC2)c1,5.531652669587842,0.0,1,CHEMBL3988585,CHEMBL3887425
CHEMBL3449346,CN1CCCCC1c1ncc2c(n1)CCN(Cc1ccc(Cl)c(F)c1)C2,4.29525152752284,0.0013775443203618,2,CHEMBL360,CHEMBL4649971
CHEMBL5408370,Clc1ccc(Cn2cc(COc3ccc(C4=NCCO4)cc3)nn2)cc1,5.795880017344075,0.0,1,CHEMBL360,CHEMBL5365561
CHEMBL4205116,N#C/C(=C\c1ccc(-c2cccc(C(=O)O)c2)o1)c1nc2ccccc2s1,5.42712839779952,0.0,1,CHEMBL2259247,CHEMBL4178649
CHEMBL2316906,O=C(O)c1cc2c(C#Cc3cc(F)cc(F)c3)c(-c3ccccc3)oc2cc1O,5.795880017344075,0.0,1,CHEMBL4542,CHEMBL2317721
CHEMBL3458379,COc1cc2nc(NCc3cc(C)on3)nc(N)c2cc1OC,4.048053826903014,0.0,1,CHEMBL4105939,CHEMBL4649965
CHEMBL1564810,CC(=O)NC1=NC(=O)/C(=C/c2cc(C)n(-c3cccc(C(=O)O)c3)c2C)S1,4.027936083991977,0.0,1,CHEMBL1293297,CHEMBL1614471
CHEMBL5420324,CCCN(C)c1ccc(CN2CCC(COC3[C@H]4C[C@@H]5C[C@@H](C[C@H]3C5)C4)CC2)cc1,4.638272163982407,0.0,1,CHEMBL4879548,CHEMBL5347778
CHEMBL5281975,O=C(CCC(F)(F)F)N1CCC(c2ccc(F)cn2)CC1,8.0,0.0,1,CHEMBL360,CHEMBL5246902
CHEMBL558660,COc1cc(NC(=O)c2ccc(C)cc2[N+](=O)[O-])cc(OC)c1,5.8696662315049934,0.0,1,CHEMBL1849,CHEMBL1059058
CHEMBL5633774,O=C(NCc1cn(Cc2ccc(Oc3ccccc3)c(O)c2)nn1)c1cc2ccccc2oc1=O,6.223298816011589,0.0,1,CHEMBL1849,CHEMBL5626588
CHEMBL496,Oc1c(Cl)cc(Cl)c(Cl)c1Cc1c(O)c(Cl)cc(Cl)c1Cl,5.309803919971486,0.0,1,CHEMBL4662931,CHEMBL5379299
CHEMBL3794108,CC(C)C(=O)c1c(C(F)(F)F)nc2cc(N3CCOCC3)c(N3CCOCC3)cc2[n+]1[O-],5.080921907623926,0.0,1,CHEMBL360,CHEMBL3796292
CHEMBL4293429,CC(=O)[C@@H]1CC[C@]2(CO)CC[C@]3(C)[C@H](CC[C@@H]4[C@@]5(C)CCCNC(C)(C)[C@@H]5CC[C@]43C)[C@@H]12,4.752026733638194,0.0,1,CHEMBL360,CHEMBL4252975
CHEMBL389504,COc1ccc(/C=N/NC(=O)c2cc(C34CC5CC(CC(C5)C3)C4)c3ccccc3n2)cc1,4.25000001945443,0.0,1,CHEMBL360,CHEMBL914626
CHEMBL562289,NNC(=O)CNC(=O)c1cc(C23CC4CC(CC(C4)C2)C3)c2ccccc2n1,5.149999867728904,0.0,1,CHEMBL360,CHEMBL1030449
CHEMBL374478,CO[C@H]1/C=C/O[C@@]2(C)Oc3c(C)c(O)c4c(O)c(c(/C=N/N5CCN(C)CC5)c(O)c4c3C2=O)NC(=O)/C(C)=C\C=C\[C@H](C)[C@H](O)[C@@H](C)[C@@H](O)[C@@H](C)[C@H](OC(C)=O)[C@@H]1C,7.698970004336019,3.2290273342434794,26,CHEMBL360,CHEMBL3119863
CHEMBL3125275,CCc1cc(C(=O)N[C@@H]2C[C@@H](C(=O)O)N(C(=O)c3coc4ccccc34)C2)n(C)n1,5.889410289700751,0.0,1,CHEMBL1849,CHEMBL3132000
CHEMBL1197357,CC(C)=CCC/C(C)=C/CNCCNC1C2CC3CC(C2)CC1(O)C3,6.091514981121351,0.0,1,CHEMBL360,CHEMBL5333912
CHEMBL5315124,C[C@H]1COc2c(N3CCN(C)CC3)c(F)cc3c(=O)c(C(=O)O)cn1c23.C[C@H]1COc2c(N3CCN(C)CC3)c(F)cc3c(=O)c(C(=O)O)cn1c23.O,6.096910013008056,1.9451513319926548,7,CHEMBL360,CHEMBL1921196
CHEMBL227875,O=[N+]([O-])c1cn2c(n1)OC[C@@H](OCc1ccc(OC(F)(F)F)cc1)C2,6.221848749616356,0.3521825181113627,2,CHEMBL360,CHEMBL3406705
CHEMBL1716591,CN(C)c1nc(OCc2ccccc2)c2ncc(O)nc2n1,5.549750891680639,0.0,1,CHEMBL1287620,CHEMBL2354305
CHEMBL1777919,Cc1c(/C=N/NC(=O)c2ccncc2)[n+]([O-])c2cc(C(F)(F)F)ccc2[n+]1[O-],5.823908740944319,0.0,1,CHEMBL360,CHEMBL1781055
CHEMBL4454189,Cc1cccc(C(=O)CN2C(=O)NC(C)(c3ccc(S(N)(=O)=O)cc3)C2=O)c1,6.699991797446187,0.0,1,CHEMBL3804751,CHEMBL4406692
CHEMBL4572338,CN(O)C(=O)CS(=O)(=O)C(c1cccc2ccccc12)P(=O)(O)O,3.20690839982342,0.0,1,CHEMBL5630,CHEMBL4407818
CHEMBL5423946,CCOC(=O)c1ccc2nc(C)cc(Nc3ccc(N4CCC(C)CC4)cc3)c2c1,4.962573502059376,0.0,1,CHEMBL1849,CHEMBL5387352
CHEMBL3323157,CCOC(=O)c1cc2cc(N3CCN(C(=O)Cc4c(F)cc(F)cc4F)CC3)ccc2o1,5.214670164989233,0.0,1,CHEMBL3430898,CHEMBL3367585
CHEMBL562025,COC(=O)[C@H](CCC(N)=O)NC(=O)c1cc(C23CC4CC(CC(C4)C2)C3)c2ccccc2n1,4.939999856829448,0.0,1,CHEMBL360,CHEMBL1030449
CHEMBL1926722,CCOC(=O)Nc1cc(NCCN(C)C)c2nc(-c3cccs3)c(-c3cccs3)nc2n1,4.563837352959244,0.0,1,CHEMBL4213,CHEMBL1931925
CHEMBL3933283,COC(=O)c1cccc(S(=O)(=O)Nc2ccc(-c3nc4cc(NS(=O)(=O)c5cccc(C(=O)OC)c5)ccc4o3)cc2)c1,5.236572006437063,0.0,1,CHEMBL4295521,CHEMBL4388634
CHEMBL3765594,Cc1nc2sc3ccccc3n2c1C(=O)N/N=C/c1ccccc1,5.667561540084395,0.0,1,CHEMBL6069,CHEMBL3766329
CHEMBL5633283,COc1cccc2cc(C(=O)NCc3cn(Cc4ccc(Oc5ccccc5)c(O)c4)nn3)c(=O)oc12,6.130768280269024,0.0,1,CHEMBL1849,CHEMBL5626588
CHEMBL205338,CC(=O)N(O)CCCP(=O)(O)O,6.208741058197969,1.259773006329982,4,CHEMBL5630,CHEMBL1826116
CHEMBL2425402,CC(C)C[C@H](NC(=O)[C@H](CC(C)C)NC(=O)[C@@H]1CCCN1C(=O)CNC(=O)[C@H](CC(C)C)NC(=O)[C@@H](NC(=O)[C@@H](N)CC(C)C)[C@@H](C)O)C(=O)O,3.68193666503724,0.0,1,CHEMBL1667699,CHEMBL2429128
CHEMBL3458643,Cc1cc(C)n(-c2cncc(NCCNS(C)(=O)=O)n2)n1,4.883861781181115,0.4066806399197844,2,CHEMBL4105939,CHEMBL4649965
CHEMBL3971017,CC(C)n1cnc(S(=O)(=O)N2CCC(C(=O)Nc3cccc(F)c3)CC2)c1,5.442492798094342,0.0,1,CHEMBL3988585,CHEMBL3887425
CHEMBL3448573,Cc1cccc(CNC(Cc2ccsc2)c2nccs2)n1,4.302255652257939,0.0,1,CHEMBL360,CHEMBL4649971
CHEMBL4217608,N#C/C(=C\c1ccc(OCc2ccccc2)cc1)c1nc2ccccc2s1,4.319392571008212,0.0,1,CHEMBL2259247,CHEMBL4178649
CHEMBL4451641,C=CCONC(=O)CN1C(=O)S/C(=C\CCCC)C1=O,4.374687549038326,0.0,1,CHEMBL360,CHEMBL4376611
CHEMBL3402635,CCN(CC)Cc1cc(N(c2cc(C)nc3cc(Cl)ccc23)S(=O)(=O)c2cc(C)cc(C)c2)ccc1O,6.443697499232712,0.0,1,CHEMBL2364166,CHEMBL4415642
CHEMBL3245817,CCOC(=O)CC[C@H](NC(=O)c1ccc(N(C)Cc2cnc3nc(N)nc(N)c3n2)cc1)C(=O)OCC,7.522878745280337,0.0,1,CHEMBL6065,CHEMBL4146152
CHEMBL239662,Cc1ccc2c(c1O)C(=O)C=CC2=O,4.499969153081226,8.017338306169002,2,CHEMBL360,CHEMBL3077583
CHEMBL3125255,CCc1cc(C(=O)N[C@@H]2C[C@@H](C(=O)Nc3ccn(Cc4ccc(F)cc4)n3)N(C(=O)c3coc4ccccc34)C2)n(C)n1,8.301029995663981,0.0,1,CHEMBL1849,CHEMBL3132000
CHEMBL249417,CC1=C(O)C(C)(Cc2ccc(-c3cc(F)cc(F)c3)cc2)SC1=O,3.869666231504994,0.0,1,CHEMBL3640,CHEMBL940953
CHEMBL4284446,CN(O)C(=O)CCCP(=O)(OCc1ccc(OC(=O)c2ccccc2)cc1)OCc1ccc(OC(=O)c2ccccc2)cc1,6.376750709602099,0.0,1,CHEMBL360,CHEMBL4269458
CHEMBL5280672,O=C(CCC(F)(F)F)N1CCC(c2cncc(C(F)(F)F)c2)CC1,8.0,0.0,1,CHEMBL360,CHEMBL5246902
CHEMBL3342264,CN(O)C(=O)CCCC(c1ccccc1)P(=O)(O)O,3.3675427078152755,0.0,1,CHEMBL5630,CHEMBL3386562
CHEMBL385294,O=C(Nc1cc(F)cc(F)c1)C1CC(=O)N(C2CCCCC2)C1,5.826813731587726,0.0,1,CHEMBL1849,CHEMBL907779
CHEMBL1486085,CCC1(CC)Cc2ccccc2-c2nc(NCCCO)[nH]c(=O)c21,4.642821407588425,0.0344392229007555,2,CHEMBL4105939,CHEMBL4649965
CHEMBL3450912,Cc1ccc(S(=O)(=O)Nc2ccc(N3CCSCC3)c(C(=O)O)c2)s1,4.417690513701225,0.1436029462477002,2,CHEMBL4662928,CHEMBL4649941
CHEMBL4457059,CCOC(=O)[C@H](CC(C)C)NP(=O)(CCCC(=O)N(C)OCCCCc1ccccc1)N[C@@H](CC(C)C)C(=O)OCC,4.298432014944073,0.0,1,CHEMBL360,CHEMBL4321385
CHEMBL5404418,CCNc1ccc(C(F)(F)F)c(Nc2c(CC)cccc2CC)n1,4.522878745280337,0.0,1,CHEMBL5465373,CHEMBL5363735
CHEMBL1331272,COc1ccc2oc(=N)c(-c3nnc4n3CCCCC4)cc2c1,5.329754146925876,0.0,1,CHEMBL1287620,CHEMBL2354305
CHEMBL216704,COc1cc(NC(=O)C2CC(=O)N(C3CCCCC3)C2)cc(C(F)(F)F)c1,5.886056647693163,0.0,1,CHEMBL1849,CHEMBL907779
CHEMBL4176131,CC(=O)N[C@@H](Cc1ccccc1)C(=O)NCC(=O)N[C@@H](CCCNC(=N)N)C(=O)N[C@@H](CCCCN)C(=O)N[C@@H](CCCCN)C(=O)N[C@@H](CCCNC(=N)N)C(=O)N[C@@H](CCCNC(=N)N)C(=O)N[C@@H](CCC(N)=O)C(=O)N[C@@H](CCCNC(=N)N)C(=O)N[C@@H](CCCNC(=N)N)C(=O)N[C@H]1C[C@@H](C(=O)NCCC(N)=O)N(CCCNC(=N)N)C1,5.719181022717697,0.2766053963325623,4,CHEMBL360,CHEMBL4154576
CHEMBL6166659,CCOCOc1cc(OC)c2c(c1)[n+]([O-])c1ccccc1[n+]2[O-],7.363847077798956,0.3017254233256325,4,CHEMBL360,CHEMBL6154546
CHEMBL5404482,COc1ccc(-c2noc(C(=O)NCCc3ccc(C(=O)N4CC5(COC5)C4)cc3)n2)cc1OC,6.698970004336019,0.0,1,CHEMBL4105939,CHEMBL5375438
CHEMBL3885169,O=C1C(=O)N(CCN2CCN(NCc3ccccc3C(F)(F)F)CC2)c2ccc(F)cc21,5.443697499232712,0.0,1,CHEMBL3430898,CHEMBL3875318
CHEMBL1982521,N#CCC(=O)N/N=C/c1ccc(N2N=C(c3ccccc3)CC2c2ccccc2)cc1,6.702699187228521,0.0,1,CHEMBL1287620,CHEMBL2354305
CHEMBL1353569,O=S1(=O)c2ccccc2N=NN1Cc1ccc(Cl)c(Cl)c1,4.412738150307466,0.0,1,CHEMBL1293297,CHEMBL1614471
CHEMBL4562570,C=Cc1ccc(S(=O)(=O)Nc2ccc(-c3nc4cc(NS(=O)(=O)c5ccc(Cl)s5)ccc4o3)cc2)cc1,5.301029995663981,0.0,1,CHEMBL4295521,CHEMBL4388634
CHEMBL4071803,CN1CC2C(=O)N(c3ccc(F)cc3)C(=O)C2C12C(=O)c1ccccc1C2=O,5.663540266151471,0.0,1,CHEMBL360,CHEMBL4022472
CHEMBL4855593,Cc1cn(C2CCN(Cc3cccc(Oc4cc(F)cc(F)c4)c3)CC2)c(=O)[nH]c1=O,5.552841968657781,0.0,1,CHEMBL2361,CHEMBL4832952
CHEMBL491210,COc1ccc(-c2cc(=O)n3nc(C)c(-c4ccc(F)cc4)c3[nH]2)cc1,4.97469413473523,0.0,1,CHEMBL5091,CHEMBL989742
CHEMBL1796109,CCC1CCCCN1CCCNC(=O)c1ccc2c(c1)N(Cc1cccc(Cl)c1)C(=O)c1ccccc1[S+]2[O-],4.096910013008056,0.0,1,CHEMBL1744527,CHEMBL1798854
CHEMBL4462602,CCOC(=O)C1=C(C)Oc2nc(C)n(Cc3cn([C@@H]4O[C@H](COC(C)=O)[C@@H](OC(C)=O)[C@H](OC(C)=O)[C@H]4OC(C)=O)nn3)c(=O)c2C1c1cc(OC)cc(OC)c1,4.487983030503873,0.0,1,CHEMBL4295521,CHEMBL4372872
CHEMBL475335,CC(=O)c1c(C)[n+]([O-])c2ccccc2[n+]1[O-],5.165579296318468,0.0,1,CHEMBL360,CHEMBL1251034
CHEMBL6171189,CCOC(=O)COc1cc(OCC(=O)OCC)c2c(c1)[n+]([O-])c1ccccc1[n+]2[O-],5.540607512240769,0.0,1,CHEMBL360,CHEMBL6154546
CHEMBL4210532,O=C(O)c1noc(-c2ccccc2)c1-c1cccc(-c2ccc(O)c(F)c2)c1,5.823908740944319,0.0,1,CHEMBL4295521,CHEMBL4201103
CHEMBL3403267,Cc1cc(N2CCC(NC(=S)Nc3ccc(F)cc3)CC2)c2ccccc2n1,4.776763726897002,0.0,1,CHEMBL3430898,CHEMBL3405737
CHEMBL3193405,Cc1nn(-c2ccccc2Cl)c(Cl)c1/C=N/Nc1cccc(C(=O)O)c1,3.8635013918433008,0.0,1,CHEMBL1293297,CHEMBL1614471
CHEMBL123594,CC1=C(O)C(C)(Cc2ccc(-c3ccc(C(C)(C)C)cc3)cc2)SC1=O,4.6020599913279625,0.0,1,CHEMBL3640,CHEMBL648364
CHEMBL3910488,O=S(=O)(Nc1ccc(-c2nc3cc(NS(=O)(=O)c4ccccc4O)ccc3o2)cc1)c1ccccc1O,5.638272163982407,0.0,1,CHEMBL4295521,CHEMBL4388634
CHEMBL3343858,O=C(Cn1c(=O)oc2cc([N+](=O)[O-])ccc21)NCc1ccccn1,5.08460016478773,0.0,1,CHEMBL1849,CHEMBL3389875
CHEMBL333571,CC1=C(O)C(C)(Cc2ccc(C(C)(C)C)cc2)SC1=O,4.366531544420414,0.0,1,CHEMBL3640,CHEMBL648364
CHEMBL3394145,CSc1cc(-c2cccs2)[nH]c(=O)c1C#N,5.443697499232712,0.0,1,CHEMBL2361,CHEMBL3396196
CHEMBL3237095,COc1cc(/C=C/C(=O)N(/N=N/c2ccc([N+](=O)[O-])cc2Br)c2ccc([N+](=O)[O-])cc2Br)ccc1OC(C)=O,5.838631997765025,0.0,1,CHEMBL360,CHEMBL3239483
CHEMBL3330958,O=C(NNC(=S)Nc1ccccc1C(F)(F)F)c1cc(C23CC4CC(CC(C4)C2)C3)c2ccccc2n1,5.540000226349733,0.0,1,CHEMBL360,CHEMBL3380429
CHEMBL3883395,O=C(Nc1ccc(Cl)cc1)N1CCN(c2nc(=O)c3cc([N+](=O)[O-])ccc3s2)CC1,4.625068446021812,0.0,1,CHEMBL3430898,CHEMBL3875318
CHEMBL3473546,COCCc1noc(-c2cn(CCc3ccccc3)nn2)n1,4.872268958291038,0.3813967322003639,2,CHEMBL4105939,CHEMBL4649965
CHEMBL3764694,Cc1nc2sc3ccccc3n2c1C(=O)NCc1ccccc1,6.075720713938118,0.0,1,CHEMBL6069,CHEMBL3766329
CHEMBL3410623,O=C(Cn1cnc([N+](=O)[O-])n1)Nc1nc(-c2ccc(F)c(F)c2)cs1,4.522878745280337,0.565630725701288,7,CHEMBL360,CHEMBL4179593
CHEMBL3484465,O=S(=O)(c1c(N2CCCCC2)ccc2nonc12)N1CCCCC1,4.558788059050199,0.0494883747612506,2,CHEMBL4105939,CHEMBL4649965
CHEMBL398032,Cc1cccc(C(=O)N2CCN(c3ccc([N+](=O)[O-])cc3)CC2)c1,4.810254789721077,0.00050979315911,2,CHEMBL360,CHEMBL3073615
CHEMBL1934928,COc1ccc(C2=NN[C@@H](c3cn(-c4ccccc4)nc3-c3ccc(F)cc3)C2)cc1,6.328948815373957,0.0020933466193477,2,CHEMBL360,CHEMBL1936053
CHEMBL3445636,CCn1nc(C)c(CNC(=O)c2nnc3ccc(Cl)cc3n2)c1C,4.761075402416977,0.0,1,CHEMBL360,CHEMBL4649971
CHEMBL6175723,CCOc1cc(O)c2c(c1)[n+]([O-])c1ccccc1[n+]2[O-],7.301029995663981,1.1938200260161125,4,CHEMBL360,CHEMBL6154546
CHEMBL4092224,Cl.NCC1OB(O)c2cc(OCCCO)cc(Cl)c21,6.356547323513812,0.0,1,CHEMBL4105844,CHEMBL4020311
CHEMBL575398,O=C(N/N=C/c1cccc([N+](=O)[O-])c1)c1ccc(N2CCOCC2)cc1,1.1444999999881396,0.0,1,CHEMBL360,CHEMBL1040362
CHEMBL4638799,COC(=O)c1cccc(CSc2ccccc2)c1,4.119186407719209,0.0,1,CHEMBL6065,CHEMBL4625598
CHEMBL3342672,Nc1ncnc2c1c(/C=C/c1ccccc1)cn2[C@@H]1O[C@H](CO)[C@@H](O)[C@H]1O,5.886056647693163,0.0,1,CHEMBL360,CHEMBL3385546
CHEMBL3489317,COc1ccccc1N1CCC(CNS(=O)(=O)c2cccc(C#N)c2)C1,4.304073312180689,0.0,1,CHEMBL4105939,CHEMBL4649965
CHEMBL1946982,O=C(/C=C/c1ccc(Br)cc1)c1ccc2c(c1)OCO2,4.180456064458132,0.0,1,CHEMBL4542,CHEMBL1948973
CHEMBL3461195,CC(C)N(CC(N)=O)C(=O)c1cnc(-c2ccc3c(c2)OCO3)s1,4.9311584026629465,0.0470920147086308,2,CHEMBL4105939,CHEMBL4649965
CHEMBL3330962,O=C(NNC(=O)c1cc(C23CC4CC(CC(C4)C2)C3)c2ccccc2n1)NC12CC3CC(CC(C3)C1)C2,4.609999985082743,0.0,1,CHEMBL360,CHEMBL3380429
CHEMBL4633719,CC(C)(C)OC(=O)NCC#Cc1ccc(NC(=O)C(=O)O)cc1,5.823908740944319,0.0,2,CHEMBL4295521,CHEMBL4626292
CHEMBL4854518,Cc1cn(C2CCN(Cc3cccc(Oc4ccc(Cl)c(C(F)(F)F)c4)c3)CC2)c(=O)[nH]c1=O,5.958607314841775,0.0,1,CHEMBL2361,CHEMBL4832952
CHEMBL1651202,CCCCOC(=O)Nc1cc2nc(C3CCCCC3)[nH]c2cc1N(CC)CC,5.114073660198569,0.0,1,CHEMBL4213,CHEMBL1657588
CHEMBL5077135,CS(=O)(=O)c1cc([N+](=O)[O-])c2sc(N3CCN(CC4CCC(F)(F)CC4)CC3)nc(=O)c2c1,5.958607314841775,0.0,1,CHEMBL3804751,CHEMBL5050652
CHEMBL3450083,CC(=O)N1CCC(c2cc(C(F)(F)F)nc3nccn23)CC1,4.82334943227195,0.0912263381614373,2,CHEMBL4105939,CHEMBL4649965
CHEMBL3741477,COc1ccc(CN2CCN(CCn3c(=O)ccc4ncc(OC)cc43)CC2)cc1,5.872895201635193,0.0,1,CHEMBL3430898,CHEMBL3745429
CHEMBL3472055,COc1ccc2[nH]cc(-c3ccnc(N4CCC(C)CC4)n3)c2c1,4.497170226278294,0.0506342131589088,2,CHEMBL4105939,CHEMBL4649965
CHEMBL3403270,Cc1ccc(NC(=S)NC2CCN(c3cc(C)nc4ccccc34)CC2)cc1,5.575118363368933,0.0,1,CHEMBL3430898,CHEMBL3405737
CHEMBL3115908,Cc1ccc(S(=O)(=O)Nc2ccc(-c3nc4ccc(NS(=O)(=O)c5ccc(C)cc5)cc4[nH]3)cc2)cc1,4.638272163982407,0.0,1,CHEMBL4295521,CHEMBL4388634
CHEMBL5412545,CCCN(C)c1ccc(CN2CCC(COc3ccc(Cl)cc3Cl)CC2)cc1,4.6020599913279625,0.0,1,CHEMBL4879548,CHEMBL5347778
CHEMBL1269409,COC(=O)/C=C1\Nc2cc([N+](=O)[O-])ccc2OC1=O,4.549750891680639,0.0,1,CHEMBL1275214,CHEMBL1274290
CHEMBL5403821,Cc1cc(Nc2ccc(N3CCCCC3)cc2)c2cc(F)ccc2n1,4.416801226031377,0.0,1,CHEMBL1849,CHEMBL5387352
CHEMBL4205903,COc1cc(/C=C(\C#N)c2nc3ccccc3s2)cc(OC)c1OC,4.187822225841246,0.0,1,CHEMBL2259247,CHEMBL4178649
CHEMBL4740786,CN1C[C@@H](c2ccc(Br)cc2)[C@@]2(CSc3ccccc3C2=O)C12C(=O)c1ccccc1C2=O,4.52360317327467,0.0,1,CHEMBL360,CHEMBL4719106
CHEMBL4065024,Cl.NCC1OB(O)c2c(OCCc3ccccc3)ccc(Cl)c21,6.142667503568732,0.0,1,CHEMBL4105844,CHEMBL4020311
CHEMBL3125263,CCCc1cc(C(=O)N[C@@H]2C[C@@H](C(=O)NCC(=O)OC)N(C(=O)c3coc4ccccc34)C2)n(C)n1,7.657577319177793,0.0,1,CHEMBL1849,CHEMBL3132000
CHEMBL1644891,O=C(C[C@H]1O[C@H](CO)[C@H](O)[C@H](O)[C@H]1O)N[C@@H](Cc1cnc[nH]1)C(=O)NC[C@H]1O[C@@H](n2ccc(=O)[nH]c2=O)[C@H](O)[C@@H]1O,3.478861916295964,0.0,1,CHEMBL1075096,CHEMBL1646238
CHEMBL5422679,O=c1[nH]cnc2c(SCCOCP(=O)([O-])[O-])c[nH]c12.[Na+].[Na+],6.191114132640188,0.0,1,CHEMBL1169594,CHEMBL5341494
CHEMBL1966224,Oc1ccc(/C=N/N=C(c2ccccc2)c2ccccc2)c(O)c1O,4.7146677723561154,0.0,1,CHEMBL1293297,CHEMBL1614471
CHEMBL3330964,O=C(NNC(=O)c1cc(C23CC4CC(CC(C4)C2)C3)c2ccccc2n1)Nc1ccc(OC(F)(F)F)cc1,6.369999510099088,0.0,1,CHEMBL360,CHEMBL3380429
CHEMBL3099407,O=[N+]([O-])c1cccc(-c2cnnc(N3CCC(c4cccc(Cl)c4)C3)n2)c1,3.9273825234547632,0.0,1,CHEMBL3137292,CHEMBL3101912
CHEMBL3450664,CS(=O)(=O)c1ccc(-c2nc(C(=O)N3CCCC3)n3ccccc23)cc1,4.899079225735656,0.0196280265803405,2,CHEMBL4105939,CHEMBL4649965
CHEMBL4077894,CCOc1ccc(Cl)c2c1B(O)O[C@@H]2CN.Cl,7.251811972993799,0.0,1,CHEMBL4105844,CHEMBL4020311
CHEMBL5269277,O=C(CCC(F)(F)F)N1CCC(F)(c2ccnc(F)c2)CC1,8.0,0.0,1,CHEMBL360,CHEMBL5246902
CHEMBL3451449,Cc1cccc(NCc2nc(C)ccc2O)c1,4.0873875728743165,0.0,1,CHEMBL4662922,CHEMBL4649957
CHEMBL3751882,Cc1ccc(NC(=O)Nc2ccc(Nc3c4ccccc4nc4ccc(Cl)cc34)cc2)cc1,4.903089986991944,0.0,1,CHEMBL3430898,CHEMBL3758003
CHEMBL4081207,Cl.NC[C@H]1OB(O)c2c(OCCO)ccc(Br)c21,6.920818753952375,0.0,1,CHEMBL4105844,CHEMBL4020311
CHEMBL2259939,CC1(C)O[C@H]2OC([C@H](CCO)NCCCN[C@H](CCO)C3O[C@@H]4OC(C)(C)O[C@@H]4[C@H]3OCc3ccccc3)[C@H](OCc3ccccc3)[C@H]2O1,4.335358024443875,0.0,1,CHEMBL2259249,CHEMBL3055275
CHEMBL551296,NNC(=O)[C@H](Cc1c[nH]c2ccccc12)NC(=O)c1cc(C23CC4CC(CC(C4)C2)C3)c2ccccc2n1,5.079999880484295,0.0,1,CHEMBL360,CHEMBL1030449
CHEMBL439530,O=C(Nc1ccc(Br)cc1)C1CC(=O)N(C2CCCCC2)C1,4.552531869050244,0.0,1,CHEMBL1849,CHEMBL907779
CHEMBL256309,COc1cc([C@@H]2CC(c3ccccc3O)=NN2C(=S)Nc2ccccc2C)ccc1O,4.006703696588895,0.0220501407430746,2,CHEMBL360,CHEMBL932548
CHEMBL4066833,Cl.NC[C@H]1OB(O)c2c3c(cc(Br)c21)OCCO3,6.920818753952375,0.0,1,CHEMBL4105844,CHEMBL4020311
CHEMBL1814763,COc1ccc(-c2cn([C@@H]3O[C@H](CO)[C@@H](O)[C@H]3O)c3ncnc(N)c23)cc1,5.681936665037238,0.0,1,CHEMBL360,CHEMBL3385546
CHEMBL4877541,Cc1cn(C2CCN(Cc3cccc(Oc4ccccn4)c3)CC2)c(=O)[nH]c1=O,4.3872161432802645,0.0,1,CHEMBL2361,CHEMBL4832952
CHEMBL3752152,Cc1ccc2nc3ccccc3c(Nc3ccc(NS(=O)(=O)c4ccc(Cl)cc4)cc3)c2c1,5.283162276700476,0.0,1,CHEMBL3430898,CHEMBL3758003
CHEMBL5414534,COc1ccc(-c2nn(-c3ccc([N+](=O)[O-])cc3[N+](=O)[O-])c(N)c2C#N)cc1Oc1cccc(Br)c1C#N,6.537602002101044,0.0,1,CHEMBL1849,CHEMBL5365587
CHEMBL4565697,O=S(=O)(Nc1ccc(-c2nc3cc(NS(=O)(=O)c4ccc(Cl)s4)ccc3o2)cc1)c1ccc2ncsc2c1,5.1487416512809245,0.0,1,CHEMBL4295521,CHEMBL4388634
CHEMBL2164256,Cc1ccc(C(CCC(=O)N(C)O)P(=O)(O)O)cc1,5.7447274948966935,0.0,2,CHEMBL5630,CHEMBL2434044
CHEMBL1369293,O=C(Nc1ccon1)c1cnc2sccn2c1=O,5.336299074610352,0.0,1,CHEMBL1287620,CHEMBL2354305
CHEMBL3764280,Cc1nc2sccn2c1C(=O)Nc1ccc(Br)cc1,6.161150909262744,0.0,1,CHEMBL6069,CHEMBL3766329
CHEMBL1796115,O=C(NCCCN1CCCCC1)c1ccc2c(c1)N(Cc1cccc(Cl)c1)C(=O)c1ccccc1S2,3.494850021680094,0.0,1,CHEMBL1744527,CHEMBL1798854
CHEMBL1946993,COc1cccc(OC)c1/C=C/C(=O)c1ccc2ccccc2c1,3.669586226650809,0.0,1,CHEMBL4542,CHEMBL1948973
CHEMBL3753841,Cc1ccc(S(=O)(=O)Nc2ccc(Nc3c4ccccc4nc4ccc(C)cc34)cc2)cc1,5.008773924307505,0.0,1,CHEMBL3430898,CHEMBL3758003
CHEMBL3393958,COc1ccc(C(=O)N2CCN(C3c4ccccc4-c4ccccc43)CC2)cc1,5.537602002101044,0.0,1,CHEMBL1849,CHEMBL3395431
CHEMBL3125240,CCc1cc(C(=O)N[C@@H]2C[C@@H](C(=O)NCc3ccc(OC(F)(F)F)cc3)N(C(=O)c3coc4ccccc34)C2)n(C)n1,8.301029995663981,0.0,1,CHEMBL1849,CHEMBL3132000
CHEMBL1946990,O=C(/C=C/c1ccccc1[N+](=O)[O-])c1ccc2ccccc2c1,4.267606240177032,0.0,1,CHEMBL4540,CHEMBL1948974
CHEMBL4217594,O=C(CCn1cnc([N+](=O)[O-])n1)Nc1ccc(Oc2ccc(Cl)cc2)cc1,4.75713928675921,0.8664610916297821,8,CHEMBL360,CHEMBL4179593
CHEMBL3884900,O=C1C(=O)N(CCN2CCN(NCc3ccccc3F)CC2)c2ccccc21,4.360513510731414,0.0,1,CHEMBL3430898,CHEMBL3875318
CHEMBL2316903,O=C(O)c1cc2c(C#Cc3ccccc3)c(-c3ccccc3)oc2cc1O,5.130768280269024,0.0,1,CHEMBL4542,CHEMBL2317721
CHEMBL5179967,O=C(CN1CCC(O)(c2ccc(Cl)cc2)CC1)c1ccc(F)cc1,4.0,0.0,1,CHEMBL3879870,CHEMBL5108515
CHEMBL1765359,C/C(=C1\C=CC=N1)c1ccc(-c2ccc[nH]2)o1,6.045757490560675,0.0,1,CHEMBL4542,CHEMBL1768069
CHEMBL585760,OC[C@H]1O[C@@H](n2ccc3c(-c4ccccc4)ncnc32)[C@H](O)[C@@H]1O,5.522415991261943,2.7968055253808632,2,CHEMBL360,CHEMBL3135671
CHEMBL592546,CCCn1c2ccccc2c2nnc(SCCCn3c(=O)[nH]c4ccccc43)nc21,5.903089986991944,0.0,1,CHEMBL4105851,CHEMBL1071690
CHEMBL3739873,COc1cnc2ccc(=O)n(CCN3CCN(C(=O)Nc4ccc(C(C)=O)cc4)CC3)c2c1,4.7121982700697735,0.0,1,CHEMBL3430898,CHEMBL3745429
CHEMBL3628437,CCOC(=O)c1cnc2ccc(OC)cc2c1Nc1ccc(NCCCN2CCN(CC)CC2)cc1,5.0695604052333,0.0,1,CHEMBL3430898,CHEMBL3630322
CHEMBL2071373,CC(C)(C)OC(=O)N1CCc2c(sc3ncn(-c4cccc(C=O)c4)c(=O)c23)C1,4.6219656775426685,0.0,1,CHEMBL2069157,CHEMBL2073106
CHEMBL1934937,O=C(/C=C/c1cn(-c2ccccc2)nc1-c1ccc(F)cc1)c1ccc([N+](=O)[O-])cc1,4.898098210550838,0.0038038630135899,2,CHEMBL360,CHEMBL1936053
CHEMBL3330939,O=C(NNC(=O)c1cc(C23CC4CC(CC(C4)C2)C3)c2ccccc2n1)c1cccnc1,5.290000325166601,0.0,1,CHEMBL360,CHEMBL3380429
CHEMBL5267910,O=C(Nc1ccc(-c2ccc(F)cn2)cc1)c1cc2sc(NCCN3CCOCC3)nc2s1,6.42021640338319,0.6020599913279625,2,CHEMBL360,CHEMBL5223484
CHEMBL3446334,O=C(NCc1ccccc1)c1nnc2ccc(N3CCOCC3)cc2n1,4.70239747840234,0.1846750245610966,2,CHEMBL4105939,CHEMBL4649965
CHEMBL3454404,Cc1nc(C(=O)N(C)CC(F)(F)C(F)(F)F)c2ccccn12,4.566170024852701,0.0,1,CHEMBL4105939,CHEMBL4649965
CHEMBL1916845,NC(=O)N1N=C(c2ccccc2O)C[C@H]1c1ccccc1O,4.153664650421815,0.0803107511885947,2,CHEMBL360,CHEMBL1918205
CHEMBL3125278,CCNC[C@@H]1C[C@@H](NC(=O)c2cc(CC)nn2C)CN1C(=O)c1coc2ccccc12,6.356547323513812,0.0,1,CHEMBL1849,CHEMBL3132000
CHEMBL4084478,Cl.NCC1OB(O)c2c3c(cc(Cl)c21)OCCO3,6.886056647693163,0.0,1,CHEMBL4105844,CHEMBL4020311
CHEMBL2393581,O=C(O)[C@H](Cc1cc2ccccc2[nH]1)NCc1c[nH]c2ccccc12,4.522878745280337,0.0,1,CHEMBL2390811,CHEMBL2395747
CHEMBL3986664,Cc1ccc(NC(=O)C2CCN(S(=O)(=O)c3cn(C(C)C)cn3)CC2)cc1N(C)C,5.554395796726403,0.0,1,CHEMBL3988585,CHEMBL3887425
CHEMBL2316896,O=C(O)c1cc2c(CCc3ccc(Oc4ccccc4)cc3)c(-c3ccccc3)oc2cc1O,5.468521082957745,0.0,1,CHEMBL4542,CHEMBL2317721
CHEMBL5273568,COc1ccc(NC(=O)c2cc3sc(N4CCC(F)(F)CC4)nc3s2)cc1,6.220046687481943,0.5228787452803383,2,CHEMBL360,CHEMBL5223484
CHEMBL489164,Cc1nn2c(=O)cc(-c3ccccc3)[nH]c2c1-c1ccc(Cl)cc1,4.465973893943865,0.0,1,CHEMBL5091,CHEMBL989742
CHEMBL4104573,CCCOc1ccc(Cl)c2c1B(O)O[C@@H]2CN.Cl,6.508638306165727,0.0,1,CHEMBL4105844,CHEMBL4020311
CHEMBL5290132,O=c1cc(-c2ccccc2O)oc2ccc(O)c(CN3CCC3)c12,7.844663962534938,0.0,1,CHEMBL4105939,CHEMBL5634742
CHEMBL562026,NNC(=O)[C@H](Cc1c[nH]cn1)NC(=O)c1cc(C23CC4CC(CC(C4)C2)C3)c2ccccc2n1,6.859995049380551,0.0,1,CHEMBL360,CHEMBL1030449
CHEMBL2407195,CCC(=O)N(O)CCCP(=O)(O)O,4.565431095965801,0.0,1,CHEMBL5630,CHEMBL2412049
CHEMBL3331398,CCOC(=O)Cn1cc(CN(C2=CC(=O)c3ccccc3C2=O)c2ccc(Cl)cc2)nn1,5.484126156288321,0.0,1,CHEMBL360,CHEMBL3367829
CHEMBL3400181,Cc1cc(N2CCC(NC(=S)Nc3ccc([N+](=O)[O-])cc3)CC2)c2cc(F)ccc2n1,4.5934598195660445,0.0,1,CHEMBL3430898,CHEMBL3405737
CHEMBL2164258,CN(O)C(=O)COC(c1ccccc1)P(=O)(O)O,4.795880017344075,0.0,1,CHEMBL5630,CHEMBL2434044
CHEMBL39469,O=[Se](O)c1ccccc1,3.5100415205751654,0.0,1,CHEMBL5291546,CHEMBL5234129
CHEMBL5275222,O=C(CCC(F)(F)F)N1CCC(c2cnc(F)c(F)c2)CC1,8.0,0.0,1,CHEMBL360,CHEMBL5246902
CHEMBL4762214,O=C1c2ccccc2C(=O)C12N1CSC[C@@H]1[C@@H](c1ccc(Br)cc1)[C@@]21CSc2ccccc2C1=O,4.659357622439295,0.0,1,CHEMBL360,CHEMBL4719106
CHEMBL3794341,CNC[C@H](Cc1ccccc1)N1CCN(CCC23CC4CC(CC(C4)C2)C3)[C@H](CO)C1,4.262807357295262,0.0,1,CHEMBL360,CHEMBL3796194
CHEMBL3323165,CCOC(=O)c1cc2cc(N3CCN(C(=O)CCC45CC6CC(CC(C6)C4)C5)CC3)ccc2o1,5.16304326294045,0.0,1,CHEMBL3430898,CHEMBL3367585
CHEMBL4080074,Cl.NCC1OB(O)c2c(OCCc3ccccc3)ccc(Br)c21,6.327902142064283,0.0,1,CHEMBL4105844,CHEMBL4020311
CHEMBL4858817,COc1ccc2ccc(OCCCCCCCCN3CCCCC3)cc2c1,4.8696662315049934,0.0,1,CHEMBL4879548,CHEMBL5347776
CHEMBL4800208,O=C(Nc1ccc(I)cc1C(=O)O)c1ccc(Cl)c(Cl)c1,4.42021640338319,0.0,1,CHEMBL1849,CHEMBL5623729
CHEMBL3437512,COc1ccc(-c2cc(C[C@@H]3C[C@H](N(C)C)C3(C)C)no2)cc1,4.381513225864917,0.0,1,CHEMBL4105939,CHEMBL4649965
CHEMBL589358,O=c1[nH]c2ccccc2n1CCCSc1nnc2c(n1)[nH]c1ccccc12,5.481486060122113,0.0,1,CHEMBL4105851,CHEMBL1071690
CHEMBL3394233,N#Cc1c(-c2ccc(C(=O)O)cc2)c2c([nH]c1=O)-c1cccc(-c3cn[nH]c3)c1CC2,8.698970004336019,0.0,1,CHEMBL2361,CHEMBL3396196
CHEMBL2024255,C[C@H](NC(CC(=O)c1ccc(Cl)cc1)C(=O)O)c1ccccc1,4.931814138253839,0.0,1,CHEMBL1275214,CHEMBL2027818
CHEMBL4554896,CC1(c2ccc(S(N)(=O)=O)cc2)NC(=O)N(CC(=O)c2ccc(F)cc2O)C1=O,7.199970640755866,0.0,1,CHEMBL3804751,CHEMBL4406692
CHEMBL4860579,Cc1cn(C2CCN(Cc3cccc(Oc4ccc(Cl)c(Cl)c4)c3)CC2)c(=O)[nH]c1=O,5.958607314841775,0.0,1,CHEMBL2361,CHEMBL4832952
CHEMBL5405195,CC(C)(C)c1ccc(-c2cc(-c3cc(=O)n4c(c3C3CC3)SCC4C(=O)O)on2)cc1,5.846701287838352,1.5274529833972874,6,CHEMBL360,CHEMBL5363916
CHEMBL1319856,CCCCN=C(S)N(CCN(CC)CC)Cc1cc2cc3c(cc2nc1O)OCO3,5.612076533026563,0.0,1,CHEMBL1287620,CHEMBL2354305
CHEMBL239891,CC(C)(C)c1ccc(C(=O)N2CCN(c3cccc(Cl)c3)CC2)cc1,4.0,0.0,1,CHEMBL360,CHEMBL3073615
CHEMBL1492995,O=C(O)c1ccc(N2C(=O)c3cccc4c(C(=O)O)ccc(c34)C2=O)cc1,4.004759798137185,0.0,1,CHEMBL1293297,CHEMBL1614471
CHEMBL3394150,CSc1cc(-c2ccccn2)[nH]c(=O)c1C#N,4.7447274948966935,0.0,1,CHEMBL2361,CHEMBL3396196
CHEMBL387690,O=CNNC(=O)c1cc(C23CC4CC(CC(C4)C2)C3)c2ccccc2n1,4.119999985703918,0.0,1,CHEMBL360,CHEMBL914626
CHEMBL224214,N#CC(C#N)=NNc1cccc(Cl)c1,5.522878745280337,0.0,1,CHEMBL360,CHEMBL3820118
CHEMBL3358488,O=C(NCCCCn1cnc([N+](=O)[O-])n1)c1nc2ccccc2s1,4.947415286000334,0.7247772679423043,2,CHEMBL360,CHEMBL4179593
CHEMBL5416104,CCCN(C)c1ccc(CN2CCC(CSc3ccccc3)CC2)cc1,4.7447274948966935,0.0,1,CHEMBL4879548,CHEMBL5347778
CHEMBL199542,CCCCCCCCCCCCC1(C)SC(O)=C(C)C1=O,4.301029995663981,0.0,1,CHEMBL3640,CHEMBL863389
CHEMBL5290680,O=C(Nc1ccc(O)cc1)c1cc2sc(N3CCCCC3)nc2s1,5.439713034397075,0.2419085435453247,2,CHEMBL360,CHEMBL5223484
CHEMBL3883797,O=c1nc(N2CCN(C(=S)Nc3ccc(Cl)cc3)CC2)sc2ccc([N+](=O)[O-])cc12,6.189307985759173,0.20624367628578,2,CHEMBL3430898,CHEMBL3875318
CHEMBL2097958,Cc1ccc2nc(C)c(C(=O)NCc3cccs3)n2c1,5.090443970758825,0.0,1,CHEMBL6069,CHEMBL3365136
CHEMBL3765736,Cc1nc2sccn2c1C(=O)Nc1ccccc1,6.130768280269024,0.0,1,CHEMBL6069,CHEMBL3766329
CHEMBL4559996,OC[C@H]1O[C@@H](n2cnc3c(-c4ccsc4)ncnc32)[C@H](O)[C@@H]1O,6.706637445288554,0.0,1,CHEMBL4523271,CHEMBL4394894
CHEMBL549456,Cc1ccc(OC(=O)c2ccccc2[N+](=O)[O-])c(Br)c1,5.019996628416254,0.0,1,CHEMBL1849,CHEMBL1059058
CHEMBL3889583,CCc1ccc(NC(=O)C2CCN(S(=O)(=O)c3cn(CC)cn3)CC2)cc1,5.366531544420414,0.0,1,CHEMBL3988585,CHEMBL3887425
CHEMBL2017717,CS(=O)(=O)c1cccc(-c2nccc(Nc3cc(C4CC4)[nH]n3)n2)c1,7.0655015487564325,0.0,1,CHEMBL1908385,CHEMBL2020901
CHEMBL3121933,COc1ccc(S(=O)(=O)N2CCc3c(sc(NC(=O)c4ccc([N+](=O)[O-])o4)c3C(N)=O)C2)cc1,4.691862621361961,0.0,1,CHEMBL6069,CHEMBL3123111
CHEMBL4,CC1COc2c(N3CCN(C)CC3)c(F)cc3c(=O)c(C(=O)O)cn1c23,4.552841968657781,0.0,1,CHEMBL3430898,CHEMBL1280244
CHEMBL4174928,Cc1csc(C(C)(O)c2n[nH]/c(=N\C(=O)c3c(F)cccc3F)s2)n1,6.698970004336019,0.0,1,CHEMBL1849,CHEMBL4147598
CHEMBL3763965,Cc1nc2sccn2c1C(=O)NC1CCCCC1,5.698970004336019,0.0,1,CHEMBL6069,CHEMBL3766329
CHEMBL3754495,CC(=O)c1c(C(F)(F)F)[n+]([O-])c2cc(F)c(N3CCCCC3)cc2[n+]1[O-],6.0,0.0,1,CHEMBL360,CHEMBL3796292
CHEMBL558336,O=C(Nc1ccc(Cl)cc1Cl)c1ccccc1[N+](=O)[O-],4.700057099977233,0.0,1,CHEMBL1849,CHEMBL1059058
CHEMBL2425403,CSCC[C@H](NC(=O)[C@@H](NC(=O)[C@H](C)NC(=O)[C@H](CC(C)C)NC(=O)[C@H](C)NC(=O)[C@H](Cc1ccc(O)cc1)NC(=O)[C@@H](N)CC(C)C)[C@@H](C)O)C(=O)O,3.690369832574101,0.0,1,CHEMBL1667699,CHEMBL2429128
CHEMBL372341,CCCCCCCCCCCC1(C)SC(O)=C(C)C1=O,4.0,0.0,1,CHEMBL3640,CHEMBL863389
CHEMBL3437701,CCC(CC)C(=O)n1ccn(S(=O)(=O)c2ccc(C)cc2)c1=O,4.70229714636396,0.006348486917167,2,CHEMBL4105939,CHEMBL4649965
CHEMBL4555906,O=C(CN1C(=O)/C(=C\c2ccc(O)cc2)SC1=S)c1ccccc1,4.452225294612178,0.0,1,CHEMBL1849,CHEMBL4481956
CHEMBL4458450,CCOC(=O)C1=C(C)Oc2nc(C)n(Cc3cn([C@@H]4O[C@H](COC(C)=O)[C@@H](OC(C)=O)[C@H](OC(C)=O)[C@H]4OC(C)=O)nn3)c(=O)c2C1c1ccc([N+](=O)[O-])cc1,4.481091426308586,0.0,1,CHEMBL4295521,CHEMBL4372872
CHEMBL1416439,O=C1/C(=C/C=C/c2ccco2)SC(=S)N1NS(=O)(=O)c1ccccc1,4.304693477568198,0.0,1,CHEMBL1293297,CHEMBL1614471
CHEMBL231743,O[C@H]1[C@H](O)[C@@H](CN(CC2CCCCC2)CC2CCCCC2)O[C@@H]1CC[C@H]1O[C@H](CN(CC2CCCCC2)CC2CCCCC2)[C@@H](O)[C@@H]1O,2.46344155742847,0.0,1,CHEMBL1877,CHEMBL896692
CHEMBL594645,C(=C1\OCc2ccccc21)\c1ncnc2c1ncn2Cc1ccccc1,5.366531544420414,0.0,1,CHEMBL360,CHEMBL1073962
CHEMBL1429070,Nc1ccc2nc3c(O)nc(S)nc3nc2c1,4.853871964321762,0.0,1,CHEMBL1293297,CHEMBL1614471
CHEMBL3975683,O=S(=O)(Nc1ccc(-c2nc3cc(NS(=O)(=O)c4ccc(Cl)cc4)ccc3o2)cc1)c1ccc(Cl)cc1,5.366531544420414,0.0,1,CHEMBL4295521,CHEMBL4388634
CHEMBL4547546,O=S(=O)(Nc1ccc(-c2nc3cc(NS(=O)(=O)c4ccc(Cl)s4)ccc3o2)cc1)c1ccc(F)c(C(F)(F)F)c1,5.167491087293763,0.0,1,CHEMBL4295521,CHEMBL4388634
CHEMBL4594022,CC1(c2ccc(S(N)(=O)=O)cc2)NC(=O)N(CC(=O)c2cccc(Br)c2)C1=O,7.0,0.0,1,CHEMBL3804751,CHEMBL4406692
CHEMBL2004417,O=[N+]([O-])c1cc(/C=N/Nc2nc3ccccc3[nH]2)c(O)cc1O,3.903298498389997,0.0,1,CHEMBL1293297,CHEMBL1614471
CHEMBL106808,CCOC(=O)Nc1nc(NC(C)CCCN(CC)CC)c2nc(-c3ccccc3)c(-c3ccccc3)nc2n1,4.419075024324381,0.0,1,CHEMBL4213,CHEMBL1931925
CHEMBL1556733,COc1ccc2nc(N=C(N)NC(=O)C(C)(C)C)nc(C)c2c1,5.724688645458189,0.0,1,CHEMBL1287620,CHEMBL2354305
CHEMBL3922673,COc1ccc(CNC(=O)C2CCN(S(=O)(=O)c3cn(C(C)C)cn3)CC2)cc1,5.47755576649368,0.0,1,CHEMBL3988585,CHEMBL3887425
CHEMBL4084509,Cl.NCC1OB(O)c2c(OCC(F)F)ccc(Br)c21,6.619788758288394,0.0,1,CHEMBL4105844,CHEMBL4020311
CHEMBL3331394,Cc1ccccc1N(Cc1cn(CC#N)nn1)C1=CC(=O)c2ccccc2C1=O,4.9730583720409705,0.0,1,CHEMBL360,CHEMBL3367829
CHEMBL3445582,CCN(CC)c1nc(Nc2cccc(C(C)O)c2)nc2ccccc12,4.915366534788119,0.0,1,CHEMBL360,CHEMBL4649971
CHEMBL2407192,O=C(c1ccccc1Cn1cncn1)N(O)CCC(c1ccc(Cl)c(Cl)c1)P(=O)(O)O,4.886056647693163,0.0,1,CHEMBL5630,CHEMBL2412049
CHEMBL4557148,O=[N+]([O-])c1cccc(-c2csc(N/N=C/c3ccccc3Br)n2)c1,5.050609993355087,0.0,1,CHEMBL4105844,CHEMBL4374802
CHEMBL200475,CC(C)CC(C(=O)NC(CC(=O)O)c1ccccc1)c1ccc(OCc2cccc3c(C#N)cc(C(=O)c4ccccc4)n23)cc1,4.625228459454417,0.9994205543077666,2,CHEMBL4542,CHEMBL863942
CHEMBL5406599,CCc1cc(Nc2ccc(N3CCCCC3)cc2)c2cc(Br)ccc2n1,5.812479279163537,0.0,1,CHEMBL1849,CHEMBL5387352
CHEMBL3192541,CN(C)S(=O)(=O)c1cccc(NC(=S)N/N=C/c2ccc(O)c(O)c2O)c1,4.164943898279883,0.0,1,CHEMBL1293297,CHEMBL1614471
CHEMBL3956582,CN(c1cccc(C(C)(C)C)c1)S(=O)(=O)c1ccc2[nH]c(=O)c(=O)[nH]c2c1,4.568636235841013,0.0,1,CHEMBL3879870,CHEMBL5732838
CHEMBL5633212,[N-]=[N+]=NCc1ccc(Oc2ccccc2)c(O)c1,6.074172425375258,0.0,1,CHEMBL1849,CHEMBL5626588
CHEMBL3884925,O=c1nc(N2CCN(Cc3ccc([N+](=O)[O-])cc3)CC2)sc2ccc([N+](=O)[O-])cc12,5.375717904164332,0.0,1,CHEMBL3430898,CHEMBL3875318
CHEMBL3752277,Cc1ccc2nc3ccccc3c(Nc3ccc(NC(=O)Nc4ccc([N+](=O)[O-])cc4)cc3)c2c1,5.130768280269024,0.0,1,CHEMBL3430898,CHEMBL3758003
CHEMBL1460744,COc1ccc2nc3c(O)n(Cc4ccncc4)cnc-3c2c1,6.013228265733755,0.0,1,CHEMBL1287620,CHEMBL2354305
CHEMBL4561738,O=S(=O)(Nc1ccc(-c2nc3ccccc3o2)cc1)c1ccc(Cl)c(C(F)(F)F)c1,4.537602002101044,0.0,1,CHEMBL4295521,CHEMBL4388634
CHEMBL3338938,N=C(N)NCCc1ccc(OCc2ccccc2COc2ccc(CCNC(=N)N)cc2)cc1.O=C(O)C(F)(F)F,5.934833115752497,0.2218487496163561,2,CHEMBL360,CHEMBL3606843
CHEMBL3794465,CNC[C@@H](CO)N1CCN(CCc2ccc(C)cc2)[C@H](CC2CCCCC2)C1,4.173925197299174,0.0,1,CHEMBL360,CHEMBL3796194
CHEMBL3447480,Cn1ccnc1-c1nc(NC2CCCC2)ncc1-c1cccc(F)c1,4.394830651670041,0.0,1,CHEMBL360,CHEMBL4649971
CHEMBL3444413,CC1(C)Cc2ccccc2-c2nc(NCCO)[nH]c(=O)c21,4.744073568193096,0.0635992515828514,2,CHEMBL4105939,CHEMBL4649965
CHEMBL1796126,O=C(NCCCN1CCCC1)c1ccc2c(c1)N(Cc1ccc(Cl)cc1)C(=O)c1ccccc1S2(=O)=O,3.6020599913279625,0.0,1,CHEMBL1744527,CHEMBL1798854
CHEMBL3740954,COc1cnc2ccc(=O)n(CCN3CCN(C(=O)NCc4ccc(Cl)cc4)CC3)c2c1,6.036212172654444,0.0,1,CHEMBL3430898,CHEMBL3745429
CHEMBL3752821,O=C(c1ccc(F)cc1)c1c(C(F)(F)F)[n+]([O-])c2cc(Cl)c(Cl)cc2[n+]1[O-],5.443697499232712,0.0,1,CHEMBL360,CHEMBL3796292
CHEMBL4633958,O=C(O)C(=O)Nc1ccc(C#Cc2ccc(C(=O)O)cc2)cc1,7.638272163982407,0.0,1,CHEMBL4295521,CHEMBL4626292
CHEMBL5204753,CC(C)[C@@H](C)/C=C\[C@@H](C)[C@@]1(C)C[C@H]2C3=C4[C@@H](C=C5C[C@@H](O)CC[C@]5(C)[C@H]4CC[C@@]31C)[C@H](C(=O)O)[C@H]2C(=O)O,4.521433504406157,0.0,1,CHEMBL4540,CHEMBL5108712
CHEMBL1398964,O=C(O)c1cc(N2N=C(C(F)(F)F)/C(=C/C=C/c3ccco3)C2=O)ccc1Cl,4.025488307262672,0.0,1,CHEMBL1293297,CHEMBL1614471
CHEMBL1934960,Cc1ccc(-c2cc(-c3cn(-c4ccccc4)nc3-c3ccc(F)cc3)[nH]c(=S)n2)cc1,4.651921362324586,0.0038426708868115,2,CHEMBL360,CHEMBL1936053
CHEMBL1509762,COc1ccc(-c2c(C(F)(F)F)nn3c(O)cc(-c4ccccc4)nc23)cc1,4.694648630553377,0.0,1,CHEMBL5091,CHEMBL989742
CHEMBL3400652,CNC(=O)CCc1cc(-c2ccc(-c3ccc(C(F)(F)F)cc3)cc2)nn1-c1ccc(NC(=O)c2ccncc2)cc1,6.568636235841013,0.0,1,CHEMBL360,CHEMBL3406705
CHEMBL5395162,CC(C)=CCC/C(C)=C/CCNCCNC1C2CC3CC(C2)CC1C3,5.59154808031217,0.989276134608227,2,CHEMBL360,CHEMBL5333912
CHEMBL3087016,Cc1csc(C(C)(O)c2nnc(NCC3CN(Cc4c(F)cccc4F)C(=O)O3)s2)n1,6.3979400086720375,0.0,1,CHEMBL1849,CHEMBL3089491
CHEMBL5406705,COc1ccc(-c2noc(C(=O)NCC(C)c3ccccc3)n2)cc1OC,5.823908740944319,0.0,1,CHEMBL4105939,CHEMBL5375438
CHEMBL3884284,COc1ccc2c(c1)C(=O)C(=O)N2CCN1CCN(NCc2ccccc2C(F)(F)F)CC1,4.407823242604133,0.0,1,CHEMBL3430898,CHEMBL3875318
CHEMBL5091583,O=C(c1c(-c2ccc(O)cn2)oc2ccc(O)c(CN3CCCCC3)c12)N1CCC1,6.130768280269024,0.0,1,CHEMBL4105939,CHEMBL5038057
CHEMBL3491149,CC(C)c1ncc2c(n1)CN(Cc1noc(-c3ccccc3)n1)CC2,4.432548962655816,0.0,1,CHEMBL360,CHEMBL4649971
CHEMBL5074531,CNC(=O)c1c(-c2ccc(O)cc2)oc2ccc(O)c(CN3CCC3)c12,6.7447274948966935,0.0,1,CHEMBL4105939,CHEMBL5038057
CHEMBL3918442,CC(C)c1ccc(N(C)S(=O)(=O)c2ccc3[nH]c(=O)c(=O)[nH]c3c2)cc1,6.6020599913279625,0.0,1,CHEMBL3879870,CHEMBL5732838
CHEMBL5069909,CNC(=O)c1c(-c2ccc(CO)cc2)oc2ccc(O)c(CN3CCC4(COC4)C3)c12,5.889410289700751,0.0,1,CHEMBL4105939,CHEMBL5038057
CHEMBL3763438,Cc1nc2sccn2c1C(=O)NNC(=O)c1ccc(Oc2ccccc2)cc1,5.910094888560602,0.0,1,CHEMBL6069,CHEMBL3766329
CHEMBL4172469,C[C@H](O)Cc1cc2c(O)c(O)cc(O)c2c(=O)o1,4.684029654543083,0.0,1,CHEMBL4295521,CHEMBL4149701
CHEMBL4879265,COc1ccc2nccc(CCN3CCC(NCc4ccc(I)c(F)c4)CC3)c2n1,6.698970004336019,0.6020599913279625,3,CHEMBL3430898,CHEMBL6077503
CHEMBL3975897,CC(C)NC(=O)Nc1ccc2c(c1)C(N1CCN(C(=O)c3ccc4[nH]ccc4c3)CC1)c1ccccc1-2,6.484126156288321,0.0,1,CHEMBL613086,CHEMBL3880092
CHEMBL1795957,CCCCN(C)CCCNC(=O)c1ccc2c(c1)N(Cc1cccc(Cl)c1)C(=O)c1ccccc1S2(=O)=O,2.769551078621726,0.0,1,CHEMBL1744527,CHEMBL1798854
CHEMBL5411206,O=C(O)C1CSc2c(C3CC3)c(CSc3nnc(-c4ccc5ccccc5c4)o3)cc(=O)n21,5.452225294612178,0.0,1,CHEMBL360,CHEMBL5363916
CHEMBL3739454,COc1cnc2ccc(=O)n(CCN3CCN(Cc4ccc([N+](=O)[O-])cc4)CC3)c2c1,6.008773924307505,0.0,1,CHEMBL3430898,CHEMBL3745429
CHEMBL451611,O=C(NNC(=O)c1cc([N+](=O)[O-])cc([N+](=O)[O-])c1Br)Nc1ccccc1,5.259637310505756,0.0,1,CHEMBL6086,CHEMBL1034865
CHEMBL1530127,Cc1ccc(CNC(=O)CCS(=O)(=O)c2ccc(Br)cc2)cc1,4.228780098050466,0.0,1,CHEMBL1293297,CHEMBL1614471
CHEMBL1288789,CCCCCCCCCCCCCC(=O)OCOC(=O)c1cn2c3c(c(N4CCN(C)CC4)c(F)cc3c1=O)OC[C@@H]2C,5.886056647693163,0.0,1,CHEMBL360,CHEMBL1921196
CHEMBL1269432,COC(=O)/C=C1\Nc2ccc([N+](=O)[O-])cc2OC1=O,4.692503962086787,0.0,1,CHEMBL1275214,CHEMBL1274290
CHEMBL82521,COC1=C(Br)C[C@]2(C=C1Br)CC(C(=O)NCCc1c[nH]c(N)n1)=NO2,4.0,0.0,1,CHEMBL3703,CHEMBL752054
CHEMBL482180,CCCCC[C@H](CN(O)C=O)C(=O)N1CCC[C@H]1c1nc2ccccc2[nH]1,7.823908740944319,0.0,1,CHEMBL5765,CHEMBL1014575
CHEMBL2017708,Fc1ccc(-c2nc(Nc3cc[nH]n3)c3ccccc3n2)cc1,6.343901797987168,0.0,1,CHEMBL1908385,CHEMBL2020901
CHEMBL1539235,O=C(c1coc(=O)c(Br)c1)N1CCOCC1,4.054186873412662,0.0,1,CHEMBL1293297,CHEMBL1614471
CHEMBL3330954,CCNC(=S)NNC(=O)c1cc(C23CC4CC(CC(C4)C2)C3)c2ccccc2n1,5.229999745811777,0.0,1,CHEMBL360,CHEMBL3380429
CHEMBL3951719,CCOc1ccccc1/C=C1\Cc2ccccc2C1=O,5.94692155651658,0.0,1,CHEMBL3988584,CHEMBL3887424
CHEMBL3331274,O=C(Cn1cnc2ccc(Cl)cc2c1=O)Nc1cc(C(F)(F)F)ccc1Cl,5.341035157335565,0.0,1,CHEMBL1849,CHEMBL3385192
CHEMBL3403274,COc1ccc2nc(C)cc(N3CCC(NC(=S)Nc4ccc(Cl)cc4)CC3)c2c1,6.2076083105017466,0.0,1,CHEMBL3430898,CHEMBL3405737
CHEMBL3931070,O=C(CN1C(=O)C2(OCCO2)c2ccccc21)c1cccc(Cl)c1,7.823908740944319,0.0,1,CHEMBL3879870,CHEMBL3865749
CHEMBL3402629,CCN(CC)Cc1cc(N(c2cc(C)nc3cc(Cl)ccc23)S(=O)(=O)c2ccc([N+](=O)[O-])cc2)ccc1O,6.443697499232712,0.0,1,CHEMBL2364166,CHEMBL4415642
CHEMBL6134588,C[C@H]1COC2(CCN(c3nc(=O)c4cc(C(F)(F)F)cc(NC(=O)C(C)(C)Br)c4s3)CC2)O1,4.089642442727122,0.0,1,CHEMBL3804751,CHEMBL6075288
CHEMBL3480142,Cc1nc(C2CCNCC2)cc(N(C)Cc2cc3cc(F)ccc3[nH]2)n1,4.140866628341634,0.0,1,CHEMBL360,CHEMBL4649971
CHEMBL1554,Cc1c2oc3c(C)ccc(C(=O)N[C@@H]4C(=O)N[C@H](C(C)C)C(=O)N5CCC[C@H]5C(=O)N(C)CC(=O)N(C)[C@@H](C(C)C)C(=O)O[C@@H]4C)c3nc-2c(C(=O)N[C@@H]2C(=O)N[C@H](C(C)C)C(=O)N3CCC[C@H]3C(=O)N(C)CC(=O)N(C)[C@@H](C(C)C)C(=O)O[C@@H]2C)c(N)c1=O,3.600811020875485,0.0,2,CHEMBL6069,CHEMBL1799372
CHEMBL5625121,CCCC[C@@H](C(=O)O)N1C(=O)/C(=C/c2ccc(-c3cccc(Cl)c3)c(Cl)c2)SC1=S,6.481486060122113,0.0,1,CHEMBL6066201,CHEMBL5622563
CHEMBL5432543,O=C(NCCc1ccc(C(=O)N2CCC2)cc1)c1nc(-c2ccc3cn[nH]c3c2)no1,7.0,0.0,1,CHEMBL4105939,CHEMBL5375438
CHEMBL554334,CC(C)(C)OC(=O)N[C@@H](Cc1c[nH]cn1)C(=O)NNC(=O)c1cc(C23CC4CC(CC(C4)C2)C3)c2ccccc2n1,7.250031916490597,0.0,1,CHEMBL360,CHEMBL1030449
CHEMBL3794388,Cc1c(C(=O)/C=C/c2ccc([N+](=O)[O-])o2)[n+]([O-])c2ccccc2[n+]1[O-],4.761953896871205,0.0,1,CHEMBL360,CHEMBL3796292
CHEMBL3126889,Nc1nc(N)c2c(-c3cc4ccccc4o3)cn([C@@H]3O[C@H](CO)[C@@H](O)[C@H]3O)c2n1,4.609064892896621,0.0,1,CHEMBL360,CHEMBL3129228
CHEMBL1539325,CC1(C)CCCN(C(=O)c2coc(=O)c(Br)c2)C1,4.67264106561367,0.0,1,CHEMBL1293297,CHEMBL1614471
CHEMBL5220755,O=C1NC(=S)NC(=O)C1=Cc1cc(Br)ccc1OCc1ccc(Cl)cc1,4.649751981665837,0.0,1,CHEMBL4540,CHEMBL5216850
CHEMBL3125260,CCc1cc(C(=O)N[C@@H]2C[C@@H](C(=O)NCc3nc(C)no3)N(C(=O)c3coc4ccccc34)C2)n(C)n1,8.154901959985743,0.0,1,CHEMBL1849,CHEMBL3132000
CHEMBL3330948,Cc1ccc(NC(=S)NNC(=O)c2cc(C34CC5CC(CC(C5)C3)C4)c3ccccc3n2)cc1,4.339999990132752,0.0,1,CHEMBL360,CHEMBL3380429
CHEMBL1945552,COc1ccc2nc(Cl)c(/C=C/C(=O)c3ccc4c(c3)OCO4)cc2c1,4.031517051446065,0.0,1,CHEMBL4542,CHEMBL1948973
CHEMBL3742364,COc1cnc2ccc(=O)n(CCN3CCN(Cc4ccc(F)cc4)CC3)c2c1,6.040958607678906,0.0,1,CHEMBL3430898,CHEMBL3745429
CHEMBL3938063,CCCCc1cccc(N(C)S(=O)(=O)c2ccc3[nH]c(=O)c(=O)[nH]c3c2)c1,6.154901959985743,0.0,1,CHEMBL3879870,CHEMBL5732838
CHEMBL4438483,CC1(c2ccc(C#N)cc2)NC(=O)N(CC(=O)c2ccc(Cl)s2)C1=O,6.299997602857746,0.0,1,CHEMBL3804751,CHEMBL4406692
CHEMBL3938421,O=S(=O)(Nc1ccc(-c2nc3cc(NS(=O)(=O)c4cccc(O)c4)ccc3o2)cc1)c1cccc(O)c1,5.823908740944319,0.0,1,CHEMBL4295521,CHEMBL4388634
CHEMBL4283687,Cc1c(CN2CCOCC2)cc(-c2ccc(C(C)C)cc2)n1C,5.903089986991944,0.0,1,CHEMBL360,CHEMBL4255037
CHEMBL3754673,COc1nc2ccccc2cc1C(c1cc2ccccc2nc1OC)C(O)(CCN(C)C)c1cccc2ccccc12,9.0,0.0,1,CHEMBL2364166,CHEMBL3757365
CHEMBL578623,CCc1ncnc2c1ccn2[C@@H]1O[C@H](CO)[C@@H](O)[C@H]1O,4.571453215622457,1.0401235309977863,2,CHEMBL360,CHEMBL3135671
CHEMBL4552935,COc1cc(/C=C2/SC(=S)N(CC(=O)c3ccccc3)C2=O)cc(OC)c1OC,5.505845405981558,0.0,1,CHEMBL1849,CHEMBL4481956
CHEMBL3752104,S=C(Nc1ccccc1)Nc1ccc(Nc2c3ccccc3nc3ccc(Cl)cc23)cc1,4.533132379645891,0.0,1,CHEMBL3430898,CHEMBL3758003
CHEMBL3885023,Cc1ccc(NC(=O)N2CCN(c3nc(=O)c4cc([N+](=O)[O-])ccc4s3)CC2)cc1,5.016824927962187,0.0,1,CHEMBL3430898,CHEMBL3875318
CHEMBL1934959,O=NN1N=C(c2cccs2)C[C@@H]1c1cn(-c2ccccc2)nc1-c1ccc(F)cc1,4.579033592691652,0.0019328119403212,2,CHEMBL360,CHEMBL1936053
CHEMBL3099427,Cc1ccc(-c2cnnc(N3CCC(c4cccc(Cl)c4)C3)n2)o1,3.8312079796858174,0.0,1,CHEMBL3137292,CHEMBL3101912
CHEMBL2393579,COc1ccc2nc(C)cc(Nc3ccc(O)cc3)c2c1,4.903089986991944,0.0,1,CHEMBL2390811,CHEMBL2395747
CHEMBL3753644,O=C(Nc1ccc(Nc2c3ccccc3nc3ccccc23)cc1)Nc1ccc([N+](=O)[O-])cc1,4.571865205971212,0.0,1,CHEMBL3430898,CHEMBL3758003
CHEMBL4099978,Cl.NCC1OB(O)c2cc(OCCO)cc(Cl)c21,5.954677021213342,0.0,1,CHEMBL4105844,CHEMBL4020311
CHEMBL4858734,C[C@@H]1O[C@@H](O[C@@H]2C[C@H](c3ccc4c(c3O)C(=O)C3=C(C4=O)[C@@]4(O[C@H]5CC[C@H](O)[C@H](C)O5)C(=O)C[C@](C)(O)C[C@@]4(O)C=C3)O[C@H](C)[C@H]2O)CC[C@@H]1O[C@H]1C[C@@H](O)[C@H](O)[C@@H](C)O1,6.200659450546418,0.0,1,CHEMBL2321612,CHEMBL5551513
CHEMBL54,O=C(CCCN1CCC(O)(c2ccc(Cl)cc2)CC1)c1ccc(F)cc1,6.4089353929735005,0.0,1,CHEMBL3879870,CHEMBL5108515
CHEMBL3329649,O=C(NNC(=O)c1cc(C23CC4CC(CC(C4)C2)C3)c2ccccc2n1)Nc1cccc(F)c1,5.420000452721523,0.0,1,CHEMBL360,CHEMBL3380429
CHEMBL3763921,COc1cc(/C=N\Nc2nc(-c3ccc(Br)cc3)cs2)cc([N+](=O)[O-])c1O,4.999565922520682,0.0,1,CHEMBL360,CHEMBL3769289
CHEMBL5418788,CCOC(=O)c1ccc2nc(C)cc(Nc3ccc(C(=O)N4CCCC4)cc3)c2c1,4.351639989019068,0.0,1,CHEMBL1849,CHEMBL5387352
CHEMBL3121924,COc1ccc(NC(=O)N2CCc3c(sc(NC(=O)c4ccc([N+](=O)[O-])o4)c3C(N)=O)C2)cc1,4.822175028135319,0.0,1,CHEMBL6069,CHEMBL3123111
CHEMBL1934961,Fc1ccc(-c2nn(-c3ccccc3)cc2-c2cc(-c3ccc(Cl)cc3)nc(=S)[nH]2)cc1,4.9883706657201845,0.0032586620074015,2,CHEMBL360,CHEMBL1936053
CHEMBL2407187,O=C(c1ccccc1OC(F)(F)F)N(O)CCC(c1ccc(Cl)c(Cl)c1)P(=O)(O)O,5.096910013008056,0.0,1,CHEMBL5630,CHEMBL2412049
CHEMBL1289120,CCCCCCCC(=O)OCOC(=O)c1cn2c3c(c(N4CCN(C)CC4)c(F)cc3c1=O)OC[C@@H]2C,5.886056647693163,0.0,1,CHEMBL360,CHEMBL1921196
CHEMBL2316909,COc1cccc(C#Cc2c(-c3ccccc3)oc3cc(O)c(C(=O)O)cc23)c1,4.468521082957745,0.0,1,CHEMBL4542,CHEMBL2317721
CHEMBL4635310,O=C(O)C(=O)Nc1ccc(C#Cc2ccccc2)cc1,6.590066876668706,0.0,3,CHEMBL4295521,CHEMBL4626292
CHEMBL4162042,Cc1ccn(C(C)c2nnc(Nc3ccn(Cc4c(F)cccc4Cl)n3)s2)n1,8.100015437450608,0.0,1,CHEMBL1849,CHEMBL5623729
CHEMBL5093338,CNC(=O)c1c(-c2ccc(OC)cc2)oc2ccc(O)c(CN3CCC4(COC4)C3)c12,6.187086643357144,0.0,1,CHEMBL4105939,CHEMBL5038057
CHEMBL1934926,Nc1nc(-c2ccccc2)cc(-c2cn(-c3ccccc3)nc2-c2ccc(F)cc2)n1,5.228106650415292,0.0037861907929706,2,CHEMBL360,CHEMBL1936053
CHEMBL3121947,COc1ccc(S(=O)(=O)N2CCc3c(sc(NC(=O)c4ccc([N+](=O)[O-])s4)c3C(N)=O)C2)cc1,4.720105019988361,0.0,1,CHEMBL6069,CHEMBL3123111
CHEMBL3439285,CC(C)c1cc(=O)[nH]c(-n2nc(C3CC3)cc2N)n1,5.334668588959374,0.0,1,CHEMBL360,CHEMBL4649971
CHEMBL426702,CN(Cc1c2ccccc2cc2ccccc12)C(=O)C1CC(=O)N(C2CC3CCC2C3)C1,6.203911621302066,0.2666610940327185,2,CHEMBL360,CHEMBL1228528
CHEMBL2259940,CCN(CC)CCCC(C)Nc1ccnc2c1C=CC(Cl)C2,4.337242168318426,0.0,1,CHEMBL2259249,CHEMBL3055275
CHEMBL3403269,Cc1cc(N2CCC(NC(=S)Nc3ccc([N+](=O)[O-])cc3)CC2)c2ccccc2n1,5.91721462968355,0.0,1,CHEMBL3430898,CHEMBL3405737
CHEMBL1777916,Cc1ccc2c(c1)[n+]([O-])c(/C=N/NC(=O)c1ccncc1)c(C)[n+]2[O-],5.876148359032914,0.0,1,CHEMBL360,CHEMBL1781055
CHEMBL5428326,CCCN(C)c1ccc(CN2CCC(COc3cccc(Oc4ccccc4)c3)CC2)cc1,4.886056647693163,0.0,1,CHEMBL4879548,CHEMBL5347778
CHEMBL3884730,Cc1ccc(NC(=O)N2CCN(c3nc(=O)c4cc(C(F)(F)F)ccc4s3)CC2)cc1,5.279014255846261,0.0,1,CHEMBL3430898,CHEMBL3875318
CHEMBL4215472,O=C(O)c1noc(-c2ccccc2)c1-c1cccc(-c2cc(Cl)c(O)c([N+](=O)[O-])c2)c1,6.05395269865476,0.6766936096248664,4,CHEMBL4295521,CHEMBL4201103
CHEMBL5430734,Cc1ccc2nc(C)cc(Nc3ccc(N4CCCCC4)cc3)c2c1,4.764471553092451,0.0,1,CHEMBL1849,CHEMBL5387352
CHEMBL3125273,CCNC(=O)[C@@H]1C[C@@H](NC(=O)c2cc(CC)nn2C)CN1C(=O)c1ccc2sccc2c1,6.91721462968355,0.0,1,CHEMBL1849,CHEMBL3132000
CHEMBL3459558,CCc1cccc(NS(=O)(=O)c2cc(C)c(C(=O)O)s2)c1,4.857260624122837,0.1571702491710285,2,CHEMBL4105939,CHEMBL4649965
CHEMBL3753342,O=C(Nc1ccc(Cl)cc1)Nc1ccc(Nc2c3ccccc3nc3ccccc23)cc1,4.982966660701219,0.0,1,CHEMBL3430898,CHEMBL3758003
CHEMBL3088172,Cc1csc([C@](C)(O)c2nnc(Nc3ccn(Cc4c(F)cccc4F)n3)s2)n1,8.522878745280337,0.0,1,CHEMBL1849,CHEMBL3089491
CHEMBL2017716,CS(=O)(=O)Nc1cccc(-c2nccc(Nc3cc(C4CC4)[nH]n3)n2)c1,6.405607449624573,0.0,1,CHEMBL1908385,CHEMBL2020901
CHEMBL3125276,CCc1cc(C(=O)N[C@@H]2C[C@@H](C(=O)NCC(=O)OC)N(C(=O)c3coc4ccccc34)C2)n(C)n1,8.301029995663981,0.0,1,CHEMBL1849,CHEMBL3132000
CHEMBL3478985,COc1ccc(CCC(C)Nc2cccc(SC)c2)cc1,4.631902039870277,0.0110986567354931,2,CHEMBL4105939,CHEMBL4649965
CHEMBL257397,COc1ccccc1NC(=S)N1N=C(c2ccc(O)cc2O)C[C@H]1c1ccc(O)cc1,3.951892707326797,0.2900346113625178,2,CHEMBL360,CHEMBL932548
CHEMBL1818286,O=C(CC[N+](=O)[O-])Nc1ccc(Cl)cc1,4.671212799645465,0.0,1,CHEMBL1667699,CHEMBL1820652
CHEMBL3422252,CC(CC(=O)N(C)O)CP(=O)(O)O,6.688246138944246,0.0,1,CHEMBL5630,CHEMBL3423799
CHEMBL3331396,CCOC(=O)Cn1cc(CN(C2=CC(=O)c3ccccc3C2=O)c2ccc(C)cc2)nn1,4.924088238517222,0.0,1,CHEMBL360,CHEMBL3367829
CHEMBL1468728,COc1ccc(-c2cc(C(=O)NCC3CCCO3)c3cc(C(C)C)ccc3n2)cc1,6.098590723409947,0.0,1,CHEMBL1287620,CHEMBL2354305
CHEMBL5268454,CCOc1ccc2c(c1)O/C(=C\c1cccc(OCC(=O)OC)c1)C2=O,5.318758762624412,0.0,1,CHEMBL360,CHEMBL5237853
CHEMBL3331293,O=C(Cn1cnc2ccccc2c1=O)NCc1nc2ccc([N+](=O)[O-])cc2s1,5.29073003902417,0.0,1,CHEMBL1849,CHEMBL3385192
CHEMBL1076347,O=C(Nc1ccc(Cl)cc1)Nc1ccc(Cl)c(Cl)c1,6.657577319177793,0.0,1,CHEMBL1795155,CHEMBL1819932
CHEMBL3403265,COc1ccc(NC(=O)NC2CCN(c3cc(C)nc4ccc(C(F)(F)F)cc34)CC2)cc1,4.703334809738469,0.0,1,CHEMBL3430898,CHEMBL3405737
CHEMBL3207709,Cc1nc2ccccn2c1C(=O)N/N=C/c1ccc(F)cc1,5.423658649794207,0.0,1,CHEMBL6069,CHEMBL3365136
CHEMBL4649874,COC(=O)c1cccc(COc2ccc(OC)cc2)c1,3.616184634019569,0.0,1,CHEMBL6065,CHEMBL4625598
CHEMBL3331409,O=C1C=C(N(Cc2cn(Cc3ccccc3)nn2)c2ccc(Br)cc2)C(=O)c2ccccc21,4.541966807503494,0.0,1,CHEMBL360,CHEMBL3367829
CHEMBL4873917,Cc1cn(C2CCN(Cc3cccc(Oc4cccc(O)c4)c3)CC2)c(=O)[nH]c1=O,4.481486060122113,0.0,1,CHEMBL2361,CHEMBL4832952
CHEMBL5274613,O=C(CCCl)N1CCC2(CC1)CC(C(F)(F)F)=NO2,7.301029995663981,0.0,1,CHEMBL360,CHEMBL5246902
CHEMBL336718,COc1ccc(-c2nc(O)c3ccccc3n2)cc1,4.309361213924259,0.0008854120944548,2,CHEMBL6065,CHEMBL5234352
CHEMBL4548115,CC[C@@H](C)[C@H]1OC(=O)[C@H](C)[C@H](O)[C@H](Cc2cccnc2)NC(=O)[C@@H](NC(=O)c2ncccc2O)[C@@H](C)OC1=O,4.501689446210399,0.0,1,CHEMBL1849,CHEMBL4380941
CHEMBL1330204,Cc1cc(C)c2oc(-c3cccc(N)c3)nc2c1,6.285326629624092,0.0,1,CHEMBL1287620,CHEMBL2354305
CHEMBL1420397,N#Cc1cc(-c2cccc(Cl)c2)cnc1O,5.640354207325457,0.0,1,CHEMBL1287620,CHEMBL2354305
CHEMBL4525397,C/C=C(\C)C(=O)O[C@@H]1[C@@H](C)[C@@]2(O)[C@@H](C(=O)C(CO)=C[C@]3(O)C(=O)C(C)=C[C@@H]23)[C@@H]2C(C)(C)[C@]12OC(=O)C(C)C,4.872895201635193,0.0,1,CHEMBL360,CHEMBL4430767
CHEMBL482179,CCC[C@H](CN(O)C=O)C(=O)N1CCC[C@H]1c1nc2ccccc2[nH]1,7.619788758288394,0.0,1,CHEMBL5765,CHEMBL1014575
CHEMBL3637824,N#Cc1cccc(-c2ccc(NC[C@H]3CC[C@]4(CC3)CN(c3cccnn3)C(=O)O4)nc2)c1,4.600000074606178,0.0,1,CHEMBL613086,CHEMBL3637832
CHEMBL5414003,CC(C)=CCC/C(C)=C/CCNCCNC1C2CC3CC1CC(F)(C3)C2,5.439713034397075,0.7683914130944869,2,CHEMBL360,CHEMBL5333912
CHEMBL3794322,CNC[C@@H](CO)N1CCN(CCC(c2ccccc2)c2ccccc2)[C@H](CC2CCCCC2)C1,4.657577319177793,0.0,1,CHEMBL360,CHEMBL3796194
CHEMBL3481280,N#Cc1cccc(N2CCC(CO)(CCOc3ccccc3)CC2)n1,4.393635441534713,0.1541412968243865,2,CHEMBL4105939,CHEMBL4649965
CHEMBL4075254,Cl.NCC1OB(O)c2c(OCc3ccccc3)ccc(Cl)c21,6.494850021680094,0.0,1,CHEMBL4105844,CHEMBL4020311
CHEMBL1270877,CCS(=O)(=O)c1ccc2c(c1)N/C(=C\C(=O)OC)C(=O)O2,4.747146969020107,0.0,1,CHEMBL1275214,CHEMBL1274290
CHEMBL1823393,CC(=O)N(O)CCc1c(C(=O)O)noc1C,3.821023052706831,0.0,1,CHEMBL5630,CHEMBL1826116
CHEMBL3341763,COc1ccc(C(CCC(=O)N(C)O)P(=O)(O)O)cc1,5.698970004336019,0.0,1,CHEMBL5630,CHEMBL3386562
CHEMBL3608759,Cc1ncc(CNC2CCN(CCn3c(=O)ccc4ncc(F)cc43)CC2)cc1Cl,6.6020599913279625,0.0,1,CHEMBL3430898,CHEMBL3610297
CHEMBL122699,CC1=C(O)C(C)(Cc2cc(F)cc(F)c2)SC1=O,3.580044251510242,0.0,1,CHEMBL3640,CHEMBL648364
CHEMBL4449994,O=c1ccc2cc(S(=O)(=O)Nc3ccc4oc(-c5ccc(NS(=O)(=O)c6ccc(Cl)s6)cc5)nc4c3)ccc2o1,5.3872161432802645,0.0,1,CHEMBL4295521,CHEMBL4388634
CHEMBL1256993,COc1c(N2CC[C@@H](C(C)(C)N)C2)c(F)cc2c(=O)c3c(=O)[nH]sc3n(C3CC3)c12,5.337242168318426,0.4352290933914853,3,CHEMBL4165,CHEMBL1284664
CHEMBL5432995,CCCCCCCCCCCNCCNC1C2CC3CC(C2)CC1C3,5.170517578667782,1.1014576407587775,2,CHEMBL360,CHEMBL5333912
CHEMBL3769851,O=C(C(c1ccccc1)S(=O)(=O)O)N1CCCC2CCCCC21,7.744727494896693,0.0,1,CHEMBL4540,CHEMBL5216850
CHEMBL1762037,CCN(CC)C(=O)[C@H]1CC[C@H]2[C@@H]3CN4CCCCC5=C4[C@](C)(CCC5=O)[C@H]3CC[C@]12C,4.366531544420414,0.0,1,CHEMBL1744528,CHEMBL1764602
CHEMBL1304345,Cc1c(C)n(C(=O)CSc2nc3ccccc3[nH]2)c2ccccc12,4.417822962311591,0.0,1,CHEMBL1293297,CHEMBL1614471
CHEMBL1497894,CCOC(=O)c1sc2nc3c(SCC(=O)O)cc(C(=O)c4cc(F)ccc4O)cn3c(=O)c2c1C,2.969234363097251,0.0,1,CHEMBL1293297,CHEMBL1614471
CHEMBL5440187,O=c1[nH]cnc2c(Sc3ccccc3)c[nH]c12,5.208519883979999,0.0,1,CHEMBL1169594,CHEMBL5341494
CHEMBL4441684,Brc1ccccc1/C=N/Nc1nc(-c2ccccc2)cs1,4.617982957425132,0.0,1,CHEMBL4105844,CHEMBL4374802
CHEMBL5069500,CN(C)C(=O)c1c(-c2ccc(O)cc2)oc2ccc(O)c(CN3CCC4(COC4)C3)c12,6.045757490560675,0.0,1,CHEMBL4105939,CHEMBL5038057
CHEMBL3745964,COc1cc(CCc2ccccc2O)cc(O)c1OC,3.0457574905606752,0.0,1,CHEMBL360,CHEMBL3750542
CHEMBL5434022,CC(C)Oc1cccc(Sc2c[nH]c3c(=O)[nH]cnc23)c1/C=C/P(=O)([O-])[O-].[Na+].[Na+],7.481486060122112,0.0,1,CHEMBL1169594,CHEMBL5341494
CHEMBL554921,CCC(C)[C@H](NC(=O)OC(C)(C)C)C(=O)NNC(=O)c1cc(C23CC4CC(CC(C4)C2)C3)c2ccccc2n1,5.889999848866887,0.0,1,CHEMBL360,CHEMBL1030449
CHEMBL611941,COc1ccc(/C=C2\Oc3ccccc3C2=O)cc1,6.040005161671584,0.0,1,CHEMBL1287620,CHEMBL2354305
CHEMBL5420318,COc1ccc(CCNC(=O)c2nc(-c3ccc(OC)c(OC)c3)no2)cc1,6.3979400086720375,0.0,1,CHEMBL4105939,CHEMBL5375438
CHEMBL3483149,CCN1CC(C(=O)N2CCN(c3nsc4ccccc34)CC2)CCC1=O,4.089506485562205,0.0941434594646146,2,CHEMBL4105939,CHEMBL4649965
CHEMBL5401350,COc1ccc(-c2noc(C(=O)NCCc3ccc(C(=O)N4CC(OC)C4)cc3)n2)cc1OCC1(O)CC1,6.522878745280337,0.0,1,CHEMBL4105939,CHEMBL5375438
CHEMBL5419057,O=c1[nH]cnc2c(Sc3ccc(Br)cc3/C=C/P(=O)([O-])[O-])c[nH]c12.[Na+].[Na+],7.522878745280337,0.0,1,CHEMBL1169594,CHEMBL5341494
CHEMBL4166541,Cc1cc(C)n(Cc2ccc(C(=O)NCc3ccc(F)cc3Cl)cc2)n1,7.148974387563676,0.4979312422167217,2,CHEMBL1849,CHEMBL4132748
CHEMBL551153,NNC(=O)[C@H](Cc1ccccc1)NC(=O)c1cc(C23CC4CC(CC(C4)C2)C3)c2ccccc2n1,4.869999962200743,0.0,1,CHEMBL360,CHEMBL1030449
CHEMBL311210,O=C(NCCSSc1ccc(F)cc1)/C(Cc1cccc(Br)c1)=N\O,4.045757490560675,0.0,1,CHEMBL3703,CHEMBL752054
CHEMBL1098610,O=C(/C=C/c1ccc2ccccc2c1)c1ccc2ccccc2c1,4.031517051446065,0.0,1,CHEMBL4542,CHEMBL1948973
CHEMBL5630190,COc1ccc(CCC(=O)N2CCC(SS[C@@H]3CCN(C(=O)CCc4ccc(OC)cc4)C3)C2)cc1,5.958607314841775,0.0,1,CHEMBL1772929,CHEMBL5623718
CHEMBL5280084,COc1c(N2CCCCC2)c(F)cc2c(=O)c(C(=O)N3CCSC3)cn(C3CC3)c12,3.980883709552927,0.0,1,CHEMBL3430898,CHEMBL5234526
CHEMBL4634216,c1ccc(OCc2cccc(-c3nnn[nH]3)c2)cc1,3.342944147142896,0.0,1,CHEMBL6065,CHEMBL4625598
CHEMBL3331415,Cc1ccc(N(Cc2cn(CC(=O)c3ccccc3)nn2)C2=CC(=O)c3ccccc3C2=O)cc1,4.853871964321762,0.0,1,CHEMBL360,CHEMBL3367829
CHEMBL409409,O[C@H]1[C@H](O)[C@@H](CN(CC2CCCCC2)CC2CCCCC2)O[C@@H]1/C=C/[C@H]1O[C@H](CN(CC2CCCCC2)CC2CCCCC2)[C@@H](O)[C@@H]1O,2.381951903287907,0.0,1,CHEMBL1877,CHEMBL896692
CHEMBL5192523,N=C(N)NCCCC(=O)c1ccc(F)cc1,5.958607314841775,0.0,1,CHEMBL3879870,CHEMBL5108515
CHEMBL3753099,Cc1ccc(NC(=O)Nc2ccc(Nc3c4ccccc4nc4ccccc34)cc2)cc1,4.882728704344236,0.0,1,CHEMBL3430898,CHEMBL3758003
CHEMBL1934939,O=C(/C=C/c1cn(-c2ccccc2)nc1-c1ccc(F)cc1)c1cccs1,5.091294190356241,0.0025888977383452,2,CHEMBL360,CHEMBL1936053
CHEMBL1336959,Cc1ccc(-n2sc3ccccc3c2=O)cc1,5.798602875679548,0.0,1,CHEMBL360,CHEMBL5330218
CHEMBL2323583,CC(C)[C@H]1OC(=O)[C@H](C)[C@H](O)[C@H](Cc2cccnc2)NC(=O)[C@@H](NC(=O)c2ncccc2O)[C@@H](C)OC1=O,4.484126156288321,0.0,1,CHEMBL1849,CHEMBL4380941
CHEMBL3125104,CCc1cc(C(=O)N[C@@H]2C[C@@H](C(=O)NCCO)N(C(=O)c3coc4ccccc34)C2)n(CC)n1,8.522878745280337,0.0,1,CHEMBL1849,CHEMBL3132000
CHEMBL3335712,Cl[Se]c1ccccc1,4.202040356262804,0.0,1,CHEMBL5291546,CHEMBL5234129
CHEMBL3323256,CCOC(=O)c1cc2cc(N3CCN(C(=O)CC(C)C)CC3)ccc2o1,4.536107011014093,0.0,1,CHEMBL3430898,CHEMBL3367585
CHEMBL1796132,Cc1ccc(CN2C(=O)c3ccccc3S(=O)(=O)c3ccc(C(=O)NCCCN4CCCC4)cc32)c(C)c1,2.853871964321762,0.0,1,CHEMBL1744527,CHEMBL1798854
CHEMBL3360252,CCCCCCc1ccc(Oc2ccccc2C#N)c(O)c1,6.627824713884936,0.0,1,CHEMBL1849,CHEMBL4147581
CHEMBL3409444,O=C(c1cc(C23CC4CC(CC(C4)C2)C3)c2ccccc2c1)N1CCN(c2ccccn2)CC1,4.200000030616179,0.0,1,CHEMBL360,CHEMBL3412552
CHEMBL1224754,CN(C(=O)C1CC(=O)N(C2CCCCCC2)C1)c1cc(-c2ccccc2)c(O)c(-c2ccccc2)c1,6.443697499232712,0.0,1,CHEMBL360,CHEMBL1228528
CHEMBL454588,C/C=C(\C)c1cc(O)c(C)c(OC(=O)c2c(/C(C)=C/C)cc(O)c(C)c2O)c1,4.1249387366083,0.0,1,CHEMBL1849,CHEMBL1008999
CHEMBL3085863,CCOC(=O)c1sc(-c2ccccc2)nc1N1CCC(NCc2ccc(F)cc2)CC1,4.567030709125595,0.0,2,CHEMBL3430898,CHEMBL3090429
CHEMBL3134386,CCCCCCCCCCCCCCCCCCOP(=O)(O)OC[C@H]1O[C@@H](n2ccc3c(-c4ccsc4)ncnc32)[C@H](O)[C@@H]1O,4.082074577935259,0.0,1,CHEMBL360,CHEMBL3135671
CHEMBL4590591,O=S(=O)(Nc1ccc2oc(-c3ccc(NS(=O)(=O)c4cccc5ccccc45)cc3)nc2c1)c1ccc(Cl)s1,5.568636235841013,0.0,1,CHEMBL4295521,CHEMBL4388634
CHEMBL1416316,Cc1ccc2nc(-c3ccc(-c4cccc(Cl)c4)cc3)c(NCc3ccccc3)n2c1.O=C(O)C(F)(F)F,6.071522213117649,0.0,1,CHEMBL1287620,CHEMBL2354305
CHEMBL4088091,CN1C(=O)C2CN(C)C3(C(=O)c4ccccc4C3=O)C2C1=O,4.640733835393252,0.0,1,CHEMBL360,CHEMBL4022472
CHEMBL3331395,N#CCn1cc(CN(C2=CC(=O)c3ccccc3C2=O)c2ccccc2)nn1,5.002176919254275,0.0,1,CHEMBL360,CHEMBL3367829
CHEMBL5288259,Cc1nc2cc(NC(=O)c3cc4sc(N5CCC(O)CC5)nc4s3)ccc2o1,6.265531097167269,0.1434221423023132,2,CHEMBL360,CHEMBL5223484
CHEMBL4286608,C=C(C)[C@@H]1CC[C@]2(COC(=O)CCC(=O)O)CC[C@]3(C)[C@H](CC[C@@H]4[C@@]5(C)CCCNC(C)(C)[C@@H]5CC[C@]43C)[C@@H]12,4.3979400086720375,0.0,1,CHEMBL360,CHEMBL4252975
CHEMBL4162007,CCCCCCc1ccc(Oc2ccccc2Cl)c(O)c1,7.309803919971486,0.0,1,CHEMBL1849,CHEMBL4147581
CHEMBL3343865,O=C(Cn1c(=O)oc2cc(Cl)ccc21)Nc1ncc([N+](=O)[O-])s1,5.166215625343521,0.0,1,CHEMBL1849,CHEMBL3389875
CHEMBL3504716,Cc1ccc(O)c(CN(CCCn2ccnc2)Cc2ccc(C)s2)c1.O=C(O)CC(O)(CC(=O)O)C(=O)O,4.397142873738874,0.059852844458077,2,CHEMBL360,CHEMBL4649971
CHEMBL3330938,O=C(NNC(=O)c1cccc2ccccc12)c1cc(C23CC4CC(CC(C4)C2)C3)c2ccccc2n1,5.349999603463148,0.0,1,CHEMBL360,CHEMBL3380429
CHEMBL3443775,COc1ccccc1-c1ccnc2nc(N3CCCCC3)[nH]c(=O)c12,4.909493023304437,0.1079980919958751,2,CHEMBL4105939,CHEMBL4649965
CHEMBL1448727,O=C(NCCCN1CCOCC1)c1ccc2c(c1)N(Cc1cccc(Cl)c1)C(=O)c1ccccc1[S+]2[O-],3.3010299956639813,0.0,1,CHEMBL1744527,CHEMBL1798854
CHEMBL1934953,O=C(c1ccccc1)N1N=C(c2cccs2)C[C@@H]1c1cn(-c2ccccc2)nc1-c1ccc(F)cc1,4.329321017445944,0.001358041778869,2,CHEMBL360,CHEMBL1936053
CHEMBL3355794,CCOC(=O)c1cc2cc(N3CCN(C(=S)NCc4ccccc4)CC3)ccc2o1,5.040958607678906,0.0,1,CHEMBL3430898,CHEMBL3390735
CHEMBL3237096,Fc1c(/N=N/Nc2cccc(C(F)(F)F)c2F)cccc1C(F)(F)F,5.162411561764489,0.0,1,CHEMBL360,CHEMBL3239483
CHEMBL3752067,O=C(c1ccc(F)cc1)c1c(C(F)(F)F)[n+]([O-])c2ccc(Cl)cc2[n+]1[O-],5.431798275933005,0.0,1,CHEMBL360,CHEMBL3796292
CHEMBL5398284,Cc1cc(Nc2ccc(N3CCCCC3)cc2)c2cc(C#N)ccc2n1,4.707743928643524,0.0,1,CHEMBL1849,CHEMBL5387352
CHEMBL3355807,COc1ccc(NC(=S)N2CCN(c3nsc4ccccc34)CC2)cc1,5.978810700930062,0.0,1,CHEMBL3430898,CHEMBL3390735
CHEMBL3491120,O=c1[nH]c(CCN2CCCC2Cn2cccn2)nc2ccccc12,4.323200435447524,0.0,1,CHEMBL360,CHEMBL4649971
CHEMBL4090012,Cl.NC[C@H]1OB(O)c2c(OCCCO)ccc(Br)c21,6.795880017344075,0.0,1,CHEMBL4105844,CHEMBL4020311
CHEMBL5410864,CC(C)(C)c1ccc(-c2cc(-c3cc(=O)n4c(c3C3CC3)SCC4C(=O)O)on2)cc1.c1c[nH]cn1,6.07496803643946,0.4696717670640531,2,CHEMBL360,CHEMBL5363916
CHEMBL1945996,Cc1ccc(/C=C/C(=O)c2ccc3ccccc3c2)o1,2.99012436628784,0.0,1,CHEMBL4542,CHEMBL1948973
CHEMBL3491064,Cc1cnn(CC2CCCN2Cc2nc3ccccc3c(=O)[nH]2)c1,4.7468668302693455,0.0,1,CHEMBL360,CHEMBL4649971
CHEMBL1254641,CCCCCCCCCCCCOc1cccc(C2(O)NC(=O)c3cnccc32)c1,3.8068754016455375,0.0,1,CHEMBL360,CHEMBL1250924
CHEMBL4084902,Cc1nc(-c2ccccc2)oc1-c1csc(Cc2ccc(Cl)cc2)n1,6.475390988664909,0.0389180660303694,2,CHEMBL360,CHEMBL4026075
CHEMBL4565483,O=S(=O)(Nc1ccc2oc(-c3ccccc3)nc2c1)c1cccc(F)c1,4.031517051446065,0.0,1,CHEMBL4295521,CHEMBL4388634
CHEMBL5434740,O=S(=O)(F)Oc1ccc(OCc2ccc(-n3cncn3)cc2)cc1,5.823908740944319,0.0,1,CHEMBL360,CHEMBL5359021
CHEMBL5290102,O=C(Nc1ccc(-c2ccc(F)cc2)cn1)c1cc2sc(NCCN3CCOCC3)nc2s1,5.885799820648497,1.1157953571684294,2,CHEMBL360,CHEMBL5223484
CHEMBL3904891,O=S(=O)(Nc1ccc(-c2nc3cc(NS(=O)(=O)c4cccc(Cl)c4)ccc3o2)cc1)c1cccc(Cl)c1,5.638272163982407,0.0,1,CHEMBL4295521,CHEMBL4388634
CHEMBL3489178,Cc1cccc(CN2CCN(C(=O)c3cc(C4CC4)[nH]n3)CC2)c1,4.113138985178332,0.0,1,CHEMBL360,CHEMBL4649971
CHEMBL3310315,Cc1nc2ccccn2c1C(=O)NCc1ccco1,5.55129368009492,0.0,1,CHEMBL6069,CHEMBL3365136
CHEMBL2425401,CC(C)C[C@H](NC(=O)[C@H](Cc1cnc[nH]1)NC(=O)[C@H](CCC(N)=O)NC(=O)[C@@H](NC(=O)[C@@H](N)CC(C)C)[C@@H](C)O)C(=O)N[C@H](C(=O)N[C@@H](C)C(=O)O)[C@@H](C)O,3.669586226650809,0.0,1,CHEMBL1667699,CHEMBL2429128
CHEMBL3977238,C=CCn1c(NS(=O)(=O)c2ccccc2)c(C#N)c2nc3ccccc3nc21,5.744145195783357,0.5292574570482964,2,CHEMBL3988585,CHEMBL3887425
CHEMBL382200,C/C=C/C(C)=C/[C@@]1(C)SC(O)=C(C)C1=O,3.84948500216801,0.9030899869919438,2,CHEMBL4543,CHEMBL863390
CHEMBL3792642,CNC[C@@H](Cc1ccccc1)N1CCN(CCC23CC4CC(CC(C4)C2)C3)[C@H](C(C)C)C1,4.684029654543083,0.0,1,CHEMBL360,CHEMBL3796194
CHEMBL387186,Cc1cc(C)cc(NC(=O)C2CC(=O)N(C3CCCCC3)C2)c1,5.503070351926785,0.0,1,CHEMBL1849,CHEMBL907779
CHEMBL5399481,O=c1[nH]cnc2c(Sc3ccccc3COCP(=O)([O-])[O-])c[nH]c12.[Na+].[Na+],7.602059991327962,0.0,1,CHEMBL1169594,CHEMBL5341494
CHEMBL3628439,CCOC(=O)c1cnc2ccc(C(F)(F)F)cc2c1Nc1ccc(NCCCN2CCN(CC)CC2)cc1,5.423658649794207,0.0,1,CHEMBL3430898,CHEMBL3630322
CHEMBL3422255,CN(O)C(=O)CC(CCCc1ccccc1)CP(=O)([O-])O.[Na+],6.074172425375258,0.0,1,CHEMBL5630,CHEMBL3423799
CHEMBL3488767,CSc1ccc(CNC(c2ccc(F)cc2)c2nccn2C)cc1,4.488687476517373,0.0,1,CHEMBL360,CHEMBL4649971
CHEMBL1916841,Oc1ccccc1C1=NN[C@H](c2ccccc2O)C1,4.673393743112328,0.142667503568731,2,CHEMBL360,CHEMBL1918205
CHEMBL1381152,O=C1NN(c2cccc(F)c2)C(=O)/C1=C1\C(=O)Nc2ccccc21,3.700906927638295,0.0,1,CHEMBL1293297,CHEMBL1614471
CHEMBL5069637,CNC(=O)c1c(-c2ccc(O)c(F)c2)oc2ccc(O)c(CN3CCC4(COC4)C3)c12,6.154901959985743,0.0,1,CHEMBL4105939,CHEMBL5038057
CHEMBL227768,O=C(N/N=C/c1ccc(O)cc1)c1cc(C23CC4CC(CC(C4)C2)C3)c2ccccc2n1,5.269999835325842,0.0,1,CHEMBL360,CHEMBL914626
CHEMBL105310,O=C(/C=C/c1ccccc1)c1ccc(O)cc1O,4.623423042943488,0.0,1,CHEMBL360,CHEMBL3750542
CHEMBL217499,O=C(C1CC(=O)N(C2CCCCC2)C1)N1CCc2ccccc21,5.292429823902063,0.0,1,CHEMBL1849,CHEMBL907779
CHEMBL1426692,N#Cc1c(N2CCCCC2)nc(N)c2c(N)nc(SCC(=O)O)cc12,5.095338542084476,0.0,1,CHEMBL1287620,CHEMBL2354305
CHEMBL5180878,O=C(NC(=O)c1ccsc1NC(=O)c1nc2ccccc2s1)OCC1CC1,8.0,0.0,1,CHEMBL3804751,CHEMBL5144258
CHEMBL238782,O=S(=O)(CCCCc1ccccc1)N[C@H]1[C@H](O)[C@@H](O)[C@H](CO)O[C@H]1SC1CCCCC1,3.9582486900848655,0.074859872264982,2,CHEMBL6067,CHEMBL902566
CHEMBL1934946,COc1ccc(C2=NN(C(=O)c3ccccc3)[C@@H](c3cn(-c4ccccc4)nc3-c3ccc(F)cc3)C2)cc1,4.859746020105401,0.0005081262871611,2,CHEMBL360,CHEMBL1936053
CHEMBL238593,Cc1cc(O)c2c(c1Br)C(=O)C=CC2=O,4.499998749616802,7.887397499231819,2,CHEMBL360,CHEMBL3077583
CHEMBL4435031,CCOC(=O)C1=C(C)Oc2nc(C)n(Cc3cn([C@@H]4O[C@H](COC(C)=O)[C@@H](OC(C)=O)[C@H](OC(C)=O)[C@H]4OC(C)=O)nn3)c(=O)c2C1c1cccc(O)c1,4.444301105281099,0.0,1,CHEMBL4295521,CHEMBL4372872
CHEMBL5418557,O=c1[nH]cnc2c(Sc3cc(Br)ccc3/C=C/P(=O)([O-])[O-])c[nH]c12.[Na+].[Na+],7.2839966563652,0.0,1,CHEMBL1169594,CHEMBL5341494
CHEMBL3125244,CCc1cc(C(=O)N[C@@H]2C[C@@H](C(=O)Nc3ccccn3)N(C(=O)c3coc4ccccc34)C2)n(C)n1,7.958607314841775,0.0,1,CHEMBL1849,CHEMBL3132000
CHEMBL5280226,CN1CCN(c2ccc(Nc3nccc(-c4cccc(C#N)c4)n3)cc2C(F)(F)F)CC1,5.6020599913279625,0.0,1,CHEMBL1908385,CHEMBL5229239
CHEMBL3964262,COc1cccc(NC(=O)C2CCN(S(=O)(=O)c3cn(C(C)C)cn3)CC2)c1,5.609064892896621,0.0,1,CHEMBL3988585,CHEMBL3887425
CHEMBL1830114,O=C(CCC(c1ccc(F)c(F)c1)P(=O)(O)O)NO,5.468521082957745,0.0,1,CHEMBL5630,CHEMBL2434044
CHEMBL4080076,Cc1c(-c2ccc(N3CCC(F)(F)C3)cc2)[nH]c2cc(F)cc(F)c2c1=O,6.557545702918697,0.592652522806131,2,CHEMBL360,CHEMBL4050715
CHEMBL2407184,O=C(c1ccccc1)N(O)CCC(c1ccc(Cl)c(Cl)c1)P(=O)(O)O,6.494850021680094,0.0,1,CHEMBL5630,CHEMBL2412049
CHEMBL2141540,Cc1c(C)c2cc(Cl)c(OCC(=O)NCCCN3CCCC3=O)cc2oc1=O,5.430275050773841,0.0,1,CHEMBL1287620,CHEMBL2354305
CHEMBL241372,CCOc1cc(C)cc2c1C(=O)C=CC2=O,4.499979725272628,7.401359450547579,2,CHEMBL360,CHEMBL3077583
CHEMBL3310317,Cc1nc2ccccn2c1C(=O)Nc1cccc(C(F)(F)F)c1,5.154281982033341,0.0,1,CHEMBL6069,CHEMBL3365136
CHEMBL4472888,O=c1c2nc([N+](=O)[O-])cn2ccn1CCc1ccc(OC(F)(F)F)cc1,5.096910013008056,0.0,1,CHEMBL360,CHEMBL4384231
CHEMBL6176112,COc1cc(OC(C)=O)c2c(c1)[n+]([O-])c1ccccc1[n+]2[O-],6.903089986991944,0.4948500216800937,4,CHEMBL360,CHEMBL6154546
CHEMBL4098808,CN1CC2C(=O)N(c3ccc(Cl)cc3)C(=O)C2C12C(=O)c1ccccc1C2=O,5.886056647693163,0.0,1,CHEMBL360,CHEMBL4022472
CHEMBL5219572,O=C1NC(=S)NC(=O)C1=Cc1cc(-c2ccc(C(F)(F)F)cc2)ccc1OCc1ccc(Cl)cc1,5.058453320712156,0.7189666327522728,2,CHEMBL4542,CHEMBL5216856
CHEMBL2407190,O=C(c1ccccc1-c1ccccc1)N(O)CCC(c1ccc(Cl)c(Cl)c1)P(=O)(O)O,4.6777807052660805,0.0,1,CHEMBL5630,CHEMBL2412049
CHEMBL4545651,O=S(=O)(Nc1ccc2oc(-c3ccc(NS(=O)(=O)c4ccc(Cl)s4)cc3)nc2c1)c1ccc2ncsc2c1,5.443697499232712,0.0,1,CHEMBL4295521,CHEMBL4388634
CHEMBL405653,CCCCCCc1ccc(Oc2cccc(NC(=O)c3ccno3)c2)c(O)c1,4.503409378122291,2.834818751660168,2,CHEMBL1849,CHEMBL936672
CHEMBL5172875,CC(C)(C)c1ccc(C(=O)CCCN2CCC(O)(c3ccc(F)cc3)CC2)cc1,3.6989700043360174,0.0,1,CHEMBL3879870,CHEMBL5108515
CHEMBL1362046,Cc1cccc(C)c1N=C(S)Nc1ccccc1C(=O)NCc1ccco1,5.179798540514359,0.0,1,CHEMBL1287620,CHEMBL2354305
CHEMBL4854415,Cc1cn(C2CCN(Cc3cccc(Oc4cccnc4)c3)CC2)c(=O)[nH]c1=O,4.568636235841013,0.0,1,CHEMBL2361,CHEMBL4832952
CHEMBL1402510,COc1ccc(OCc2cccc(C(=O)O)c2)cc1,3.924453038607469,0.0,1,CHEMBL6065,CHEMBL4625598
CHEMBL4757955,O=C1c2ccccc2C(=O)C12N1CSC[C@@H]1[C@@H](c1cccc3ccccc13)[C@@]21CSc2ccccc2C1=O,4.544089759617257,0.0,1,CHEMBL360,CHEMBL4719106
CHEMBL556106,N=C(N)NCCc1cc2c(O)c(c1)Cc1cc(CCNC(=N)N)cc(c1O)Cc1cc(CCNC(=N)N)cc(c1O)Cc1cc(CCNC(=N)N)cc(c1O)C2.O=C(O)C(F)(F)F,6.801029995663981,0.3979400086720375,2,CHEMBL360,CHEMBL1959145
CHEMBL4524904,CCOC(=O)C1=C(C)Oc2nc(C)n(Cc3cn([C@@H]4O[C@H](COC(C)=O)[C@@H](OC(C)=O)[C@H](OC(C)=O)[C@H]4OC(C)=O)nn3)c(=O)c2C1c1cccc(Cl)c1,5.021363051615525,0.0,1,CHEMBL4295521,CHEMBL4372872
CHEMBL1369215,O=C1c2ccccc2C(O)(O)[C@@]1(O)[C@]1(O)C(=O)c2ccccc2C1(O)O,5.714442690992226,0.0,1,CHEMBL3988584,CHEMBL3887424
CHEMBL497741,COc1ccc(/C=C/C(=O)c2c(C)[n+]([O-])c3ccccc3[n+]2[O-])cc1,4.636388020107856,0.0,1,CHEMBL360,CHEMBL1251034
CHEMBL1914617,CCCCCCCCCCCCSc1cccc(C2(O)NC(=O)c3cnccc32)c1,5.187086643357144,0.0,1,CHEMBL360,CHEMBL1919492
CHEMBL3949128,COc1ccc(NC(=O)CN(C)S(=O)(=O)c2cc(Br)cnc2N)cc1Cl,6.154901959985743,0.0,1,CHEMBL3988585,CHEMBL3887425
CHEMBL3127046,COc1ncnc2c1c(-c1cc3ccccc3o1)cn2[C@@H]1O[C@H](CO)[C@@H](O)[C@H]1O,4.133712660915805,0.0,1,CHEMBL360,CHEMBL3129228
CHEMBL233434,NC(=O)c1cccc([C@@H]2O[C@H](COP(=O)(O)OP(=O)(O)OC[C@H]3O[C@@H](n4cnc5c(N)ncnc54)[C@H](O)[C@@H]3O)[C@@H](O)[C@H]2O)c1,3.6989700043360174,0.0,1,CHEMBL6176,CHEMBL1063152
CHEMBL3400651,CNC(=O)CCc1cc(-c2ccc(-c3ccc(C(F)(F)F)cc3)cc2)n(-c2ccc(NC(=O)c3ccc(N)cc3)cc2)n1,6.494850021680094,0.0,1,CHEMBL360,CHEMBL3406705
CHEMBL4281761,C=C(C)[C@@H]1CC[C@]2(CO)CC[C@]3(C)[C@H](CC[C@@H]4[C@@]5(C)CCCNC(C)(C)[C@@H]5CC[C@]43C)[C@@H]12,4.962573502059376,0.0,1,CHEMBL360,CHEMBL4252975
CHEMBL4443084,COc1cc2c(=O)c(C(=O)O)c[nH]c2c2nnn(C)c12,4.039529222465701,0.0,1,CHEMBL3430898,CHEMBL4327479
CHEMBL1537274,CCC(=O)Nc1ccc2c(c1)C(=O)N(C)C2=O,5.358625054807875,0.0,1,CHEMBL1287620,CHEMBL2354305
CHEMBL6171279,COc1cc(O)c2c(c1)[n+]([O-])c1ccccc1[n+]2[O-],7.252574989159953,0.59176003468815,4,CHEMBL360,CHEMBL6154546
CHEMBL227630,CN(C)c1ccc(/C=N/NC(=O)c2cc(C34CC5CC(CC(C5)C3)C4)c3ccccc3n2)c2ccccc12,5.480000159330324,0.0,1,CHEMBL360,CHEMBL914626
CHEMBL1916842,Oc1ccc([C@@H]2CC(c3ccccc3O)=NN2)cc1,4.384520222125715,0.0945561076145793,2,CHEMBL360,CHEMBL1918205
CHEMBL3126886,Nc1nc(N)c2c(-c3cccs3)cn([C@@H]3O[C@H](CO)[C@@H](O)[C@H]3O)c2n1,5.61261017366127,0.0,1,CHEMBL360,CHEMBL3129228
CHEMBL1916855,O=C(c1ccncc1)N1N=C(c2ccccc2O)C[C@H]1c1ccccc1O,5.096910013008056,0.0,2,CHEMBL360,CHEMBL1918205
CHEMBL3752188,Cc1ccc2nc3ccccc3c(Nc3ccc(NS(=O)(=O)c4ccccc4)cc3)c2c1,5.23210238398191,0.0,1,CHEMBL3430898,CHEMBL3758003
CHEMBL1597669,O=C(Nc1ccc(Cl)cc1)Nc1cccc(C(=O)O)c1,4.886056647693163,0.0,1,CHEMBL5291594,CHEMBL5262988
CHEMBL3884962,Cc1ccc(NC(=S)N2CCN(c3nc(=O)c4cc(C(F)(F)F)ccc4s3)CC2)cc1,5.345823458122039,0.0,1,CHEMBL3430898,CHEMBL3875318
CHEMBL5279170,Cc1nc2cc(NC(=O)c3cc4sc(N5CCC(CO)CC5)nc4s3)ccc2o1,6.469651079823194,0.3372421683184257,2,CHEMBL360,CHEMBL5223484
CHEMBL1796110,O=C(NCCCN1CCOCC1)c1ccc2c(c1)N(Cc1cccc(Cl)c1)C(=O)c1ccccc1S2(=O)=O,2.5228787452803374,0.0,1,CHEMBL1744527,CHEMBL1798854
CHEMBL4461298,COC(=O)CC[C@@H](C)[C@H]1CC[C@H]2[C@@H]3[C@H](O)C[C@@H]4C[C@@H](n5cc(CNCCNc6ccnc7cc(Cl)ccc67)nn5)CC[C@]4(C)[C@H]3C[C@H](O)[C@]12C,4.97469413473523,0.0,1,CHEMBL360,CHEMBL4310418
CHEMBL3495019,Cn1cc(NC(=O)N2CCC(c3ccccc3)CC2)ccc1=O,4.834207769401771,0.061760883008695,2,CHEMBL4662921,CHEMBL4649947
CHEMBL432983,CC1=C(O)C(C)(Cc2ccc(C)cc2)SC1=O,3.9507819773298185,0.0,1,CHEMBL3640,CHEMBL648364
CHEMBL4483579,COc1cc(/C=N/Nc2nc(-c3ccc([N+](=O)[O-])cc3)cs2)cc([N+](=O)[O-])c1O,5.236572006437063,0.0,1,CHEMBL4105844,CHEMBL4374802
CHEMBL1269381,COC(=O)/C=C1\Nc2c(C)cccc2OC1=O,4.617982957425132,0.0,1,CHEMBL1275214,CHEMBL1274290
CHEMBL5410007,OC[C@H]1O[C@@H](n2ccc3c(-c4cccc5c4oc4ccccc45)nc(F)nc32)[C@H](O)[C@@H]1O,6.7447274948966935,0.0,1,CHEMBL4105883,CHEMBL5361038
CHEMBL3929586,CSc1cccc(NC(=O)C2CCN(S(=O)(=O)c3cn(C(C)C)cn3)CC2)c1,5.317854923626168,0.0,1,CHEMBL3988585,CHEMBL3887425
CHEMBL3976054,CCOc1ccc(NC(=O)C2CCN(S(=O)(=O)c3cn(CC)cn3)CC2)cc1,5.401209493236885,0.0,1,CHEMBL3988585,CHEMBL3887425
CHEMBL5205192,O=C(NC(=O)c1ccsc1NC(=O)c1nc2ccccc2s1)OCC1CCCC1,4.650139917807668,0.0,1,CHEMBL3804751,CHEMBL5144258
CHEMBL258166,Oc1ccccc1[C@@H]1CC(c2ccccc2)=NN1C(=S)Nc1ccccc1,4.498269733945246,0.2430380486862944,2,CHEMBL360,CHEMBL932548
CHEMBL3394249,CS(=O)(=O)c1cc(-c2cccc(OCc3cccc(Cl)c3)c2)[nH]c(=O)c1C#N,7.657577319177793,0.0,1,CHEMBL2361,CHEMBL3396196
CHEMBL3960070,COc1cc(OC)c(NC(=O)C2CCN(S(=O)(=O)c3cn(C(C)C)cn3)CC2)cc1Cl,5.54515513999149,0.0,1,CHEMBL3988585,CHEMBL3887425
CHEMBL3628524,CCN1CCN(CCCOc2ccc(Nc3c(C(=O)O)cnc4ccc(F)cc34)cc2)CC1,5.224753740259764,0.0,1,CHEMBL3430898,CHEMBL3630322
CHEMBL6163386,CN1CN(CC2CCC2)Cc2c(O)ccc3oc(-c4ccc(O)cc4)c(c23)C1=O,5.6777807052660805,0.0,1,CHEMBL4105939,CHEMBL6107683
CHEMBL3754374,O=C(Nc1ccc(Cl)cc1)Nc1ccc(Nc2c3ccccc3nc3ccc(Cl)cc23)cc1,4.928117992693875,0.0,1,CHEMBL3430898,CHEMBL3758003
CHEMBL1796118,CN(CCCNC(=O)c1ccc2c(c1)N(Cc1ccccc1)C(=O)c1ccccc1[S+]2[O-])C1CCCCC1,3.5228787452803374,0.0,1,CHEMBL1744527,CHEMBL1798854
CHEMBL4563828,O=S(=O)(Nc1ccc(-c2nc3ccccc3o2)cc1)c1ccc(Cl)c(Cl)c1,4.6020599913279625,0.0,1,CHEMBL4295521,CHEMBL4388634
CHEMBL3504711,Cc1ccc(CN(CCCn2ccnc2)Cc2cccs2)s1.O=C(O)CC(O)(CC(=O)O)C(=O)O,4.701742030867695,0.0,1,CHEMBL360,CHEMBL4649971
CHEMBL1814764,CSc1ccc(-c2cn([C@@H]3O[C@H](CO)[C@@H](O)[C@H]3O)c3ncnc(N)c23)cc1,6.443697499232712,0.0,1,CHEMBL360,CHEMBL3385546
CHEMBL4171392,O=S(=O)(Nc1ccc(-c2nc3cc(NS(=O)(=O)c4ccc5ccccc5c4)ccc3o2)cc1)c1ccc2ccccc2c1,5.356547323513812,0.0,1,CHEMBL4295521,CHEMBL4388634
CHEMBL1929427,CCOC(=O)Nc1cc(NC(C)CCCN(CC)CC)c2nc(-c3ccccn3)c(-c3ccccn3)nc2n1,4.34008379993015,0.0,1,CHEMBL4213,CHEMBL1931925
CHEMBL4752440,COc1ccc([C@@H]2[C@H]3CSCN3C3(C(=O)c4ccccc4C3=O)[C@]23CSc2ccccc2C3=O)cc1,4.890421453095613,0.0,1,CHEMBL360,CHEMBL4719106
CHEMBL4578986,CC(=O)c1c(C)n(Cc2ccccc2)c2ccc(OCc3cn(-c4cccc(Cl)c4)nn3)cc12,4.3655227298392685,0.0,1,CHEMBL6065,CHEMBL4481836
CHEMBL4439876,C[C@]1(c2ccc(S(N)(=O)=O)cc2)NC(=O)N(CC(=O)c2ccc(F)cc2F)C1=O,7.50003813440381,0.0,1,CHEMBL3804751,CHEMBL4406692
CHEMBL1290793,CCCC(=O)OCOC(=O)c1cn2c3c(c(N4CCN(C)CC4)c(F)cc3c1=O)OC[C@@H]2C,5.886056647693163,0.0,1,CHEMBL360,CHEMBL1921196
CHEMBL3485022,COc1ccc2c(C(=O)N(C)C)cc(-c3cnc(N)nc3)nc2c1,4.4647474242977605,0.1052495617574766,2,CHEMBL4105939,CHEMBL4649965
CHEMBL5424625,COc1ccc(-c2noc(C(=O)NCCc3ccccc3)n2)cc1OC,6.522878745280337,0.0,1,CHEMBL4105939,CHEMBL5375438
CHEMBL4280456,CC1(C)CC[C@]2(COC(=O)/C=C/c3ccccc3)CC[C@]3(C)C(=CC[C@@H]4[C@@]5(C)CCCNC(C)(C)[C@@H]5CC[C@]43C)[C@H]2C1,5.096910013008056,0.0,1,CHEMBL360,CHEMBL4252975
CHEMBL507286,CCc1nn2c(=O)cc(-c3ccc(OC)cc3)[nH]c2c1-c1ccc(Cl)cc1,4.705533773838407,0.0,1,CHEMBL5091,CHEMBL989742
CHEMBL3476526,COc1ccc2c(c1)OCC(CNc1cc(N)nc(SC)n1)C2,4.203469514707899,0.0,1,CHEMBL360,CHEMBL4649971
CHEMBL576900,OC[C@H]1O[C@@H](n2ccc3c(-c4cc[nH]c4)ncnc32)[C@H](O)[C@@H]1O,5.265317300616783,2.5151228893271087,2,CHEMBL360,CHEMBL3135671
CHEMBL3491832,Cc1cnn(CC2CCCCN2CC(=O)Nc2nc(C)cs2)c1,4.585258993770523,0.5196212017734885,2,CHEMBL360,CHEMBL4649971
CHEMBL3125246,CCc1cc(C(=O)N[C@@H]2C[C@@H](C(=O)NCC3OB(O)c4ccccc43)N(C(=O)c3coc4ccccc34)C2)n(C)n1,7.455931955649724,0.0,1,CHEMBL1849,CHEMBL3132000
CHEMBL3456108,CC(=O)N1CCC(NC(=O)c2cc(Cl)ccc2O)CC1,4.095715339255547,0.0,1,CHEMBL4105939,CHEMBL4649965
CHEMBL564486,C[C@H](N)C(=O)NNC(=O)c1cc(C23CC4CC(CC(C4)C2)C3)c2ccccc2n1,4.639999934172963,0.0,1,CHEMBL360,CHEMBL1030449
CHEMBL3446333,CCN(CC)C(=O)c1nnc2ccc(N3CCOCC3)cc2n1,5.007208808927233,0.4144799869931237,2,CHEMBL4105939,CHEMBL4649965
CHEMBL2418489,COc1cc(/C=C2\S/C(=N\c3cccc(C(=O)O)c3)N(C)C2=O)cc(OC)c1OC,7.155522824254319,0.0,1,CHEMBL2321612,CHEMBL2423608
CHEMBL3792525,COC(=O)c1c(C(F)(F)F)[n+]([O-])c2ccc(N3CCN(c4ccc(F)cc4)CC3)cc2[n+]1[O-],6.301029995663981,0.0,1,CHEMBL360,CHEMBL3796292
CHEMBL2017729,CN1CCN(c2cc(Nc3cc(C4CC4)[nH]n3)nc(-c3ccccc3)n2)CC1,6.91721462968355,0.0,1,CHEMBL1908385,CHEMBL2020901
CHEMBL3394235,CCNC(=O)Nc1ccc(-c2c3c([nH]c(=O)c2C#N)-c2cccc(OC)c2CC3)cc1,7.769551078621726,0.0,1,CHEMBL2361,CHEMBL3396196
CHEMBL2391044,Nc1ccc(N2CCCCC2)cc1,4.476253533188435,0.0,1,CHEMBL2390811,CHEMBL2395747
CHEMBL2017735,CN(C)CCNc1cc(Nc2cc(C3CC3)[nH]n2)nc(-c2cccc(C#N)c2)n1,7.4089353929735005,0.0,1,CHEMBL1908385,CHEMBL2020901
CHEMBL560606,O=C(Nc1ccc(Cl)c(Cl)c1)c1ccc(Cl)c([N+](=O)[O-])c1,4.280006173632396,0.0,1,CHEMBL1849,CHEMBL1059058
CHEMBL3628523,CCN1CCN(CCCOc2ccc(Nc3c(C(=O)O)cnc4ccc(OC)cc34)cc2)CC1,6.200659450546418,0.0,1,CHEMBL3430898,CHEMBL3630322
CHEMBL5266857,CNc1cc(-c2ccnc(Nc3ccc(N4CCN(C)CC4)c(C(F)(F)F)c3)n2)ccn1,5.026872146400302,0.0,1,CHEMBL1908385,CHEMBL5229239
CHEMBL1594993,CCCc1cc(=O)oc2cc(OCc3ccc(C(=O)O)o3)ccc12,5.612254340391137,0.0,1,CHEMBL1287620,CHEMBL2354305
CHEMBL3317856,O=c1ccc2ncc(=O)n3c2n1C[C@H]3CN1CCC(NCc2cc3c(cn2)OCCC3)CC1,5.404503778174425,0.0,1,CHEMBL3430898,CHEMBL6077503
CHEMBL1726071,N=c1c(C(=O)NC2CCCCC2)cc2c(=O)n3ccccc3nc2n1Cc1ccco1,5.430626090384954,0.0,1,CHEMBL1287620,CHEMBL2354305
CHEMBL1784317,O=C(O)C1CCCc2ccccc2CCCCNC1=O,3.627824713884936,0.0,1,CHEMBL4542,CHEMBL1786815
CHEMBL4289635,CC1(C)CC[C@]2(CO)CC[C@]3(C)C(=CC[C@@H]4[C@@]5(C)CCCNC(C)(C)[C@@H]5CC[C@]43C)[C@H]2C1,5.42021640338319,0.0,1,CHEMBL360,CHEMBL4252975
CHEMBL1458441,O=C1NC(=S)/C(=C\c2ccc(-c3ccccc3Cl)o2)S1,3.711974464611637,0.0,1,CHEMBL1293297,CHEMBL1614471
CHEMBL5414203,CCOC(=O)Cc1csc(N2C(=O)CSC2c2ccc(OC)cc2)n1,5.886056647693163,0.0,1,CHEMBL1849,CHEMBL5365587
CHEMBL1773962,O=C(CC1CCCCC1)N1CCC(c2nc(-c3cccs3)no2)CC1,5.455931955649724,0.0,1,CHEMBL1772929,CHEMBL1776262
CHEMBL3462530,CCC(NC(=O)Nc1ccc(OC)c(C)c1)c1ccncc1,4.302165247328028,0.0,1,CHEMBL360,CHEMBL4649971
CHEMBL3739514,COc1cnc2ccc(=O)n(CCN3CCN(C(=S)Nc4ccc(C)cc4)CC3)c2c1,4.940815382368629,0.0,1,CHEMBL3430898,CHEMBL3745429
CHEMBL1991573,O=C(O)c1cccc(-c2ccc(/C=c3/sc4nc5ccccc5n4c3=O)o2)c1,3.993790759462344,0.0,1,CHEMBL1293297,CHEMBL1614471
CHEMBL3891169,Cc1cc(NC(=O)C2CCN(S(=O)(=O)c3cn(C(C)C)cn3)CC2)ccc1Br,5.386158178123931,0.0,1,CHEMBL3988585,CHEMBL3887425
CHEMBL4868830,Cc1cn(C2CCN(Cc3cccc(Oc4cccc(OC(F)(F)F)c4)c3)CC2)c(=O)[nH]c1=O,6.187086643357144,0.0,1,CHEMBL2361,CHEMBL4832952
CHEMBL4872239,Cc1cn(C2CCN(Cc3ccnc(Oc4cccc(Cl)c4)c3)CC2)c(=O)[nH]c1=O,5.508638306165727,0.0,1,CHEMBL2361,CHEMBL4832952
CHEMBL554723,CSCC[C@H](NC(=O)OC(C)(C)C)C(=O)NNC(=O)c1cc(C23CC4CC(CC(C4)C2)C3)c2ccccc2n1,5.049999969853415,0.0,1,CHEMBL360,CHEMBL1030449
CHEMBL4089141,Cl.NCC1OB(O)c2c(Oc3ccccc3)ccc(Cl)c21,6.468521082957745,0.0,1,CHEMBL4105844,CHEMBL4020311
CHEMBL509952,Cc1ccc(S(=O)(=O)c2cc(O)c3ccccc3c2O)cc1,9.214670164989233,0.0,1,CHEMBL3640,CHEMBL1010089
CHEMBL4750760,N#Cc1ccc2c(=O)nc(N3CCN(CC4CCCCC4)CC3)sc2n1,5.112382699664264,0.0,1,CHEMBL3804751,CHEMBL4710418
CHEMBL5399451,COc1ccc(CCC(=O)Nc2cc(-c3ccc(OC)c(OC)c3)on2)cc1OC,6.3979400086720375,0.0,1,CHEMBL4105939,CHEMBL5375438
CHEMBL310555,Oc1cccc2cccnc12,3.5228787452803374,0.0,1,CHEMBL1287620,CHEMBL3888734
CHEMBL4538390,Cn1c2ccccc2c2cc(/C=C3\SC(=S)N(c4cccc(O)c4)C3=O)ccc21,4.6020599913279625,0.0,1,CHEMBL360,CHEMBL4390275
CHEMBL3194876,Oc1ccc(/C=N/NC(=S)Nc2cccnc2)c(O)c1O,4.081078909908665,0.0,1,CHEMBL1293297,CHEMBL1614471
CHEMBL1418575,Cl.Oc1ccc(CN2CCCCC2)nc1-c1ccccc1,5.47638358094563,0.0,1,CHEMBL1287620,CHEMBL2354305
CHEMBL241373,CCOc1cc(C)c(Cl)c2c1C(=O)C=CC2=O,4.499996399060006,5.884992798068673,2,CHEMBL360,CHEMBL3077583
CHEMBL3492735,O=C(c1cc2cc(I)ccc2[nH]1)N1CCC(Nc2cccnn2)CC1,4.312727945990854,0.0,1,CHEMBL360,CHEMBL4649971
CHEMBL3885052,COc1ccc2c(c1)C(=O)C(=O)N2CCN1CCN(NCc2ccccc2OC)CC1,4.313363730737707,0.0,1,CHEMBL3430898,CHEMBL3875318
CHEMBL3237098,N#Cc1c(F)cccc1/N=N/Nc1cccc(F)c1C#N,4.205233202059179,0.0,1,CHEMBL360,CHEMBL3239483
CHEMBL1388689,COc1ccc(/C=C2/C(=O)NC(=O)N(Cc3ccco3)C2=O)cc1,5.747146969020107,0.0,1,CHEMBL1293297,CHEMBL1614471
CHEMBL4635914,O=C(O)c1cccc(CSc2ccccc2)c1,3.892790030352132,0.0,1,CHEMBL6065,CHEMBL4625598
CHEMBL372795,CN[C@@H]1[C@H](O[C@H]2[C@H](O[C@H]3[C@H](O)[C@@H](O)[C@H](N=C(N)N)[C@@H](O)[C@@H]3N=C(N)N)O[C@@H](C)[C@]2(O)C=O)O[C@@H](CO)[C@H](O)[C@H]1O,4.903089986991944,0.0,1,CHEMBL360,CHEMBL3300340
CHEMBL4757243,FC(F)(F)c1ccc(Oc2ccc(Nc3ncnc4ccccc34)cc2)cc1,5.552841968657781,0.0,1,CHEMBL360,CHEMBL5346684
CHEMBL1092306,Cc1c(C(=O)NCc2ccccc2)[n+]([O-])c2ccccc2[n+]1[O-],5.308918507877031,0.0,1,CHEMBL360,CHEMBL1781055
CHEMBL4633441,O=C(O)C(=O)Nc1ccc(CCc2ccccc2)cc1,5.896196279044043,0.0,2,CHEMBL4295521,CHEMBL4626292
CHEMBL4448116,COc1ccc(/C=N/Nc2nc(C)cs2)cc1Br,4.022276394711152,0.0,1,CHEMBL4105844,CHEMBL4374802
CHEMBL3884713,COc1ccc2c(c1)C(=O)C(=O)N2CCN1CCN(NCc2ccccc2OCc2ccccc2)CC1,4.437707135543525,0.0,1,CHEMBL3430898,CHEMBL3875318
CHEMBL1946986,O=C(/C=C/c1ccc(-c2cc(C(F)(F)F)ccc2Cl)o1)c1ccc2c(c1)OCO2,3.7594507517174,0.0,1,CHEMBL4542,CHEMBL1948973
CHEMBL558464,CCN(CC)c1ccc(/C=C2/N=C(c3ccccc3)OC2=O)cc1,5.480172006224281,0.0,1,CHEMBL1849,CHEMBL1059058
CHEMBL3330952,COc1ccc(C)cc1NC(=S)NNC(=O)c1cc(C23CC4CC(CC(C4)C2)C3)c2ccccc2n1,4.040000018741066,0.0,1,CHEMBL360,CHEMBL3380429
CHEMBL3481717,CCn1cc(-c2cc(-c3ccn(C)c3)nc(N)c2C#N)cc1C#N,4.3232712060608165,0.0746973998568183,2,CHEMBL4105939,CHEMBL4649965
CHEMBL5285809,CN1CCN(c2ccc(Nc3nccc(-c4cccc(F)c4)n3)cc2C(F)(F)F)CC1,5.214670164989233,0.0,1,CHEMBL1908385,CHEMBL5229239
CHEMBL51085,O=c1c2ccccc2[se]n1-c1ccccc1,6.443697499232712,0.0,1,CHEMBL5291546,CHEMBL5234129
CHEMBL441373,O=C(Nc1cccc(-c2ccccc2)c1)C1CC(=O)N(C2CCCCC2)C1,6.4089353929735005,0.915679114299964,3,CHEMBL1849,CHEMBL907779
CHEMBL3913752,COCCN(C(=O)c1cccs1)c1nc2c(s1)CCc1c-2cnn1C,5.790484985457369,0.0,1,CHEMBL3988585,CHEMBL3887425
CHEMBL1567396,CC(=O)c1ccc2c(c1)C1C=CCC1C(C(=O)O)N2,3.959438009371542,0.0016613890595338,2,CHEMBL1293297,CHEMBL1614471
CHEMBL4208966,N#C/C(=C\c1cccs1)c1nc2ccccc2s1,4.033529736270715,0.0,1,CHEMBL2259247,CHEMBL4178649
CHEMBL4452592,CC1(c2ccc(S(N)(=O)=O)cc2)NC(=O)N(CC(=O)c2ncc(F)cc2F)C1=O,7.100015437450609,0.0,1,CHEMBL3804751,CHEMBL4406692
CHEMBL5624568,O=C(O)[C@H](C1CCCCC1)N1C(=O)/C(=C/c2ccc(-c3cccc(C(F)(F)F)c3)cc2)SC1=S,6.455931955649724,0.0,1,CHEMBL6066201,CHEMBL5622563
CHEMBL6176884,CCOC(=O)COc1cc(OC)cc2c1[n+]([O-])c1ccccc1[n+]2[O-],5.617982957425132,0.0,1,CHEMBL360,CHEMBL6154546
CHEMBL1569394,Cc1nc2ccccn2c1C(=O)Nc1ccc(Cl)cc1,5.585026652029182,0.0,1,CHEMBL6069,CHEMBL3365136
CHEMBL4473492,Cc1nc(C)c(-c2nn(-c3ccc(F)cc3)cc2C2CC(c3cc(Br)ccc3O)=NN2)s1,6.3872161432802645,1.2713168698931634,3,CHEMBL360,CHEMBL4393104
CHEMBL4434992,O=S(=O)(Nc1ccc2oc(-c3ccccc3)nc2c1)c1ccc(F)c(C(F)(F)F)c1,4.337242168318426,0.0,1,CHEMBL4295521,CHEMBL4388634
CHEMBL4750100,N#Cc1cc(C(F)(F)F)cc2c(=O)nc(N3CCN(CC4CCCCC4)CC3)sc12,5.769551078621726,0.0,1,CHEMBL3804751,CHEMBL4710418
CHEMBL4077080,Cl.NC[C@@H]1OB(O)c2c3c(cc(Br)c21)OCCO3,5.376750709602099,0.0,1,CHEMBL4105844,CHEMBL4020311
CHEMBL5206556,COc1ccc(CN2CC[C@]34OC[C@H](C(C)C)N3C(=O)CC[C@@H]4C2)cc1,6.050609993355087,1.0681858617461613,3,CHEMBL5169228,CHEMBL5154107
CHEMBL565011,NNC(=O)[C@H](Cc1ccc(O)cc1)NC(=O)c1cc(C23CC4CC(CC(C4)C2)C3)c2ccccc2n1,4.779999975777493,0.0,1,CHEMBL360,CHEMBL1030449
CHEMBL4760909,NC(=O)CCc1cc(C(F)(F)F)cc2c(=O)nc(N3CCN(CC4CCCCC4)CC3)sc12,4.777283528852417,0.0,1,CHEMBL3804751,CHEMBL4710418
CHEMBL239890,Cc1ccc(C(=O)N2CCN(c3cccc(C(F)(F)F)c3)CC2)cc1C,5.731413801890768,0.0028289394124367,2,CHEMBL360,CHEMBL3073615
CHEMBL4453551,O=S(=O)(Nc1ccc(-c2nc3cc(NS(=O)(=O)c4cccc5ccccc45)ccc3o2)cc1)c1ccc(Cl)s1,5.657577319177793,0.0,1,CHEMBL4295521,CHEMBL4388634
CHEMBL3966849,COc1ccc2nc(NC(=O)C3CCN(S(=O)(=O)c4cn(C(C)C)cn4)CC3)sc2c1,5.642065152999546,0.0,1,CHEMBL3988585,CHEMBL3887425
CHEMBL3455795,CCc1noc(Cn2c(=O)c3c(C(F)(F)F)cc(C)nc3n2C)n1,4.451140266697877,0.0154414951763683,2,CHEMBL4105939,CHEMBL4649965
CHEMBL4458310,O=C1C2=C(C(=O)c3c1cnc1ccc(F)cc31)C1CCC2C1,5.072163207797628,0.1742071151811304,2,CHEMBL360,CHEMBL4362174
CHEMBL4461900,O=S(=O)(Nc1ccc(-c2nc3ccccc3o2)cc1)c1ccc(F)c(C(F)(F)F)c1,4.443697499232712,0.0,1,CHEMBL4295521,CHEMBL4388634
CHEMBL3954473,CN(C(=O)c1ccc2c(c1)OCCO2)c1nc2c(s1)CCc1c-2cnn1C,5.573488738635425,0.0,1,CHEMBL3988585,CHEMBL3887425
CHEMBL5395214,COc1cc2c(Oc3ccc4[nH]c(C)cc4c3F)ncnc2cc1O,4.343901797987168,0.0,1,CHEMBL4662931,CHEMBL5379299
CHEMBL3983712,O=S(=O)(Nc1ccc(-c2nc3cc(NS(=O)(=O)c4ccccc4Cl)ccc3o2)cc1)c1ccccc1Cl,5.1938200260161125,0.0,1,CHEMBL4295521,CHEMBL4388634
CHEMBL3330946,COc1ccc(OC)c(NC(=S)NNC(=O)c2cc(C34CC5CC(CC(C5)C3)C4)c3ccccc3n2)c1,5.550000451689026,0.0,1,CHEMBL360,CHEMBL3380429
CHEMBL4445594,CCOC(=O)C1=C(C)Oc2nc(C)n(Cc3cn([C@@H]4O[C@H](COC(C)=O)[C@@H](OC(C)=O)[C@H](OC(C)=O)[C@H]4OC(C)=O)nn3)c(=O)c2C1c1ccc(OCC)c(O)c1,5.452225294612178,0.0,1,CHEMBL4295521,CHEMBL4372872
CHEMBL607492,O=C(c1ccccc1)N(O)CCCP(=O)(O)O,5.698970004336019,0.0,1,CHEMBL5630,CHEMBL2412049
CHEMBL227517,CCOP(=O)(O)CCc1ccccc1,3.647817481888637,0.0,1,CHEMBL4624,CHEMBL915964
CHEMBL344115,O=C(c1ccccc1)C1CCNCC1,3.468776625466973,0.1380439766548589,3,CHEMBL360,CHEMBL3582754
CHEMBL3476956,O=c1[nH]c2cc3c(cc2cc1CN1CCCC1c1ccccn1)OCO3,4.153170780774594,0.0,1,CHEMBL4105939,CHEMBL4649965
CHEMBL424903,O=C(Nc1cccc(OCc2ccccc2)c1)C1CC(=O)N(C2CCCCC2)C1,5.4698003017969175,0.0,1,CHEMBL1849,CHEMBL907779
CHEMBL3103256,CC(=O)N(O)C/C=C/P(=O)([O-])O.[Na+],5.97061622231479,0.0,1,CHEMBL5630,CHEMBL3106798
CHEMBL4455126,COc1ccc(/C=C/C(C)=N/Nc2nc(-c3ccc(N)cc3)cs2)cc1OC,6.267606240177032,1.562387286564011,7,CHEMBL360,CHEMBL4427453
CHEMBL3954893,Nc1ccccc1S(=O)(=O)Nc1ccc(-c2nc3cc(NS(=O)(=O)c4ccccc4N)ccc3o2)cc1,4.769551078621726,0.0,1,CHEMBL4295521,CHEMBL4388634
CHEMBL1269407,COC(=O)/C=C1\Nc2cc(F)ccc2OC1=O,4.568636235841013,0.0,1,CHEMBL1275214,CHEMBL1274290
CHEMBL3331275,O=C(Cn1cnc2ccc(Cl)cc2c1=O)NCc1ccco1,5.505845405981558,0.0,1,CHEMBL1849,CHEMBL3385192
CHEMBL217524,O=C(Nc1ccc(F)c(Cl)c1)C1CC(=O)N(C2CCCCC2)C1,4.828858848971618,0.0,1,CHEMBL1849,CHEMBL907779
CHEMBL3403282,COc1ccc(NC(=S)NC2CCN(c3cc(C)nc4ccc(F)cc34)CC2)cc1,4.748605149959896,0.0,1,CHEMBL3430898,CHEMBL3405737
CHEMBL3331405,C=CCn1cc(CN(C2=CC(=O)c3ccccc3C2=O)c2ccccc2C)nn1,4.815308569182401,0.0,1,CHEMBL360,CHEMBL3367829
CHEMBL3628353,CCOC(=O)c1cnc2ccc(F)cc2c1Nc1ccc(NCCCN2CCOCC2)cc1,5.336299074610352,0.0,1,CHEMBL3430898,CHEMBL3630322
CHEMBL3410626,O=C(Cn1cnc([N+](=O)[O-])n1)Nc1ccc(N2CCCCC2)cc1,4.508864383480216,0.9542425094393244,8,CHEMBL360,CHEMBL4179593
CHEMBL81695,O=C(NCCSSc1ccc(F)cc1)/C(Cc1ccc(O)c(Cl)c1)=N\O,4.431798275933005,0.0,1,CHEMBL3703,CHEMBL752054
CHEMBL4533148,C=Cc1ccc(S(=O)(=O)Nc2ccc3oc(-c4ccc(NS(=O)(=O)c5ccc(Cl)s5)cc4)nc3c2)cc1,5.4089353929735005,0.0,1,CHEMBL4295521,CHEMBL4388634
CHEMBL1373487,Cc1nnsc1-c1nc2ccccc2[nH]1,5.854182285508172,0.0,1,CHEMBL1287620,CHEMBL2354305
CHEMBL4556122,O=C(CNC1CCCCC1)N(c1ccccc1)c1ccccc1,4.853871964321762,0.0,1,CHEMBL360,CHEMBL4415646
CHEMBL3577668,CO[C@H]1[C@H](O[C@H]2C[C@](C)(O)Cc3cc4c(c(O)c32)C(=O)c2c(O)cccc2C4=O)O[C@@H](C)[C@H](O)[C@H]1O,5.958607314841775,0.0,1,CHEMBL360,CHEMBL3579500
CHEMBL2017710,Fc1ccc(-c2nc(Nc3cc(C4CC4)[nH]n3)c3ccccc3n2)cc1,6.651695136951839,0.0,1,CHEMBL1908385,CHEMBL2020901
CHEMBL3490832,COc1cc(C(=O)Nc2nc(C)no2)ccc1OC(F)F,4.484229126810074,0.2013565552915679,2,CHEMBL360,CHEMBL4649971
CHEMBL2407347,NC(=O)c1cncc(C(=O)N(O)CCCP(=O)(O)O)c1,5.443697499232712,0.0,1,CHEMBL5630,CHEMBL2412049
CHEMBL5425071,CCCc1ccc(Nc2cc(C)nc3ccc(C(=O)OCC)cc23)cc1,4.707743928643524,0.0,1,CHEMBL1849,CHEMBL5387352
CHEMBL3342261,COc1ccc(C(CCC(=O)NO)P(=O)(O)O)cc1OC,3.7878123955960414,0.0,1,CHEMBL5630,CHEMBL3386562
CHEMBL4446008,COc1ccc(N2C(=O)/C(=C/c3ccc4c(c3)c3ccccc3n4C)SC2=S)cc1OC,4.301029995663981,0.0,1,CHEMBL360,CHEMBL4390275
CHEMBL3355790,CCOC(=O)c1cc2cc(N3CCN(C(=S)Nc4ccc(Cl)cc4)CC3)ccc2o1,4.878112014896319,0.0,1,CHEMBL3430898,CHEMBL3390735
CHEMBL4548710,O=S(=O)(Nc1ccc2oc(-c3ccc(NS(=O)(=O)c4ccc(Cl)s4)cc3)nc2c1)c1ccc(Br)cc1,5.3872161432802645,0.0,1,CHEMBL4295521,CHEMBL4388634
CHEMBL571848,OC[C@H]1O[C@@H](n2cc(Cl)c3c(-c4ccoc4)ncnc32)[C@H](O)[C@@H]1O,5.267829757686166,2.5100979751883425,2,CHEMBL360,CHEMBL3135671
CHEMBL5280301,O=C(CCC(F)(F)F)N1CCC(c2cncc(F)c2)CC1,8.0,0.0,1,CHEMBL360,CHEMBL5246902
CHEMBL5084912,CNC(=O)c1c(-c2ccc(O)cc2C)oc2ccc(O)c(CN3CCC4(COC4)C3)c12,6.0,0.0,1,CHEMBL4105939,CHEMBL5038057
CHEMBL3976122,COC(=O)c1cc2occc2n1CC(=O)c1cccc(Cl)c1,6.6020599913279625,0.0,1,CHEMBL3879870,CHEMBL3865749
CHEMBL3793171,CCC(C)[C@@H](CNC)N1CCN(CCc2ccc(C)cc2)CC1,4.431798275933005,0.0,1,CHEMBL360,CHEMBL3796194
CHEMBL560161,NCCCC[C@H](NC(=O)c1cc(C23CC4CC(CC(C4)C2)C3)c2ccccc2n1)C(=O)NN,4.70999991085297,0.0,1,CHEMBL360,CHEMBL1030449
CHEMBL5630201,CCCC[C@@H](C(=O)O)N1C(=O)/C(=C/c2ccc(-c3cccc(Cl)c3)c3ccccc23)SC1=S,6.173925197299173,0.0,1,CHEMBL6066201,CHEMBL5622563
CHEMBL3449307,Cc1cc(-c2cnc(N3CCCCCC3)nc2-c2cccnc2C)on1,4.130681676347052,0.0669812763842836,2,CHEMBL360,CHEMBL4649971
CHEMBL3746657,COc1c(O)cc2c(c1OC)Oc1ccccc1CC2,4.025028005701931,0.0,1,CHEMBL360,CHEMBL3750542
CHEMBL5435009,COc1ccc(-c2cc(-c3cc(=O)n4c(c3C3CC3)SCC4C(=O)O)on2)cc1,5.581698708680254,0.0,1,CHEMBL360,CHEMBL5363916
CHEMBL3899105,O=C(CN1C(=O)C2(OCCO2)c2ccccc21)c1ccccc1F,4.638272163982407,0.0,1,CHEMBL3879870,CHEMBL3865749
CHEMBL512683,CS[C@]1(Cc2c[nH]c3ccccc23)NC(=O)[C@](CO)(SC)N(C)C1=O,4.154901959985743,0.0,1,CHEMBL3703,CHEMBL1110815
CHEMBL4582853,CC[C@H](C)C[C@H](C)C[C@@H]1CO[C@@H](/C(C)=C/C(=C\C=C\CC(=O)O)C(=O)O)[C@H](C)C1,5.292429823902063,0.0,1,CHEMBL4295521,CHEMBL4338622
CHEMBL4534306,COc1ccc(/C=C/C(C)=N/NC(N)=S)cc1OC,5.98369061957464,1.271066772286538,8,CHEMBL360,CHEMBL4427453
CHEMBL3125238,CCc1cc(C(=O)N[C@@H]2C[C@@H](C(=O)NC3CCCC3)N(C(=O)c3coc4ccccc34)C2)n(C)n1,7.397940008672037,0.0,1,CHEMBL1849,CHEMBL3132000
CHEMBL2431003,CN(O)C(=O)CS[C@@H](c1ccccc1)P(=O)(O)O,6.920818753952375,0.0,1,CHEMBL5630,CHEMBL2434044
CHEMBL3445136,O=C(c1ccc(COc2ccc(Cl)cc2)o1)N1N=CCC1(O)C(F)(F)F,4.688274123930327,0.1458997363691532,2,CHEMBL4105939,CHEMBL4649965
CHEMBL4632681,O=C(O)C(=O)Nc1ccc(/C=C\c2ccc(C(F)(F)F)cc2)cc1,6.164943898279883,0.0,2,CHEMBL4295521,CHEMBL4626292
CHEMBL1818381,O=C(O)c1cn(C2CC2)c2cc(N3CCN(C(=O)CC[N+](=O)[O-])CC3)c(F)cc2c1=O,6.920818753952375,0.0,1,CHEMBL1667699,CHEMBL1820652
CHEMBL3628443,NNC(=O)c1cnc2ccc(C(F)(F)F)cc2c1Nc1ccc(OCCCN2CCOCC2)cc1,4.700492701299512,0.0,1,CHEMBL3430898,CHEMBL3630322
CHEMBL1946984,O=C(/C=C/c1cccc(C(F)(F)F)c1)c1ccc2c(c1)OCO2,3.8096683018297086,0.0,1,CHEMBL4542,CHEMBL1948973
CHEMBL4447019,CCOC(=O)C1=C(C)Oc2nc(C)n(Cc3cn([C@@H]4O[C@H](COC(C)=O)[C@@H](OC(C)=O)[C@H](OC(C)=O)[C@H]4OC(C)=O)nn3)c(=O)c2C1c1ccccc1OC,4.4554359025039565,0.0,1,CHEMBL4295521,CHEMBL4372872
CHEMBL3893028,CC1(C)C(=O)N=C2c3ccccc3C(=O)C(=O)C21,5.999215346355531,0.1325724048018024,2,CHEMBL3988585,CHEMBL3887425
CHEMBL1509377,C=C(C)C(=O)Nc1cccc(C2=NOC3(C2)C[C@H](C(N)=O)N(C(=O)COc2ccc(Cl)cc2)C3)c1,3.927897221114824,0.0,1,CHEMBL1293297,CHEMBL1614471
CHEMBL124220,CC1=C(O)C(C)(Cc2ccc(-c3ccc(COCc4ccccc4)cc3)cc2)SC1=O,4.769551078621726,0.0,1,CHEMBL3640,CHEMBL648364
CHEMBL3883490,Cc1ccc(NC(=O)N2CCN(c3nc(=O)c4cc(Cl)ccc4s3)CC2)cc1,5.581698708680254,0.0,1,CHEMBL3430898,CHEMBL3875318
CHEMBL3331393,COc1cccc(N(Cc2cn(CC#N)nn2)C2=CC(=O)c3ccccc3C2=O)c1,4.787812395596042,0.0,1,CHEMBL360,CHEMBL3367829
CHEMBL1945187,COc1cc(/C=C/C(=O)c2ccc(-n3ccnc3)cc2)ccc1OCc1ccccc1,3.9913998282380825,0.0,1,CHEMBL4542,CHEMBL1948973
CHEMBL1534514,N#Cc1nc(-c2cccs2)oc1N1CCN(Cc2ccccc2)CC1,6.071015586059725,0.0,1,CHEMBL1287620,CHEMBL2354305
CHEMBL4160098,O=S(=O)(Nc1ccc(-c2nc3cc(NS(=O)(=O)c4ccc(Cl)s4)ccc3o2)cc1)c1cccc(C(F)(F)F)c1,5.522878745280337,0.0,1,CHEMBL4295521,CHEMBL4388634
CHEMBL2407189,O=C(c1ccccc1Nc1cccc(C(F)(F)F)c1)N(O)CCC(c1ccc(Cl)c(Cl)c1)P(=O)(O)O,4.721246399047171,0.0,1,CHEMBL5630,CHEMBL2412049
CHEMBL240530,Cc1ccc(C(=O)N2CCC(Cc3ccccc3)CC2)cc1,5.288675311769695,0.0026500267938125,2,CHEMBL360,CHEMBL3073615
CHEMBL3468886,CNC(=O)c1cnc(/C=C/c2cc(OC)cc(OC)c2)s1,4.747636418166799,0.422661440977941,2,CHEMBL4105939,CHEMBL4649965
CHEMBL3310311,Cc1ccc(/C=N/NC(=O)c2c(C)nc3ccccn23)cc1,5.127261172527331,0.0,1,CHEMBL6069,CHEMBL3365136
CHEMBL3237105,O=[N+]([O-])c1ccc(/N=N/Nc2ccc([N+](=O)[O-])c(C(F)(F)F)c2)cc1C(F)(F)F,6.2441251443275085,0.0,1,CHEMBL360,CHEMBL3239483
CHEMBL5433165,O=C(O)C1CSc2c(C3CC3)c(-c3cc(-c4ccc(F)c5ccccc45)no3)cc(=O)n21,5.3979400086720375,0.0,1,CHEMBL360,CHEMBL5363916
CHEMBL1946981,O=C(/C=C/c1ccc([N+](=O)[O-])cc1)c1ccc2c(c1)OCO2,4.130768280269024,0.0,1,CHEMBL4542,CHEMBL1948973
CHEMBL523351,O=[N+]([O-])c1ccc(Nc2cc(Nc3cccc(O)c3)c3nonc3c2[N+](=O)[O-])c(O)c1,4.924453038607469,0.0,1,CHEMBL6086,CHEMBL1034865
CHEMBL4552639,CC1(c2ccc(S(N)(=O)=O)cc2)NC(=O)N(CC(=O)c2cccs2)C1=O,6.699991797446187,0.0,1,CHEMBL3804751,CHEMBL4406692
CHEMBL4563275,CCOC(=O)C1=C(C)Oc2nc(C)n(Cc3cn([C@@H]4O[C@H](COC(C)=O)[C@@H](OC(C)=O)[C@H](OC(C)=O)[C@H]4OC(C)=O)nn3)c(=O)c2C1c1ccc(OC)cc1,4.537302591898283,0.0,1,CHEMBL4295521,CHEMBL4372872
CHEMBL4206147,O=C(CCn1cnc([N+](=O)[O-])n1)Nc1ccc(Oc2ccccc2)cc1,4.545221985379412,0.8808135922807914,8,CHEMBL360,CHEMBL4179593
CHEMBL3884055,O=C1C(=O)N(CCN2CCN(NCc3ccc(Cl)cc3Cl)CC2)c2ccc(F)cc21,4.616184634019569,0.0,1,CHEMBL3430898,CHEMBL3875318
CHEMBL5268713,COc1ccc(-c2ccc(NC(=O)c3cc4sc(NCCN5CCOCC5)nc4s3)cc2)nc1,6.295456315276082,0.8515801675421777,2,CHEMBL360,CHEMBL5223484
CHEMBL4281548,Cc1c(CN2CCOCC2)cc(-c2ccc(C(C)C)cc2)n1CC1CCCO1,5.301029995663981,0.0,1,CHEMBL360,CHEMBL4255037
CHEMBL2418487,CN1C(=O)/C(=C/c2ccc(N(C)C)cc2)S/C1=N\c1cccc(C(=O)O)c1,7.431798275933005,0.0,1,CHEMBL2321612,CHEMBL2423608
CHEMBL3637807,N#Cc1ncn(-c2ccc3nnc(C(F)(F)F)n3n2)n1,5.100000128334196,0.0,1,CHEMBL613086,CHEMBL3637832
CHEMBL4066805,COc1ccccc1N1C(=O)C2CN(C)C3(C(=O)c4ccccc4C3=O)C2C1=O,4.548520594875138,0.0,1,CHEMBL360,CHEMBL4022472
CHEMBL4854708,Cc1cn(C2CCN(Cc3cccc(Oc4ccc(Cl)cc4)c3)CC2)c(=O)[nH]c1=O,5.161150909262744,0.0,1,CHEMBL2361,CHEMBL4832952
CHEMBL3448338,COc1cccc(OC)c1CNC(Cc1ccsc1)c1ccc(C)cn1,4.568147206159754,0.0,1,CHEMBL360,CHEMBL4649971
CHEMBL4176281,NCc1ccc(S(=O)(=O)Nc2ccc(-c3nc4cc(NS(=O)(=O)c5ccc(Cl)s5)ccc4o3)cc2)cc1,5.040958607678906,0.0,1,CHEMBL4295521,CHEMBL4388634
CHEMBL4559209,COc1ccccc1S(=O)(=O)Nc1ccc(-c2nc3ccccc3o2)cc1,4.229147988357856,0.0,1,CHEMBL4295521,CHEMBL4388634
CHEMBL3310305,Cc1nc2ccccn2c1C(=O)N/N=C/c1ccc(Br)cc1,5.3535962737769305,0.0,1,CHEMBL6069,CHEMBL3365136
CHEMBL4590343,CN(O)C(=O)CSC(c1cc(F)cc(F)c1)P(=O)(O)O,6.958607314841775,0.0,1,CHEMBL5630,CHEMBL4407818
CHEMBL333877,CCCCP(=O)(OCC)OCN1C(=O)c2ccccc2C1=O,5.0,0.0,2,CHEMBL4624,CHEMBL652028
CHEMBL462553,Cc1ccc(S(=O)(=O)c2ccc3ccccc3c2)cc1,6.8598063214213685,0.0,1,CHEMBL3640,CHEMBL1010089
CHEMBL571622,OC[C@H]1O[C@@H](n2cc(F)c3c(-c4ccco4)ncnc32)[C@H](O)[C@@H]1O,5.428367658994389,2.5857574801055634,2,CHEMBL360,CHEMBL3135671
CHEMBL4090185,CCc1ccc(Nc2nc(C)cs2)cc1,6.920818753952375,0.0,1,CHEMBL360,CHEMBL4045152
CHEMBL3323250,CCOC(=O)c1cc2cc(N3CCN(C(=O)c4ccccc4OC(F)(F)F)CC3)ccc2o1,4.806597096937582,0.0,1,CHEMBL3430898,CHEMBL3367585
CHEMBL1945701,O=C(CCC(F)(F)F)N1CCC(c2nc(-c3nccs3)no2)CC1,5.552841968657781,0.0,1,CHEMBL1772929,CHEMBL1947973
CHEMBL1866835,Cc1cc(OC(C)C(=O)NCCCN2CCOCC2)c2c(C)cc(=O)oc2c1,5.880744110722064,0.0,1,CHEMBL1287620,CHEMBL2354305
CHEMBL3753968,Cc1ccc(NC(=O)Nc2ccc(Nc3c4ccccc4nc4ccc(C)cc34)cc2)cc1,4.528708288941061,0.0,1,CHEMBL3430898,CHEMBL3758003
CHEMBL3890091,CC(C)n1cnc(S(=O)(=O)N2CCC(C(=O)Nc3ccccc3F)CC2)c1,5.573488738635425,0.0,1,CHEMBL3988585,CHEMBL3887425
CHEMBL3121928,NC(=O)c1c(NC(=O)c2ccc([N+](=O)[O-])o2)sc2c1CCN(C(=S)NCc1ccccc1)C2,4.769040444251431,0.0,1,CHEMBL6069,CHEMBL3123111
CHEMBL3637789,NS(=O)(=O)c1ccc(Nc2cnc3ccccc3n2)cc1,5.200000237109354,0.0,1,CHEMBL613086,CHEMBL3637832
CHEMBL5409769,CCNc1cccc(Nc2c(CC(F)(F)F)cccc2CC(F)(F)F)n1,5.886056647693163,0.0,1,CHEMBL5465373,CHEMBL5363736
CHEMBL3765655,CCOc1ccc(NC(=O)c2c(C)nc3sc4ccccc4n23)cc1,5.6777807052660805,0.0,1,CHEMBL6069,CHEMBL3766329
CHEMBL5186626,Fc1ccc(OCCCN2CCC(c3ccccc3)CC2)cc1,4.853871964321762,0.0,1,CHEMBL3879870,CHEMBL5108515
CHEMBL1530553,CCCSc1nnc(NC(=O)c2sc3nc(-c4cccs4)ccc3c2N)s1,3.7781425645808633,0.0,1,CHEMBL1293297,CHEMBL1614471
CHEMBL4070233,Cc1csc(Nc2ccc(C(C)C)cc2)n1,8.0,0.0,1,CHEMBL360,CHEMBL4045152
CHEMBL3330933,O=C(NNC(=O)c1cccs1)c1cc(C23CC4CC(CC(C4)C2)C3)c2ccccc2n1,3.82999999652596,0.0,1,CHEMBL360,CHEMBL3380429
CHEMBL240105,O=C(c1cccc(Cl)c1)N1CCN(c2cccc(Cl)c2)CC1,5.170992459984302,0.0019849515834415,2,CHEMBL360,CHEMBL3073615
CHEMBL571756,OC[C@H]1O[C@@H](n2cc(F)c3c(-c4nccs4)ncnc32)[C@H](O)[C@@H]1O,5.857027911855592,3.3916281136043755,2,CHEMBL360,CHEMBL3135671
CHEMBL4439527,CCOC(=O)C1=C(C)Oc2nc(C)n(Cc3cn([C@@H]4O[C@H](COC(C)=O)[C@@H](OC(C)=O)[C@H](OC(C)=O)[C@H]4OC(C)=O)nn3)c(=O)c2C1c1ccccc1O,4.53820144247489,0.0,1,CHEMBL4295521,CHEMBL4372872
CHEMBL3184493,CCn1nc(-c2cccnc2)nc2c(=O)n(C)c(=O)nc1-2,6.721246399047171,0.0,1,CHEMBL3988585,CHEMBL3887425
CHEMBL2431010,Cc1ccc(C(SCC(=O)N(C)O)P(=O)(O)O)cc1,6.958607314841775,0.0,1,CHEMBL5630,CHEMBL2434044
CHEMBL3331397,CCOC(=O)Cn1cc(CN(C2=CC(=O)c3ccccc3C2=O)c2ccc(Br)cc2)nn1,5.0726296369609765,0.0,1,CHEMBL360,CHEMBL3367829
CHEMBL5630980,O=C(O)[C@H](C1CCCCC1)N1C(=O)/C(=C/c2ccc(-c3ccc(F)c(C(F)(F)F)c3)cc2)SC1=S,6.309803919971486,0.0,1,CHEMBL6066201,CHEMBL5622563
CHEMBL3343868,O=C(Cn1c(=O)oc2cc(Cl)ccc21)Nc1nc2ccccc2s1,5.050609993355087,0.0,1,CHEMBL1849,CHEMBL3389875
CHEMBL1958226,Cl.NCCc1cc2c(O)c(c1)Cc1cc(CCN)cc(c1O)Cc1cc(CCN)cc(c1O)Cc1cc(CCN)cc(c1O)C2,6.27642098432889,0.2430380486862944,2,CHEMBL360,CHEMBL1959145
CHEMBL2216811,O=C1CS(=O)(=O)C2(C(=O)N(Cc3ccc(Br)cc3)c3ccc([N+](=O)[O-])cc32)N1c1ccc(F)c(F)c1,5.958607314841775,0.0,1,CHEMBL4540,CHEMBL2217210
CHEMBL3577667,CO[C@H]1[C@H](O[C@H]2C[C@](C)(O)C(=O)c3cc4c(c(O)c32)C(=O)c2c(O)cccc2C4=O)O[C@@H](C)[C@H](O)[C@H]1O,6.154901959985743,0.0,1,CHEMBL360,CHEMBL3579500
CHEMBL4453294,CCOc1ccc(CNc2nc3cc(C(F)(F)F)ccc3nc2C(=O)O)cc1,7.055517327849832,0.0,1,CHEMBL3804751,CHEMBL4371330
CHEMBL3409446,O=C(c1cc(C23CC4CC(CC(C4)C2)C3)c2ccccc2c1)N1CCOCC1,3.959999998472388,0.0,1,CHEMBL360,CHEMBL3412552
CHEMBL1089834,COc1ccc2c(c1)[n+]([O-])c(C(=O)NCc1ccccc1)c(C)[n+]2[O-],4.724228099835068,0.0,1,CHEMBL360,CHEMBL1781055
CHEMBL5183965,Cc1ccc(C(=O)CCCN2CCC(O)(c3ccc(Cl)cc3)CC2)cc1,4.0,0.0,1,CHEMBL3879870,CHEMBL5108515
CHEMBL4100159,Cl.NC[C@@H]1OB(O)c2c(OCCO)ccc(Cl)c21,5.0,0.0,1,CHEMBL4105844,CHEMBL4020311
CHEMBL170666,FC(F)(F)c1ccc(Cl)c(N=NNc2cc(C(F)(F)F)ccc2Cl)c1,4.011084479487313,0.0,1,CHEMBL360,CHEMBL3239483
CHEMBL4466173,CC1(c2ccc(C#N)cc2)NC(=O)N(CC(=O)c2ccc(F)cc2F)C1=O,6.0,0.0,1,CHEMBL360,CHEMBL4384709
CHEMBL3933880,Nc1c(Br)cc(Br)c2nsnc12,5.772113295386326,0.0,1,CHEMBL3988584,CHEMBL3887424
CHEMBL2393584,Nc1nc(-c2cc3ccc(O)cc3oc2=O)cs1,4.0,0.0,1,CHEMBL2390811,CHEMBL2395747
CHEMBL3492505,c1ccc(-c2nc(CN3CCCC(Cn4cncn4)C3)cs2)cc1,4.262721222811083,0.0,1,CHEMBL360,CHEMBL4649971
CHEMBL4455316,CC1(c2ccc3c(c2)NC(=O)CO3)NC(=O)N(CC(=O)c2ccc(F)cc2F)C1=O,6.799998134593398,0.0,1,CHEMBL3804751,CHEMBL4406692
CHEMBL2435683,CC(=O)c1ccc(S(=O)(=O)N2CCc3c(c(-c4ccccc4)nn3C(=O)c3ccccc3)C2)cc1,4.407823242604133,0.0,1,CHEMBL6069,CHEMBL2439105
CHEMBL5624831,CCCC[C@@H](C(=O)O)N1C(=O)/C(=C/c2ccc(-c3ccc(Cl)cc3)cc2)SC1=S,6.221848749616356,0.0,1,CHEMBL6066201,CHEMBL5622563
CHEMBL2425405,CC[C@H](C)[C@H](NC(=O)[C@@H](N)Cc1cnc[nH]1)C(=O)N[C@@H](CO)C(=O)N[C@@H](Cc1cnc[nH]1)C(=O)N[C@@H](CC(C)C)C(=O)N[C@@H](CCSC)C(=O)N[C@@H](CC(C)C)C(=O)O,3.7166987712964494,0.0,1,CHEMBL1667699,CHEMBL2429128
CHEMBL3393966,O=C(c1ccncc1)N1CCN(C2c3ccccc3-c3ccccc32)CC1,5.0101054362812265,0.0,1,CHEMBL1849,CHEMBL3395431
CHEMBL1605711,COc1ccc2cc3cc(C(=O)N4CCN(C5CCCCC5)CC4)oc3nc2c1,6.036212172654444,0.0,1,CHEMBL1287620,CHEMBL2354305
CHEMBL4168023,O=S(=O)(Nc1ccc2oc(-c3ccc(NS(=O)(=O)c4cccc5nonc45)cc3)nc2c1)c1ccc(Cl)s1,5.229147988357856,0.0,1,CHEMBL4295521,CHEMBL4388634
CHEMBL4635765,O=C(O)C(=O)Nc1ccc(C#Cc2ccc(OCc3ccccc3)cc2)cc1,7.42021640338319,0.0,2,CHEMBL4295521,CHEMBL4626292
CHEMBL2418529,CN1C(=O)/C(=C/c2ccc(OCc3ccccc3)cc2)S/C1=N\c1cccc(C(=O)O)c1,7.59176003468815,0.0,1,CHEMBL2321612,CHEMBL2423608
CHEMBL4204475,N#C/C(=C\c1ccc(OCC(=O)O)cc1)c1nc2ccccc2s1,5.511449283499556,0.0,1,CHEMBL2259247,CHEMBL4178649
CHEMBL1604012,N#C/C(=C/c1ccc(-c2cc(C(=O)O)cc(C(=O)O)c2)o1)c1nc2ccccc2s1,4.718512112059919,0.0,1,CHEMBL1293297,CHEMBL1614471
CHEMBL3403261,Cc1cc(N2CCC(NC(=O)Nc3ccc(F)cc3)CC2)c2cc(C(F)(F)F)ccc2n1,4.928117992693875,0.0,1,CHEMBL3430898,CHEMBL3405737
CHEMBL555673,Cc1csc(-c2nc(COc3c4cc(CCNC(=N)N)cc3Cc3cc(CCNC(=N)N)cc(c3O)Cc3cc(CCNC(=N)N)cc(c3OCc3csc(-c5nc(C)cs5)n3)Cc3cc(CCNC(=N)N)cc(c3O)C4)cs2)n1.O=C(O)C(F)(F)F,6.3979400086720375,0.0,1,CHEMBL360,CHEMBL1959144
CHEMBL3905080,CC(C)n1cnc(S(=O)(=O)N2CCC(C(=O)NCc3ccccc3)CC2)c1,5.570247719997592,0.0,1,CHEMBL3988585,CHEMBL3887425
CHEMBL1571704,N=C1S/C(=C\c2ccc(-c3ccccc3C(=O)O)o2)C(=O)N1c1ccc2c(c1)OCO2,3.81462785668896,0.0,1,CHEMBL1293297,CHEMBL1614471
CHEMBL567422,O=C1C=CC(=O)N1CCCCCCN1C(=O)C=CC1=O,3.926941839011164,0.0,1,CHEMBL1293297,CHEMBL1614471
CHEMBL4441291,CC1(c2ccc(S(N)(=O)=O)cc2)NC(=O)N(CC(=O)C23CC4CC(CC(C4)C2)C3)C1=O,5.899998417198648,0.0,1,CHEMBL3804751,CHEMBL4406692
CHEMBL242550,Cc1cc(O)c2c(c1)C(=O)C(c1c(C)cc3c(c1O)C(=O)C=CC3=O)=CC2=O,4.823908740944319,0.0,1,CHEMBL3430898,CHEMBL3875323
CHEMBL3883577,Cc1ccc2c(c1)C(=O)C(=O)N2CCN1CCN(NCc2ccc(Cl)cc2Cl)CC1,4.31069114087638,0.0,1,CHEMBL3430898,CHEMBL3875318
CHEMBL5411098,COc1ccc(-c2noc(C(=O)NC[C@H](C)c3ccccc3)n2)cc1OC,6.0,0.0,1,CHEMBL4105939,CHEMBL5375438
CHEMBL562223,C[C@H](C/C=C\C(C)(C)OO)[C@H]1CC[C@@]2(C)[C@@H]3CC[C@H]4C(C)(C)[C@@H](O)CC[C@@]45C[C@@]35CC[C@]12C,4.563837352959244,0.0,1,CHEMBL360,CHEMBL1057833
CHEMBL2407196,O=C(c1ccco1)N(O)CCCP(=O)(O)O,4.3124710387853655,0.0,1,CHEMBL5630,CHEMBL2412049
CHEMBL3764493,COc1cc(/C=N/Nc2nc(-c3ccc(Cl)cc3)cs2)cc(Br)c1O,3.6989700043360174,0.0,1,CHEMBL360,CHEMBL3769289
CHEMBL3409440,O=C(c1cc(C23CC4CC(CC(C4)C2)C3)c2ccccc2c1)N1CCNCC1,5.509999358109048,0.0,1,CHEMBL360,CHEMBL3412552
CHEMBL1289581,CCCCCCCCCCNC(=O)c1cn2c3c(c(N4CCN(C)CC4)c(F)cc3c1=O)OC[C@@H]2C,5.236572006437063,0.0,1,CHEMBL360,CHEMBL1921196
CHEMBL2325124,O=C1N=C2SC([N+](=O)[O-])=CN2C2=NC(=S)NC(c3ccccc3[N+](=O)[O-])C12,4.518557371497695,0.0,1,CHEMBL2321612,CHEMBL2327220
CHEMBL551683,Cc1ccc(C(=O)Nc2ccc(Cl)cc2Cl)cc1[N+](=O)[O-],5.059981844992337,0.0,1,CHEMBL1849,CHEMBL1059058
CHEMBL505886,CCCCCCCCc1ccc(Oc2ccccc2)c(O)c1,8.301029995663981,0.0,3,CHEMBL360,CHEMBL1228528
CHEMBL4476058,CC1(c2ccc(S(N)(=O)=O)cc2)NC(=O)N(CC(=O)c2ccccn2)C1=O,6.299997602857746,0.0,1,CHEMBL3804751,CHEMBL4406692
CHEMBL227839,O=C(NN(CCCc1ccccc1)CCCc1ccccc1)c1cc(C23CC4CC(CC(C4)C2)C3)c2ccccc2n1,4.860000083248981,0.0,1,CHEMBL360,CHEMBL914626
CHEMBL4473702,C=CCONC(=O)CN1C(=O)S/C(=C\c2ccc(C(F)(F)F)cc2)C1=O,4.286509456906058,0.0,1,CHEMBL360,CHEMBL4376611
CHEMBL4863370,Cc1cn(C2CCN(Cc3cccc(Oc4ccc(F)c(F)c4)c3)CC2)c(=O)[nH]c1=O,5.585026652029182,0.0,1,CHEMBL2361,CHEMBL4832952
CHEMBL5422527,c1ccc(Oc2cccc(OCC3CCN(Cc4ccc(N5CCOCC5)cc4)CC3)c2)cc1,4.6020599913279625,0.0,1,CHEMBL4879548,CHEMBL5347778
CHEMBL517159,Cc1c(C(=O)/C=C/c2cccc([N+](=O)[O-])c2)[n+]([O-])c2ccccc2[n+]1[O-],5.661543506395395,0.0,1,CHEMBL360,CHEMBL1251034
CHEMBL3323159,CCOC(=O)c1cc2cc(N3CCN(C(=O)Cc4ccc(OC)cc4)CC3)ccc2o1,5.130768280269024,0.0,1,CHEMBL3430898,CHEMBL3367585
CHEMBL3763344,COc1cc(/C=N/NC(=O)c2c(C)nc3sc4ccccc4n23)cc(OC)c1OC,5.684029654543083,0.0,1,CHEMBL6069,CHEMBL3766329
CHEMBL217931,COc1ccc(C(=O)/C=C/c2ccc3ccccc3c2)cc1OC,4.636388020107856,0.0,2,CHEMBL4542,CHEMBL953321
CHEMBL175266,Cc1c2cc(O)c(=O)cc-2oc2cc(O)c(O)cc12,4.823908740944319,0.0,1,CHEMBL1938225,CHEMBL1942013
CHEMBL4517192,CCOC(=O)C1=C(C)Oc2nc(C)n(Cc3cn([C@@H]4O[C@H](COC(C)=O)[C@@H](OC(C)=O)[C@H](OC(C)=O)[C@H]4OC(C)=O)nn3)c(=O)c2C1c1cccc([N+](=O)[O-])c1,4.346690987061521,0.0,1,CHEMBL4295521,CHEMBL4372872
CHEMBL2367683,COC1=C(Br)C[C@]2(OC=C1Br)ON=C(C(=O)NCCOc1c(Br)cc(CCN)cc1Br)[C@@H]2O,4.698970004336019,0.0,1,CHEMBL3703,CHEMBL752054
CHEMBL3497702,Cl.c1nnc(Nc2cncc(C3CCCN3)n2)s1,5.192033597641682,0.0,1,CHEMBL360,CHEMBL4649971
CHEMBL1163074,Nc1ncnc2c1ncn2[C@@H]1O[C@H](COS(=O)(=O)NC(=O)[C@@H](N)CS)[C@@H](O)[C@H]1O,7.301029995663981,0.0,1,CHEMBL1744527,CHEMBL1763891
CHEMBL4206889,N#C/C(=C\c1ccc(-c2ccc(C(=O)O)cc2)s1)c1nc2ccccc2s1,5.172630726946175,0.0,1,CHEMBL2259247,CHEMBL4178649
CHEMBL3463128,CS(=O)(=O)CCCSc1n[nH]c(-c2ccc3c(c2)CCC3)n1,4.987733944082354,0.5534093592126874,2,CHEMBL4105939,CHEMBL4649965
CHEMBL3960292,COC(=O)c1cc2occc2n1CC(=O)c1ccc(F)cc1,6.522878745280337,0.0,1,CHEMBL3879870,CHEMBL3865749
CHEMBL3330937,O=C(NNC(=O)c1cc(C23CC4CC(CC(C4)C2)C3)c2ccccc2n1)c1ccncc1,4.939999856829448,0.0,1,CHEMBL360,CHEMBL3380429
CHEMBL4451554,Cc1ccnc(NC(=O)c2ccsc2NC(=O)c2nc3cnccc3s2)n1,5.7447274948966935,0.0,1,CHEMBL3804751,CHEMBL4371338
CHEMBL4447571,Cc1ccc(C(SCC(=O)NO)P(=O)(O)O)cc1,5.086186147616283,0.0,1,CHEMBL5630,CHEMBL4407818
CHEMBL3331425,Cc1ccc(N(Cc2cn(-c3cc4ccccc4oc3=N)nn2)C2=CC(=O)c3ccccc3C2=O)c(C)c1,4.665948559653108,0.0,1,CHEMBL360,CHEMBL3367829
CHEMBL5397529,COc1ccc(-c2noc(C(=O)NCC(C)(C)c3ccccc3)n2)cc1OC,5.167491087293763,0.0,1,CHEMBL4105939,CHEMBL5375438
CHEMBL3394240,CCc1cc2[nH]c(=O)c(C#N)c(-c3ccccc3)c2c(C)n1,6.455931955649724,0.0,1,CHEMBL2361,CHEMBL3396196
CHEMBL4638822,COC(=O)c1ccc(COc2ccccc2)cc1,3.8181564120552274,0.0,1,CHEMBL6065,CHEMBL4625598
